exchange,symbol,date,increase,retracement
binance,0GUSDT,2025-09-22,6.26,0.8171
binance,1000CATUSDT,2025-06-23,0.543,0.3939
binance,1000CHEEMSUSDT,2025-09-21,0.6717,0.5842
binance,1000SATSUSDT,2025-09-09,1.0092,0.9158
binance,1INCHBTC,2025-06-25,0.9477,0.4172
binance,1INCHUSDT,2025-06-25,1.1399,0.3523
binance,1INCHDOWNUSDT,2021-04-15,0.708,1.8192
binance,1INCHUPUSDT,2021-04-23,0.8584,1.1915
binance,2ZUSDT,2025-10-02,24.6,0.8541
binance,A2ZUSDT,2025-07-30,0.8561,1.0895
binance,AAVEUSDT,2025-08-06,0.5113,0.5163
binance,AAVEDOWNUSDT,2020-12-04,0.6371,1.3302
binance,AAVEUPUSDT,2020-11-26,1.6242,0.6989
binance,ACABTC,2024-10-30,1.037,0.8452
binance,ACAUSDT,2025-06-27,0.5353,0.6047
binance,ACEBTC,2024-01-10,0.5314,0.6419
binance,ACEUSDT,2025-06-23,0.6819,0.6677
binance,ACHBTC,2025-01-09,0.9583,0.7391
binance,ACHUSDT,2025-07-02,0.8068,0.4075
binance,ACMBTC,2022-04-25,0.5326,1.5741
binance,ACMUSDT,2025-05-15,0.6957,1.1786
binance,ACTUSDT,2025-10-31,0.5385,1.181
binance,ACXUSDT,2025-07-01,0.6969,0.4044
binance,ADADOWNUSDT,2022-08-17,0.7871,0.7394
binance,ADAUPUSDT,2022-08-25,0.5044,0.6352
binance,ADXBTC,2025-07-10,0.6104,0.3404
binance,AERGOBTC,2023-10-27,0.832,0.5364
binance,AERGOUSDT,2024-03-29,0.91,1.2607
binance,AEVOBTC,2025-06-27,0.6111,0.3864
binance,AEVOUSDT,2025-06-23,0.7043,0.3921
binance,AGLDUSDT,2026-01-08,0.5225,1.0265
binance,AIBTC,2025-04-17,0.5248,0.8514
binance,AIUSDT,2025-06-23,0.5521,0.3256
binance,AIONBTC,2022-03-16,0.6829,0.6929
binance,AIONUSDT,2022-03-14,0.5535,0.3389
binance,AIXBTUSDT,2025-05-18,0.5336,0.9798
binance,AKROBTC,2021-06-26,0.551,0.4815
binance,AKROUSDT,2024-02-16,0.8192,0.4272
binance,ALCXBTC,2023-09-13,0.5139,0.9065
binance,ALCXUSDT,2025-10-11,0.5689,1.0678
binance,ALICEBTC,2024-05-16,1.2652,0.408
binance,ALICEUSDT,2025-09-21,0.8423,1.1686
binance,ALLOUSDT,2025-11-11,3.4941,1.0985
binance,ALPACABTC,2023-07-14,0.7751,0.8092
binance,ALPHABTC,2024-10-04,1.3444,0.719
binance,ALPHAUSDT,2024-10-04,1.6103,0.6724
binance,ALPINEBTC,2024-01-10,0.5041,0.4997
binance,ALPINEUSDT,2025-06-19,0.6274,0.7216
binance,ALTBTC,2025-05-29,0.7667,0.913
binance,ALTUSDT,2025-05-29,0.7,0.9101
binance,AMBBTC,2023-08-10,1.087,0.88
binance,AMBUSDT,2024-02-26,0.7213,0.5748
binance,AMPBTC,2022-06-12,1.1892,0.7273
binance,AMPUSDT,2025-12-22,0.5373,0.6228
binance,ANCBTC,2022-01-29,0.5718,0.417
binance,ANCUSDT,2022-01-28,0.7383,0.3507
binance,ANIMEUSDT,2025-05-22,0.9361,0.6098
binance,ANKRUSDT,2026-02-28,0.5741,0.7746
binance,ANTBTC,2023-03-21,0.5302,0.4906
binance,ANTUSDT,2023-03-21,0.5374,0.4877
binance,ANYBTC,2021-12-04,2.3433,1.0085
binance,ANYUSDT,2021-12-04,0.9973,1.0721
binance,APEUSDT,2026-03-31,0.6762,0.706
binance,API3BTC,2025-02-07,0.5183,1.1205
binance,API3USDT,2025-07-03,0.6297,0.4665
binance,APPCBTC,2020-12-31,0.5294,1.3778
binance,ARBBTC,2025-08-06,0.6101,0.3463
binance,ARDRBTC,2025-03-24,0.5352,0.8684
binance,ARDRUSDT,2025-07-02,0.5654,0.7769
binance,ARKBTC,2022-03-10,0.6985,0.7688
binance,ARKUSDT,2025-06-24,1.1289,0.7322
binance,ARKMBTC,2025-02-22,0.5471,1.0944
binance,ARKMUSDT,2025-09-02,0.5411,0.452
binance,ARNBTC,2019-09-07,0.5596,0.7893
binance,ARPABTC,2025-01-31,0.525,1.2857
binance,ARPAUSDT,2025-10-11,0.6155,0.7612
binance,ASRBTC,2022-02-23,0.9576,0.7578
binance,ASRUSDT,2025-07-09,1.8768,0.3401
binance,ASTBTC,2023-10-26,0.5155,0.9549
binance,ASTUSDT,2024-08-05,0.5307,0.3664
binance,ASTERUSDT,2025-10-06,1.0,1.364
binance,ASTRUSDT,2025-10-01,0.5007,1.3255
binance,ATUSDT,2025-11-27,0.83,1.694
binance,ATABTC,2024-11-21,0.5979,0.6552
binance,ATAUSDT,2026-03-31,0.5,0.6977
binance,ATMBTC,2022-05-07,1.4202,0.9524
binance,ATMUSDT,2025-07-10,1.1156,0.5777
binance,AUCTIONBTC,2025-02-04,0.5497,0.322
binance,AUCTIONUSDT,2025-06-25,0.5792,0.5356
binance,AUDUSDT,2023-05-09,0.5289,0.8669
binance,AUDIOBTC,2025-03-07,0.5165,0.9574
binance,AUDIOUSDT,2026-03-30,0.9501,0.8104
binance,AUTOBTC,2022-05-10,0.5229,1.7772
binance,AUTOUSDT,2022-05-10,0.5258,1.8264
binance,AVABTC,2025-10-11,0.8134,0.8009
binance,AVAUSDT,2025-10-11,0.821,0.7981
binance,AVNTUSDT,2025-09-15,2.3075,0.8298
binance,AWEBTC,2025-06-14,0.74,0.8378
binance,AWEUSDT,2025-06-14,0.7492,0.7871
binance,AXLBTC,2025-05-23,0.6619,0.5931
binance,AXLUSDT,2025-05-23,0.6469,0.6317
binance,AXSBTC,2025-12-27,0.5262,0.6375
binance,AXSUSDT,2025-12-27,0.6691,0.5414
binance,BABYUSDT,2025-07-09,0.5215,0.5577
binance,BADGERBTC,2024-12-20,0.5115,0.4488
binance,BALBTC,2024-08-31,0.5048,1.1006
binance,BANANABTC,2025-03-04,0.8462,0.3362
binance,BANANAUSDT,2025-06-26,0.5745,0.4381
binance,BANANAS31USDT,2025-06-08,1.9896,0.8051
binance,BANDBTC,2025-08-04,1.0283,0.3322
binance,BANDUSDT,2025-08-04,1.0969,0.3205
binance,BANKUSDT,2025-12-16,0.5277,0.705
binance,BARBTC,2022-05-07,0.6959,0.9364
binance,BARDUSDT,2025-09-18,2.8395,0.6671
binance,BATBTC,2025-09-25,0.6385,0.4337
binance,BATUSDT,2025-09-25,0.6597,0.4594
binance,BBBTC,2025-05-04,0.5323,0.6061
binance,BBUSDT,2025-06-23,0.6341,0.5359
binance,BCCBTC,2017-11-17,0.9412,1.1478
binance,BCCUSDT,2017-11-17,0.9614,0.5262
binance,BCHABCBTC,2018-12-06,0.6048,0.5162
binance,BCHABCUSDT,2018-12-05,0.5425,0.6286
binance,BCHDOWNUSDT,2021-04-17,0.9602,1.886
binance,BCHUPUSDT,2020-10-28,1.099,0.9873
binance,BCNBTC,2018-05-08,32.3333,1.0225
binance,BCPTBTC,2020-02-12,0.7279,1.1111
binance,BEAMBTC,2021-11-29,1.1475,0.9422
binance,BEAMUSDT,2022-01-27,0.5544,0.8055
binance,BEARUSDT,2020-01-17,2.8315,1.0813
binance,BELBTC,2025-01-31,0.7813,0.6501
binance,BELUSDT,2025-06-23,0.5034,0.3461
binance,BERABTC,2025-02-11,1.0395,0.3487
binance,BETABTC,2024-03-21,0.5038,0.9697
binance,BETAUSDT,2024-06-10,0.871,0.4633
binance,BICOUSDT,2026-04-13,0.5896,0.704
binance,BIFIUSDT,2025-05-27,0.5124,1.2908
binance,BIOUSDT,2025-06-23,0.5326,0.3165
binance,BKRWUSDT,2020-07-06,1.0123,1.0098
binance,BLURUSDT,2025-07-03,0.768,0.3728
binance,BLZUSDT,2024-01-31,0.5125,0.4693
binance,BNBBEARUSDT,2020-03-11,3.9762,1.15
binance,BNBBULLUSDT,2020-03-11,3.456,1.2721
binance,BNBUPUSDT,2023-12-10,1.0607,0.357
binance,BNTBTC,2023-09-22,0.6664,0.682
binance,BNTUSDT,2026-04-01,0.6225,0.8825
binance,BNXBTC,2024-02-22,0.8541,0.3945
binance,BNXUSDT,2024-04-01,0.5056,0.4525
binance,BOMEBTC,2024-03-16,3.0909,0.8529
binance,BOMEUSDT,2025-06-23,0.5499,0.3394
binance,BONDBTC,2023-09-27,1.9109,0.6523
binance,BONDUSDT,2023-09-27,1.9657,0.5876
binance,BONKUSDT,2025-06-20,0.6823,0.3022
binance,BOTBTC,2020-11-05,0.5132,1.1601
binance,BQXBTC,2020-09-06,0.5792,1.0205
binance,BRDBTC,2021-08-12,1.2622,1.0204
binance,BREVUSDT,2026-01-06,6.9467,0.7303
binance,BROCCOLI714USDT,2025-06-12,0.5285,0.4939
binance,BSVBTC,2018-11-16,1.3317,0.637
binance,BSVUSDT,2018-11-16,0.9277,1.5481
binance,BSWUSDT,2024-08-06,1.6536,0.4525
binance,BTCSTBTC,2022-02-12,0.5645,0.8246
binance,BTCSTUSDT,2022-02-11,0.5057,0.8663
binance,BTGBTC,2022-03-05,0.5072,0.3876
binance,BTSBTC,2022-06-07,0.525,0.6667
binance,BTSUSDT,2023-01-10,0.8096,0.6277
binance,BTTBTC,2019-01-31,3.1111,0.5
binance,BTTUSDT,2021-01-22,5.0642,0.533
binance,BURGERUSDT,2024-05-19,1.0972,0.5602
binance,BZRXUSDT,2020-12-24,0.5327,0.8212
binance,CUSDT,2025-07-18,3.902,0.8335
binance,C98BTC,2024-02-08,0.5449,0.4845
binance,CAKEBTC,2025-09-20,0.6168,0.4903
binance,CAKEUSDT,2025-09-16,0.5248,0.3972
binance,CATIUSDT,2025-06-28,0.5032,0.5127
binance,CDTBTC,2020-10-31,0.5937,0.8947
binance,CELOBTC,2025-09-20,0.556,0.75
binance,CELOUSDT,2025-07-05,0.5075,0.4206
binance,CELRBTC,2024-11-13,0.5625,0.3333
binance,CETUSUSDT,2025-07-02,0.5256,0.3126
binance,CFGUSDT,2026-03-16,2.48,0.8718
binance,CHATBTC,2018-02-21,0.5233,1.784
binance,CHESSBTC,2023-12-06,0.553,0.475
binance,CHESSUSDT,2025-04-07,0.8634,0.4293
binance,CHIPUSDT,2026-04-21,10.7242,0.6668
binance,CHRBTC,2025-05-07,0.5119,0.8372
binance,CHRUSDT,2026-03-22,0.5493,0.6667
binance,CHZBTC,2025-12-17,0.5294,0.3333
binance,CITYBTC,2023-03-23,0.5216,0.6478
binance,CITYUSDT,2025-07-25,0.5136,0.468
binance,CKBBTC,2021-05-20,0.5111,0.6522
binance,CKBUSDT,2025-07-02,1.2804,0.3586
binance,CLOAKBTC,2018-06-29,0.5067,1.1978
binance,CLVBTC,2024-02-26,0.7227,0.6279
binance,CLVUSDT,2024-02-26,1.4546,0.5753
binance,CMTBTC,2020-01-31,0.616,0.4805
binance,CNDBTC,2021-03-09,1.2973,0.375
binance,COCOSBTC,2019-10-05,0.5455,0.3333
binance,COCOSUSDT,2022-05-30,0.5271,1.2
binance,COMBOUSDT,2024-05-19,0.621,0.7974
binance,COMPBTC,2025-03-14,0.899,0.9461
binance,COMPUSDT,2025-05-31,0.568,0.5535
binance,COOKIEUSDT,2025-05-15,1.0644,0.7847
binance,COSBTC,2024-01-11,0.7059,0.9167
binance,COSUSDT,2025-12-19,0.5138,0.6397
binance,COTIBTC,2025-10-22,1.0,0.5806
binance,COTIUSDT,2025-10-22,0.9282,0.5666
binance,CREAMUSDT,2024-04-29,0.668,0.4424
binance,CTKBTC,2025-06-13,0.552,0.7174
binance,CTKUSDT,2025-06-13,0.5595,0.6673
binance,CTSIBTC,2025-07-29,0.7458,0.4091
binance,CTSIUSDT,2025-07-05,0.5416,0.4869
binance,CTXCBTC,2024-07-06,0.5,1.0545
binance,CTXCUSDT,2024-07-05,0.5229,0.8018
binance,CVCBTC,2022-07-28,0.8246,0.7002
binance,CVCUSDT,2025-10-31,0.548,1.2208
binance,CVPUSDT,2023-09-01,0.5348,0.6607
binance,CVXUSDT,2025-06-29,1.2134,0.3859
binance,CYBERBTC,2025-06-23,0.5271,0.7639
binance,CYBERUSDT,2025-06-23,0.7313,0.5894
binance,DUSDT,2025-06-23,1.0488,0.7222
binance,DARBTC,2024-02-08,0.868,0.447
binance,DASHBTC,2025-09-14,0.5071,0.6378
binance,DASHUSDT,2025-09-14,0.5391,0.5432
binance,DATAUSDT,2025-06-06,0.521,0.8282
binance,DCRBTC,2023-12-15,0.7898,0.8669
binance,DCRUSDT,2025-09-26,0.5123,1.0873
binance,DEGOBTC,2023-12-08,1.9842,0.5356
binance,DENTBTC,2018-10-12,0.5806,0.3333
binance,DENTUSDT,2025-06-23,0.5165,0.3346
binance,DEXEUSDT,2025-09-03,0.7593,0.4396
binance,DFUSDT,2025-03-02,0.5489,1.2567
binance,DGBBTC,2024-02-08,0.5556,0.7
binance,DGBUSDT,2025-10-19,0.8462,0.4382
binance,DGDBTC,2019-04-04,0.8213,0.533
binance,DIAUSDT,2025-07-04,2.1617,0.4223
binance,DLTBTC,2020-11-06,0.9159,1.2449
binance,DNTBTC,2022-03-17,1.6163,0.6835
binance,DNTUSDT,2022-03-17,1.9701,0.6544
binance,DOCKBTC,2023-10-10,0.5577,1.1724
binance,DOCKUSDT,2023-10-06,0.5297,1.0794
binance,DODOBTC,2025-11-08,0.5517,1.0
binance,DODOUSDT,2025-07-02,0.5042,0.3571
binance,DOGSUSDT,2026-02-19,0.5357,0.72
binance,DOLOUSDT,2025-08-27,0.8595,1.1896
binance,DOTDOWNUSDT,2021-11-30,1.2914,0.9923
binance,DOTUPUSDT,2021-12-14,0.5471,0.9994
binance,DREPBTC,2023-05-02,0.52,1.1797
binance,DREPUSDT,2023-05-07,0.5111,1.2282
binance,DUSKBTC,2025-07-05,0.6087,0.5
binance,DYMBTC,2024-02-06,40.6667,0.4248
binance,DYMUSDT,2025-06-23,0.5686,0.4138
binance,EASYBTC,2021-02-19,1.042,1.0875
binance,EDENUSDT,2025-09-30,8.34,1.0133
binance,EDOBTC,2019-09-05,0.7082,0.647
binance,EDUBTC,2024-03-05,0.5305,0.6047
binance,EDUUSDT,2025-08-08,0.5566,0.8184
binance,EIGENUSDT,2025-08-02,0.5168,0.7316
binance,ELFBTC,2024-07-06,0.5144,0.9021
binance,ELFUSDT,2024-11-07,1.3796,0.4821
binance,ENABTC,2025-06-23,0.5254,0.6855
binance,ENAUSDT,2025-06-23,0.638,0.4437
binance,ENGBTC,2019-09-29,0.6728,1.0004
binance,ENJBTC,2025-04-03,0.5281,0.8723
binance,ENJUSDT,2026-02-28,0.5821,0.5945
binance,ENSOUSDT,2025-10-19,0.5095,1.8457
binance,EOSUSDT,2024-10-29,0.5525,0.3669
binance,EOSBEARUSDT,2020-02-12,1.9818,0.3798
binance,EOSBULLUSDT,2020-02-12,3.7883,1.2259
binance,EOSDOWNUSDT,2021-01-07,0.8549,0.8064
binance,EOSUPUSDT,2020-12-24,1.8225,1.1126
binance,EPICUSDT,2025-06-30,2.3326,0.5103
binance,EPSBTC,2021-05-23,0.6193,1.1962
binance,EPSUSDT,2021-05-23,0.6037,1.2073
binance,EPXUSDT,2024-01-28,0.6126,0.6648
binance,ERAUSDT,2025-07-17,9.2805,0.6125
binance,ERDBTC,2019-09-12,0.5294,1.0
binance,ERDUSDT,2019-09-17,0.5153,1.3869
binance,ERNUSDT,2024-03-11,0.7265,0.7428
binance,ESPUSDT,2026-02-12,7.1924,0.5461
binance,ETHBEARUSDT,2020-02-13,0.6462,0.7457
binance,ETHBULLUSDT,2020-01-17,3.4897,0.9534
binance,ETHDOWNUSDT,2023-03-02,0.6372,1.4356
binance,ETHFIBTC,2024-03-22,1.1501,0.7212
binance,ETHFIUSDT,2025-06-23,0.5209,0.3616
binance,ETHUPUSDT,2023-03-10,0.6585,0.3963
binance,EULUSDT,2025-10-13,0.577,1.0572
binance,EVXBTC,2020-12-28,3.1058,1.0735
binance,EZBTC,2021-09-15,0.8344,1.0404
binance,FUSDT,2025-12-15,0.532,1.0168
binance,FARMBTC,2023-10-25,0.7459,0.7407
binance,FARMUSDT,2025-05-30,0.5005,1.2566
binance,FETBTC,2025-10-20,0.6754,0.6409
binance,FETUSDT,2025-10-20,0.5874,0.7011
binance,FFUSDT,2025-09-29,10.6,0.9204
binance,FIDABTC,2025-05-07,0.7727,0.7451
binance,FIDAUSDT,2025-06-22,0.5776,0.4478
binance,FILBTC,2025-10-20,1.7429,0.3982
binance,FILUSDT,2025-10-20,1.5917,0.416
binance,FILDOWNUSDT,2021-02-15,0.7778,1.4218
binance,FILUPUSDT,2021-01-13,0.5545,1.2084
binance,FIOBTC,2024-08-08,0.5,0.5882
binance,FIOUSDT,2025-07-05,0.5911,0.429
binance,FIROBTC,2024-03-19,0.5135,1.0499
binance,FIROUSDT,2024-04-19,0.5601,1.0285
binance,FISBTC,2024-12-18,0.5307,0.875
binance,FISUSDT,2024-12-20,0.5828,0.8664
binance,FLOWUSDT,2026-02-20,1.0989,0.4537
binance,FLUXBTC,2025-10-21,1.5641,0.623
binance,FOGOUSDT,2026-01-15,1.7737,1.1137
binance,FORBTC,2023-12-07,0.9792,0.7021
binance,FORUSDT,2023-12-07,1.0164,0.7319
binance,FORMUSDT,2025-06-23,0.5602,0.336
binance,FORTHBTC,2025-02-03,0.689,0.9439
binance,FORTHUSDT,2025-04-02,1.3779,0.982
binance,FRAXUSDT,2026-01-15,0.9384,1.106
binance,FRONTBTC,2023-08-30,1.1543,0.6715
binance,FRONTUSDT,2023-08-30,1.0765,0.7101
binance,FTMUSDT,2024-02-15,0.8244,0.3452
binance,FTTUSDT,2025-07-01,0.6303,0.4262
binance,FUELBTC,2019-08-22,2.875,0.7536
binance,FUNBTC,2020-12-14,3.1429,1.0455
binance,FUNUSDT,2025-05-04,0.5219,1.1571
binance,GUSDT,2026-01-13,0.5217,1.3375
binance,GALBTC,2023-12-08,0.6045,0.3798
binance,GALUSDT,2023-11-22,0.5198,0.4849
binance,GALAUSDT,2025-07-05,0.5119,0.5268
binance,GFTUSDT,2023-12-05,0.5525,1.0196
binance,GHSTUSDT,2025-03-11,0.8865,0.4048
binance,GIGGLEUSDT,2025-10-25,3.5311,1.0382
binance,GLMUSDT,2025-07-02,0.5345,0.3902
binance,GLMRBTC,2025-11-04,0.5161,0.9375
binance,GLMRUSDT,2025-11-21,0.5052,0.8571
binance,GMTBTC,2024-12-17,0.5057,1.2045
binance,GMTUSDT,2025-12-23,0.7289,0.5199
binance,GMXBTC,2024-08-06,0.5335,0.6382
binance,GMXUSDT,2025-07-22,2.2189,0.8669
binance,GNOUSDT,2025-09-11,0.5215,0.8893
binance,GNSBTC,2023-12-17,0.5246,0.4705
binance,GNSUSDT,2025-06-04,1.2689,0.6755
binance,GNTBTC,2020-01-11,0.5294,0.7167
binance,GOBTC,2021-07-27,0.5714,0.4375
binance,GPSUSDT,2025-05-31,0.5665,0.8783
binance,GRSBTC,2021-08-18,0.5205,0.6293
binance,GTCBTC,2024-02-18,0.5822,0.6811
binance,GTCUSDT,2025-07-05,0.5561,0.4516
binance,GTOBTC,2021-11-29,1.1359,0.9231
binance,GTOUSDT,2021-11-29,1.1287,1.0757
binance,GUNUSDT,2025-06-18,0.6099,0.4685
binance,GVTBTC,2020-12-17,0.58,1.503
binance,GXSBTC,2021-04-26,1.2173,0.6734
binance,GXSUSDT,2021-04-26,1.5304,0.7298
binance,HAEDALUSDT,2025-05-21,1.195,0.8872
binance,HARDUSDT,2024-07-03,0.5719,0.98
binance,HCUSDT,2019-12-28,0.6145,0.4763
binance,HEIBTC,2025-02-13,1.1506,1.2728
binance,HEIUSDT,2025-07-01,0.5288,0.4632
binance,HEMIUSDT,2025-11-23,0.5101,1.5941
binance,HFTBTC,2025-06-14,2.0,0.3529
binance,HIFIUSDT,2024-11-04,0.5041,0.6531
binance,HIGHUSDT,2025-10-29,0.5169,1.3595
binance,HIVEUSDT,2026-04-17,0.5987,0.8405
binance,HMSTRUSDT,2025-06-29,0.6148,0.5816
binance,HNTBTC,2021-10-16,0.5232,0.3804
binance,HNTUSDT,2021-10-15,0.5924,0.3177
binance,HOLOUSDT,2025-09-11,8.8864,0.8588
binance,HOMEUSDT,2025-06-26,0.5413,0.518
binance,HOOKBTC,2023-12-09,0.5121,0.7972
binance,HOOKUSDT,2025-04-11,0.5164,0.6214
binance,HOTBTC,2020-01-31,0.6667,0.5
binance,HOTUSDT,2025-07-02,0.6667,0.3056
binance,HSRBTC,2017-08-19,1.5313,1.3012
binance,HUMAUSDT,2025-05-26,9.6,0.7195
binance,HYPERUSDT,2025-06-23,6.4423,0.3768
binance,ICNBTC,2017-10-23,0.6107,1.4867
binance,ICPBTC,2025-10-17,1.2621,0.3989
binance,ICPUSDT,2025-10-17,1.1035,0.4084
binance,IDBTC,2025-02-05,0.5038,0.7652
binance,IDUSDT,2025-12-23,0.7015,0.6047
binance,IDEXBTC,2024-03-15,0.562,0.9412
binance,IDEXUSDT,2025-04-04,0.585,0.715
binance,ILVBTC,2025-07-07,0.5213,0.3469
binance,IMXBTC,2025-04-07,0.5061,0.46
binance,INITUSDT,2025-06-23,0.5015,0.5437
binance,INJBTC,2026-04-25,0.6967,0.3711
binance,INJUSDT,2026-04-25,0.7819,0.373
binance,INSBTC,2020-03-13,0.6338,0.8049
binance,IOBTC,2025-04-20,0.5936,0.6868
binance,IOUSDT,2025-09-05,0.5599,0.9228
binance,IOSTBTC,2023-12-06,0.5455,1.0
binance,IOSTUSDT,2025-07-02,0.7266,0.4876
binance,IOTABTC,2025-12-22,0.5152,0.7451
binance,IOTXBTC,2024-11-15,0.6279,0.3333
binance,IQUSDT,2025-09-26,0.5018,1.3616
binance,IRISBTC,2024-07-07,0.6522,0.7333
binance,IRISUSDT,2024-07-08,0.9793,0.5605
binance,JASMYBTC,2022-10-24,0.5,1.0909
binance,JOEUSDT,2026-03-21,1.0025,0.7342
binance,JSTBTC,2026-01-19,0.5952,0.36
binance,JUPUSDT,2025-07-05,0.5866,0.5857
binance,JUVBTC,2022-02-25,0.524,0.7709
binance,JUVUSDT,2025-07-23,0.8196,0.5258
binance,KAITOBTC,2025-02-20,31.7885,0.5357
binance,KAITOUSDT,2025-08-26,0.5495,0.6859
binance,KATUSDT,2026-03-18,2.968,0.7581
binance,KAVABTC,2025-10-23,0.5317,0.7761
binance,KAVAUSDT,2025-10-31,0.5637,1.0374
binance,KEEPBTC,2021-06-17,1.1692,1.3902
binance,KEEPUSDT,2021-06-17,1.0052,1.5464
binance,KERNELUSDT,2025-05-17,0.5299,1.2393
binance,KEYBTC,2019-06-23,0.5517,1.5
binance,KEYUSDT,2024-01-27,0.8143,0.4826
binance,KITEUSDT,2025-11-03,3.4433,0.6244
binance,KLAYBTC,2023-11-05,0.5477,0.3624
binance,KLAYUSDT,2023-11-05,0.6547,0.3022
binance,KMDBTC,2024-11-01,0.5225,1.3046
binance,KMDUSDT,2024-10-30,0.7861,0.8227
binance,KMNOUSDT,2025-08-31,0.8257,0.4282
binance,KNCBTC,2025-06-24,1.2172,0.6459
binance,KNCUSDT,2025-06-24,1.4738,0.5785
binance,KP3RUSDT,2023-11-08,1.066,0.7969
binance,KSMBTC,2025-05-04,0.5384,0.8385
binance,KSMUSDT,2025-10-21,0.6074,0.7866
binance,LAUSDT,2025-07-09,0.765,1.2134
binance,LAYERBTC,2025-02-11,23.1748,0.9066
binance,LAYERUSDT,2025-10-31,0.5439,1.3782
binance,LAZIOBTC,2023-12-02,0.7276,1.024
binance,LAZIOUSDT,2025-09-26,0.538,0.9148
binance,LENDBTC,2019-10-14,1.791,0.475
binance,LENDUSDT,2020-05-24,0.8054,0.4524
binance,LINABTC,2024-05-17,0.75,0.6667
binance,LINAUSDT,2024-05-15,0.5018,0.3488
binance,LINEAUSDT,2025-09-10,7.706,0.5331
binance,LINKUSDT,2025-07-05,0.541,0.3329
binance,LINKUPUSDT,2022-05-13,0.6166,1.1269
binance,LISTAUSDT,2025-05-15,0.5349,1.0915
binance,LITBTC,2024-02-12,0.6811,0.8856
binance,LITUSDT,2024-02-12,0.7821,0.497
binance,LOKABTC,2024-08-03,0.6834,0.774
binance,LOKAUSDT,2024-08-03,0.6248,0.752
binance,LOOMBTC,2023-09-05,2.2215,0.4079
binance,LOOMUSDT,2023-09-05,2.2902,0.4098
binance,LPTBTC,2025-05-15,1.2714,0.8037
binance,LPTUSDT,2025-05-15,1.3288,0.7921
binance,LQTYBTC,2024-03-28,0.5411,1.4653
binance,LQTYUSDT,2025-05-31,0.6926,0.6421
binance,LRCBTC,2025-08-15,0.5139,0.4324
binance,LRCUSDT,2025-07-05,0.5407,0.5357
binance,LSKBTC,2025-06-26,0.5201,0.9006
binance,LSKUSDT,2025-06-27,0.511,0.6022
binance,LTCDOWNUSDT,2021-02-14,0.9502,1.2769
binance,LTCUPUSDT,2021-01-28,2.1351,0.3006
binance,LTOBTC,2024-11-12,0.507,0.375
binance,LTOUSDT,2024-10-31,0.5226,0.5213
binance,LUMIAUSDT,2025-06-23,1.1756,0.6432
binance,LUNBTC,2019-08-10,0.6622,0.7845
binance,LUNABTC,2021-05-24,0.7134,0.6332
binance,LUNAUSDT,2025-11-18,1.1462,0.7267
binance,LUNCUSDT,2025-11-18,1.5878,0.6234
binance,MAGICBTC,2025-06-14,0.5315,0.9322
binance,MAGICUSDT,2025-06-06,0.5129,0.8052
binance,MANTABTC,2025-05-05,0.5045,0.7054
binance,MANTAUSDT,2025-07-05,0.5056,0.5714
binance,MANTRAUSDT,2026-03-04,0.6169,1.4545
binance,MATICBTC,2023-10-28,0.5042,0.4033
binance,MAVBTC,2025-06-13,0.8958,1.0465
binance,MAVUSDT,2025-06-13,0.9088,1.0373
binance,MBLBTC,2020-05-09,1.3571,0.7368
binance,MBLUSDT,2025-09-21,0.8778,1.3254
binance,MBOXBTC,2024-08-17,0.5535,0.7227
binance,MBOXUSDT,2025-06-22,0.5385,0.5402
binance,MCBTC,2023-07-12,0.5008,0.8738
binance,MCUSDT,2023-01-09,0.6364,0.4914
binance,MCOUSDT,2019-12-19,0.8124,0.9059
binance,MDABTC,2021-11-05,0.7632,1.0794
binance,MDTBTC,2024-11-26,0.5179,0.5517
binance,MDTUSDT,2025-06-24,0.6305,0.7561
binance,MDXBTC,2023-11-24,0.5476,0.7717
binance,MDXUSDT,2023-11-24,0.7261,0.5921
binance,MEBTC,2024-12-10,26.1981,0.6927
binance,MEUSDT,2025-09-05,0.5161,0.8249
binance,MEGAUSDT,2026-04-30,5.9811,0.8448
binance,MEMEUSDT,2025-07-02,0.511,0.3356
binance,METUSDT,2026-04-04,0.8971,0.5856
binance,METISBTC,2024-03-11,0.7169,0.8735
binance,METISUSDT,2025-11-05,0.587,1.158
binance,MFTBTC,2019-08-16,0.5556,1.0
binance,MFTUSDT,2022-01-23,0.557,0.4927
binance,MINABTC,2025-10-20,1.0297,0.3846
binance,MINAUSDT,2025-10-17,0.5374,0.9607
binance,MIRBTC,2022-02-16,1.112,0.699
binance,MIRUSDT,2022-02-16,0.878,0.8418
binance,MIRAUSDT,2025-09-26,8.2,0.9651
binance,MITHBTC,2021-12-15,0.5304,0.8361
binance,MITHUSDT,2022-03-11,0.6741,0.382
binance,MITOUSDT,2025-08-29,1.656,0.6884
binance,MKRBTC,2024-11-16,0.6516,0.4224
binance,MKRUSDT,2024-10-26,0.5607,0.4027
binance,MLNBTC,2024-03-08,0.5603,0.9508
binance,MLNUSDT,2025-06-24,0.6,0.8874
binance,MMTUSDT,2025-11-04,43.754,0.9612
binance,MOBBTC,2024-01-10,0.5403,1.1119
binance,MOBUSDT,2023-06-18,0.5103,0.8007
binance,MODBTC,2018-03-06,0.5556,0.8781
binance,MORPHOUSDT,2025-10-11,0.6495,0.4796
binance,MOVEBTC,2024-12-20,0.612,0.6872
binance,MOVEUSDT,2025-06-20,0.5221,0.7726
binance,MOVRBTC,2025-10-21,0.5767,0.9655
binance,MOVRUSDT,2026-03-30,3.3741,0.6597
binance,MUBARAKUSDT,2025-05-18,0.5253,1.2807
binance,MULTIBTC,2023-01-23,0.5909,0.8321
binance,MULTIUSDT,2023-05-28,0.6066,0.995
binance,NANOBTC,2021-01-25,0.6038,0.4628
binance,NANOUSDT,2021-01-25,1.3423,0.3045
binance,NASBTC,2021-07-27,0.9012,0.5342
binance,NAVBTC,2021-11-03,0.7016,0.9793
binance,NBSBTC,2020-09-21,0.6184,1.9787
binance,NBSUSDT,2021-10-26,0.6466,0.8919
binance,NCASHBTC,2019-06-18,0.5417,1.1538
binance,NEARUSDT,2025-10-31,0.5167,0.8433
binance,NEBLBTC,2022-05-13,0.791,0.7175
binance,NEBLUSDT,2022-11-02,0.8916,1.41
binance,NEIROUSDT,2025-05-18,0.5046,1.2337
binance,NEWTUSDT,2025-06-24,1.8667,0.9809
binance,NFPBTC,2025-04-17,0.5,0.8485
binance,NFPUSDT,2025-06-23,0.6687,0.4209
binance,NILUSDT,2025-11-15,0.5384,2.0035
binance,NKNUSDT,2025-04-03,0.6173,1.3275
binance,NMRBTC,2025-03-04,0.5557,0.9096
binance,NMRUSDT,2025-08-09,1.7635,0.4304
binance,NOMUSDT,2026-01-07,1.2831,0.7242
binance,NOTUSDT,2026-04-09,0.9086,0.8428
binance,NPXSBTC,2019-01-10,0.6923,0.4444
binance,NPXSUSDT,2020-05-11,0.5238,0.5479
binance,NTRNBTC,2023-10-10,0.8033,1.2653
binance,NTRNUSDT,2025-08-12,0.5435,0.7015
binance,NUBTC,2021-06-17,0.5235,1.164
binance,NUUSDT,2021-06-04,1.3035,1.294
binance,NULSBTC,2024-08-02,0.7656,0.5147
binance,NULSUSDT,2024-08-02,0.64,0.5471
binance,NXPCUSDT,2025-05-15,37.674,0.6704
binance,NXSBTC,2021-09-21,0.6071,1.1432
binance,OAXBTC,2024-01-07,0.5289,1.0208
binance,OAXUSDT,2024-01-23,0.515,0.9973
binance,OGBTC,2025-02-19,0.5026,0.3776
binance,OGUSDT,2025-07-09,0.5222,0.4109
binance,OGNBTC,2025-08-02,0.5918,0.4138
binance,OGNUSDT,2025-08-02,0.6029,0.4169
binance,OMUSDT,2025-04-15,0.675,1.5125
binance,OMGBTC,2023-03-14,0.5261,1.1859
binance,OMGUSDT,2023-06-19,0.6489,0.8074
binance,ONDOUSDT,2025-07-05,0.5106,0.3833
binance,ONEBTC,2024-11-06,0.9375,0.4
binance,ONGBTC,2026-03-17,1.1928,0.4949
binance,ONGUSDT,2026-03-17,0.9517,0.5117
binance,ONTBTC,2025-08-07,0.7607,0.5843
binance,ONTUSDT,2025-08-07,0.7064,0.5949
binance,OOKIUSDT,2023-11-28,0.5178,1.0
binance,OPUSDT,2025-07-05,0.5509,0.4521
binance,OPENUSDT,2025-09-08,17.25,0.8977
binance,OPNUSDT,2026-03-05,5.0,0.7708
binance,ORCAUSDT,2025-06-26,0.5497,0.4713
binance,ORDIBTC,2025-04-28,0.5255,0.9124
binance,ORNBTC,2023-10-26,0.5436,0.4498
binance,ORNUSDT,2023-10-26,0.6486,0.4771
binance,OSMOBTC,2023-10-15,1.4388,0.7673
binance,OSMOUSDT,2025-07-06,0.5036,0.3657
binance,OSTBTC,2020-09-21,4.0,0.8464
binance,OXTUSDT,2026-02-25,0.5125,0.8293
binance,PARTIUSDT,2025-07-06,0.6843,0.4578
binance,PAXUSDT,2021-07-08,998.0999,1.0
binance,PDABTC,2024-03-01,0.7609,1.5912
binance,PDAUSDT,2024-05-15,0.7517,0.4937
binance,PEOPLEBTC,2025-04-15,0.6154,0.875
binance,PERLBTC,2021-11-29,0.7151,1.2358
binance,PERLUSDT,2022-12-10,2.2334,1.0916
binance,PERPBTC,2024-10-03,0.5254,0.6215
binance,PHABTC,2025-10-22,0.537,0.7931
binance,PHAUSDT,2025-10-31,0.5378,1.1336
binance,PHBBTC,2025-04-13,0.5139,0.4341
binance,PHBUSDT,2025-06-26,0.5752,0.4726
binance,PHXBTC,2018-10-09,3.6729,0.5967
binance,PIVXBTC,2025-04-13,0.9122,0.7333
binance,PIVXUSDT,2025-06-20,0.6392,0.7719
binance,PIXELBTC,2024-02-19,16.4416,0.4676
binance,PIXELUSDT,2025-06-23,0.5253,0.348
binance,PLABTC,2023-06-23,1.2945,0.9069
binance,PLAUSDT,2023-06-23,1.2434,0.8718
binance,PNTBTC,2022-03-18,0.5992,0.841
binance,PNTUSDT,2023-06-20,1.3125,0.4437
binance,PNUTBTC,2025-02-07,0.5385,1.0549
binance,POABTC,2020-11-06,0.7396,0.7465
binance,POEBTC,2020-01-25,0.5625,0.3333
binance,POLSBTC,2023-02-02,0.5208,0.6966
binance,POLSUSDT,2023-11-12,0.5014,0.6157
binance,POLYBTC,2021-11-10,0.6552,0.4649
binance,POLYUSDT,2022-01-23,0.5795,0.5446
binance,POLYXUSDT,2025-12-19,0.5529,0.8555
binance,PONDBTC,2024-05-15,0.5,0.6667
binance,PONDUSDT,2025-08-01,0.5481,0.7358
binance,PORTALBTC,2025-05-08,0.5424,1.125
binance,PORTALUSDT,2025-05-15,0.5324,1.4255
binance,PORTOBTC,2024-01-08,0.5577,0.3309
binance,PORTOUSDT,2025-07-29,0.5162,0.3935
binance,PPTBTC,2020-11-29,2.1283,0.8182
binance,PROMBTC,2023-12-06,0.5307,0.5658
binance,PROSUSDT,2024-09-13,0.552,0.6031
binance,PROVEUSDT,2025-08-05,5.4167,0.5684
binance,PSGUSDT,2026-04-20,0.5628,0.8133
binance,PUMPUSDT,2025-09-11,0.9947,0.8852
binance,PUNDIXUSDT,2025-06-28,0.5004,0.4772
binance,PYRBTC,2025-10-21,1.2741,0.78
binance,PYRUSDT,2025-10-21,1.1016,0.8054
binance,PYTHBTC,2025-08-11,1.0935,0.4017
binance,PYTHUSDT,2025-07-05,0.5948,0.5192
binance,QIBTC,2024-02-09,0.5,0.8235
binance,QIUSDT,2025-09-02,0.7194,0.58
binance,QKCBTC,2024-02-28,0.5263,0.8
binance,QKCUSDT,2025-07-12,0.6595,0.7882
binance,QLCBTC,2022-05-14,0.6842,0.6923
binance,QNTUSDT,2025-11-22,0.5135,0.7531
binance,QSPBTC,2021-09-21,0.5,0.8039
binance,QTUMBTC,2025-01-19,0.5288,1.07
binance,QUICKBTC,2023-06-19,0.5009,0.7154
binance,RADBTC,2024-01-01,0.559,0.802
binance,RADUSDT,2025-12-13,0.517,0.8816
binance,RAMPBTC,2021-07-30,0.6571,0.5344
binance,RAMPUSDT,2021-07-16,0.5044,0.5408
binance,RAREBTC,2025-02-20,1.6143,0.5221
binance,RAREUSDT,2025-08-02,0.5143,0.7849
binance,RCNBTC,2020-07-28,0.5385,0.3837
binance,RDNBTC,2020-12-31,0.6348,1.0826
binance,RDNTUSDT,2025-04-07,1.1387,0.4751
binance,REDBTC,2025-03-09,0.5781,1.1162
binance,REEFBTC,2021-10-11,0.5135,0.4737
binance,REEFUSDT,2023-11-22,0.5798,0.3013
binance,RENBTC,2024-05-13,0.5111,0.9565
binance,RENBTCBTC,2021-11-19,4.012,1.0
binance,RENDERBTC,2025-11-04,0.5232,0.8982
binance,RENDERUSDT,2025-11-05,0.5822,1.1559
binance,REPBTC,2022-01-23,0.5322,1.0682
binance,REPUSDT,2022-01-22,0.5107,0.8761
binance,REQBTC,2025-02-12,0.5102,0.56
binance,REQUSDT,2026-03-08,0.5008,0.8896
binance,RESOLVUSDT,2025-06-25,0.5459,1.2074
binance,REZBTC,2024-04-30,31.625,0.7213
binance,REZUSDT,2025-06-23,1.4407,0.6501
binance,RGTBTC,2021-11-05,1.0283,1.2344
binance,RGTUSDT,2021-11-05,0.7406,1.4099
binance,RIFUSDT,2026-03-30,0.5224,0.4629
binance,RLCBTC,2025-08-10,0.8413,0.7361
binance,RLCUSDT,2025-07-05,0.5306,0.6111
binance,RNDRBTC,2023-11-03,0.5694,0.411
binance,RNDRUSDT,2023-10-13,0.5581,0.3083
binance,ROBOUSDT,2026-04-07,0.5512,0.3781
binance,RONINBTC,2025-12-30,0.6216,0.6739
binance,RONINUSDT,2025-06-23,0.5182,0.7183
binance,ROSEBTC,2025-05-07,0.5357,0.8667
binance,ROSEUSDT,2025-10-20,0.5086,0.4787
binance,RPLBTC,2023-01-19,0.9659,0.825
binance,RPLUSDT,2025-05-24,0.6021,0.5411
binance,RPXBTC,2018-02-21,0.6988,1.5103
binance,RSRBTC,2021-07-19,0.6129,0.3421
binance,RVNBTC,2024-11-16,0.7273,0.3125
binance,RVNUSDT,2025-05-18,1.2841,0.9373
binance,SBTC,2025-11-01,0.52,0.9231
binance,SUSDT,2025-11-04,0.5925,1.25
binance,SAGABTC,2025-06-23,0.5153,0.5941
binance,SAGAUSDT,2025-06-23,0.7784,0.4704
binance,SAHARAUSDT,2025-06-26,6.9,0.6214
binance,SALTBTC,2018-04-06,0.5353,0.4079
binance,SANDBTC,2026-01-09,0.5271,0.8676
binance,SANDUSDT,2026-01-01,0.5281,0.5279
binance,SANTOSBTC,2025-07-26,0.5745,0.8438
binance,SANTOSUSDT,2025-07-09,0.5161,0.5909
binance,SAPIENUSDT,2025-11-06,4.1718,0.9697
binance,SCBTC,2021-06-23,0.5517,0.5
binance,SCRBTC,2025-04-18,0.5323,0.7273
binance,SCRTBTC,2025-09-23,0.5,0.8841
binance,SCRTUSDT,2025-09-23,0.612,0.9166
binance,SEIBTC,2025-06-07,0.774,0.5474
binance,SEIUSDT,2025-06-07,0.8236,0.5254
binance,SENTUSDT,2026-01-22,3.5,0.5906
binance,SFPBTC,2025-05-07,0.526,1.1413
binance,SFPUSDT,2025-05-16,0.5094,1.3183
binance,SHELLBTC,2025-02-27,1.2117,1.2889
binance,SHELLUSDT,2025-07-07,0.5885,0.3801
binance,SIGNUSDT,2025-09-05,0.8945,0.5414
binance,SKLBTC,2025-04-17,0.5,1.0
binance,SKYCOINBTC,2020-11-19,0.643,1.0058
binance,SLFBTC,2024-11-08,0.5873,0.819
binance,SLPUSDT,2025-07-05,1.1282,0.5007
binance,SNGLSBTC,2020-12-15,0.52,1.7692
binance,SNMBTC,2022-08-23,4.6439,0.7157
binance,SNTBTC,2024-10-24,0.5946,0.9545
binance,SNTUSDT,2024-08-06,0.5446,0.4507
binance,SNXBTC,2025-09-09,0.875,0.3377
binance,SOMIUSDT,2025-09-02,5.3537,0.5838
binance,SOPHUSDT,2025-05-28,1.9333,0.7988
binance,SPELLBTC,2022-01-28,0.6429,1.1111
binance,SPKUSDT,2025-06-17,5.9,0.6475
binance,SRMBTC,2022-03-02,0.5191,0.4694
binance,SSVBTC,2025-04-22,0.8679,0.5133
binance,STEEMBTC,2026-02-09,0.6575,0.75
binance,STEEMUSDT,2026-02-09,0.5828,0.8294
binance,STGBTC,2025-08-02,0.5,0.8676
binance,STGUSDT,2026-01-05,0.7073,0.3939
binance,STMXBTC,2022-06-13,0.8148,0.5
binance,STMXUSDT,2024-02-26,0.7939,0.6288
binance,STOUSDT,2025-06-22,0.7893,0.5919
binance,STORJBTC,2025-02-07,0.5356,0.7514
binance,STORJUSDT,2025-11-04,0.5649,1.0678
binance,STORMBTC,2019-08-17,0.5714,1.0
binance,STORMUSDT,2019-08-30,0.5241,1.0592
binance,STPTBTC,2024-08-29,0.5493,0.7179
binance,STPTUSDT,2024-08-29,0.5208,0.7017
binance,STRATBTC,2019-12-06,0.5076,0.6239
binance,STRATUSDT,2020-02-19,3.9923,1.0739
binance,STRAXBTC,2024-12-11,0.5455,0.9722
binance,STRAXUSDT,2025-07-04,0.5681,0.6068
binance,STRKUSDT,2025-06-23,0.5146,0.3681
binance,SUBBTC,2018-03-04,0.5612,1.0203
binance,SUNBTC,2020-11-06,0.501,0.6545
binance,SUNUSDT,2025-09-02,0.7362,0.6685
binance,SUPERBTC,2025-09-11,0.6914,0.9181
binance,SUSDBTC,2020-12-04,3.4813,1.0519
binance,SUSDUSDT,2021-12-24,3.721,1.0005
binance,SUSHIUSDT,2025-06-30,0.735,0.412
binance,SUSHIDOWNUSDT,2020-12-15,1.2777,1.7046
binance,SUSHIUPUSDT,2020-12-24,2.0676,0.7682
binance,SXPBTC,2025-04-03,0.5567,0.8584
binance,SXPUSDT,2025-04-03,0.6036,0.8289
binance,SXPDOWNUSDT,2020-11-26,0.9065,1.9771
binance,SXPUPUSDT,2020-12-11,0.5326,2.1243
binance,SYNBTC,2023-07-07,0.5163,0.8729
binance,SYNUSDT,2025-06-26,0.6022,0.6007
binance,SYRUPUSDT,2025-05-15,0.5019,0.8036
binance,SYSBTC,2025-04-14,0.5128,0.35
binance,SYSUSDT,2025-07-03,0.8052,0.3027
binance,TAOBTC,2025-09-26,0.5535,0.3538
binance,TAOUSDT,2025-09-26,0.6063,0.3733
binance,TCTBTC,2021-11-03,0.9636,0.8491
binance,TCTUSDT,2021-11-03,0.8631,0.9635
binance,TFUELBTC,2025-11-06,0.5,0.6
binance,THEBTC,2024-11-27,22.8415,0.6794
binance,THEUSDT,2025-06-27,1.4428,0.3486
binance,THETABTC,2026-03-31,0.5956,0.5448
binance,THETAUSDT,2026-03-31,0.86,0.5271
binance,TIAUSDT,2025-07-05,0.5129,0.591
binance,TKOBTC,2024-02-29,0.566,0.7091
binance,TKOUSDT,2025-07-06,0.5056,0.4117
binance,TLMBTC,2024-02-08,0.5,0.6
binance,TLMUSDT,2025-12-13,0.9416,0.8823
binance,TNBBTC,2020-05-09,1.0769,0.5714
binance,TNSRBTC,2024-05-17,0.6801,0.4121
binance,TNSRUSDT,2025-07-06,0.504,0.5133
binance,TNTBTC,2019-09-05,0.7898,0.4421
binance,TOMOBTC,2023-04-11,0.5556,0.6505
binance,TOMOUSDT,2023-01-06,0.6209,0.5355
binance,TORNUSDT,2022-01-30,1.3912,0.328
binance,TOWNSUSDT,2025-08-05,2.0488,1.0026
binance,TRBBTC,2025-05-09,0.639,0.3
binance,TRBUSDT,2025-05-15,0.9175,0.8106
binance,TREEUSDT,2025-07-29,4.0,0.959
binance,TRIBEBTC,2021-08-24,0.7063,1.0479
binance,TRIBEUSDT,2021-11-29,0.6336,1.0422
binance,TRIGBTC,2017-12-29,10.8644,1.0541
binance,TROYBTC,2020-08-09,0.5556,0.8667
binance,TROYUSDT,2024-10-03,0.5933,0.7697
binance,TRUBTC,2024-05-24,0.8135,0.3758
binance,TRUUSDT,2025-07-06,0.5678,0.5075
binance,TRUMPUSDT,2025-10-18,0.5087,0.5898
binance,TRXDOWNUSDT,2021-11-30,0.5812,1.3307
binance,TRXUPUSDT,2022-01-23,0.6788,0.6119
binance,TSTUSDT,2025-08-30,1.8045,0.5376
binance,TURTLEUSDT,2025-10-22,2.0367,1.1768
binance,TUSDBTC,2018-05-22,3965.6667,1.0001
binance,TVKBTC,2022-11-28,0.6591,0.8793
binance,TVKUSDT,2022-11-28,0.737,0.8685
binance,TWTBTC,2024-11-16,0.5264,0.3732
binance,TWTUSDT,2025-09-02,1.1118,0.386
binance,UMABTC,2025-05-22,0.5457,0.6114
binance,UMAUSDT,2025-05-22,0.5206,0.5832
binance,UNFIBTC,2023-11-10,0.6237,0.6014
binance,UNFIUSDT,2023-11-09,0.5013,0.5358
binance,UNIBTC,2025-07-05,0.532,0.3724
binance,UNIDOWNUSDT,2021-01-06,0.7244,2.1655
binance,UNIUPUSDT,2020-12-24,2.1339,0.8712
binance,USDSBUSDT,2019-06-24,0.8709,0.9612
binance,USTBTC,2022-03-18,4.1011,1.0254
binance,USTCUSDT,2025-07-02,0.5113,0.5103
binance,USUALBTC,2024-12-18,1.1291,0.8535
binance,USUALUSDT,2025-06-23,0.6041,0.5737
binance,UTKBTC,2024-08-17,0.5172,0.5
binance,UTKUSDT,2025-08-03,0.5219,0.6281
binance,VANAUSDT,2025-09-05,0.5063,0.7563
binance,VANRYUSDT,2025-06-23,0.7521,0.392
binance,VELODROMEUSDT,2025-07-02,0.5126,0.3214
binance,VENBTC,2017-11-07,0.8725,0.9429
binance,VGXBTC,2021-11-20,0.543,0.9369
binance,VGXUSDT,2023-10-24,0.7609,0.6712
binance,VIABTC,2020-09-22,0.5477,1.0486
binance,VIBBTC,2024-03-08,0.832,0.8942
binance,VIBUSDT,2024-05-24,0.5075,0.9167
binance,VIBEBTC,2020-02-12,0.5858,1.2525
binance,VICBTC,2024-03-12,0.5224,0.7316
binance,VIRTUALUSDT,2025-05-18,0.5354,1.0358
binance,VITEBTC,2024-02-14,0.5278,0.7895
binance,VITEUSDT,2024-02-27,0.5477,0.6397
binance,VOXELBTC,2023-11-22,0.5872,0.7891
binance,VOXELUSDT,2025-02-07,0.5233,0.9174
binance,VTHOUSDT,2026-02-06,0.5496,0.8829
binance,WBTC,2025-03-12,0.5,1.0577
binance,WUSDT,2025-06-23,0.5517,0.301
binance,WABIBTC,2022-05-12,0.9708,0.8571
binance,WALUSDT,2025-12-22,0.588,0.7967
binance,WAVESBTC,2023-06-19,0.8015,0.8
binance,WAVESUSDT,2023-06-19,1.0927,0.6766
binance,WAXPBTC,2025-04-05,0.5417,0.8462
binance,WCTUSDT,2025-05-15,1.4935,1.0404
binance,WIFUSDT,2025-06-23,0.5588,0.3091
binance,WINBTC,2019-08-01,0.8,1.75
binance,WINUSDT,2025-11-19,0.8037,0.7351
binance,WINGBTC,2023-07-09,0.9695,0.6433
binance,WINGUSDT,2024-09-20,0.8618,0.6334
binance,WINGSBTC,2018-02-23,1.0037,0.9836
binance,WLDUSDT,2025-05-18,0.5359,1.0696
binance,WLFIUSDT,2025-09-01,1.39,1.0676
binance,WNXMBTC,2021-03-28,0.8665,0.5749
binance,WOOBTC,2024-11-16,0.5247,0.3043
binance,WPRBTC,2020-08-01,0.5541,0.439
binance,WRXBTC,2022-06-08,0.5517,0.3796
binance,WRXUSDT,2023-12-27,0.6943,0.8283
binance,WTCBTC,2023-09-13,0.5245,0.8374
binance,WTCUSDT,2023-02-14,0.5164,0.9791
binance,XAIBTC,2024-05-20,0.5213,0.6524
binance,XAIUSDT,2025-06-23,0.5111,0.4242
binance,XECUSDT,2026-04-22,0.5293,0.6438
binance,XEMBTC,2022-05-13,0.6853,0.7857
binance,XEMUSDT,2023-10-22,0.6152,0.4172
binance,XLMDOWNUSDT,2020-12-15,1.1222,1.228
binance,XLMUPUSDT,2020-12-15,0.5467,1.9634
binance,XNOBTC,2025-10-18,0.9952,0.6314
binance,XNOUSDT,2025-10-18,0.8962,0.651
binance,XPLUSDT,2025-09-25,15.93,0.8142
binance,XRPBEARUSDT,2020-02-12,3.7664,1.1073
binance,XRPBULLUSDT,2020-02-12,4.8162,1.1433
binance,XRPDOWNUSDT,2022-05-27,0.6214,0.6214
binance,XRPUPUSDT,2022-05-13,0.5953,1.0233
binance,XTZBTC,2025-07-02,1.1332,0.3562
binance,XTZUSDT,2025-07-02,1.3812,0.3319
binance,XTZDOWNUSDT,2021-02-13,0.7814,1.3007
binance,XTZUPUSDT,2021-01-28,1.0692,0.7568
binance,XVGBTC,2021-07-29,0.5577,0.3103
binance,XVGUSDT,2025-06-23,0.638,0.4062
binance,XZCBTC,2020-01-27,0.7206,0.6833
binance,XZCUSDT,2020-04-07,0.6882,1.1104
binance,YBUSDT,2025-10-15,1.8147,0.8679
binance,YFIDOWNUSDT,2020-12-03,0.8961,0.912
binance,YFIIBTC,2022-05-08,0.5228,1.8721
binance,YFIIUSDT,2022-08-29,0.5011,0.9162
binance,YFIUPUSDT,2020-12-24,1.4893,1.0284
binance,YGGBTC,2025-02-12,0.5259,0.8636
binance,YGGUSDT,2025-08-26,0.8148,0.3174
binance,YOYOWBTC,2021-03-09,1.5,0.5909
binance,ZAMAUSDT,2026-02-02,0.9552,1.2873
binance,ZBTUSDT,2025-10-17,1.9623,1.2465
binance,ZECBTC,2025-09-14,1.9375,0.3381
binance,ZECUSDT,2025-09-14,2.0233,0.304
binance,ZENBTC,2025-09-16,0.5122,0.5397
binance,ZENUSDT,2025-09-15,0.5156,0.4755
binance,ZILUSDT,2026-01-20,0.5075,1.4052
binance,ZKBTC,2025-10-15,0.9429,0.5758
binance,ZKUSDT,2025-06-23,0.5964,0.344
binance,ZKCUSDT,2025-09-15,5.4966,0.9776
binance,ZKPUSDT,2026-01-07,1.2917,0.9377
binance,ZROBTC,2025-03-04,0.607,0.6268
binance,ZROUSDT,2025-08-01,0.5058,0.7812
binance,ZRXUSDT,2025-12-15,0.5187,0.9482
binance,币安人生USDT,2026-01-07,1.5373,0.7738
bybit,0GUSDT,2025-09-23,0.502,1.9223
bybit,1INCHUSDT,2025-06-25,1.1394,0.3512
bybit,2ZUSDT,2025-10-02,13.7987,0.851
bybit,AUSDT,2025-05-28,1.037,1.0271
bybit,A8USDT,2025-07-03,0.6288,0.7771
bybit,AAVEUSDT,2025-08-06,0.5111,0.5167
bybit,ACHUSDT,2025-07-02,0.8009,0.4055
bybit,ACSUSDT,2025-06-18,0.5218,1.0043
bybit,AEROUSDT,2025-06-01,1.0525,0.4292
bybit,AEVOUSDT,2025-06-23,0.7037,0.3926
bybit,AFCUSDT,2025-07-11,0.5457,0.6152
bybit,AGLDUSDT,2026-01-12,0.5337,1.2977
bybit,AIOZUSDT,2025-07-04,0.5727,0.4432
bybit,AIXBTUSDT,2025-05-18,0.5327,0.982
bybit,ALCHUSDT,2025-09-20,0.5332,1.3124
bybit,ALTUSDT,2025-05-29,0.7804,0.879
bybit,AMIUSDT,2025-06-07,0.7816,0.4535
bybit,ANIMEUSDT,2025-05-22,0.9331,0.6071
bybit,ANKRUSDT,2026-02-28,0.5608,0.7705
bybit,AOUSDT,2025-05-29,1.4046,0.8322
bybit,APEUSDT,2026-04-06,2.2493,0.6421
bybit,APEXUSDT,2025-05-17,0.5453,1.5931
bybit,ARKMUSDT,2025-09-02,0.541,0.4504
bybit,ARTYUSDT,2025-06-03,0.5357,1.2845
bybit,ASTERUSDT,2025-09-21,1.0276,0.9011
bybit,ATHUSDT,2025-08-21,0.595,0.4614
bybit,AURORAUSDT,2025-08-08,0.6197,0.8977
bybit,AVAUSDT,2025-10-11,0.8248,0.7986
bybit,AVAILUSDT,2025-08-27,1.1406,0.8436
bybit,AVLUSDT,2025-07-02,0.5435,0.4589
bybit,AVNTUSDT,2025-09-09,52.3906,0.4527
bybit,AXLUSDT,2025-05-23,0.6276,0.6171
bybit,AXSUSDT,2025-12-27,0.6622,0.5319
bybit,AZTECUSDT,2026-02-12,7.0,0.5557
bybit,B3USDT,2025-10-11,0.515,0.6735
bybit,BABY1USDT,2025-10-31,0.5153,1.3601
bybit,BARDUSDT,2025-09-18,4.1227,0.6136
bybit,BASEDUSDT,2026-03-30,5.4818,0.8481
bybit,BATUSDT,2025-09-25,0.6633,0.4596
bybit,BBUSDT,2025-06-23,0.6397,0.5347
bybit,BDXNUSDT,2025-06-03,4.6125,1.1391
bybit,BELUSDT,2025-06-23,0.5072,0.341
bybit,BICOUSDT,2026-04-13,0.6003,0.6958
bybit,BIRBUSDT,2026-01-28,17.8983,0.6899
bybit,BLASTUSDT,2025-06-29,0.7121,0.4693
bybit,BLENDUSDT,2026-04-24,8.557,0.9075
bybit,BLURUSDT,2025-07-03,0.7669,0.3708
bybit,BOBAUSDT,2025-05-15,0.5828,0.938
bybit,BOMEUSDT,2025-06-23,0.5499,0.338
bybit,BONKUSDT,2025-06-20,0.6842,0.3036
bybit,BREVUSDT,2026-01-06,3.7467,0.7874
bybit,BSBUSDT,2026-03-04,4.9247,0.6555
bybit,CAKEUSDT,2025-09-16,0.5267,0.4019
bybit,CAMPUSDT,2025-08-27,15.0075,0.8994
bybit,CATUSDT,2025-07-23,1.3249,0.728
bybit,CATIUSDT,2025-07-02,0.5308,0.5664
bybit,CBKUSDT,2025-06-14,0.787,0.4191
bybit,CCUSDT,2025-11-10,5.6667,0.7337
bybit,CFGUSDT,2025-08-26,0.6428,0.8351
bybit,CHIPUSDT,2026-04-21,60.0,0.9252
bybit,CITYUSDT,2025-07-24,0.5015,0.4867
bybit,CLOUDUSDT,2025-05-15,0.8115,0.5989
bybit,COINXUSDT,2025-06-30,0.6431,0.907
bybit,COMPUSDT,2025-05-31,0.5666,0.5518
bybit,COOKUSDT,2025-07-06,0.6954,0.396
bybit,COOKIEUSDT,2025-05-15,1.0593,0.7846
bybit,COREUSDT,2025-12-02,0.7756,0.7145
bybit,CORNUSDT,2025-06-24,0.6792,0.9926
bybit,CPOOLUSDT,2025-06-25,0.6117,0.3082
bybit,CRCLXUSDT,2025-07-01,0.6075,0.4015
bybit,CSPRUSDT,2026-03-06,0.7009,0.7045
bybit,CTCUSDT,2025-11-21,0.5304,1.0564
bybit,CUDISUSDT,2025-06-05,2.4912,0.9162
bybit,CYBERUSDT,2025-06-23,0.7195,0.5807
bybit,DBRUSDT,2025-06-10,1.2737,0.5614
bybit,DEGENUSDT,2025-06-23,0.6888,0.3855
bybit,DOGSUSDT,2025-06-23,0.525,0.4881
bybit,DOLOUSDT,2025-06-23,1.6604,0.4833
bybit,DOODUSDT,2025-06-23,0.6821,0.5697
bybit,DOTUSDT,2025-07-02,0.5072,0.4309
bybit,DYMUSDT,2025-06-23,0.5686,0.4095
bybit,EATUSDT,2025-10-29,4.1167,1.0039
bybit,EIGENUSDT,2025-08-02,0.5173,0.7324
bybit,ELIZAOSUSDT,2025-11-12,0.6007,1.2087
bybit,ELONUSDT,2026-02-02,26.221,0.9836
bybit,ELSAUSDT,2026-01-20,9.8763,0.9277
bybit,ENAUSDT,2025-06-23,0.6308,0.4381
bybit,ENSOUSDT,2025-10-14,3.5,0.9166
bybit,ERAUSDT,2025-07-17,47.9635,0.5416
bybit,ESUSDT,2025-07-16,4.335,0.8358
bybit,ESEUSDT,2025-09-24,0.5736,0.5453
bybit,ETHFIUSDT,2025-06-23,0.5227,0.3607
bybit,ETHWUSDT,2025-06-30,0.5267,0.3591
bybit,FUSDT,2025-08-24,0.5487,0.3492
bybit,FETUSDT,2025-10-20,0.5828,0.6982
bybit,FFUSDT,2025-09-29,14.3571,0.9777
bybit,FHEUSDT,2025-07-23,0.5676,0.8526
bybit,FIDAUSDT,2025-06-22,0.5741,0.4444
bybit,FIGHTUSDT,2026-01-22,4.9216,0.9885
bybit,FILUSDT,2025-10-20,1.5809,0.4133
bybit,FLOCKUSDT,2025-05-15,2.7647,0.5169
bybit,FLOWUSDT,2025-12-28,0.6791,1.3955
bybit,FLRUSDT,2025-07-05,0.6811,0.4476
bybit,FOGOUSDT,2026-01-15,3.0337,0.754
bybit,FORTUSDT,2025-06-01,0.8948,0.807
bybit,FRAXUSDT,2026-01-12,1.5148,0.8437
bybit,FTTUSDT,2025-07-01,0.5943,0.3904
bybit,FUELUSDT,2026-01-05,0.5128,1.0762
bybit,GUSDT,2026-01-13,0.5221,1.334
bybit,GAIBUSDT,2025-11-19,5.6667,0.9312
bybit,GALAUSDT,2025-07-05,0.5234,0.5372
bybit,GLMRUSDT,2025-11-20,0.5343,0.7084
bybit,GMTUSDT,2025-12-23,0.6745,0.4867
bybit,GMXUSDT,2025-07-22,1.0307,0.715
bybit,GOATUSDT,2025-06-23,0.7719,0.4048
bybit,GODSUSDT,2025-07-12,1.0639,0.8914
bybit,GPSUSDT,2025-05-31,0.5618,0.8812
bybit,GRASSUSDT,2025-11-02,0.8892,0.9491
bybit,GTAIUSDT,2025-09-09,0.605,1.0625
bybit,HUSDT,2025-06-25,65.4236,0.8902
bybit,HAEDALUSDT,2025-05-15,0.5269,1.3403
bybit,HMSTRUSDT,2025-06-29,0.593,0.5662
bybit,HNTUSDT,2025-07-02,1.1439,0.3505
bybit,HOLOUSDT,2025-09-11,13.9548,0.8348
bybit,HOMEUSDT,2025-06-10,19.996,0.6846
bybit,HOODXUSDT,2025-07-02,9.1137,0.9886
bybit,HPOS10IUSDT,2025-05-31,0.5616,1.0496
bybit,HUMAUSDT,2025-05-26,3.0,0.9231
bybit,HYPEUSDT,2025-07-11,0.6016,0.4157
bybit,HYPERUSDT,2025-06-23,6.3913,0.371
bybit,ICNTUSDT,2025-07-03,4.4386,0.767
bybit,ICPUSDT,2025-10-17,1.1022,0.4077
bybit,IDUSDT,2025-12-23,0.7025,0.606
bybit,IMUUSDT,2026-01-22,4.986,0.9471
bybit,INITUSDT,2025-06-23,0.5007,0.543
bybit,INJUSDT,2026-04-25,0.7793,0.3715
bybit,INSPUSDT,2025-05-26,0.5198,0.8318
bybit,INTERUSDT,2025-07-25,0.591,0.6127
bybit,IOUSDT,2025-09-05,0.556,0.9223
bybit,IPUSDT,2025-06-24,0.53,0.4435
bybit,JUPUSDT,2025-07-05,0.5703,0.5732
bybit,JUVUSDT,2025-07-09,0.5302,0.6406
bybit,KASUSDT,2025-07-04,0.5113,0.3619
bybit,KAVAUSDT,2025-10-31,0.57,1.0343
bybit,KILOUSDT,2025-06-21,0.8915,0.6353
bybit,KMNOUSDT,2025-08-31,0.8282,0.4268
bybit,KSMUSDT,2025-10-21,0.5185,0.7464
bybit,L3USDT,2025-05-15,0.7555,0.8321
bybit,LAUSDT,2025-06-04,99.0,0.9053
bybit,LAVAUSDT,2025-07-24,0.5741,0.845
bybit,LAYERUSDT,2025-11-04,0.7263,1.0385
bybit,LINEAUSDT,2025-09-10,5.25,0.6431
bybit,LINKUSDT,2025-07-05,0.5397,0.3337
bybit,LITUSDT,2026-01-15,1.1269,0.8744
bybit,LMWRUSDT,2025-06-21,0.5298,0.6535
bybit,LRCUSDT,2025-07-05,0.5383,0.5375
bybit,LUNAUSDT,2025-11-18,1.1434,0.7306
bybit,LUNAIUSDT,2025-05-16,0.6422,1.1221
bybit,LUNCUSDT,2025-11-18,1.5872,0.6236
bybit,MAGICUSDT,2025-06-06,0.5104,0.8075
bybit,MAJORUSDT,2025-05-15,0.5759,1.2212
bybit,MANTAUSDT,2025-07-05,0.5042,0.5765
bybit,MANTRAUSDT,2026-03-04,1.4518,0.9355
bybit,MAVIAUSDT,2025-06-27,0.5443,0.3882
bybit,MBOXUSDT,2025-06-22,0.5363,0.5313
bybit,MBXUSDT,2025-06-06,0.5231,0.9892
bybit,MCDXUSDT,2026-03-20,0.5088,1.0708
bybit,MCRTUSDT,2025-10-23,0.7398,1.2953
bybit,MEUSDT,2025-12-31,0.6284,0.6357
bybit,MEEUSDT,2025-06-30,3.4218,0.3327
bybit,MEGAUSDT,2026-04-30,3.2028,0.671
bybit,MEMEUSDT,2025-07-02,0.51,0.3338
bybit,MERLUSDT,2025-05-17,0.5607,1.055
bybit,METUSDT,2025-10-23,2.5556,0.6252
bybit,METAXUSDT,2025-07-02,2.8931,0.9764
bybit,MEWUSDT,2025-05-17,0.5002,1.2252
bybit,MINAUSDT,2025-10-17,0.5154,0.9572
bybit,MMTUSDT,2025-11-04,44.0,0.9615
bybit,MNTBTC,2025-07-25,0.5276,0.4311
bybit,MOCAUSDT,2025-06-25,0.5817,0.7786
bybit,MOGUSDT,2025-05-17,0.5048,1.3967
bybit,MONUSDT,2025-11-24,8.866,0.5831
bybit,MOVEUSDT,2025-06-20,0.5233,0.7646
bybit,MOVRUSDT,2025-07-05,0.5243,0.7823
bybit,MPLXUSDT,2025-06-29,0.6314,0.3438
bybit,NAKAUSDT,2025-09-29,0.6787,1.1205
bybit,NAVXUSDT,2025-07-09,0.5023,0.3492
bybit,NEARUSDT,2025-10-31,0.5174,0.8416
bybit,NEIROCTOUSDT,2025-05-18,0.5131,1.2306
bybit,NEONUSDT,2025-06-19,0.54,1.126
bybit,NEWTUSDT,2025-06-24,16.157,0.6775
bybit,NIGHTUSDT,2025-12-09,10.999,0.3919
bybit,NOMUSDT,2025-10-01,1.28,1.3044
bybit,NOTUSDT,2026-04-09,0.9296,0.8426
bybit,NSUSDT,2025-08-27,0.6325,0.4398
bybit,NXPCUSDT,2025-05-15,292.9222,0.9118
bybit,NYMUSDT,2026-03-05,0.5059,0.4668
bybit,OASUSDT,2025-07-10,0.5167,0.7476
bybit,OBOLUSDT,2025-06-15,0.6234,0.4748
bybit,OBTUSDT,2025-06-14,0.5293,1.2563
bybit,OLUSDT,2025-05-16,0.5163,0.7929
bybit,ONDOUSDT,2025-07-05,0.5109,0.384
bybit,OPUSDT,2025-07-05,0.5493,0.4526
bybit,OPGUSDT,2026-04-21,13.1168,0.7237
bybit,OPNUSDT,2026-03-05,2.6915,0.7579
bybit,ORDERUSDT,2025-07-02,0.9628,0.5667
bybit,PARTIUSDT,2025-07-06,0.6328,0.4143
bybit,PENGUINUSDT,2026-01-31,1.2333,1.5881
bybit,PIEVERSEUSDT,2025-11-15,4.4311,0.4072
bybit,PIRATEUSDT,2025-07-02,0.5331,0.7054
bybit,PLUMEUSDT,2025-06-22,0.5721,0.4209
bybit,PORTALUSDT,2025-05-15,0.53,1.4281
bybit,PRCLUSDT,2025-06-22,1.1802,0.3166
bybit,PRIMEUSDT,2025-06-23,0.5439,0.4027
bybit,PROVEUSDT,2025-09-08,0.6506,0.8049
bybit,PSGUSDT,2026-04-26,0.505,0.6755
bybit,PUFFERUSDT,2025-07-02,0.9137,0.4751
bybit,PUMPUSDT,2025-07-14,5.882,0.7547
bybit,PUMPBTCUSDT,2025-06-04,0.615,1.2313
bybit,PYBOBOUSDT,2026-01-26,1.3,0.5322
bybit,PYTHUSDT,2025-07-05,0.5948,0.5192
bybit,QNTUSDT,2025-11-22,0.5113,0.7512
bybit,QORPOUSDT,2025-06-05,0.6545,1.6745
bybit,RATSUSDT,2025-09-09,0.5719,0.3821
bybit,RECALLUSDT,2025-10-15,7.526,0.8137
bybit,REDUSDT,2025-07-09,0.5391,0.4173
bybit,RENDERUSDT,2025-11-05,0.5741,1.159
bybit,RESOLVUSDT,2025-06-10,4.2187,0.7979
bybit,ROAMUSDT,2025-05-31,0.5377,1.2607
bybit,ROBOUSDT,2026-02-27,5.232,0.6808
bybit,ROSEUSDT,2025-10-22,0.553,0.4473
bybit,RPLUSDT,2025-05-24,0.5936,0.5142
bybit,RVNUSDT,2025-05-18,0.9302,0.9143
bybit,SUSDT,2025-11-04,0.5934,1.2459
bybit,SAFEUSDT,2025-05-16,0.5026,1.0129
bybit,SAHARAUSDT,2025-06-26,2.75,0.7086
bybit,SANDUSDT,2026-01-01,0.5478,0.5487
bybit,SAROSUSDT,2025-05-15,0.5339,0.6508
bybit,SATSUSDT,2025-09-09,1.1107,0.9248
bybit,SCAUSDT,2025-06-14,0.6131,0.366
bybit,SCORUSDT,2025-12-17,8.0133,0.9752
bybit,SCRTUSDT,2025-07-05,0.5395,0.5913
bybit,SDUSDT,2025-05-16,0.5532,1.0328
bybit,SEIUSDT,2025-06-07,0.8256,0.5257
bybit,SENTUSDT,2026-01-22,8.8902,0.5105
bybit,SIGNUSDT,2025-09-06,0.8353,0.8911
bybit,SKRUSDT,2026-01-21,25.8168,0.782
bybit,SKYUSDT,2025-09-04,0.6448,0.4845
bybit,SOMIUSDT,2025-09-02,5.3493,0.5834
bybit,SONICUSDT,2025-12-24,0.504,0.7632
bybit,SOSOUSDT,2025-06-07,0.7118,0.557
bybit,SPKUSDT,2025-06-17,1.925,0.9861
bybit,SPXUSDT,2025-05-15,0.5999,0.5212
bybit,SQDUSDT,2025-07-14,0.58,1.0559
bybit,STABLEUSDT,2025-12-08,2.1111,0.9747
bybit,STRKUSDT,2025-06-23,0.5156,0.3674
bybit,SUNUSDT,2025-09-02,0.7351,0.6664
bybit,SUNDOGUSDT,2025-12-18,0.7812,0.5385
bybit,SUPRAUSDT,2025-06-23,0.5172,0.4567
bybit,SVLUSDT,2025-05-18,0.8591,0.3829
bybit,SWELLUSDT,2025-06-29,0.5963,0.3596
bybit,SYNDUSDT,2025-10-27,0.8673,1.3474
bybit,TAUSDT,2025-07-21,3.8271,0.8611
bybit,TACUSDT,2025-07-15,9.0,0.9212
bybit,TAIUSDT,2025-05-15,0.6025,0.7243
bybit,TAIKOUSDT,2025-07-03,0.6036,0.3267
bybit,TELUSDT,2025-06-27,1.0735,0.3818
bybit,THETAUSDT,2026-03-31,0.8428,0.5162
bybit,TIAUSDT,2025-07-05,0.5129,0.5935
bybit,TNSRUSDT,2025-07-06,0.5045,0.5133
bybit,TOKENUSDT,2025-06-23,0.5187,0.4684
bybit,TOSHIUSDT,2025-06-23,0.5769,0.3494
bybit,TOWNSUSDT,2025-08-05,1.8441,1.0048
bybit,TREEUSDT,2025-07-29,6.0,0.8759
bybit,TRIAUSDT,2026-02-03,6.3,0.5774
bybit,TRUMPUSDT,2025-10-18,0.5087,0.5939
bybit,TUNAUSDT,2025-07-30,26.5395,0.987
bybit,TWTUSDT,2025-09-02,1.1021,0.381
bybit,UUSDT,2025-09-04,6.16,0.8601
bybit,UMAUSDT,2025-05-22,0.5341,0.5994
bybit,USDYUSDT,2025-08-30,0.8014,0.998
bybit,USTCUSDT,2025-07-02,0.5085,0.5072
bybit,VANAUSDT,2026-02-06,0.5041,1.0505
bybit,VANRYUSDT,2025-06-23,0.7455,0.3911
bybit,VELOUSDT,2025-07-01,0.5354,0.3374
bybit,VIRTUALUSDT,2025-05-18,0.5348,1.0353
bybit,VOOIUSDT,2025-12-18,3.8,1.1
bybit,VTHOUSDT,2025-12-19,0.5319,1.044
bybit,VVVUSDT,2025-06-06,0.5267,1.0663
bybit,WALUSDT,2025-12-23,0.5056,0.7512
bybit,WAXPUSDT,2026-03-02,0.5563,0.7132
bybit,WCTUSDT,2025-05-15,1.4922,1.0399
bybit,WEMIXUSDT,2025-05-31,0.7954,0.388
bybit,WETUSDT,2025-12-09,10.355,0.4972
bybit,WHITEWHALEUSDT,2026-01-06,3.9356,1.0719
bybit,WIFUSDT,2025-06-23,0.5592,0.3062
bybit,WLDUSDT,2025-05-18,0.5345,1.0697
bybit,WLFIUSDT,2025-09-01,3.4099,0.629
bybit,XAIUSDT,2025-06-23,0.5133,0.431
bybit,XANUSDT,2025-09-29,5.3556,1.0535
bybit,XEMUSDT,2025-06-14,0.5712,2.1715
bybit,XIONUSDT,2025-05-23,0.5408,0.6214
bybit,XLMBTC,2025-06-26,1.0742,0.3315
bybit,XPLUSDT,2025-09-25,7.462,0.8689
bybit,XTERUSDT,2025-08-06,2.0564,0.7704
bybit,XTZUSDT,2025-07-02,1.3795,0.3303
bybit,YBUSDT,2025-10-15,1.8063,0.8662
bybit,ZAMAUSDT,2026-02-02,2.95,0.7227
bybit,ZBTUSDT,2025-10-17,9.4,0.9417
bybit,ZENUSDT,2025-09-15,0.5153,0.4725
bybit,ZENTUSDT,2025-08-16,0.7825,0.4562
bybit,ZEREBROUSDT,2025-06-22,0.5836,0.7652
bybit,ZETAUSDT,2026-01-21,0.5437,1.4889
bybit,ZEXUSDT,2025-05-17,0.7731,0.8573
bybit,ZIGUSDT,2025-07-06,0.5801,0.5023
bybit,ZILUSDT,2026-01-20,0.5019,1.412
bybit,ZKUSDT,2025-06-23,0.5964,0.3449
bybit,ZKCUSDT,2025-09-15,7.87,0.9203
bybit,ZKJUSDT,2025-06-16,1.3792,1.3491
bybit,ZKPUSDT,2025-12-19,3.4926,0.579
bybit,ZORAUSDT,2025-06-26,0.5188,0.3404
bybit,ZRCUSDT,2025-06-06,0.6016,1.2714
bybit,ZROUSDT,2025-08-01,0.5058,0.7812
bybit,ZRXUSDT,2025-12-15,0.5284,0.9448
kucoin,0GUSDT,2025-09-22,34.2135,0.7147
kucoin,1INCHUSDT,2025-06-25,1.1385,0.352
kucoin,2ZUSDT,2025-10-02,90.825,0.7585
kucoin,ABTC,2025-05-28,1.1562,1.0944
kucoin,A2ZUSDT,2025-08-01,3.145,0.7632
kucoin,A47USDT,2025-07-28,0.5833,0.7337
kucoin,AAVEBTC,2025-08-06,0.507,0.4161
kucoin,AAVEUSDT,2025-08-06,0.5111,0.5161
kucoin,ACHUSDT,2025-07-02,0.7997,0.3967
kucoin,ACNUSDT,2026-04-29,13.0845,0.9566
kucoin,ACQUSDT,2025-06-18,0.6107,0.408
kucoin,ACSUSDT,2025-06-19,0.555,0.9223
kucoin,ACTSOLUSDT,2025-10-31,0.557,1.2046
kucoin,ACUUSDT,2026-01-20,11.8953,0.8077
kucoin,ACXUSDT,2025-07-01,0.9838,0.5736
kucoin,AERGOUSDT,2025-06-18,0.5178,0.8729
kucoin,AEROUSDT,2025-05-29,0.5017,0.5322
kucoin,AEVOUSDT,2025-06-23,0.8681,0.5136
kucoin,AGLDUSDT,2026-01-12,0.526,1.2997
kucoin,AGTUSDT,2025-05-21,0.931,0.6058
kucoin,AIUSDT,2026-04-29,7.882,0.756
kucoin,AI3USDT,2025-08-27,2.78,0.9955
kucoin,AINUSDT,2025-07-05,13.3807,0.4814
kucoin,AIOUSDT,2025-08-02,5.528,0.4955
kucoin,AIOZUSDT,2025-07-04,0.5734,0.4434
kucoin,AIXBTUSDT,2025-05-18,0.5309,0.9831
kucoin,AKEUSDT,2025-08-21,1.9445,0.4497
kucoin,ALEPHUSDT,2025-06-18,0.507,0.8254
kucoin,ALEXUSDT,2025-07-15,0.5089,1.0351
kucoin,ALICEUSDT,2025-09-21,0.8425,1.1672
kucoin,ALKIMIUSDT,2025-08-19,0.75,1.6115
kucoin,ALLOUSDT,2025-11-11,2.5928,1.1629
kucoin,ALPINEUSDT,2025-06-19,0.641,0.7279
kucoin,ALTUSDT,2025-05-29,0.6865,0.9073
kucoin,ALUUSDT,2025-07-02,0.5292,1.5651
kucoin,AMPUSDT,2025-12-22,0.5297,0.6233
kucoin,ANIMEUSDT,2025-05-22,0.9344,0.6099
kucoin,ANKRBTC,2026-03-05,0.5246,0.6828
kucoin,ANKRUSDT,2026-02-28,0.5647,0.7833
kucoin,ANOMEUSDT,2025-10-17,19.0,0.5731
kucoin,APEUSDT,2026-04-06,2.2305,0.6388
kucoin,API3USDT,2025-07-03,0.6251,0.4612
kucoin,APRUSDT,2025-11-10,0.5824,1.5916
kucoin,ARCAUSDT,2025-05-15,0.5435,1.1394
kucoin,ARCSOLUSDT,2025-06-23,0.5789,0.3788
kucoin,ARIAUSDT,2025-08-21,5.0324,0.3597
kucoin,ARKMUSDT,2025-09-02,0.547,0.4598
kucoin,ARPAUSDT,2025-10-11,0.6166,0.7634
kucoin,ARTUSDT,2025-09-09,1.2945,1.5649
kucoin,ARTFIUSDT,2025-06-06,0.8057,1.1168
kucoin,ARTYUSDT,2025-06-03,0.5023,1.29
kucoin,ASPUSDT,2025-07-24,4.0,0.8997
kucoin,ASTERUSDT,2025-09-24,0.5823,1.4116
kucoin,ASTRUSDT,2025-10-01,0.5028,1.3249
kucoin,ATAUSDT,2026-03-31,0.5064,0.6721
kucoin,ATHUSDT,2025-08-21,0.5915,0.4575
kucoin,AUCTIONUSDT,2025-06-25,0.7061,0.619
kucoin,AUDIOUSDT,2026-03-30,0.9363,0.7983
kucoin,AURORAUSDT,2025-08-09,0.5957,0.9874
kucoin,AVABTC,2025-06-29,0.5723,0.7802
kucoin,AVAUSDT,2025-10-11,0.6386,0.9298
kucoin,AVAAIUSDT,2025-05-20,0.5338,1.6779
kucoin,AVAILUSDT,2025-08-27,1.5794,0.8908
kucoin,AVNTUSDT,2025-09-09,37.0941,0.4553
kucoin,AWEUSDT,2025-05-21,17.6291,0.9927
kucoin,AXSUSDT,2025-12-27,0.7028,0.5616
kucoin,AZEROUSDT,2025-05-28,0.5381,1.1268
kucoin,AZTECUSDT,2026-02-12,3.976,0.7352
kucoin,B2USDT,2025-06-14,0.6424,0.6183
kucoin,B3USDT,2025-10-11,0.6087,0.6176
kucoin,BABYUSDT,2025-07-09,0.5087,0.5472
kucoin,BABYDOGEUSDT,2025-06-28,0.5041,0.3363
kucoin,BALUSDT,2025-07-03,1.1526,0.6411
kucoin,BANANAUSDT,2025-06-26,0.5264,0.3929
kucoin,BANDUSDT,2025-08-04,1.1003,0.3384
kucoin,BARDUSDT,2025-10-10,0.5145,1.2517
kucoin,BASUSDT,2025-08-21,2.0144,0.4484
kucoin,BASEDUSDT,2026-03-30,9.835,0.7905
kucoin,BATUSDT,2025-09-25,0.6615,0.4481
kucoin,BAXUSDT,2025-11-05,1.1395,0.7531
kucoin,BBUSDT,2025-06-23,0.6247,0.5301
kucoin,BCUTUSDT,2025-05-21,0.6003,1.0199
kucoin,BDXBTC,2025-12-04,0.5023,0.4362
kucoin,BERTUSDT,2025-08-22,0.8398,0.704
kucoin,BFCUSDT,2025-05-24,0.6577,0.6073
kucoin,BICOUSDT,2025-08-03,0.518,0.8422
kucoin,BIOUSDT,2025-06-23,0.5272,0.315
kucoin,BIRBUSDT,2026-01-28,10.1826,0.7106
kucoin,BLASTUSDT,2025-06-29,0.6215,0.3968
kucoin,BLENDUSDT,2026-04-24,9.876,0.919
kucoin,BLUAIUSDT,2025-10-21,6.5146,0.7521
kucoin,BLUEUSDT,2025-05-18,0.5463,0.7746
kucoin,BLUMUSDT,2025-07-08,1.4373,0.9003
kucoin,BLURUSDT,2025-07-03,0.7642,0.3706
kucoin,BLZUSDT,2025-07-05,0.5015,0.6597
kucoin,BMXUSDT,2025-09-02,0.6246,0.4135
kucoin,BNKRUSDT,2026-02-13,3.4803,1.0624
kucoin,BNRENSHENGUSDT,2026-01-09,1.6303,0.7573
kucoin,BOBUSDT,2025-11-20,2.126,0.698
kucoin,BOBAUSDT,2025-05-15,0.6858,0.9451
kucoin,BOMEUSDT,2025-06-23,0.5503,0.338
kucoin,BONKUSDT,2025-06-20,0.6829,0.3022
kucoin,BOSUSDT,2025-10-29,2.1579,1.011
kucoin,BOSONUSDT,2025-06-30,0.5867,0.5145
kucoin,BREVUSDT,2026-01-06,2.75,0.9716
kucoin,BRISEUSDT,2025-07-02,0.7474,0.4621
kucoin,BSVBTC,2025-07-01,0.5551,1.3151
kucoin,BSVUSDT,2025-05-17,0.511,1.2629
kucoin,BSWUSDT,2025-06-13,0.5923,1.3841
kucoin,BTGUSDT,2026-01-02,0.6567,1.0137
kucoin,BTRUSDT,2025-08-27,2.6,0.5922
kucoin,BULLAUSDT,2025-07-08,0.8988,0.6275
kucoin,CUSDT,2025-07-14,25.8875,0.5293
kucoin,C98USDT,2025-05-25,0.5411,1.3323
kucoin,CAKEUSDT,2025-09-16,0.5273,0.396
kucoin,CAMPUSDT,2025-08-27,78.098,0.8515
kucoin,CARVUSDT,2026-01-26,0.543,1.5584
kucoin,CATUSDT,2025-06-23,0.5451,0.4048
kucoin,CATIUSDT,2025-07-02,0.5385,0.5664
kucoin,CCUSDT,2025-11-10,7.7495,0.643
kucoin,CCDUSDT,2025-06-20,0.5883,0.4924
kucoin,CELOUSDT,2025-07-05,0.5067,0.4224
kucoin,CESSUSDT,2025-06-26,12.4422,1.038
kucoin,CETUSUSDT,2025-07-02,0.5248,0.3132
kucoin,CFGUSDT,2025-05-15,0.8309,0.8088
kucoin,CHEEMSUSDT,2025-09-20,0.6898,0.3813
kucoin,CHEQUSDT,2025-07-26,0.5777,0.8577
kucoin,CHIPUSDT,2026-04-21,27.0746,0.6311
kucoin,CHIRPUSDT,2025-05-15,3.7724,0.5987
kucoin,CHOUSDT,2025-07-08,0.5995,0.4224
kucoin,CHRUSDT,2025-08-03,0.515,0.7296
kucoin,CHZBTC,2025-06-19,1.4838,0.9543
kucoin,CKBUSDT,2025-07-02,1.2681,0.3554
kucoin,CLOUSDT,2025-10-14,15.6634,0.7209
kucoin,CLOUDUSDT,2025-05-15,0.811,0.6055
kucoin,COLSUSDT,2025-09-15,2.6055,0.8929
kucoin,COMMONUSDT,2025-10-27,7.02,0.9109
kucoin,COMPUSDT,2025-05-31,0.565,0.5513
kucoin,COOKIEUSDT,2025-05-15,1.0553,0.7895
kucoin,COQUSDT,2025-07-04,0.6248,0.321
kucoin,COTIUSDT,2025-10-22,0.8703,0.5728
kucoin,CREDIUSDT,2025-06-28,0.5199,0.489
kucoin,CROSSUSDT,2025-07-04,21.34,0.3251
kucoin,CRTRUSDT,2026-02-23,3.364,0.5067
kucoin,CSPRUSDT,2026-03-06,0.6894,0.7013
kucoin,CTAUSDT,2025-05-15,0.5319,0.4823
kucoin,CTCUSDT,2025-11-21,0.6364,1.0442
kucoin,CVCUSDT,2025-10-31,0.5936,1.2143
kucoin,CWEBUSDT,2025-05-15,0.5192,0.5739
kucoin,CXTUSDT,2025-05-15,1.0632,0.9692
kucoin,CYBERUSDT,2025-06-23,0.7254,0.5813
kucoin,CYPRUSDT,2025-10-05,10.6336,0.938
kucoin,CYSUSDT,2025-12-11,4.5399,0.4882
kucoin,DUSDT,2025-06-23,0.9636,0.7351
kucoin,DAGUSDT,2025-07-04,0.6719,0.3174
kucoin,DAOUSDT,2026-02-06,0.5572,1.2501
kucoin,DASHBTC,2025-09-14,0.5014,0.6283
kucoin,DASHUSDT,2025-09-14,0.5397,0.5395
kucoin,DATAUSDT,2025-06-06,0.5161,0.822
kucoin,DBRUSDT,2025-06-10,1.3408,0.5822
kucoin,DCKUSDT,2025-11-23,0.7471,1.2888
kucoin,DCRUSDT,2025-10-17,3.084,0.6605
kucoin,DEFIUSDT,2025-06-21,0.5525,0.9726
kucoin,DEGENUSDT,2025-06-23,0.6868,0.3886
kucoin,DENTUSDT,2025-06-23,0.5194,0.3365
kucoin,DEXEUSDT,2025-09-03,0.8809,0.513
kucoin,DGBUSDT,2025-10-19,0.8361,0.4457
kucoin,DIAUSDT,2025-07-04,2.1174,0.409
kucoin,DINUSDT,2025-05-18,0.605,1.243
kucoin,DMCUSDT,2025-06-24,17.5664,0.9687
kucoin,DNUSDT,2026-01-09,2.7452,1.2463
kucoin,DODOUSDT,2025-11-17,0.515,1.3379
kucoin,DOGEGOVUSDT,2025-05-15,0.819,1.4494
kucoin,DOGSUSDT,2026-03-30,0.5821,0.584
kucoin,DOLOUSDT,2025-06-23,2.1428,0.6057
kucoin,DOODUSDT,2025-06-23,0.6643,0.576
kucoin,DPRUSDT,2025-08-02,1.0106,1.1545
kucoin,DRIFTUSDT,2025-07-03,1.0251,0.3551
kucoin,DSYNCUSDT,2025-08-11,2.667,0.9516
kucoin,DUCKUSDT,2025-06-06,1.2115,0.7225
kucoin,DYDXUSDT,2026-04-01,0.5515,0.4111
kucoin,DYMUSDT,2025-06-23,0.5629,0.3948
kucoin,EATUSDT,2025-10-29,1.2217,0.8211
kucoin,ECHOUSDT,2025-07-02,2.0276,1.1977
kucoin,EDENUSDT,2025-09-30,10.34,0.9678
kucoin,EDGENUSDT,2025-06-02,2.3945,1.2372
kucoin,EDUUSDT,2025-08-03,0.5417,0.8615
kucoin,EGL1USDT,2025-09-19,0.9393,0.7617
kucoin,EIGENUSDT,2025-06-23,0.5263,0.4368
kucoin,ELAUSDT,2025-08-15,0.7194,0.4053
kucoin,ELIZAOSUSDT,2025-11-10,0.793,1.2057
kucoin,ELONUSDT,2025-12-28,0.5575,0.9301
kucoin,ELPUSDT,2025-07-24,16.8426,1.0303
kucoin,ELSAUSDT,2026-01-20,3.5,1.0891
kucoin,ENAUSDT,2025-06-23,0.6156,0.426
kucoin,ENJUSDT,2026-02-28,0.5773,0.5719
kucoin,ENSOUSDT,2025-10-14,8.2376,0.8076
kucoin,EPICUSDT,2025-06-21,0.6094,1.0893
kucoin,EQTYUSDT,2025-11-10,2.5176,1.1572
kucoin,ERAUSDT,2025-07-17,3.7272,0.6506
kucoin,ERGBTC,2025-07-02,0.5287,0.5189
kucoin,ESUSDT,2025-07-16,1.4475,1.0991
kucoin,ESEUSDT,2025-09-24,0.5843,0.5675
kucoin,ESIMUSDT,2026-01-05,2.6057,1.2263
kucoin,ESPUSDT,2026-02-12,4.3286,0.6838
kucoin,ETHFIUSDT,2025-06-23,0.5197,0.3601
kucoin,ETHWUSDT,2025-06-30,0.5372,0.3734
kucoin,ETNUSDT,2025-07-08,2.2028,0.5057
kucoin,EULUSDT,2025-06-12,0.5351,0.4435
kucoin,EWTBTC,2025-05-15,0.6155,0.3027
kucoin,FUSDT,2025-08-24,0.5603,0.3617
kucoin,FARTCOINUSDT,2025-06-05,0.63,1.0652
kucoin,FBUSDT,2026-01-09,0.7727,0.6211
kucoin,FETBTC,2025-10-20,0.6709,0.6363
kucoin,FETUSDT,2025-10-20,0.5828,0.7
kucoin,FFUSDT,2025-09-29,64.8,0.8725
kucoin,FIDAUSDT,2025-06-22,0.5714,0.4488
kucoin,FIGHTUSDT,2026-01-22,4.908,0.989
kucoin,FILUSDT,2025-10-20,1.5701,0.4099
kucoin,FITFIUSDT,2025-06-02,0.5042,1.0932
kucoin,FLKUSDT,2025-10-14,2.114,1.2208
kucoin,FLOCKUSDT,2025-06-06,0.8993,1.0008
kucoin,FLOWUSDT,2026-02-06,0.6682,1.3048
kucoin,FLRUSDT,2025-07-05,0.6789,0.4518
kucoin,FOGOUSDT,2026-01-15,2.348,0.8311
kucoin,FOLKSUSDT,2025-11-06,9.8484,0.389
kucoin,FORTUSDT,2025-06-01,0.8088,0.7855
kucoin,FORTHUSDT,2025-08-01,0.5339,0.923
kucoin,FOXYUSDT,2025-06-23,0.6385,0.5186
kucoin,FTTUSDT,2025-07-01,0.6085,0.4021
kucoin,FUELUSDT,2026-01-06,0.5405,1.0348
kucoin,FUNUSDT,2026-01-15,3.2537,0.9536
kucoin,FWOGUSDT,2025-06-06,0.5186,1.4565
kucoin,GUSDT,2026-01-07,0.8711,1.0286
kucoin,G3USDT,2025-07-09,1.1502,1.227
kucoin,GAIAUSDT,2025-07-30,2.3988,1.0182
kucoin,GAINUSDT,2025-09-24,8.6311,1.0776
kucoin,GALAXUSDT,2025-07-05,0.5101,0.5297
kucoin,GAMEAIUSDT,2025-05-16,0.5631,1.3632
kucoin,GENIUSUSDT,2026-04-30,0.7778,0.4471
kucoin,GFUSDT,2026-03-06,16.9288,0.9161
kucoin,GHXUSDT,2025-09-26,0.5789,1.0636
kucoin,GIGAUSDT,2025-05-31,0.5376,1.0664
kucoin,GIGGLEUSDT,2025-10-10,3.5649,0.7014
kucoin,GIZAUSDT,2025-05-20,99.0004,1.0011
kucoin,GLMUSDT,2025-07-02,0.5436,0.385
kucoin,GLMRUSDT,2025-11-21,0.511,0.8506
kucoin,GLQUSDT,2025-10-17,0.5229,1.4833
kucoin,GMEEUSDT,2025-08-02,0.8366,0.6284
kucoin,GMRXUSDT,2025-07-30,0.5862,1.3431
kucoin,GMTUSDT,2025-12-23,1.0669,0.6686
kucoin,GMXUSDT,2025-07-22,1.2886,0.7682
kucoin,GNSUSDT,2025-06-04,1.2651,0.6731
kucoin,GOATUSDT,2025-06-23,0.774,0.4054
kucoin,GODSUSDT,2025-07-12,0.8853,0.8676
kucoin,GOMININGUSDT,2025-06-16,0.683,0.428
kucoin,GPSUSDT,2025-05-31,0.5638,0.8741
kucoin,GRASSUSDT,2025-11-02,0.8826,0.9503
kucoin,GRIFFAINUSDT,2025-06-23,0.7714,0.3741
kucoin,GTAIUSDT,2025-09-09,0.7343,1.0435
kucoin,GTCUSDT,2025-07-05,0.5404,0.4451
kucoin,GUNUSDT,2025-06-18,0.6048,0.4692
kucoin,GWEIUSDT,2026-01-21,8.649,0.5014
kucoin,HUSDT,2025-06-25,32.3691,0.9735
kucoin,HAEDALUSDT,2025-05-15,0.5043,1.3556
kucoin,HAIUSDT,2025-06-21,0.5047,0.9248
kucoin,HANAUSDT,2025-09-26,1.0464,1.0979
kucoin,HEARTUSDT,2026-04-23,0.8368,0.4543
kucoin,HEIUSDT,2025-06-07,0.8302,1.0864
kucoin,HFTUSDT,2025-06-14,2.125,0.3442
kucoin,HIGHUSDT,2025-10-23,0.5497,1.0723
kucoin,HIPPOUSDT,2025-06-23,0.5804,0.3842
kucoin,HMNDUSDT,2026-04-28,0.5245,0.9366
kucoin,HMSTRUSDT,2025-06-29,0.5974,0.5669
kucoin,HOLDUSDT,2025-06-23,0.6364,0.9467
kucoin,HOLOUSDT,2025-09-11,17.3012,0.8285
kucoin,HOMEUSDT,2025-06-10,39.939,0.934
kucoin,HONEYUSDT,2025-07-02,0.515,0.5183
kucoin,HOUSEUSDT,2025-05-15,0.7532,1.2705
kucoin,HPOS10IUSDT,2025-05-17,1.4226,1.1097
kucoin,HSKUSDT,2025-06-07,1.9116,0.4716
kucoin,HUMAUSDT,2025-05-26,13.6667,0.7129
kucoin,HYDRAUSDT,2026-04-14,0.6529,1.1854
kucoin,HYPEUSDT,2025-05-15,0.5859,0.5842
kucoin,HYPERUSDT,2025-06-23,6.3423,0.3717
kucoin,IAGUSDT,2025-10-28,4.6769,0.9706
kucoin,ICNTUSDT,2025-07-03,7.5227,0.7018
kucoin,ICPBTC,2025-10-17,1.2621,0.3962
kucoin,ICPUSDT,2025-10-17,1.1082,0.4122
kucoin,IDUSDT,2025-12-22,0.9195,0.8179
kucoin,IDOSUSDT,2026-03-05,2.9,1.137
kucoin,IKAUSDT,2025-07-29,33.0584,0.6859
kucoin,ILVUSDT,2025-07-02,0.5475,0.3454
kucoin,IMUUSDT,2026-01-22,6.2857,1.0732
kucoin,INUSDT,2025-08-07,5.4205,0.5345
kucoin,INITUSDT,2025-07-02,0.5427,0.8066
kucoin,INJBTC,2026-04-25,0.7074,0.3971
kucoin,INJUSDT,2026-04-25,0.7785,0.3624
kucoin,INSPUSDT,2025-06-05,0.7594,0.7961
kucoin,INXUSDT,2026-01-30,9.4,0.8624
kucoin,IOUSDT,2025-09-05,0.5564,0.918
kucoin,IONUSDT,2026-04-12,0.6387,1.6579
kucoin,IOSTUSDT,2025-07-02,0.7199,0.4711
kucoin,IOTXBTC,2025-07-29,0.5026,0.4896
kucoin,IPUSDT,2025-06-24,0.53,0.4463
kucoin,IRUSDT,2025-12-17,5.269,0.9393
kucoin,IRYSUSDT,2025-11-26,0.9582,1.0943
kucoin,ISLMUSDT,2025-12-09,1.4091,0.7088
kucoin,ISPUSDT,2025-07-06,0.54,0.5247
kucoin,ITHACAUSDT,2025-05-26,0.5423,1.3546
kucoin,JUSDT,2025-07-05,0.5235,1.1881
kucoin,JCTUSDT,2025-11-10,11.375,0.8375
kucoin,JELLYJELLYUSDT,2025-06-06,0.5444,0.5209
kucoin,JSTUSDT,2026-04-16,0.5481,0.5062
kucoin,JUPUSDT,2025-07-05,0.5712,0.5763
kucoin,KACEUSDT,2025-06-23,0.6336,0.6784
kucoin,KAIOUSDT,2026-05-06,25.526,0.7339
kucoin,KAITOUSDT,2025-08-26,0.5467,0.6861
kucoin,KARRATUSDT,2025-06-25,0.5268,0.5198
kucoin,KASBTC,2025-11-23,0.5258,0.7179
kucoin,KASUSDT,2025-06-23,0.5044,0.393
kucoin,KATUSDT,2026-03-18,0.899,1.1557
kucoin,KAVAUSDT,2025-10-31,0.5643,1.0333
kucoin,KBEATUSDT,2025-11-02,32.3428,0.601
kucoin,KERNELUSDT,2025-05-18,0.5639,1.1554
kucoin,KGENUSDT,2025-10-07,40.316,0.9463
kucoin,KILOUSDT,2025-06-21,0.8622,0.6586
kucoin,KINUSDT,2026-01-30,19.367,1.0127
kucoin,KITEUSDT,2025-11-03,6.75,0.6383
kucoin,KLINKUSDT,2025-10-07,5.5276,1.0024
kucoin,KLVUSDT,2025-11-05,0.507,0.9745
kucoin,KMNOUSDT,2025-08-31,0.8215,0.4254
kucoin,KNCBTC,2025-06-24,1.1134,0.6049
kucoin,KNCUSDT,2025-06-24,1.3974,0.5542
kucoin,KOMAUSDT,2025-06-28,0.6388,0.4244
kucoin,KORIUSDT,2025-08-29,11.4114,0.9757
kucoin,KPOLUSDT,2025-05-26,0.5778,0.9464
kucoin,KRLUSDT,2025-06-30,0.5312,0.5313
kucoin,KSMUSDT,2025-07-02,0.5281,0.3867
kucoin,KYOUSDT,2025-12-10,9.0,1.0414
kucoin,L3USDT,2025-05-15,0.5916,0.7783
kucoin,LAUSDT,2025-06-04,1127.0,0.9917
kucoin,LABUSDT,2025-10-14,46.5,0.6567
kucoin,LADYSUSDT,2025-11-11,0.5681,1.1631
kucoin,LATUSDT,2025-05-30,0.605,0.5725
kucoin,LAVAUSDT,2025-07-24,0.5203,0.7825
kucoin,LAYERUSDT,2025-07-30,0.5406,1.211
kucoin,LIGHTUSDT,2025-09-27,7.1373,0.5849
kucoin,LIKEUSDT,2025-05-20,0.5004,0.8456
kucoin,LINEAUSDT,2025-09-10,8.4958,0.5764
kucoin,LINGOUSDT,2025-11-17,0.6025,1.2101
kucoin,LINKUSDT,2025-07-05,0.5394,0.3327
kucoin,LISTAUSDT,2025-05-15,0.512,1.1109
kucoin,LITUSDT,2026-01-15,3.2,0.8494
kucoin,LKIUSDT,2025-06-19,0.5094,1.0008
kucoin,LMTSUSDT,2025-10-23,1.2068,0.8429
kucoin,LMWRUSDT,2025-06-21,0.5327,0.655
kucoin,LOCUSUSDT,2025-09-10,0.5611,1.0636
kucoin,LOFIUSDT,2025-06-23,0.7097,0.4205
kucoin,LOTUSDT,2025-06-25,1.63,0.547
kucoin,LPTUSDT,2025-05-15,1.3477,0.7969
kucoin,LQTYUSDT,2025-05-31,0.6986,0.6356
kucoin,LRCUSDT,2025-07-05,0.5379,0.5359
kucoin,LRDSUSDT,2025-07-12,0.7259,0.8142
kucoin,LSKUSDT,2025-07-02,0.5195,0.5505
kucoin,LUMIAUSDT,2025-06-23,1.1463,0.6383
kucoin,LUNAUSDT,2025-11-18,1.1536,0.7302
kucoin,LUNCUSDT,2025-11-18,1.5959,0.623
kucoin,LVVAUSDT,2025-06-23,1.1946,0.9182
kucoin,LYNUSDT,2025-10-06,12.323,0.9785
kucoin,LYXUSDT,2025-07-01,0.5161,1.0288
kucoin,MAGICUSDT,2025-06-06,0.5042,0.804
kucoin,MAIGAUSDT,2025-09-17,4.75,0.9443
kucoin,MAJORUSDT,2025-05-16,0.5394,0.9983
kucoin,MANUSDT,2025-06-22,0.5503,0.6367
kucoin,MANAUSDT,2025-07-01,0.5108,0.4165
kucoin,MANTRABTC,2026-03-10,1.5,1.0957
kucoin,MANTRAUSDT,2026-03-10,1.7,1.1439
kucoin,MANYUUSDT,2025-07-18,2.2915,1.0626
kucoin,MAPOUSDT,2025-05-27,1.2293,0.9084
kucoin,MARS4USDT,2025-05-15,0.6605,1.1336
kucoin,MATUSDT,2025-06-19,12.67,1.0264
kucoin,MAVUSDT,2025-06-13,0.8555,1.0365
kucoin,MAVIAUSDT,2025-06-27,0.5351,0.3839
kucoin,MBLUSDT,2025-09-21,0.7968,1.3114
kucoin,MEUSDT,2025-09-04,0.5724,0.8843
kucoin,MEGAUSDT,2026-04-30,1.5707,0.9356
kucoin,MELANIAUSDT,2025-07-09,0.5714,0.5962
kucoin,MEMEUSDT,2025-07-02,0.5089,0.3342
kucoin,MEMEFIUSDT,2025-06-13,0.5042,1.25
kucoin,MERLUSDT,2025-05-17,0.5611,1.0583
kucoin,METUSDT,2025-10-23,1.53,0.7336
kucoin,METADAOUSDT,2026-05-06,0.8392,0.9223
kucoin,METISUSDT,2025-10-11,0.524,0.8949
kucoin,MEWUSDT,2025-05-18,0.5496,1.1024
kucoin,MEZOUSDT,2026-04-01,1.8792,1.0213
kucoin,MFUSDT,2025-10-06,4.461,0.9983
kucoin,MGOUSDT,2025-06-24,6.6,0.8192
kucoin,MILADYCULTUSDT,2025-06-23,0.6568,0.3285
kucoin,MINUSDT,2025-12-18,2.3966,0.8096
kucoin,MINAUSDT,2025-10-17,0.518,0.9593
kucoin,MIRAUSDT,2025-09-26,18.449,0.8802
kucoin,MLKUSDT,2025-07-20,0.5928,1.1325
kucoin,MMTUSDT,2025-11-04,48.0,0.9646
kucoin,MNDEUSDT,2025-05-15,0.8975,0.9335
kucoin,MOCAUSDT,2025-06-25,0.5827,0.7776
kucoin,MOGUSDT,2025-05-18,0.5127,1.3638
kucoin,MONUSDT,2025-11-24,3.932,0.6564
kucoin,MONPROUSDT,2025-06-14,0.5632,1.0467
kucoin,MOODENGUSDT,2025-05-17,0.6427,1.1702
kucoin,MORIUSDT,2025-07-15,0.6151,1.4827
kucoin,MOVEUSDT,2025-06-20,0.5202,0.7651
kucoin,MOVRUSDT,2026-03-30,3.28,0.6607
kucoin,MPCUSDT,2025-06-22,2.1034,1.0586
kucoin,MTLUSDT,2025-07-05,0.6335,0.6773
kucoin,MTRGUSDT,2025-05-16,0.522,0.7477
kucoin,MTVUSDT,2025-07-06,0.6321,0.6683
kucoin,MUBARAKUSDT,2025-05-18,0.5334,1.273
kucoin,MYRIAUSDT,2025-05-16,0.6186,0.3118
kucoin,NAKAUSDT,2025-09-29,0.6813,1.1085
kucoin,NATIXUSDT,2025-05-15,1.7794,0.4801
kucoin,NAVIUSDT,2025-06-30,0.5248,0.4984
kucoin,NAVXUSDT,2025-07-09,0.503,0.3134
kucoin,NCUSDT,2025-06-22,0.5288,1.4985
kucoin,NEARUSDT,2025-10-31,0.5181,0.8436
kucoin,NEIROCTOUSDT,2025-05-18,0.5009,1.2393
kucoin,NEONUSDT,2025-06-15,0.5053,1.2391
kucoin,NEWTUSDT,2025-06-24,16.0702,0.6753
kucoin,NEXIUSDT,2026-03-09,1.6665,1.381
kucoin,NFPUSDT,2025-06-14,0.504,1.2127
kucoin,NIBIUSDT,2025-12-19,0.5887,1.6862
kucoin,NIGHTUSDT,2025-12-09,15.3,0.8051
kucoin,NILUSDT,2025-11-15,0.5547,1.9766
kucoin,NIMUSDT,2025-08-11,0.8695,0.5156
kucoin,NKNUSDT,2025-07-05,0.5068,0.3514
kucoin,NMRUSDT,2025-08-09,1.7584,0.4331
kucoin,NOBODYUSDT,2025-07-31,1.3026,0.5688
kucoin,NODEUSDT,2025-06-30,19.7388,1.0111
kucoin,NOMUSDT,2025-10-14,0.7362,0.8149
kucoin,NOONUSDT,2026-03-05,2.3125,1.0394
kucoin,NOTUSDT,2026-04-09,0.9042,0.836
kucoin,NRNUSDT,2025-05-15,0.8242,1.2012
kucoin,NSUSDT,2025-08-27,0.6269,0.4402
kucoin,NUMUSDT,2026-01-31,1.5078,1.2973
kucoin,NUMIUSDT,2025-09-21,0.7932,1.357
kucoin,NXPCUSDT,2025-05-15,76.0706,0.6604
kucoin,NXRAUSDT,2025-06-25,0.7961,0.6623
kucoin,NYMUSDT,2026-03-05,0.5505,0.4862
kucoin,OBIUSDT,2025-07-05,0.5762,0.7996
kucoin,OBTUSDT,2025-06-14,0.5042,1.2853
kucoin,OFCUSDT,2026-04-09,1.456,1.0754
kucoin,OGNBTC,2025-08-02,0.5673,0.3467
kucoin,OGNUSDT,2025-08-02,0.5974,0.4134
kucoin,ONDOUSDT,2025-07-05,0.5092,0.3837
kucoin,ONTBTC,2025-08-07,0.7645,0.594
kucoin,ONTUSDT,2025-08-07,0.7523,0.6213
kucoin,OORTUSDT,2025-08-06,0.5858,0.514
kucoin,OPUSDT,2025-07-05,0.5736,0.4737
kucoin,OPENUSDT,2025-09-30,0.5298,1.5244
kucoin,ORBSUSDT,2026-02-06,0.6653,0.6597
kucoin,ORCAUSDT,2025-06-26,0.534,0.473
kucoin,ORDERUSDT,2025-07-02,0.9113,0.5419
kucoin,OSMOUSDT,2025-12-26,0.8196,0.7895
kucoin,OTKUSDT,2025-05-15,1.0352,0.8011
kucoin,OXTUSDT,2026-02-01,0.5734,1.1526
kucoin,PUSDT,2025-10-03,6.5365,0.6508
kucoin,P2PUSDT,2025-07-24,0.5935,0.3074
kucoin,PAALUSDT,2025-07-01,0.5897,1.0291
kucoin,PARTIUSDT,2025-07-06,0.6448,0.4151
kucoin,PAWSUSDT,2025-07-12,0.9884,0.6683
kucoin,PHAUSDT,2025-10-31,0.5285,1.1394
kucoin,PIGGYUSDT,2025-10-28,12.6015,0.7736
kucoin,PINUSDT,2025-09-24,0.6461,1.0131
kucoin,PIPEUSDT,2025-10-08,2.1,1.2062
kucoin,PIXUSDT,2025-05-15,0.6215,0.9248
kucoin,PIXELUSDT,2025-06-23,0.5206,0.3358
kucoin,PLAIUSDT,2025-11-04,6.575,1.1227
kucoin,PLUUSDT,2025-12-22,0.6579,1.0115
kucoin,PLUMEUSDT,2025-06-21,0.5018,0.4595
kucoin,POKTUSDT,2025-05-15,6.2639,0.5169
kucoin,POLSUSDT,2025-05-15,0.5742,1.2237
kucoin,POLYXUSDT,2025-12-19,0.5289,0.8704
kucoin,PONDUSDT,2025-08-01,0.5577,0.7238
kucoin,POPUSDT,2025-09-10,6.299,0.5633
kucoin,PORTALUSDT,2025-05-15,0.5307,1.4299
kucoin,PORTALSUSDT,2025-09-16,4.8485,1.0307
kucoin,PRAIUSDT,2025-07-02,0.8369,0.5172
kucoin,PRCLUSDT,2025-06-22,1.175,0.3183
kucoin,PRLUSDT,2026-03-25,4.1126,0.6085
kucoin,PROUSDT,2025-06-03,0.5119,0.7776
kucoin,PROMUSDT,2025-06-22,0.5076,0.3244
kucoin,PROMPTUSDT,2025-06-26,0.5,0.3122
kucoin,PROPSUSDT,2025-09-23,0.5917,1.3526
kucoin,PROSUSDT,2026-04-28,1.6,0.8359
kucoin,PROVEUSDT,2025-08-05,7.7145,0.4352
kucoin,PTBUSDT,2025-09-03,5.4627,0.6392
kucoin,PUBLICUSDT,2025-08-15,0.647,0.9694
kucoin,PUFFERUSDT,2025-07-02,0.9074,0.4706
kucoin,PUMPUSDT,2025-07-14,0.7228,1.5386
kucoin,PUNDIAIUSDT,2025-11-14,1.1281,0.4427
kucoin,PUNDIXUSDT,2025-07-02,0.5124,0.4376
kucoin,PURRUSDT,2025-05-15,1.4259,0.8177
kucoin,PUSHUSDT,2025-12-07,0.512,0.3726
kucoin,PVTUSDT,2026-02-09,1.1077,1.0518
kucoin,PYBOBOUSDT,2026-01-23,2.4147,0.9521
kucoin,PYRUSDT,2025-07-08,0.5081,0.625
kucoin,PYTHUSDT,2025-07-05,0.5944,0.5198
kucoin,PZPUSDT,2025-06-23,0.6639,0.6847
kucoin,QUSDT,2025-09-02,19.616,0.3487
kucoin,QIUSDT,2025-09-02,0.7197,0.5841
kucoin,QKCUSDT,2025-07-12,0.6068,0.8107
kucoin,QNTUSDT,2025-11-22,0.507,0.7493
kucoin,QORPOUSDT,2025-06-05,0.545,1.7941
kucoin,QUICKUSDT,2025-12-16,0.7779,0.8566
kucoin,RAINUSDT,2026-01-06,0.6403,0.31
kucoin,RARIUSDT,2025-09-04,0.5673,0.5281
kucoin,RATSUSDT,2025-09-09,0.5666,0.3841
kucoin,RAVEUSDT,2026-04-17,0.9285,2.0303
kucoin,RDNTUSDT,2025-07-02,0.5508,0.4854
kucoin,REACTUSDT,2025-05-30,0.5924,0.84
kucoin,READYUSDT,2025-05-15,5.3636,0.678
kucoin,RECALLUSDT,2025-10-15,7.72,0.8184
kucoin,REDSTONEUSDT,2025-07-09,0.536,0.4096
kucoin,REEFUSDT,2025-07-01,0.7745,0.3209
kucoin,REKTUSDT,2025-05-15,0.6177,0.3957
kucoin,RENDERUSDT,2025-11-05,0.5766,1.1575
kucoin,REQUSDT,2025-05-15,249.3549,1.0005
kucoin,RESOLVUSDT,2025-06-10,3.174,0.8485
kucoin,REVUUSDT,2025-06-23,0.6202,0.3282
kucoin,REZUSDT,2025-06-23,1.4459,0.6449
kucoin,RIOUSDT,2025-06-06,0.6351,0.9007
kucoin,RIONUSDT,2025-07-16,8.2667,0.6569
kucoin,RIZUSDT,2025-05-15,1.9641,0.439
kucoin,RLCBTC,2025-08-10,0.7167,0.6828
kucoin,RLCUSDT,2025-07-05,0.5261,0.6079
kucoin,RNBWUSDT,2026-02-05,1.99,1.3196
kucoin,ROAMUSDT,2025-05-31,0.5354,1.2606
kucoin,ROBOUSDT,2026-02-27,5.259,0.6819
kucoin,RONINUSDT,2025-06-22,0.5711,0.8286
kucoin,ROOBEEUSDT,2025-06-03,0.5395,1.3251
kucoin,ROSEUSDT,2025-10-22,0.5561,0.4609
kucoin,ROUTEUSDT,2025-07-05,0.6908,0.6737
kucoin,RPLUSDT,2025-05-24,0.5743,0.5248
kucoin,RSRBTC,2025-10-11,0.6748,0.6426
kucoin,RVNUSDT,2025-05-18,0.7637,0.8969
kucoin,RVVUSDT,2025-10-18,36.8413,0.9748
kucoin,SUSDT,2025-11-04,0.5933,1.2497
kucoin,SAFEUSDT,2025-05-17,0.5208,1.1572
kucoin,SAHARAUSDT,2025-06-26,25.4425,0.8977
kucoin,SANDUSDT,2026-01-01,0.5235,0.5302
kucoin,SATSUSDT,2025-09-09,1.0136,0.9171
kucoin,SCAUSDT,2025-06-14,0.7893,0.49
kucoin,SCORUSDT,2025-12-17,3.0,1.1833
kucoin,SCRTUSDT,2025-09-19,0.5376,0.6742
kucoin,SDUSDT,2025-05-16,0.5272,1.0212
kucoin,SEEKUSDT,2025-12-05,3.0,1.23
kucoin,SEIUSDT,2025-06-07,0.8458,0.5379
kucoin,SENTUSDT,2026-01-22,3.917,0.5719
kucoin,SFIUSDT,2025-05-24,0.5059,0.9885
kucoin,SFPUSDT,2025-05-18,0.503,1.3663
kucoin,SFUNDUSDT,2025-05-31,0.523,0.6149
kucoin,SHAREUSDT,2026-05-08,1.6548,0.8484
kucoin,SHELLUSDT,2025-07-07,0.5869,0.3781
kucoin,SHMUSDT,2025-05-16,1.4683,1.0452
kucoin,SHRUSDT,2025-06-28,0.5051,0.5816
kucoin,SIDUSUSDT,2025-08-28,0.5278,1.0
kucoin,SIGNUSDT,2025-09-05,0.8905,0.5472
kucoin,SINUSDT,2025-08-30,0.8928,0.4608
kucoin,SIRENUSDT,2025-07-21,1.1718,0.684
kucoin,SKATEUSDT,2025-06-09,1.0,1.491
kucoin,SKEYUSDT,2025-06-18,0.5647,1.139
kucoin,SKRUSDT,2026-01-21,11.0,0.7898
kucoin,SLCUSDT,2025-05-15,1.849,0.6149
kucoin,SLPUSDT,2025-07-05,1.1143,0.5028
kucoin,SN3USDT,2026-03-11,29.3315,1.0324
kucoin,SNEKUSDT,2025-08-12,0.8182,0.79
kucoin,SNXBTC,2025-06-23,0.503,0.8656
kucoin,SNXUSDT,2025-09-09,0.8522,0.318
kucoin,SOMIUSDT,2025-09-02,1.9803,0.8058
kucoin,SONICUSDT,2026-02-01,0.506,1.0373
kucoin,SOONUSDT,2025-05-23,5.098,0.7581
kucoin,SOPHUSDT,2025-05-28,3.329,0.6757
kucoin,SOULUSDT,2025-08-01,0.5077,1.282
kucoin,SPAUSDT,2025-07-06,0.5091,0.8085
kucoin,SPACEUSDT,2026-01-23,20.7635,0.9384
kucoin,SPKUSDT,2025-06-17,2.75,0.804
kucoin,SPXUSDT,2025-05-15,0.6239,0.5397
kucoin,SQDUSDT,2025-07-14,0.5826,1.056
kucoin,SQRUSDT,2025-07-09,1.5346,0.9274
kucoin,STABLEUSDT,2025-12-08,7.0,0.8716
kucoin,STAYUSDT,2026-04-23,1.7533,1.4639
kucoin,STBLUSDT,2025-10-18,0.6065,1.359
kucoin,STGUSDT,2026-01-05,0.6955,0.4
kucoin,STOUSDT,2025-06-22,0.7504,0.5862
kucoin,STORJUSDT,2025-10-11,0.5355,0.951
kucoin,STRAXUSDT,2025-07-04,0.5573,0.5975
kucoin,STREAMUSDT,2025-05-15,3.3615,0.7733
kucoin,STRKUSDT,2025-06-23,0.5143,0.369
kucoin,SUKUUSDT,2025-06-26,0.5436,0.4646
kucoin,SUNUSDT,2025-09-02,0.7552,0.6812
kucoin,SUNDOGUSDT,2025-12-18,0.7351,0.5107
kucoin,SUPUSDT,2025-08-05,3.25,0.7777
kucoin,SUPRAUSDT,2025-06-23,0.5202,0.4597
kucoin,SUTUSDT,2025-11-19,0.871,1.7983
kucoin,SWARMSUSDT,2025-06-15,0.5731,0.5226
kucoin,SWELLUSDT,2025-06-29,0.5749,0.3422
kucoin,SWFTCUSDT,2025-11-05,0.5737,1.0425
kucoin,SWTCHUSDT,2025-09-09,5.486,0.9805
kucoin,SYNUSDT,2025-06-26,0.6028,0.6007
kucoin,SYNDUSDT,2025-09-19,11.856,0.7217
kucoin,SYRUPUSDT,2025-05-31,0.5591,0.3839
kucoin,TADAUSDT,2025-11-17,0.903,1.1292
kucoin,TAIUSDT,2025-05-15,0.5968,0.725
kucoin,TAIKOUSDT,2025-07-08,0.5026,0.4842
kucoin,TAOUSDT,2025-09-26,0.6072,0.3731
kucoin,TEAFIUSDT,2025-11-03,11.0048,1.0679
kucoin,TFUELUSDT,2025-05-16,0.5703,1.1932
kucoin,THETAUSDT,2026-03-31,0.8361,0.5124
kucoin,THQUSDT,2025-12-16,0.8,1.7488
kucoin,TIAUSDT,2025-07-05,0.5135,0.591
kucoin,TLMUSDT,2025-07-05,0.5683,0.5527
kucoin,TNSRUSDT,2025-11-02,5.6777,0.7211
kucoin,TOSHIUSDT,2025-06-23,0.5804,0.3511
kucoin,TOWNSUSDT,2025-08-05,9.1266,0.7703
kucoin,TRADEUSDT,2025-07-11,0.5345,0.6698
kucoin,TRBUSDT,2025-05-15,0.9163,0.8106
kucoin,TREEUSDT,2025-07-29,13.037,0.8089
kucoin,TRIAUSDT,2026-02-03,6.3572,0.5793
kucoin,TRNUSDT,2025-07-17,4.955,1.1818
kucoin,TROLLUSDT,2025-05-15,1.366,0.8085
kucoin,TRUFUSDT,2025-06-19,0.5086,1.2619
kucoin,TRUMPUSDT,2025-10-18,0.5076,0.5903
kucoin,TRUSTUSDT,2025-11-05,31.672,0.7163
kucoin,TRUTHUSDT,2025-10-01,3.2,0.6141
kucoin,TSTBSCUSDT,2025-08-30,1.8008,0.5362
kucoin,TTUSDT,2025-10-31,0.5645,1.3557
kucoin,TTDUSDT,2025-12-20,3.6595,1.2138
kucoin,TURBOSUSDT,2025-05-24,0.5138,1.1599
kucoin,TURTLEUSDT,2025-10-22,2.204,1.0181
kucoin,TWTBTC,2025-09-02,1.0136,0.4101
kucoin,TWTUSDT,2025-09-02,1.1115,0.384
kucoin,UUSDT,2025-09-04,5.93,0.8537
kucoin,U2UUSDT,2025-06-01,1.2058,0.4567
kucoin,UAIUSDT,2025-11-06,13.753,0.6053
kucoin,UBUSDT,2025-09-12,18.3317,0.6122
kucoin,ULTIMAUSDT,2026-01-16,0.6757,1.1954
kucoin,UMAUSDT,2025-05-22,0.5117,0.5874
kucoin,UNAUSDT,2025-05-15,1.5875,0.6796
kucoin,UOSUSDT,2025-10-11,0.5217,1.3575
kucoin,UPUSDT,2026-02-10,2.439,1.0176
kucoin,UQCUSDT,2025-06-16,1.0103,0.6964
kucoin,URANUSUSDT,2025-07-28,1.5676,0.974
kucoin,USUSDT,2025-12-11,4.1,1.071
kucoin,USELESSUSDT,2025-05-15,0.6303,2.1319
kucoin,USTCUSDT,2025-07-01,0.5176,0.5518
kucoin,USUALUSDT,2025-06-23,0.6025,0.5699
kucoin,UXLINKUSDT,2025-09-23,1.1883,1.3576
kucoin,VAIOTUSDT,2025-06-26,0.6464,0.3266
kucoin,VANAUSDT,2025-10-11,0.5745,0.9398
kucoin,VANRYUSDT,2025-06-23,0.8028,0.4265
kucoin,VELOUSDT,2025-07-01,0.5333,0.3546
kucoin,VELVETUSDT,2025-07-10,1.1269,0.8872
kucoin,VENOMUSDT,2025-05-25,1.0039,0.3916
kucoin,VFYUSDT,2025-09-30,5.9333,0.8063
kucoin,VINEUSDT,2025-06-22,0.5681,0.3698
kucoin,VIRTUALUSDT,2025-05-18,0.5344,1.0344
kucoin,VLRUSDT,2025-09-16,6.1013,0.9831
kucoin,VOLTUSDT,2025-11-23,2.3273,0.9315
kucoin,VOOIUSDT,2025-12-18,0.8118,1.9463
kucoin,VRUSDT,2025-09-02,1.0232,0.3054
kucoin,VSNUSDT,2025-07-16,111.1315,0.3692
kucoin,VSYSBTC,2025-08-27,0.7014,0.3231
kucoin,VSYSUSDT,2025-08-27,0.7778,0.3159
kucoin,VTHOUSDT,2026-02-06,0.5204,0.8719
kucoin,VVVUSDT,2025-06-06,0.5302,1.066
kucoin,WAIUSDT,2025-08-12,2.5385,0.5596
kucoin,WALUSDT,2025-12-24,0.5403,0.7079
kucoin,WANBTC,2025-10-12,5.625,0.3215
kucoin,WARDUSDT,2026-02-04,2.1184,1.3083
kucoin,WAXLUSDT,2025-05-23,0.7568,0.6779
kucoin,WAXPUSDT,2025-10-11,0.5116,1.173
kucoin,WBAIUSDT,2025-10-15,8.53,0.9295
kucoin,WBTCBTC,2025-10-17,1.9979,1.0003
kucoin,WBTCUSDT,2025-10-17,1.7967,1.0306
kucoin,WCTUSDT,2025-05-15,1.4958,1.0397
kucoin,WELLUSDT,2025-05-16,0.5633,0.9039
kucoin,WEMIXUSDT,2025-05-18,0.5293,0.4481
kucoin,WETUSDT,2025-12-09,5.7998,0.5284
kucoin,WIFUSDT,2025-06-23,0.5592,0.3073
kucoin,WILDUSDT,2025-06-30,1.822,0.3159
kucoin,WINBTC,2025-11-19,0.8464,0.7129
kucoin,WINUSDT,2025-11-19,0.7983,0.7282
kucoin,WLUSDT,2026-03-31,4.3533,1.167
kucoin,WLDUSDT,2025-05-18,0.5366,1.0688
kucoin,WLFIUSDT,2025-09-01,3.6568,1.0755
kucoin,WMTXUSDT,2025-08-28,0.5111,0.3364
kucoin,WODUSDT,2025-09-02,0.5983,0.3013
kucoin,WSDMUSDT,2025-09-04,0.5838,1.1302
kucoin,XUSDT,2025-07-01,0.6396,0.6133
kucoin,XAIUSDT,2025-06-23,0.5103,0.4293
kucoin,XANUSDT,2025-09-29,70.829,0.9011
kucoin,XCHUSDT,2025-10-31,0.5261,0.8512
kucoin,XCNUSDT,2025-12-19,2.0731,0.3865
kucoin,XECUSDT,2026-04-22,0.5818,0.6755
kucoin,XEMUSDT,2025-06-01,0.5313,1.8344
kucoin,XENUSDT,2025-06-22,0.5281,1.3361
kucoin,XIONUSDT,2025-05-24,0.6388,0.6193
kucoin,XL1USDT,2025-09-16,16.9466,0.9239
kucoin,XLABUSDT,2025-08-29,3.4,1.1365
kucoin,XMNUSDT,2025-10-15,2.0857,0.8336
kucoin,XMRBTC,2025-10-22,0.6375,0.5301
kucoin,XMRUSDT,2025-10-22,0.5467,0.5022
kucoin,XNOUSDT,2025-10-18,0.8735,0.6548
kucoin,XNYUSDT,2025-07-29,8.6785,0.4886
kucoin,XOXOUSDT,2025-06-20,0.7039,0.879
kucoin,XPINUSDT,2025-08-23,3.7021,0.4976
kucoin,XPLUSDT,2025-09-25,32.858,0.7895
kucoin,XPRUSDT,2025-06-24,0.6466,0.426
kucoin,XPRTUSDT,2025-07-06,0.573,1.0431
kucoin,XRUSDT,2025-08-07,0.8063,1.3965
kucoin,XRDUSDT,2025-06-29,0.5731,0.5833
kucoin,XTERUSDT,2025-08-06,2.2314,0.7902
kucoin,XTZBTC,2025-07-02,1.1291,0.3394
kucoin,XTZUSDT,2025-07-02,1.3779,0.3263
kucoin,XU3O8USDT,2026-01-10,1.182,0.8205
kucoin,XYOBTC,2025-07-11,0.5062,0.8707
kucoin,XYOUSDT,2025-06-26,0.6914,0.6656
kucoin,YBUSDT,2025-10-15,8.106,0.6642
kucoin,YGGUSDT,2025-08-26,0.8256,0.3106
kucoin,YZYUSDT,2025-08-21,1.736,1.0497
kucoin,ZAMAUSDT,2026-03-27,0.7816,0.6276
kucoin,ZBCNUSDT,2025-05-15,3.5312,0.4191
kucoin,ZBTUSDT,2025-10-17,10.3333,0.8971
kucoin,ZECBTC,2025-09-14,1.9106,0.3269
kucoin,ZENUSDT,2025-09-15,0.512,0.4701
kucoin,ZEREBROUSDT,2025-06-22,0.5745,0.7716
kucoin,ZETAUSDT,2026-01-21,0.5397,1.4986
kucoin,ZEUSUSDT,2025-06-06,0.5249,1.2017
kucoin,ZEXUSDT,2025-05-17,0.7895,0.8489
kucoin,ZIGUSDT,2025-12-18,1.2424,0.8971
kucoin,ZILUSDT,2026-01-21,0.6073,1.2483
kucoin,ZKUSDT,2025-06-23,0.5995,0.3448
kucoin,ZKCUSDT,2025-09-15,15.863,0.8581
kucoin,ZKJUSDT,2025-06-16,1.3668,1.3532
kucoin,ZKPUSDT,2025-12-19,3.4632,0.575
kucoin,ZKWASMUSDT,2025-07-22,1.5,1.1244
kucoin,ZNDUSDT,2025-05-15,0.9721,1.2149
kucoin,ZORAUSDT,2025-06-26,0.5162,0.3467
kucoin,ZPAYUSDT,2025-08-12,1.6897,0.9864
kucoin,ZROUSDT,2025-08-01,0.5012,0.7858
kucoin,ZRXUSDT,2025-12-15,0.506,0.9471
kucoin,ZTCUSDT,2026-01-07,1.6617,1.3768
okx,1INCHUSDT,2025-10-31,0.5003,0.74
okx,2ZUSDT,2025-11-20,0.547,1.3042
okx,AAVEUSDT,2025-08-06,0.5116,0.5168
okx,ACEUSDT,2025-08-24,0.6373,0.8728
okx,ACHUSDT,2025-12-26,0.5416,0.3175
okx,ACTUSDT,2025-10-31,0.5384,1.1835
okx,AEVOUSDT,2025-09-03,0.7608,0.6358
okx,AGLDUSDT,2026-01-13,0.5228,1.3146
okx,AIXBTUSDT,2025-10-11,0.763,0.8224
okx,ALGOUSDT,2026-03-27,0.5112,0.5837
okx,ALLOUSDT,2025-11-11,2.6908,1.1574
okx,ANIMEUSDT,2025-12-02,0.5644,0.6619
okx,APEUSDT,2026-04-06,2.2366,0.6411
okx,API3USDT,2025-08-01,1.6732,0.4095
okx,ARUSDT,2025-10-20,1.2056,0.4714
okx,ARBUSDT,2025-08-02,0.5436,0.5341
okx,ARKMUSDT,2025-09-02,0.5386,0.449
okx,ASPUSDT,2025-07-24,4.508,0.911
okx,ASTERUSDT,2025-11-04,0.5396,0.5873
okx,ATHUSDT,2025-08-21,0.5929,0.4561
okx,AUCTIONUSDT,2025-10-11,0.9085,0.8933
okx,AVNTUSDT,2025-10-11,0.5865,0.912
okx,AXSUSDT,2025-12-27,0.6631,0.5327
okx,BABYUSDT,2025-10-31,0.5165,1.3591
okx,BANANAUSDT,2025-11-21,0.5423,0.9831
okx,BANDUSDT,2025-08-04,1.365,0.4563
okx,BARDUSDT,2025-09-20,0.6513,1.3219
okx,BASEDUSDT,2026-03-30,1.1794,1.3303
okx,BATUSDT,2025-09-25,0.6599,0.463
okx,BERAUSDT,2025-08-06,0.549,0.5605
okx,BICOUSDT,2026-04-13,0.5893,0.6992
okx,BIOUSDT,2025-07-20,0.5521,0.4427
okx,BLURUSDT,2025-12-27,0.5529,0.6435
okx,BNTUSDT,2026-04-01,0.5413,0.8739
okx,BREVUSDT,2026-01-06,6.8653,0.7271
okx,CATUSDT,2025-07-19,0.6702,1.035
okx,CATIUSDT,2025-10-11,0.5899,1.0806
okx,CELOUSDT,2025-09-18,0.576,0.6084
okx,CETUSUSDT,2026-03-05,0.5024,0.3644
okx,CFGUSDT,2025-07-26,0.509,0.4525
okx,CFXUSDT,2025-07-19,1.6925,0.5243
okx,CITYUSDT,2025-07-24,0.5114,0.4974
okx,COMPUSDT,2026-02-06,0.5085,0.9005
okx,COREUSDT,2025-12-02,0.7743,0.7224
okx,CROUSDT,2025-08-10,1.4695,0.4542
okx,CSPRUSDT,2026-03-06,0.7009,0.703
okx,CTCUSDT,2025-11-21,0.5263,1.0594
okx,CVCUSDT,2025-10-31,0.5518,1.22
okx,CVXUSDT,2025-12-16,0.5418,0.6337
okx,DEGENUSDT,2025-11-23,0.5116,0.4336
okx,DGBUSDT,2025-10-19,0.8425,0.4367
okx,DOGSUSDT,2026-03-30,0.5281,0.5275
okx,DOODUSDT,2025-10-22,0.6079,1.008
okx,DORAUSDT,2025-08-09,0.9498,0.7133
okx,DUCKUSDT,2025-08-31,1.7353,1.0568
okx,DYDXUSDT,2026-04-01,0.5552,0.4155
okx,EIGENUSDT,2025-08-02,0.5142,0.7344
okx,ELFUSDT,2025-12-21,0.7383,0.7125
okx,ENAUSDT,2026-03-30,0.5205,0.3569
okx,ENJUSDT,2026-02-28,0.5799,0.5884
okx,ETHFIUSDT,2025-08-28,0.5029,0.3113
okx,ETHWUSDT,2026-03-30,0.9395,0.7883
okx,FETUSDT,2025-10-20,0.5846,0.7022
okx,FILUSDT,2025-10-20,1.579,0.4113
okx,FLOWUSDT,2026-02-06,0.6028,1.3408
okx,FLUIDUSDT,2025-07-31,0.5271,0.5754
okx,FOGOUSDT,2026-01-20,0.5708,1.4387
okx,GUSDT,2026-01-13,0.5123,1.3393
okx,GLMUSDT,2025-10-26,0.5349,0.4838
okx,GMTUSDT,2025-12-23,0.6697,0.4809
okx,GMXUSDT,2025-07-22,1.0408,0.7175
okx,GOATUSDT,2025-08-26,0.5243,0.4316
okx,GODSUSDT,2025-07-19,0.7721,1.1166
okx,HMSTRUSDT,2025-10-31,0.5861,1.4894
okx,HUMAUSDT,2025-09-05,0.5098,0.367
okx,HYPEUSDT,2026-01-16,0.5529,0.4168
okx,ICPUSDT,2025-10-17,1.1108,0.4142
okx,IDUSDT,2025-12-23,0.7877,0.65
okx,ILVUSDT,2025-07-19,0.8613,0.4242
okx,IMXUSDT,2025-09-01,0.911,0.3558
okx,INJUSDT,2026-04-25,0.7805,0.3706
okx,IOSTUSDT,2025-11-24,0.5018,0.9764
okx,IOTAUSDT,2025-12-21,0.5061,0.6836
okx,IPUSDT,2025-08-13,0.559,0.4669
okx,JUSDT,2025-07-19,0.8504,1.033
okx,JOEUSDT,2026-03-21,1.0074,0.7325
okx,JTOUSDT,2025-12-19,0.6392,0.4647
okx,KAIAUSDT,2026-01-11,0.5104,1.194
okx,KAITOUSDT,2025-08-26,0.5496,0.685
okx,KATUSDT,2026-03-19,0.6576,1.3725
okx,KITEUSDT,2025-11-04,0.7102,1.1689
okx,KMNOUSDT,2025-08-31,0.823,0.4268
okx,KNCUSDT,2025-07-25,0.5061,1.0241
okx,KSMUSDT,2025-10-21,0.513,0.7446
okx,LATUSDT,2025-08-03,0.5268,0.9684
okx,LAYERUSDT,2025-11-04,0.6791,0.8324
okx,LINEAUSDT,2025-09-10,2.9643,0.7839
okx,LINKUSDT,2025-07-31,0.5096,0.3509
okx,LITUSDT,2026-03-31,0.525,0.8069
okx,LPTUSDT,2025-08-19,0.5149,0.9145
okx,LRCUSDT,2025-11-22,0.5832,0.8863
okx,LSKUSDT,2025-10-24,1.1074,0.7474
okx,LUNAUSDT,2025-11-18,1.14,0.7276
okx,MAGICUSDT,2025-07-19,0.5691,0.7069
okx,MAJORUSDT,2025-10-11,0.8456,0.7364
okx,MASKUSDT,2026-04-08,0.6513,0.7306
okx,MEUSDT,2025-10-11,0.5139,0.8736
okx,MEMEUSDT,2025-08-02,0.6162,0.3938
okx,MENGOUSDT,2025-07-28,0.8558,0.8107
okx,MERLUSDT,2025-07-19,0.5241,1.2432
okx,METUSDT,2025-10-23,1.5288,0.7318
okx,METISUSDT,2025-11-05,0.5726,1.1652
okx,MINAUSDT,2025-10-17,0.5374,0.9623
okx,MMTUSDT,2025-11-04,15.86,0.9951
okx,MOVEUSDT,2025-12-13,0.524,1.305
okx,NAVXUSDT,2025-07-24,0.5249,0.5307
okx,NEARUSDT,2025-10-31,0.5212,0.8408
okx,NEIROUSDT,2025-12-19,0.51,0.3596
okx,NIGHTUSDT,2025-12-09,11.0,0.3923
okx,NMRUSDT,2025-08-09,1.8729,0.47
okx,NOTUSDT,2026-04-09,0.8966,0.8354
okx,OFCUSDT,2026-04-09,3.0,0.7379
okx,OKBBTC,2025-07-26,1.911,0.4676
okx,OKBUSDT,2025-07-26,1.9699,0.4787
okx,OLUSDT,2025-07-24,0.6207,0.678
okx,OMIUSDT,2025-08-09,2.0494,0.3725
okx,ONTUSDT,2025-08-07,0.7094,0.5977
okx,OPUSDT,2026-04-20,0.5079,0.3007
okx,ORBSUSDT,2026-02-06,0.6636,0.6372
okx,ORDIUSDT,2025-10-23,0.5161,0.9992
okx,PARTIUSDT,2025-07-19,0.596,1.0607
okx,PENDLEUSDT,2025-08-02,0.535,0.4408
okx,PENGUUSDT,2025-07-20,0.5078,0.8515
okx,PEOPLEUSDT,2025-10-29,0.5072,1.2248
okx,PHAUSDT,2025-10-31,0.5311,1.1367
okx,PIUSDT,2026-02-11,0.5087,0.6748
okx,PIXELUSDT,2025-09-02,0.5142,0.7457
okx,PNUTUSDT,2025-12-19,0.5618,0.4303
okx,PRCLUSDT,2025-08-26,0.5391,0.6242
okx,PROMPTUSDT,2025-08-06,2.2563,0.3902
okx,PROVEUSDT,2026-02-06,0.5127,1.0084
okx,PUMPUSDT,2025-07-26,0.5221,0.4032
okx,PYTHUSDT,2025-08-11,0.9608,0.4716
okx,RAYUSDT,2025-08-02,0.5915,0.6496
okx,RENDERUSDT,2025-11-05,0.5707,1.1634
okx,RESOLVUSDT,2025-07-19,0.6147,0.8086
okx,ROBOUSDT,2026-04-07,0.5483,0.3816
okx,RONUSDT,2025-12-30,0.9156,0.6889
okx,RPLUSDT,2025-08-03,0.5153,0.7839
okx,RSRUSDT,2025-10-11,0.696,0.6925
okx,RVNUSDT,2025-10-22,0.515,0.828
okx,SUSDT,2025-11-04,0.6023,1.2446
okx,SAFEUSDT,2025-11-22,0.5368,1.0026
okx,SAHARAUSDT,2025-07-19,1.1292,0.9756
okx,SANDUSDT,2026-01-01,0.5234,0.5281
okx,SATSUSDT,2025-09-09,1.0103,0.9171
okx,SDUSDT,2025-07-19,2.0535,0.8341
okx,SENTUSDT,2026-01-27,0.793,1.2552
okx,SKLUSDT,2025-07-27,1.4396,0.5124
okx,SLPUSDT,2025-07-19,0.7166,0.9013
okx,SONICUSDT,2025-12-24,0.5051,0.742
okx,SOPHUSDT,2025-07-19,0.513,0.828
okx,SPACEUSDT,2026-01-23,9.14,1.0097
okx,SPKUSDT,2025-07-19,4.1093,0.6738
okx,SPURSUSDT,2025-12-30,0.7382,0.614
okx,STORJUSDT,2025-11-04,0.5681,1.0788
okx,STRKUSDT,2025-09-20,0.5437,0.5805
okx,SUIUSDT,2025-12-19,0.5029,0.3004
okx,SWFTCUSDT,2025-11-05,0.5664,1.0449
okx,THETAUSDT,2026-03-31,0.8509,0.5219
okx,TIAUSDT,2025-11-05,0.5083,1.4357
okx,TNSRUSDT,2025-11-02,5.706,0.7225
okx,TOSHIUSDT,2026-01-01,0.5393,0.9035
okx,TRAUSDT,2025-11-20,0.625,0.4298
okx,TRBUSDT,2026-03-29,0.6732,0.4357
okx,TRUMPUSDT,2025-10-18,0.5096,0.5971
okx,TURBOUSDT,2025-11-15,0.6034,0.4559
okx,UMAUSDT,2025-07-19,0.6699,1.0702
okx,UNIUSDT,2025-10-24,0.6308,0.686
okx,VELOUSDT,2025-12-19,0.5428,0.3292
okx,VELODROMEUSDT,2025-08-03,0.5011,0.8283
okx,VINEUSDT,2025-07-19,3.3014,0.8163
okx,VIRTUALUSDT,2025-10-31,0.5135,1.3033
okx,WUSDT,2025-09-02,0.6596,0.3338
okx,WAXPUSDT,2026-03-02,0.6124,0.7432
okx,WCTUSDT,2025-11-04,0.5378,1.0499
okx,WETUSDT,2025-12-09,5.834,0.5321
okx,WIFUSDT,2025-12-19,0.5285,0.6577
okx,WINUSDT,2025-11-19,0.8389,0.7354
okx,WLFIUSDT,2025-09-01,0.75,1.1247
okx,XCHUSDT,2025-10-26,0.5091,0.5931
okx,XPLUSDT,2025-09-25,32.85,0.7896
okx,XTZUSDT,2025-07-19,0.808,0.9256
okx,YBUSDT,2025-10-15,0.69,1.3681
okx,YGGUSDT,2025-08-26,0.8104,0.317
okx,ZAMAUSDT,2026-02-02,0.5596,1.4882
okx,ZECUSDT,2025-12-03,0.5239,0.6111
okx,ZENUSDT,2025-12-28,0.5693,0.3949
okx,ZENTUSDT,2025-08-16,0.7857,0.4614
okx,ZETAUSDT,2026-01-21,0.5534,1.4797
okx,ZEUSUSDT,2025-08-22,0.518,0.5868
okx,ZILUSDT,2026-01-20,0.5077,1.4068
okx,ZKUSDT,2025-08-03,0.5183,0.5167
okx,ZKJUSDT,2025-07-23,0.8464,0.5976
okx,ZORAUSDT,2026-01-21,0.562,1.5408
okx,ZROUSDT,2025-08-01,0.5064,0.7826
okx,ZRXUSDT,2025-12-15,0.5104,0.9446
gateio,0GUSDT,2025-09-22,0.7937,1.5827
gateio,10SETUSDT,2026-02-27,0.8662,1.0735
gateio,1INCHUSDT,2025-06-25,1.1376,0.3514
gateio,2ZUSDT,2025-11-20,0.5422,1.3049
gateio,3KDSUSDT,2026-01-27,11.0,1.0637
gateio,AUSDT,2025-05-28,7.0,0.3953
gateio,A2ZUSDT,2025-06-24,1.5293,0.5963
gateio,A47USDT,2025-05-25,0.5173,0.829
gateio,A8USDT,2025-06-18,0.7568,1.0395
gateio,AARKUSDT,2025-05-15,1.5253,0.8814
gateio,AARTUSDT,2025-06-14,0.5095,1.1966
gateio,AAVEUSDT,2025-08-06,0.5121,0.5151
gateio,AAVE3LUSDT,2025-05-15,0.545,0.9803
gateio,AAVE3SUSDT,2025-05-15,1079.2317,0.5604
gateio,ABUSDT,2025-05-15,0.575,1.0634
gateio,ABTUSDT,2025-07-03,0.5572,0.376
gateio,ABTONUSDT,2025-09-03,3.4395,1.0014
gateio,ABTXUSDT,2025-09-02,15.9923,0.9994
gateio,ACAUSDT,2025-06-27,0.5332,0.6026
gateio,ACEUSDT,2025-06-23,0.6576,0.6552
gateio,ACHUSDT,2025-07-02,0.8002,0.4018
gateio,ACMUSDT,2025-05-15,0.6252,1.1986
gateio,ACN1USDT,2025-05-31,0.5766,1.0935
gateio,ACN3LUSDT,2026-01-27,3.1045,1.1726
gateio,ACN3SUSDT,2026-01-27,175.7106,0.9992
gateio,ACPUSDT,2025-06-01,0.7823,1.6889
gateio,ACSUSDT,2025-06-19,0.5559,0.9236
gateio,ACTUSDT,2025-10-31,0.59,1.1651
gateio,ACUUSDT,2026-01-20,34.3891,0.7684
gateio,ACXUSDT,2025-07-01,0.6927,0.4029
gateio,ADA3LUSDT,2025-06-06,0.5963,1.6802
gateio,ADA3SUSDT,2025-05-15,0.6361,0.3736
gateio,ADA5LUSDT,2025-05-16,0.504,2.1631
gateio,ADA5SUSDT,2025-05-15,1.023,0.4244
gateio,ADAPADUSDT,2025-07-28,0.5979,1.172
gateio,ADPUSDT,2025-11-19,0.5255,1.0257
gateio,AEUSDT,2025-07-10,0.5017,0.8882
gateio,AEROUSDT,2025-06-01,0.8757,0.3145
gateio,AEVOUSDT,2025-06-23,0.7058,0.3917
gateio,AFCUSDT,2025-07-10,0.6167,0.6328
gateio,AGLDUSDT,2026-01-12,0.5264,1.2988
gateio,AIUSDT,2025-06-23,0.5469,0.3276
gateio,AIAUSDT,2025-09-30,8.6922,0.9155
gateio,AICUSDT,2025-05-22,0.6257,1.1805
gateio,AIDOGEUSDT,2025-06-22,0.5886,0.629
gateio,AILUSDT,2025-06-12,0.5063,1.1221
gateio,AINUSDT,2025-07-05,13.4087,0.4824
gateio,AINNUSDT,2025-07-20,0.6667,1.0357
gateio,AIOUSDT,2025-08-21,1.0232,0.8883
gateio,AIOZUSDT,2025-06-06,0.5013,1.2038
gateio,AIPUMPUSDT,2025-05-15,3.1063,0.878
gateio,AIRUSDT,2025-05-15,9.8442,0.9955
gateio,AIRDROPUSDT,2025-06-20,0.6084,0.8513
gateio,AIX9USDT,2025-06-15,0.6267,0.5382
gateio,AIXBTUSDT,2025-05-18,0.5323,0.9816
gateio,AKEUSDT,2025-09-28,0.5154,1.2212
gateio,ALAUSDT,2025-06-11,0.5718,0.6253
gateio,ALCHUSDT,2025-09-20,0.5366,1.312
gateio,ALCXUSDT,2025-10-11,0.5609,1.0732
gateio,ALDUSDT,2025-06-01,0.6763,0.4845
gateio,ALEOUSDT,2025-07-04,0.7959,0.6453
gateio,ALEPHUSDT,2025-05-31,0.5089,1.2864
gateio,ALEXUSDT,2025-07-14,0.5247,1.0775
gateio,ALIUSDT,2025-06-30,0.8817,0.6659
gateio,ALICEUSDT,2025-09-21,0.8397,1.1685
gateio,ALKIMIUSDT,2025-08-28,0.5042,1.9591
gateio,ALLOUSDT,2025-11-11,1.2343,1.5181
gateio,ALMANAKUSDT,2025-12-11,1.1518,1.7956
gateio,ALPHAUSDT,2025-07-01,0.5138,0.738
gateio,ALPINEUSDT,2025-06-19,0.6197,0.7202
gateio,ALTUSDT,2025-05-29,0.8208,0.9214
gateio,ALUUSDT,2025-07-02,0.5155,1.588
gateio,AMUSDT,2025-07-08,0.6776,0.6289
gateio,AMCUSDT,2025-05-15,0.5072,1.6057
gateio,AMPUSDT,2025-12-22,0.5228,0.6161
gateio,AMZN3LUSDT,2026-02-06,1.3704,0.9922
gateio,AMZN3SUSDT,2026-01-26,0.8533,0.6222
gateio,ANDYETHUSDT,2025-06-06,0.5795,1.2393
gateio,ANIMEUSDT,2025-05-22,0.9269,0.6076
gateio,ANIME3LUSDT,2025-06-09,0.7936,2.1695
gateio,ANIME3SUSDT,2025-06-09,38.2358,0.9622
gateio,ANKRUSDT,2026-02-28,0.5656,0.7667
gateio,ANONUSDT,2025-08-11,0.6462,0.7097
gateio,AOUSDT,2025-05-22,0.5654,0.8326
gateio,AOGUSDT,2025-11-09,0.5405,0.7865
gateio,APEUSDT,2026-04-06,2.2277,0.6412
gateio,APE3LUSDT,2025-05-17,0.8196,0.8746
gateio,APE3SUSDT,2025-05-29,0.5768,1.5363
gateio,APEPEUSDT,2025-06-21,0.9938,0.3494
gateio,API3USDT,2025-07-03,0.6244,0.459
gateio,APT3LUSDT,2025-05-18,0.57,1.6798
gateio,APT3SUSDT,2025-05-15,0.6164,0.5712
gateio,APT5LUSDT,2025-05-17,0.521,2.4151
gateio,APT5SUSDT,2025-05-15,0.9664,1.1886
gateio,APUUSDT,2025-06-23,0.5116,0.6717
gateio,APYSUSDT,2025-07-06,0.6273,0.8889
gateio,AQAUSDT,2025-06-07,0.6605,1.5533
gateio,AR3SUSDT,2025-05-15,0.9079,0.5649
gateio,ARB3LUSDT,2025-05-18,0.594,1.8287
gateio,ARB3SUSDT,2025-05-15,0.6824,0.6953
gateio,ARCUSDT,2025-06-23,0.5745,0.403
gateio,ARC3LUSDT,2026-03-04,0.9651,1.2408
gateio,ARC3SUSDT,2026-03-05,0.8444,1.9505
gateio,ARCHAIUSDT,2025-07-12,0.5501,0.6748
gateio,ARIAUSDT,2025-08-21,15.974,0.4012
gateio,ARIAIPUSDT,2025-11-07,0.8187,1.6223
gateio,ARKUSDT,2025-06-24,1.0145,0.703
gateio,ARKMUSDT,2025-09-02,0.5384,0.449
gateio,ARPAUSDT,2025-10-11,0.6085,0.7701
gateio,ARRRUSDT,2025-07-26,0.8792,0.5765
gateio,ARTUSDT,2025-09-09,8.9,0.991
gateio,ARTFIUSDT,2025-06-04,0.5335,1.4686
gateio,ARTYUSDT,2025-06-03,0.5378,1.2727
gateio,ARWUSDT,2025-07-02,3.0595,0.9474
gateio,ASIUSDT,2025-05-15,0.6929,1.0402
gateio,ASKUSDT,2025-05-28,0.572,1.2582
gateio,ASMUSDT,2025-06-30,3.8796,0.7721
gateio,ASPUSDT,2025-08-31,0.7218,0.7622
gateio,ASRUSDT,2025-07-09,1.879,0.3382
gateio,ASTERUSDT,2025-09-19,2.525,0.4644
gateio,ASTER3LUSDT,2025-10-30,0.6412,1.7237
gateio,ASTER3SUSDT,2025-10-30,0.5176,2.6761
gateio,ATUSDT,2025-10-28,0.5846,1.1763
gateio,ATAUSDT,2026-03-31,0.5091,0.6583
gateio,ATEAMUSDT,2025-06-27,0.8052,0.4733
gateio,ATHUSDT,2025-08-21,0.5897,0.4569
gateio,ATLASUSDT,2025-07-01,0.5125,0.3874
gateio,ATMUSDT,2025-07-10,1.1142,0.5828
gateio,ATOM3SUSDT,2025-05-19,0.5398,0.4583
gateio,ATOZUSDT,2025-05-22,2.1096,1.0043
gateio,AUCTIONUSDT,2025-06-25,0.575,0.5333
gateio,AUDIOUSDT,2026-03-30,0.9329,0.7996
gateio,AURAUSDT,2025-05-16,0.5086,0.7471
gateio,AURORAUSDT,2025-08-09,0.5543,0.9912
gateio,AVAUSDT,2025-10-11,1.156,0.8585
gateio,AVAAIUSDT,2025-05-20,0.535,1.682
gateio,AVAILUSDT,2025-08-27,0.996,0.8164
gateio,AVAX3LUSDT,2025-05-18,0.5056,1.93
gateio,AVAX3SUSDT,2025-05-15,0.5317,0.4813
gateio,AVAX5LUSDT,2025-05-18,0.7839,1.926
gateio,AVAX5SUSDT,2025-05-15,0.7131,1.4809
gateio,AVCUSDT,2025-06-07,0.6782,1.3145
gateio,AVLUSDT,2025-07-02,0.5024,0.399
gateio,AVNTUSDT,2025-09-09,52.3014,0.4531
gateio,AVTUSDT,2025-06-30,0.8103,0.5528
gateio,AWEUSDT,2025-06-14,0.7076,0.7756
gateio,AWSUSDT,2025-05-15,0.5967,1.9217
gateio,AXSUSDT,2025-12-27,0.6596,0.5313
gateio,AXS5LUSDT,2025-05-31,0.7316,1.8231
gateio,AZNXUSDT,2025-09-19,3.2442,0.9634
gateio,AZTECUSDT,2026-02-12,0.6125,1.2751
gateio,AZURUSDT,2025-08-15,0.5696,0.7155
gateio,BUSDT,2025-05-22,0.9916,0.4529
gateio,B2USDT,2025-06-13,0.5803,0.8388
gateio,B3USDT,2025-10-11,0.5283,0.6561
gateio,B3XUSDT,2025-05-16,0.5082,1.0999
gateio,BABA3LUSDT,2026-01-27,1.1862,1.2441
gateio,BABA3SUSDT,2026-01-27,387.1382,0.9999
gateio,BABIUSDT,2025-05-17,0.7165,0.5482
gateio,BABYUSDT,2025-07-22,0.8651,0.8222
gateio,BACUSDT,2025-05-15,0.7164,1.0371
gateio,BADUSDT,2025-06-06,0.5155,1.0524
gateio,BADGERUSDT,2026-02-06,0.5657,0.8948
gateio,BALUSDT,2025-07-03,1.2786,0.6811
gateio,BALLUSDT,2025-05-15,0.8916,1.4107
gateio,BANANAUSDT,2025-06-26,0.5264,0.3834
gateio,BANANAS31USDT,2025-06-08,1.9872,0.8024
gateio,BANDUSDT,2025-08-04,1.0989,0.321
gateio,BARDUSDT,2025-09-20,0.6488,1.323
gateio,BARSIKUSDT,2025-05-15,0.7296,1.805
gateio,BASUSDT,2025-09-23,0.6269,0.3846
gateio,BATUSDT,2025-09-25,0.6603,0.4578
gateio,BATCHUSDT,2025-05-15,4.9267,0.8862
gateio,BBUSDT,2025-06-23,0.628,0.5359
gateio,BBTUSDT,2025-05-15,2.2107,0.3783
gateio,BCCOINUSDT,2025-05-27,0.7251,1.3029
gateio,BCH3LUSDT,2025-05-17,0.5157,1.2746
gateio,BCH5LUSDT,2025-05-15,0.6886,1.3056
gateio,BCH5SUSDT,2025-05-23,0.9719,1.0575
gateio,BCUTUSDT,2025-05-21,0.7574,1.0108
gateio,BDGUSDT,2025-07-19,1.2978,1.0457
gateio,BDTUSDT,2025-06-16,0.5539,1.103
gateio,BDXBTC,2025-05-15,0.6713,1.0854
gateio,BDXUSDT,2026-02-10,8.7519,0.8984
gateio,BDXNUSDT,2025-06-03,1.245,1.688
gateio,BEAMUSDT,2025-09-17,1.5874,0.6826
gateio,BEATUSDT,2025-11-02,21.0295,0.5262
gateio,BEAT3LUSDT,2026-01-21,0.6774,2.2762
gateio,BEEFIUSDT,2025-06-19,2.3718,0.9765
gateio,BEERUSDT,2025-07-05,0.5104,0.6331
gateio,BEFIUSDT,2025-05-17,0.514,0.8735
gateio,BELUSDT,2025-06-23,0.5031,0.3474
gateio,BELIEVEUSDT,2025-11-13,0.5355,1.0978
gateio,BELLSUSDT,2025-07-02,0.6185,0.5423
gateio,BENJIUSDT,2025-06-30,0.9853,0.503
gateio,BENQIUSDT,2025-09-02,0.7061,0.5706
gateio,BERTUSDT,2025-05-16,0.7648,1.154
gateio,BEYONDFIUSDT,2025-05-23,0.5248,0.9584
gateio,BFCUSDT,2025-05-24,0.6326,0.604
gateio,BGSCUSDT,2025-07-03,0.582,0.9051
gateio,BICOUSDT,2026-04-13,0.5856,0.6908
gateio,BIDUSDT,2025-05-22,0.9768,0.5963
gateio,BIFIFUSDT,2025-05-25,0.5706,0.5153
gateio,BILLYUSDT,2025-05-28,1.1782,0.8447
gateio,BIOUSDT,2025-06-23,0.526,0.3141
gateio,BIRBUSDT,2026-02-06,0.7123,1.3089
gateio,BITBOARDUSDT,2025-05-17,0.5695,1.9194
gateio,BITCOINFILEUSDT,2025-05-22,0.6024,0.3624
gateio,BLASTUSDT,2025-06-29,0.6281,0.4006
gateio,BLDUSDT,2025-05-20,0.6693,1.1551
gateio,BLESSUSDT,2025-09-27,5.5678,0.6386
gateio,BLOCKSTUSDT,2025-09-03,0.567,1.6008
gateio,BLUAIUSDT,2025-10-21,6.526,0.7524
gateio,BLUEUSDT,2025-05-18,0.5524,0.77
gateio,BLUMUSDT,2025-05-19,1.1314,1.0427
gateio,BLURUSDT,2025-07-03,0.7664,0.3703
gateio,BLZUSDT,2025-07-05,0.5249,0.6773
gateio,BMEXUSDT,2025-12-24,0.5361,0.7966
gateio,BNB3LUSDT,2025-06-30,0.5536,0.3474
gateio,BNB3SUSDT,2025-07-28,0.5132,1.1292
gateio,BNB5SUSDT,2025-05-29,0.5159,0.909
gateio,BNKRUSDT,2025-07-24,2.312,0.7467
gateio,BNTUSDT,2026-04-01,0.6544,0.8903
gateio,BOBUSDT,2025-11-20,1.1071,0.8456
gateio,BOBAUSDT,2025-05-15,0.5681,0.9356
gateio,BOMEUSDT,2025-06-23,0.5507,0.3391
gateio,BOME3LUSDT,2025-05-17,0.7437,1.9452
gateio,BOME3SUSDT,2025-05-15,0.9483,1.2657
gateio,BONDLYUSDT,2025-11-15,0.5928,1.1189
gateio,BONEUSDT,2025-08-25,1.2219,0.8428
gateio,BONEBONEUSDT,2025-05-18,0.6132,0.9544
gateio,BONK3LUSDT,2025-07-08,3.2142,0.6404
gateio,BONK3SUSDT,2025-07-19,0.8047,0.6017
gateio,BOOPUSDT,2025-05-22,0.7794,1.4242
gateio,BORAUSDT,2025-05-26,0.5117,0.5352
gateio,BOSUSDT,2025-10-29,1.86,1.0376
gateio,BOSONUSDT,2025-07-04,0.5266,0.5191
gateio,BPTUSDT,2025-05-20,0.7229,1.5514
gateio,BREVUSDT,2026-01-07,0.5723,1.6755
gateio,BRIUSDT,2025-05-16,0.9386,1.0199
gateio,BRICUSDT,2025-06-22,0.8885,1.492
gateio,BRISEUSDT,2025-07-02,0.675,0.4272
gateio,BRKLUSDT,2025-09-09,0.5306,0.8504
gateio,BSCSUSDT,2025-12-19,0.5148,1.0644
gateio,BSVUSDT,2026-02-06,0.5073,0.566
gateio,BSV3SUSDT,2025-05-15,0.5238,0.4593
gateio,BSV5LUSDT,2025-05-18,0.7103,1.7802
gateio,BSWUSDT,2025-06-13,0.5876,1.3996
gateio,BTC3LUSDT,2025-07-02,0.543,0.3979
gateio,BTC3SUSDT,2025-10-04,0.5479,0.4968
gateio,BTC5LUSDT,2025-06-06,0.5328,1.1516
gateio,BTC5SUSDT,2025-05-23,0.5761,0.995
gateio,BTGUSDT,2026-04-10,0.8297,1.0098
gateio,BTGOONUSDT,2026-02-03,2.7374,1.0681
gateio,BTRUSDT,2025-08-28,1.2222,0.7542
gateio,BTRSTUSDT,2025-05-18,0.6464,0.8935
gateio,BTXUSDT,2025-12-11,1.7255,1.3005
gateio,BUBBLEUSDT,2025-08-02,0.5806,0.9652
gateio,BUCKUSDT,2025-05-15,4.4671,0.9195
gateio,BUSYUSDT,2025-05-15,1.3043,0.982
gateio,BUYUSDT,2025-05-31,0.5262,1.8447
gateio,BXCUSDT,2025-05-15,0.6408,0.5488
gateio,BXNUSDT,2025-06-09,1.0558,0.7784
gateio,BZZUSDT,2025-06-18,0.5538,0.9601
gateio,CUSDT,2025-07-19,0.7384,1.2526
gateio,CADUSDT,2025-06-02,0.5029,1.9424
gateio,CAGAUSDT,2025-06-21,0.5108,1.0437
gateio,CAKEUSDT,2025-09-16,0.5252,0.3983
gateio,CAKE3LUSDT,2025-05-15,0.5484,1.5076
gateio,CAKE3SUSDT,2025-05-28,0.7824,0.9863
gateio,CAKE5LUSDT,2025-05-15,0.8987,1.5459
gateio,CAKE5SUSDT,2025-05-15,0.6097,2.2028
gateio,CAMUSDT,2025-09-17,0.5386,1.3807
gateio,CAMPUSDT,2025-08-27,7.1385,0.9635
gateio,CARATUSDT,2025-06-27,0.5238,0.8638
gateio,CATUSDT,2025-06-23,0.5427,0.396
gateio,CATEUSDT,2025-07-06,5.5622,0.4032
gateio,CATIUSDT,2025-07-02,0.5345,0.5681
gateio,CAWUSDT,2025-05-26,0.7625,1.1552
gateio,CBKUSDT,2025-06-14,0.8006,0.4206
gateio,CCUSDT,2025-12-03,0.5033,0.7117
gateio,CC3LUSDT,2026-01-13,0.8699,0.626
gateio,CC3SUSDT,2026-01-08,1.0586,1.5238
gateio,CCDUSDT,2025-06-24,0.5136,0.4061
gateio,CDLUSDT,2025-10-25,7.511,0.5361
gateio,CELUSDT,2025-06-21,0.5174,1.0733
gateio,CELBUSDT,2025-09-03,0.79,1.3077
gateio,CELLUSDT,2025-06-16,0.5285,1.0311
gateio,CELOUSDT,2025-07-05,0.5097,0.4256
gateio,CEREUSDT,2025-10-11,0.5989,0.4347
gateio,CESSUSDT,2025-06-26,3.008,1.1563
gateio,CETUSUSDT,2025-07-02,0.5256,0.3115
gateio,CFGUSDT,2025-05-15,0.8104,0.807
gateio,CFX3LUSDT,2025-05-18,0.5058,2.0452
gateio,CFX3SUSDT,2025-05-15,0.8406,0.4766
gateio,CGNUSDT,2025-10-23,63.6989,1.0149
gateio,CHAINUSDT,2025-06-30,0.6132,0.3623
gateio,CHECKUSDT,2026-04-08,0.578,1.868
gateio,CHEELUSDT,2025-12-07,1.3295,0.9948
gateio,CHEEMSUSDT,2025-09-21,0.6588,0.5592
gateio,CHEQUSDT,2025-08-10,1.1206,0.4388
gateio,CHIPUSDT,2026-04-21,1.0099,1.2139
gateio,CHIRPUSDT,2025-05-15,4.0047,0.619
gateio,CHOUSDT,2025-07-29,1.5582,0.6866
gateio,CHRUSDT,2026-03-22,0.5626,0.6536
gateio,CITYUSDT,2025-07-25,0.5167,0.4577
gateio,CKBUSDT,2025-07-02,1.2803,0.3608
gateio,CLNDUSDT,2025-06-07,2.1451,1.0635
gateio,CLOREUSDT,2025-07-05,0.6142,0.5817
gateio,CLOUDUSDT,2025-05-15,0.8131,0.598
gateio,COAIUSDT,2025-10-09,7.8832,1.0265
gateio,COAI3LUSDT,2025-10-24,1.2714,1.0885
gateio,COAI3SUSDT,2025-10-24,38.6548,0.9662
gateio,CODEXUSDT,2026-01-02,49.0,0.4473
gateio,COINONUSDT,2025-09-03,1.1369,0.9602
gateio,COMMONUSDT,2025-10-27,13.7143,0.8607
gateio,COMPUSDT,2025-05-31,0.5702,0.5507
gateio,COOKIEUSDT,2025-05-15,1.0548,0.7874
gateio,COOKPROTOCOLUSDT,2025-05-18,0.9587,0.7931
gateio,COQUSDT,2025-07-04,0.6249,0.3205
gateio,COREUSDT,2025-12-02,0.7711,0.7172
gateio,CORLUSDT,2025-10-12,1.609,1.5122
gateio,CORNUSDT,2025-09-15,0.8256,0.3271
gateio,COSUSDT,2026-02-24,1.7413,0.4795
gateio,COTIUSDT,2025-10-22,0.8808,0.5787
gateio,CRCL3LUSDT,2026-02-01,0.5509,1.5906
gateio,CRCL3SUSDT,2026-01-26,1.3046,0.969
gateio,CREUSDT,2025-05-29,0.51,1.1299
gateio,CREDIUSDT,2025-07-11,0.6839,0.9397
gateio,CRFUSDT,2025-05-17,0.6594,0.5
gateio,CRMCUSDT,2025-11-04,1.2562,1.3567
gateio,CRO3LUSDT,2025-05-30,0.5053,1.4695
gateio,CRO3SUSDT,2025-06-01,0.7788,0.4447
gateio,CROSSUSDT,2025-07-04,6.2258,0.3636
gateio,CROWNUSDT,2025-05-15,2.4632,0.9996
gateio,CRTSUSDT,2025-06-06,0.5067,1.1759
gateio,CRV3LUSDT,2025-05-15,0.502,1.6906
gateio,CRV3SUSDT,2025-05-23,1.0997,0.8692
gateio,CRVUSDUSDT,2025-06-18,0.9074,1.0233
gateio,CRWDXUSDT,2025-10-30,2.5854,1.022
gateio,CRWNUSDT,2025-05-15,0.7579,1.0032
gateio,CRYPTOBURGUSDT,2026-02-25,3.14,0.7138
gateio,CSPRUSDT,2026-01-01,0.5067,0.9168
gateio,CTCUSDT,2025-11-21,0.5271,1.0594
gateio,CTKUSDT,2025-06-13,0.534,0.6506
gateio,CTSIUSDT,2025-07-05,0.5404,0.4862
gateio,CUDISUSDT,2025-08-28,1.2876,0.7755
gateio,CUMMIESUSDT,2025-11-04,0.5241,1.4006
gateio,CUSDUSDT,2025-05-19,35.3247,1.0
gateio,CVAULTCOREUSDT,2025-06-06,0.5063,1.4352
gateio,CVCUSDT,2025-10-31,0.5468,1.2198
gateio,CVXUSDT,2025-06-29,1.2146,0.3854
gateio,CWARUSDT,2025-07-07,0.5492,0.3587
gateio,CWEBUSDT,2025-05-15,0.5274,0.553
gateio,CWIFUSDT,2025-11-01,0.5089,1.7487
gateio,CXTUSDT,2025-05-15,1.0268,0.965
gateio,CYBERUSDT,2025-06-23,0.7244,0.5812
gateio,CYBROUSDT,2025-06-25,0.5139,0.7275
gateio,CYRUSUSDT,2025-05-15,2.4227,1.0344
gateio,CYSUSDT,2025-12-11,0.7742,0.9094
gateio,DUSDT,2025-06-23,1.0233,0.7168
gateio,D2TUSDT,2025-05-15,2.8966,0.4027
gateio,DADDYUSDT,2025-07-11,0.5441,0.3664
gateio,DAGUSDT,2025-07-04,0.6806,0.3205
gateio,DAOUSDT,2026-02-19,0.5008,0.9121
gateio,DASHUSDT,2025-09-14,0.5801,0.548
gateio,DASH3LUSDT,2026-01-03,5.2649,0.407
gateio,DATAUSDT,2025-06-06,0.5452,0.8399
gateio,DBCUSDT,2025-07-06,1.0293,0.4254
gateio,DBRUSDT,2025-06-10,1.2843,0.5672
gateio,DCKUSDT,2026-03-19,0.6724,1.0641
gateio,DCRUSDT,2025-09-26,0.5122,1.0057
gateio,DEEPLINKUSDT,2025-08-25,1.938,0.8574
gateio,DEEPSEEKUSDT,2025-05-17,0.5119,1.8811
gateio,DEFIBOXUSDT,2025-07-03,0.5595,1.0219
gateio,DEGENUSDT,2025-06-23,0.6893,0.3872
gateio,DELABSUSDT,2025-07-28,49.279,1.0085
gateio,DENTUSDT,2025-06-23,0.5131,0.3306
gateio,DEPUSDT,2025-07-01,0.5105,0.6177
gateio,DERIUSDT,2025-05-15,0.7112,0.9543
gateio,DEVVEUSDT,2025-06-22,0.5199,0.8184
gateio,DEXEUSDT,2025-09-03,0.7564,0.4344
gateio,DFDVXUSDT,2025-07-09,0.5651,1.2897
gateio,DGBUSDT,2025-10-19,0.8334,0.4397
gateio,DGMAUSDT,2025-09-25,3.8929,0.7062
gateio,DHRXUSDT,2025-11-08,0.5133,0.9836
gateio,DHVUSDT,2025-05-21,0.7756,0.4571
gateio,DIAUSDT,2025-07-04,2.1242,0.4105
gateio,DIMOUSDT,2025-06-24,0.6843,0.7676
gateio,DINUSDT,2025-05-18,0.5255,1.2746
gateio,DIOUSDT,2025-07-02,0.5004,0.7502
gateio,DIVERUSDT,2025-06-12,3.2421,1.0382
gateio,DKAUSDT,2026-01-02,0.9438,0.8104
gateio,DLUSDT,2025-09-19,19.25,0.7039
gateio,DMCUSDT,2025-06-24,3.6673,0.9207
gateio,DNUSDT,2026-01-09,3.8852,1.1737
gateio,DNXUSDT,2025-05-16,1.3318,0.4472
gateio,DODOUSDT,2025-07-02,0.501,0.3573
gateio,DOGUSDT,2025-05-15,0.5263,0.8265
gateio,DOGE3LUSDT,2025-05-18,0.5509,2.0366
gateio,DOGE3SUSDT,2025-05-15,0.6316,0.3273
gateio,DOGE5LUSDT,2025-05-16,0.5642,2.2595
gateio,DOGEGOVUSDT,2025-05-15,0.8605,1.4213
gateio,DOGELONMARSUSDT,2026-01-15,17113518.6805,1.0
gateio,DOGINMEUSDT,2025-05-16,1.1221,1.3255
gateio,DOGSUSDT,2026-03-30,0.5395,0.5344
gateio,DOLOUSDT,2025-06-23,1.6349,0.4763
gateio,DOMEUSDT,2025-05-25,0.7048,0.5293
gateio,DONUSDT,2025-05-24,0.5037,1.145
gateio,DOODUSDT,2025-06-23,0.6754,0.5841
gateio,DORAUSDT,2025-05-15,0.805,0.9991
gateio,DOT3SUSDT,2025-05-15,0.7855,0.3522
gateio,DOT5LUSDT,2025-05-20,0.6401,2.0653
gateio,DOT5SUSDT,2025-05-15,1.2458,0.4239
gateio,DPRUSDT,2025-08-02,0.7527,1.204
gateio,DRESSUSDT,2025-09-09,12.796,0.6403
gateio,DRVUSDT,2025-05-27,1.6173,0.6176
gateio,DSYNCUSDT,2025-06-23,0.6347,0.3168
gateio,DTECUSDT,2025-05-18,0.6456,1.3105
gateio,DUCKUSDT,2025-06-06,1.1538,0.71
gateio,DUREVUSDT,2025-06-26,0.5146,0.9257
gateio,DXCTUSDT,2025-09-19,2.4436,0.9595
gateio,DXGMUSDT,2025-05-22,0.5113,1.0367
gateio,DYDXUSDT,2026-04-01,0.5521,0.4146
gateio,DYDX3LUSDT,2025-06-06,0.6957,1.6609
gateio,DYDX3SUSDT,2025-05-15,0.8491,0.6863
gateio,DYMUSDT,2025-06-23,0.5667,0.4048
gateio,DYORUSDT,2025-07-01,1.0319,1.3675
gateio,ECHOUSDT,2025-07-02,2.0104,1.1988
gateio,EDENUSDT,2025-09-30,3.4492,1.1353
gateio,EDGEUSDT,2025-05-15,0.7851,0.8772
gateio,EDGENUSDT,2025-06-02,16.3913,0.9469
gateio,EDUUSDT,2025-08-08,0.5301,0.8034
gateio,EGAMEUSDT,2025-05-17,0.5127,1.3028
gateio,EGL1USDT,2025-06-27,0.5817,0.4607
gateio,EIGENUSDT,2025-08-02,0.5169,0.7315
gateio,EIGEN3LUSDT,2025-05-16,0.5801,1.7789
gateio,EIGEN3SUSDT,2025-05-15,0.5738,2.1194
gateio,ELUSDT,2025-07-03,0.6823,0.4033
gateio,ELAUSDT,2025-05-18,0.5011,0.8956
gateio,ELFUSDT,2025-07-04,0.6785,0.671
gateio,ELIZAOSUSDT,2025-11-15,0.6904,1.1764
gateio,ELONUSDT,2026-02-05,0.5189,2.2628
gateio,ELPUSDT,2025-08-04,0.807,0.8766
gateio,ELXUSDT,2025-06-05,0.6817,0.7412
gateio,EMCUSDT,2025-05-18,0.5119,1.3074
gateio,EMTUSDT,2025-07-19,0.8868,1.0362
gateio,EMYCUSDT,2025-07-03,1.2201,0.3889
gateio,ENAUSDT,2025-06-23,0.6195,0.4285
gateio,ENA3LUSDT,2025-05-16,0.5901,1.9784
gateio,ENA3SUSDT,2025-05-15,0.5778,1.463
gateio,ENERGYWEBUSDT,2025-05-15,0.6794,0.3487
gateio,ENJUSDT,2026-02-28,0.5855,0.5954
gateio,ENSOUSDT,2025-10-18,0.5431,1.8327
gateio,EPICUSDT,2025-06-30,2.3064,0.5076
gateio,EPTUSDT,2025-08-24,0.5003,0.6581
gateio,EQTYUSDT,2025-11-14,0.6077,1.6129
gateio,ERAUSDT,2025-07-17,5.1646,0.6004
gateio,ESUSDT,2025-10-11,0.6654,0.5993
gateio,ESEUSDT,2025-09-24,0.5641,0.5508
gateio,ESPUSDT,2026-02-12,2.1544,0.6829
gateio,ESPORTSUSDT,2025-07-19,125.25,0.5559
gateio,ETC3LUSDT,2025-06-06,0.5038,1.4874
gateio,ETC3SUSDT,2025-05-15,0.6029,0.4716
gateio,ETH3LUSDT,2025-06-06,0.6616,1.4434
gateio,ETH5LUSDT,2025-05-19,0.5818,1.4766
gateio,ETH5SUSDT,2025-05-15,1482.4894,0.5201
gateio,ETHFIUSDT,2025-06-23,0.5221,0.3607
gateio,ETHFI3LUSDT,2025-05-19,0.712,1.7495
gateio,ETHFI3SUSDT,2025-05-23,0.5334,1.9458
gateio,ETHWUSDT,2025-06-30,0.5265,0.364
gateio,ETNUSDT,2025-07-08,1.8078,0.3999
gateio,EVAAUSDT,2025-10-09,2.6752,0.3334
gateio,EVERUSDT,2025-05-28,0.5042,1.7034
gateio,EVOUSDT,2025-05-15,1.2812,1.2312
gateio,EZSWAPUSDT,2025-05-16,0.5134,1.5188
gateio,FUSDT,2025-08-24,0.5553,0.3642
gateio,FAIUSDT,2025-05-31,0.5254,0.7621
gateio,FAIR3USDT,2025-09-08,11.6667,0.4797
gateio,FARUSDT,2025-05-31,0.5409,1.7233
gateio,FARMUSDT,2025-10-19,0.5507,0.9767
gateio,FARTCOINUSDT,2025-06-05,0.6302,1.0636
gateio,FARTCOIN3LUSDT,2025-05-15,0.5253,2.3162
gateio,FARTCOIN3SUSDT,2025-05-19,1.0762,0.6766
gateio,FARTCOIN5LUSDT,2025-05-15,0.5985,2.546
gateio,FARTCOIN5SUSDT,2025-05-15,0.7161,2.0511
gateio,FASTUSDT,2025-06-04,0.5461,0.5124
gateio,FBUSDT,2026-01-09,0.7757,0.6248
gateio,FEARNOTUSDT,2025-05-15,1.0198,0.9044
gateio,FEGUSDT,2026-04-10,0.577,0.3031
gateio,FETUSDT,2025-10-20,0.5855,0.702
gateio,FET3LUSDT,2025-11-15,0.8333,1.6182
gateio,FET3SUSDT,2025-11-12,1.1083,1.0944
gateio,FFUSDT,2025-09-29,3.25,1.1659
gateio,FHEUSDT,2025-07-23,0.5638,0.8517
gateio,FIDAUSDT,2025-06-22,0.5751,0.4403
gateio,FILBTC,2025-10-20,1.7057,0.3834
gateio,FILUSDT,2025-10-20,1.5506,0.403
gateio,FIL3LUSDT,2025-06-06,0.5939,1.6642
gateio,FIL3SUSDT,2025-05-15,0.6593,0.499
gateio,FIL5LUSDT,2025-05-18,0.7061,1.9435
gateio,FIL5SUSDT,2025-05-15,1.0005,0.604
gateio,FIOUSDT,2025-07-05,0.5942,0.4294
gateio,FIRUSDT,2025-08-08,1.7324,0.4168
gateio,FIREUSDT,2025-05-15,1.19,1.0923
gateio,FISUSDT,2025-06-20,0.6999,0.6286
gateio,FISHWUSDT,2025-06-06,0.7672,1.5009
gateio,FITFIUSDT,2025-06-06,0.5007,1.1192
gateio,FIWAUSDT,2025-09-17,0.5306,0.349
gateio,FLKUSDT,2025-10-31,0.5575,1.3632
gateio,FLMUSDT,2025-05-15,0.5155,1.1496
gateio,FLOCKUSDT,2025-05-15,2.7768,0.5152
gateio,FLOCK3LUSDT,2025-05-30,3.0594,1.2539
gateio,FLOCK3SUSDT,2025-05-30,0.9944,1.963
gateio,FLOWUSDT,2026-01-30,0.5353,1.7733
gateio,FLRUSDT,2025-07-05,0.6737,0.4442
gateio,FLYUSDT,2025-06-06,3.425,1.2271
gateio,FOGOUSDT,2026-01-20,0.573,1.4363
gateio,FORESTUSDT,2025-09-01,2.0605,0.7141
gateio,FORMUSDT,2025-06-23,0.5509,0.3301
gateio,FORTUSDT,2025-06-01,0.8165,0.7845
gateio,FORTHUSDT,2025-08-03,0.5067,0.7887
gateio,FOURCOINUSDT,2025-06-30,1.7575,0.7534
gateio,FOXSYUSDT,2025-05-15,1.2416,1.2851
gateio,FOXYUSDT,2025-07-01,1.0056,0.3135
gateio,FPSUSDT,2025-07-15,2.2462,0.8321
gateio,FRAGUSDT,2025-07-16,0.6839,1.3086
gateio,FRAXUSDT,2025-05-16,0.5385,1.0477
gateio,FREEUSDT,2025-06-08,0.5184,1.6027
gateio,FRONTIERSUSDT,2025-05-15,0.5271,1.3667
gateio,FTTUSDT,2025-07-01,0.6273,0.421
gateio,FUELUSDT,2026-01-06,0.5214,1.0326
gateio,FUNUSDT,2026-01-15,0.8693,1.5738
gateio,FUNTOKENUSDT,2025-06-01,0.783,0.3319
gateio,FUSEUSDT,2025-06-04,0.7025,1.0639
gateio,FYNUSDT,2025-07-28,0.5489,0.6755
gateio,GUSDT,2026-01-13,0.5089,1.3528
gateio,G3USDT,2025-07-09,0.8594,1.3051
gateio,GAFIUSDT,2026-01-12,0.5305,1.5538
gateio,GAINUSDT,2025-09-24,3.9994,1.2
gateio,GAIXUSDT,2025-12-30,0.5194,0.5172
gateio,GALAUSDT,2025-07-05,0.5101,0.5268
gateio,GALA3LUSDT,2025-06-06,0.6857,1.7914
gateio,GALA3SUSDT,2025-05-15,0.8753,0.4935
gateio,GALA5LUSDT,2025-05-18,0.888,1.9044
gateio,GALA5SUSDT,2025-05-15,1.3269,0.6518
gateio,GALFANUSDT,2026-02-03,0.5585,0.6796
gateio,GALOUSDT,2025-06-22,0.5354,0.8481
gateio,GAME2USDT,2025-06-23,0.5111,0.7007
gateio,GAMESUSDT,2025-05-21,0.5014,1.2822
gateio,GAMEVIRTUALUSDT,2025-06-02,0.9366,0.8613
gateio,GATUSDT,2025-05-15,1.2235,0.5763
gateio,GATAUSDT,2025-09-04,7.414,0.5379
gateio,GCOINUSDT,2025-06-22,0.6892,0.527
gateio,GENIUSUSDT,2026-04-15,0.5112,1.5562
gateio,GENIUS3LUSDT,2026-04-21,0.6247,2.0565
gateio,GENIUS3SUSDT,2026-04-21,1.3555,1.3638
gateio,GETAUSDT,2025-05-15,10.4213,0.9827
gateio,GFUSDT,2026-03-06,7.912,0.9778
gateio,GFIUSDT,2025-12-18,0.6018,0.7558
gateio,GHOUSDT,2025-09-30,0.6005,1.0388
gateio,GHSTUSDT,2025-06-28,0.6528,0.3043
gateio,GHXUSDT,2025-09-26,0.569,1.0956
gateio,GIGAUSDT,2025-05-31,0.5571,1.0632
gateio,GIGGLEUSDT,2025-10-16,1.3132,1.3975
gateio,GITCOINUSDT,2025-07-05,0.5446,0.4433
gateio,GLMUSDT,2025-07-02,0.5362,0.3926
gateio,GLMRUSDT,2025-11-20,0.5322,0.7204
gateio,GMUSDT,2025-08-06,0.6401,0.34
gateio,GMEUSDT,2025-05-15,0.6368,1.1896
gateio,GMEEUSDT,2025-08-02,0.7861,0.599
gateio,GMMUSDT,2025-07-21,0.7265,0.7925
gateio,GMMTUSDT,2025-07-27,1.7856,0.5085
gateio,GMRTUSDT,2025-06-07,0.6071,1.1751
gateio,GMRXUSDT,2025-08-19,0.9915,0.9318
gateio,GMTUSDT,2025-12-23,0.6704,0.4783
gateio,GMWAGMIUSDT,2025-05-15,1.1555,1.0126
gateio,GMXUSDT,2025-07-22,1.2624,0.7643
gateio,GNCUSDT,2025-05-15,0.5457,2.8238
gateio,GNOUSDT,2025-09-11,0.5398,0.8981
gateio,GNSUSDT,2025-06-04,1.266,0.6736
gateio,GO4USDT,2025-05-15,1.3201,0.6006
gateio,GOATUSDT,2025-06-23,0.7702,0.4047
gateio,GOATEDUSDT,2025-09-27,16.8793,0.8043
gateio,GOATSUSDT,2025-05-18,0.5855,1.046
gateio,GOCHUUSDT,2025-05-29,12.2674,0.6088
gateio,GOGUSDT,2025-05-15,3.7813,0.7551
gateio,GOHOMEUSDT,2025-07-04,1.4496,0.963
gateio,GOMININGUSDT,2025-12-13,0.5733,0.3146
gateio,GOOGL3SUSDT,2026-02-03,0.5246,0.5187
gateio,GOOSEFINANCEUSDT,2025-10-18,0.7278,1.1621
gateio,GORKUSDT,2025-06-18,0.5023,0.7209
gateio,GOZUSDT,2025-06-06,0.6469,1.1233
gateio,GPSUSDT,2025-05-31,0.5623,0.8796
gateio,GRASSUSDT,2025-11-02,0.8847,0.9471
gateio,GRIFFAINUSDT,2025-06-23,0.7679,0.3777
gateio,GRNDUSDT,2025-10-11,0.5463,0.8361
gateio,GTAIUSDT,2025-09-09,0.608,1.0549
gateio,GUAUSDT,2025-11-28,2.5442,0.3487
gateio,GUIUSDT,2025-08-06,0.5436,1.1892
gateio,GUNUSDT,2025-06-18,0.6055,0.4686
gateio,GWEIUSDT,2026-01-21,3.825,0.5705
gateio,GXEUSDT,2025-08-16,1.3004,0.7305
gateio,GZONEUSDT,2025-06-29,0.5136,0.7409
gateio,HUSDT,2025-06-25,1.3473,1.5253
gateio,H3LUSDT,2025-07-08,0.8644,1.8495
gateio,H3SUSDT,2025-07-08,1.0435,1.8386
gateio,HAEDALUSDT,2025-05-15,0.5075,1.3541
gateio,HAHAUSDT,2025-07-12,1.7696,0.9014
gateio,HAMSTERUSDT,2025-06-29,1.5107,1.2281
gateio,HANAUSDT,2025-09-26,0.5452,1.6168
gateio,HBAR3LUSDT,2025-06-06,0.5222,1.9032
gateio,HBAR3SUSDT,2025-05-15,0.8616,0.3801
gateio,HEARTUSDT,2026-04-23,0.7433,0.3926
gateio,HEIUSDT,2025-07-01,0.5081,0.4361
gateio,HELLOUSDT,2025-07-06,1.4045,0.3514
gateio,HEMIUSDT,2025-09-19,2.1426,0.7939
gateio,HEROUSDT,2026-03-22,0.5326,1.028
gateio,HEUUSDT,2025-05-22,0.5872,0.5439
gateio,HGETUSDT,2025-07-22,2.4075,0.9901
gateio,HGPTUSDT,2025-08-27,1.6455,0.7196
gateio,HIBSUSDT,2025-05-15,0.726,1.1378
gateio,HIGHUSDT,2025-10-29,0.511,1.3683
gateio,HINTUSDT,2025-10-11,0.6352,1.1432
gateio,HIPPOUSDT,2025-06-23,0.5732,0.3811
gateio,HIVEUSDT,2026-04-17,0.5536,0.8375
gateio,HLNUSDT,2025-06-23,0.5099,1.0695
gateio,HMSTRUSDT,2025-06-29,0.6,0.571
gateio,HNBUSDT,2025-05-15,1.6428,0.9812
gateio,HOLDUSDT,2025-05-15,0.517,1.2394
gateio,HOLDSTATIONUSDT,2025-06-07,0.8844,1.1675
gateio,HOLOUSDT,2025-10-01,0.5252,1.6652
gateio,HOMEUSDT,2025-07-04,0.7472,0.4815
gateio,HONEYUSDT,2025-07-01,0.54,0.6349
gateio,HONXUSDT,2026-01-19,4.3862,0.9805
gateio,HOODXUSDT,2025-07-02,10.0001,1.0083
gateio,HOOKUSDT,2025-06-23,0.5784,0.365
gateio,HOPPYUSDT,2025-06-22,0.6494,0.7357
gateio,HOPRUSDT,2025-06-30,2.4945,0.594
gateio,HORDUSDT,2025-05-15,0.5502,0.6523
gateio,HOTUSDT,2025-07-02,0.6724,0.3041
gateio,HPOS10IUSDT,2025-05-31,0.5588,1.0462
gateio,HQUSDT,2025-05-17,0.5649,1.2406
gateio,HSKUSDT,2025-06-07,2.0047,0.4983
gateio,HTUSDT,2025-06-19,0.5149,1.081
gateio,HTMUSDT,2025-05-15,2.4295,1.1309
gateio,HUMAUSDT,2025-05-31,0.5316,1.0864
gateio,HVLOUSDT,2025-05-16,0.6478,1.1733
gateio,HYPEUSDT,2025-05-15,0.5862,0.5804
gateio,HYPE3LUSDT,2025-05-24,0.9446,0.4532
gateio,HYPE3SUSDT,2025-05-26,0.9037,1.4397
gateio,HYPERUSDT,2025-05-17,0.5067,1.2691
gateio,IBFKUSDT,2025-06-07,0.6567,0.7489
gateio,ICNTUSDT,2025-07-25,1.0631,0.3502
gateio,ICPUSDT,2025-10-17,1.1036,0.4095
gateio,ICP3LUSDT,2025-05-24,0.6462,0.5449
gateio,ICP3SUSDT,2025-05-15,0.5134,0.9841
gateio,IDUSDT,2025-12-23,0.7001,0.602
gateio,IDEXUSDT,2025-06-24,0.5091,0.8583
gateio,IDOLUSDT,2025-06-11,10.29,0.4796
gateio,IDOSUSDT,2026-04-08,0.5651,0.898
gateio,IMPTUSDT,2026-03-19,0.6146,1.0467
gateio,IMTUSDT,2025-05-15,0.5,1.2418
gateio,IMUUSDT,2026-02-15,0.5013,1.2522
gateio,INUSDT,2025-08-09,0.5556,1.2845
gateio,INCUSDT,2025-09-30,25.136,0.6137
gateio,INFRAUSDT,2025-05-22,1.194,1.0307
gateio,INGUSDT,2025-05-16,0.5941,1.1899
gateio,INITUSDT,2025-06-23,0.5009,0.5437
gateio,INJUSDT,2026-04-25,0.7771,0.3633
gateio,INSPUSDT,2025-06-05,0.7637,0.7966
gateio,INTERUSDT,2025-07-25,0.5917,0.6056
gateio,INVITEUSDT,2025-06-17,1.8007,0.8707
gateio,INXUSDT,2026-03-26,1.3125,1.025
gateio,IOUSDT,2025-09-05,0.5566,0.9219
gateio,IOSTUSDT,2025-07-02,0.7235,0.4847
gateio,IOTABTC,2025-12-24,0.5054,0.8412
gateio,IOTXUSDT,2026-02-06,0.858,0.926
gateio,IPUSDT,2025-06-24,0.53,0.4472
gateio,IP3LUSDT,2025-06-19,0.6572,1.0789
gateio,IP3SUSDT,2025-05-15,0.6024,0.7911
gateio,IQUSDT,2025-09-26,0.5413,1.3378
gateio,IRUSDT,2025-12-17,1.8717,1.2157
gateio,IRISUSDT,2025-06-23,0.659,0.9402
gateio,ISKUSDT,2025-07-07,1.7892,0.8838
gateio,ISLMUSDT,2025-12-09,1.6041,0.7361
gateio,ISPUSDT,2025-07-10,0.9552,0.5367
gateio,ITAUSDT,2025-05-15,0.6345,0.7804
gateio,ITHACAUSDT,2025-05-15,0.5425,1.5112
gateio,IVPAYUSDT,2025-10-28,0.7494,1.2229
gateio,IZIUSDT,2025-05-15,1.4334,0.916
gateio,JUSDT,2025-07-05,0.5122,1.1935
gateio,JANETUSDT,2025-05-16,2.3731,0.5588
gateio,JELLYJELLYUSDT,2025-06-13,0.5746,1.2807
gateio,JFIUSDT,2025-10-12,1.1041,1.0417
gateio,JOCUSDT,2025-08-15,0.5134,0.4915
gateio,JOEUSDT,2026-03-21,0.9848,0.7358
gateio,JUCUSDT,2025-06-27,35.6813,0.7769
gateio,JUPUSDT,2025-07-05,0.5708,0.5757
gateio,JUVUSDT,2025-07-23,0.8121,0.5246
gateio,K21USDT,2025-05-15,0.7389,1.1553
gateio,KAIA3SUSDT,2025-05-15,0.7001,0.725
gateio,KAIOUSDT,2026-05-06,3.5235,0.9426
gateio,KAITOUSDT,2025-08-26,0.5483,0.6841
gateio,KAITO3LUSDT,2025-05-15,0.5042,1.7063
gateio,KAITO3SUSDT,2025-05-17,0.5048,2.1611
gateio,KAONUSDT,2025-05-15,0.5873,1.1728
gateio,KARRATUSDT,2025-06-25,0.5217,0.504
gateio,KASUSDT,2025-07-04,0.5116,0.361
gateio,KAS3LUSDT,2025-06-23,1.6178,0.3912
gateio,KAS3SUSDT,2025-05-15,1.6763,0.3945
gateio,KAS5LUSDT,2025-05-20,0.66,2.2839
gateio,KAS5SUSDT,2025-05-15,3.0882,0.4675
gateio,KATUSDT,2026-03-19,0.7652,1.3149
gateio,KATCUSDT,2026-02-14,1.3057,1.1519
gateio,KAVAUSDT,2025-10-31,0.551,1.0329
gateio,KCALUSDT,2025-06-20,0.8986,1.2847
gateio,KDABTC,2025-10-30,0.6254,2.0482
gateio,KDKUSDT,2025-12-23,1.3683,1.0
gateio,KEKIUSUSDT,2025-05-15,1.2823,1.0474
gateio,KERNELUSDT,2025-05-17,0.5111,1.2481
gateio,KFTUSDT,2025-05-23,0.7001,0.6135
gateio,KGENUSDT,2025-10-07,1.0752,1.2746
gateio,KILOUSDT,2025-06-21,0.9138,0.6516
gateio,KIPUSDT,2025-05-24,0.5051,1.4607
gateio,KITEUSDT,2025-11-04,0.76,1.1315
gateio,KITEAIUSDT,2025-05-30,0.5678,1.4864
gateio,KLINKUSDT,2025-10-07,1.48,1.4908
gateio,KLOUSDT,2025-05-20,0.557,1.0077
gateio,KMNOUSDT,2025-08-31,0.8222,0.4264
gateio,KNCUSDT,2025-06-24,1.4203,0.5635
gateio,KNINEUSDT,2025-07-30,0.9057,0.9802
gateio,KOMAUSDT,2025-06-23,0.5012,0.5648
gateio,KONETUSDT,2025-09-03,0.5225,0.9237
gateio,KRLUSDT,2025-06-30,3.5698,0.9353
gateio,KSMUSDT,2025-10-21,0.5014,0.7458
gateio,KTUSDT,2025-07-27,1.0554,1.2135
gateio,KTNUSDT,2025-06-12,0.9217,1.3579
gateio,KYOUSDT,2026-03-14,0.5021,0.9154
gateio,KYVEUSDT,2025-05-15,0.9976,1.0784
gateio,KZENUSDT,2025-10-20,0.8217,1.338
gateio,L1USDT,2026-04-24,0.6738,1.1362
gateio,L3USDT,2025-05-15,0.6847,0.8136
gateio,LAUSDT,2025-08-06,0.5561,0.8866
gateio,LABUSDT,2025-10-14,49.0,0.674
gateio,LABUBUUSDT,2025-06-15,1.0236,1.2432
gateio,LADYSUSDT,2025-10-12,0.5376,1.0564
gateio,LAIRUSDT,2025-09-11,0.603,1.6589
gateio,LANDSHAREUSDT,2025-09-19,0.774,0.898
gateio,LATUSDT,2025-08-06,0.5272,0.8815
gateio,LAVAUSDT,2025-07-24,0.603,0.8497
gateio,LAYERUSDT,2025-07-30,0.5273,1.232
gateio,LAZIOUSDT,2025-09-26,0.5353,0.913
gateio,LDO3LUSDT,2025-05-21,0.5319,1.8574
gateio,LDO3SUSDT,2025-05-15,0.825,0.7902
gateio,LEGIONUSDT,2025-05-29,0.6073,0.9608
gateio,LFUSDT,2025-05-15,1.4665,1.0867
gateio,LIGHTUSDT,2025-09-27,5.9984,0.44
gateio,LIGOUSDT,2025-06-21,0.5649,1.1496
gateio,LIKEUSDT,2025-08-03,0.5756,0.4729
gateio,LINEAUSDT,2025-09-10,0.728,1.2467
gateio,LINGOUSDT,2025-11-15,0.5004,1.3506
gateio,LINKUSDT,2025-07-05,0.5392,0.3322
gateio,LINK3LUSDT,2025-06-06,0.7597,1.4454
gateio,LINK3SUSDT,2025-05-15,0.7076,0.3574
gateio,LINK5LUSDT,2025-05-21,0.5079,2.4183
gateio,LINK5SUSDT,2025-05-15,1.0671,0.4533
gateio,LIONUSDT,2025-08-14,3.3792,0.9812
gateio,LIORAUSDT,2025-08-02,57.166,0.9429
gateio,LIQUIDIUMUSDT,2025-05-15,1.2111,0.8
gateio,LISTAUSDT,2025-05-15,0.5315,1.0947
gateio,LITUSDT,2026-03-31,0.5227,0.8101
gateio,LIT3LUSDT,2026-01-20,0.647,1.7829
gateio,LIT3SUSDT,2026-01-16,0.7433,0.894
gateio,LKIUSDT,2025-06-19,0.511,1.0048
gateio,LKYUSDT,2025-06-20,0.5764,1.0743
gateio,LMUSDT,2025-05-28,0.5746,0.8523
gateio,LMTSUSDT,2025-10-27,0.5173,1.4565
gateio,LMWRUSDT,2025-06-21,0.5321,0.6547
gateio,LNUSDT,2025-08-05,0.5052,1.0675
gateio,LNDXUSDT,2025-07-27,1.3401,0.5997
gateio,LOAUSDT,2025-09-01,0.7956,0.9388
gateio,LOEUSDT,2025-06-07,0.866,1.0581
gateio,LOFIUSDT,2025-06-23,0.7077,0.426
gateio,LOGTUSDT,2025-06-13,0.5111,2.7122
gateio,LONUSDT,2025-12-23,0.775,1.0006
gateio,LONGUSDT,2025-11-06,0.5258,2.5945
gateio,LOOKSUSDT,2025-06-23,0.6245,0.4009
gateio,LOTUSDT,2025-06-20,0.9788,1.3241
gateio,LOULOUUSDT,2025-06-22,0.5414,0.8859
gateio,LPTUSDT,2025-05-15,1.2907,0.7865
gateio,LPT3LUSDT,2025-06-03,0.8541,1.9024
gateio,LQTYUSDT,2025-05-31,0.6953,0.6394
gateio,LRCUSDT,2025-07-05,0.543,0.5325
gateio,LRDSUSDT,2025-07-12,0.7249,0.8249
gateio,LRNUSDT,2025-05-15,0.5876,0.9211
gateio,LSKUSDT,2025-07-02,0.5289,0.5471
gateio,LTC3LUSDT,2025-06-23,0.7657,0.3903
gateio,LTC3SUSDT,2025-05-15,0.619,0.4838
gateio,LTC5LUSDT,2025-05-21,0.5149,2.0221
gateio,LTC5SUSDT,2025-05-15,0.9165,0.577
gateio,LUCEUSDT,2025-06-23,0.5982,0.7796
gateio,LUCICUSDT,2025-11-09,0.8375,1.3901
gateio,LUMIAUSDT,2025-06-23,1.165,0.6398
gateio,LUMINTUSDT,2025-11-13,7.162,1.0039
gateio,LUNAUSDT,2025-11-18,1.1457,0.729
gateio,LUNAIUSDT,2025-05-16,0.5644,1.1704
gateio,LUNCUSDT,2025-11-18,1.612,0.6201
gateio,LVVAUSDT,2025-06-23,1.4667,0.9247
gateio,LWPUSDT,2026-04-08,3.6341,1.108
gateio,LYPUSDT,2025-05-19,0.6672,0.9951
gateio,LYXUSDT,2025-07-02,0.5853,0.9303
gateio,MUSDT,2025-09-11,0.5058,1.2701
gateio,MAUSDT,2025-05-15,0.7995,1.053
gateio,MADUSDT,2025-05-18,0.5554,1.757
gateio,MAGATRUMPUSDT,2025-11-04,0.6085,1.4366
gateio,MAGICUSDT,2025-06-06,0.5071,0.803
gateio,MAGMAUSDT,2026-02-15,0.586,1.0341
gateio,MAIGAUSDT,2025-09-17,3.6248,0.9938
gateio,MAJOUSDT,2025-05-15,0.9032,1.2655
gateio,MAJORUSDT,2025-05-17,1.1473,0.899
gateio,MAKUSDT,2025-05-15,1.2231,0.832
gateio,MANA3USDT,2025-05-15,1.8564,0.7446
gateio,MANEKIUSDT,2025-07-05,0.5294,0.5756
gateio,MANTAUSDT,2025-07-05,0.5025,0.5684
gateio,MANTRAUSDT,2026-03-04,0.7861,1.2542
gateio,MAPOUSDT,2025-05-27,1.1042,0.8933
gateio,MARTUSDT,2025-05-29,0.7293,0.633
gateio,MATUSDT,2025-06-23,0.6489,2.0139
gateio,MATCHUSDT,2025-06-12,0.5252,1.2189
gateio,MATHUSDT,2025-07-01,0.5369,0.512
gateio,MATR1XUSDT,2025-05-23,0.5241,1.5624
gateio,MAVUSDT,2025-06-13,0.8317,1.0437
gateio,MAVIAUSDT,2025-06-26,0.505,0.437
gateio,MAYUSDT,2025-11-12,0.6375,1.481
gateio,MBGUSDT,2025-07-22,6.7146,0.7616
gateio,MBLUSDT,2025-09-21,0.7142,1.3936
gateio,MBOXUSDT,2025-06-22,0.5465,0.5542
gateio,MBXUSDT,2026-02-04,0.5001,1.4215
gateio,MCDXUSDT,2026-02-12,0.5878,0.9647
gateio,MCTPUSDT,2026-02-05,0.5642,1.9604
gateio,MDFUSDT,2025-07-27,0.7155,0.7862
gateio,MDTUSDT,2025-06-24,0.6263,0.7556
gateio,MDUSUSDT,2025-05-23,0.617,0.6256
gateio,MDXUSDT,2025-07-30,0.6794,0.9018
gateio,MEUSDT,2025-12-31,0.6268,0.6234
gateio,MEDUSDT,2025-09-21,0.526,1.5253
gateio,MELANIAUSDT,2025-07-08,0.5005,0.6416
gateio,MELDUSDT,2025-05-15,0.8826,1.0182
gateio,MEMEUSDT,2025-07-02,0.5096,0.3351
gateio,MEMEFIUSDT,2025-07-08,0.6054,0.563
gateio,MENGOUSDT,2025-05-15,1.7175,0.8901
gateio,MEPADUSDT,2025-07-27,2.437,0.984
gateio,MERLUSDT,2025-05-17,0.5601,1.0576
gateio,METUSDT,2025-11-04,0.5762,1.3622
gateio,META3LUSDT,2026-01-26,2.3152,1.0595
gateio,META3SUSDT,2026-01-26,1.7806,1.0695
gateio,METANUSDT,2025-06-20,0.514,0.5247
gateio,METAONUSDT,2025-09-03,1.1029,0.9844
gateio,METAXUSDT,2025-07-02,3.0042,1.0225
gateio,METFIUSDT,2025-05-25,0.6228,0.4815
gateio,METISUSDT,2025-11-05,0.5525,1.1695
gateio,METOUSDT,2025-07-09,5.0593,0.8795
gateio,MEWUSDT,2025-05-18,0.5559,1.0954
gateio,MEZOUSDT,2026-04-01,0.6667,1.6935
gateio,MFUSDT,2025-10-06,1.1844,1.5052
gateio,MGKLUSDT,2025-08-12,1.3615,0.9511
gateio,MGOUSDT,2025-06-24,6.812,0.8244
gateio,MGTUSDT,2025-05-24,2.169,0.3574
gateio,MIGGLESUSDT,2025-06-23,0.8095,0.3302
gateio,MILADYCULTUSDT,2025-06-23,0.6584,0.3445
gateio,MILOUSDT,2025-08-30,0.5088,0.7639
gateio,MINAUSDT,2025-10-17,0.5078,0.9682
gateio,MIRAUSDT,2025-09-26,1.6659,1.4075
gateio,MIRAIUSDT,2025-05-16,1.6344,1.0643
gateio,MIRRORUSDT,2025-09-08,0.9505,1.5175
gateio,MITOUSDT,2025-08-30,1.0557,0.8416
gateio,MIXUSDT,2025-05-27,0.6637,1.0027
gateio,MLUSDT,2025-09-17,1.3833,0.7915
gateio,MLCUSDT,2025-05-15,0.9508,1.1292
gateio,MLKUSDT,2025-12-16,0.5148,1.0044
gateio,MLNUSDT,2025-06-24,0.6528,0.8862
gateio,MMPROUSDT,2025-05-29,0.6093,1.1312
gateio,MMTUSDT,2025-11-04,12.1928,1.0189
gateio,MNDEUSDT,2025-05-15,0.9099,0.9377
gateio,MOBUSDT,2025-07-31,0.7479,0.8251
gateio,MOCAUSDT,2025-06-25,0.5803,0.7781
gateio,MODEUSDT,2025-06-16,0.5988,1.3144
gateio,MOGUSDT,2025-05-18,0.5136,1.3631
gateio,MONUSDT,2025-11-24,0.7921,1.2
gateio,MON3LUSDT,2025-12-08,2.6268,1.1482
gateio,MON3SUSDT,2025-11-27,3.3937,0.9639
gateio,MONKYUSDT,2025-12-19,0.6543,0.8989
gateio,MONPROUSDT,2025-06-14,0.5657,1.0685
gateio,MOODENGUSDT,2025-05-17,0.6476,1.1677
gateio,MOODENG3LUSDT,2025-05-16,0.5653,2.3045
gateio,MOODENG3SUSDT,2025-05-15,1.2741,1.6235
gateio,MOODENGETHUSDT,2025-06-23,0.8471,0.6131
gateio,MOOOUSDT,2025-07-27,0.6774,0.9824
gateio,MOOVUSDT,2025-07-08,0.7533,0.6427
gateio,MOREUSDT,2025-06-27,6.3333,1.0582
gateio,MOVEUSDT,2025-06-20,0.5219,0.7607
gateio,MOVRUSDT,2026-03-30,3.3403,0.6584
gateio,MPUSDT,2025-06-09,0.5218,0.8472
gateio,MPLXUSDT,2025-06-29,0.5877,0.3034
gateio,MRLNUSDT,2025-09-16,2.3208,1.0564
gateio,MRSOONUSDT,2025-05-15,0.893,1.0795
gateio,MSOLUSDT,2025-06-23,0.5018,0.7643
gateio,MSQUSDT,2025-05-15,1.155,0.5891
gateio,MSTARUSDT,2025-05-15,0.572,1.7266
gateio,MSTR3LUSDT,2026-02-02,0.5258,1.8002
gateio,MSTR3SUSDT,2026-01-26,9.6717,0.9914
gateio,MTOSUSDT,2025-06-08,0.9112,0.942
gateio,MTRGUSDT,2025-05-16,0.5037,0.7038
gateio,MTVUSDT,2025-07-06,0.6131,0.6604
gateio,MUBARAKUSDT,2025-05-18,0.5205,1.2869
gateio,MULTIUSDT,2025-05-22,0.511,0.7912
gateio,MUSEUSDT,2025-07-04,0.8543,0.8506
gateio,MVUSDT,2026-03-01,0.5861,0.5857
gateio,MVRKUSDT,2025-09-18,4.872,1.1012
gateio,MYUSDT,2025-11-05,3.9997,0.3927
gateio,MYROUSDT,2025-06-23,0.6087,0.3187
gateio,MYXUSDT,2025-09-14,0.5035,1.6286
gateio,NACHOUSDT,2025-06-03,0.573,1.0444
gateio,NAFTUSDT,2025-07-31,1.5431,0.96
gateio,NAKAUSDT,2025-09-29,0.647,1.1425
gateio,NANOUSDT,2025-10-18,0.8458,0.6472
gateio,NAORISUSDT,2025-08-23,4.0924,0.5658
gateio,NAPUSDT,2025-05-15,0.7277,1.7733
gateio,NATIXUSDT,2025-05-15,1.7929,0.4819
gateio,NAVXUSDT,2025-07-09,0.5049,0.3449
gateio,NAWSUSDT,2025-05-15,1.9993,0.8633
gateio,NBLUUSDT,2025-11-21,1.7124,0.9863
gateio,NBSUSDT,2025-05-15,0.8556,1.1949
gateio,NBTUSDT,2025-07-30,1.5324,0.966
gateio,NCUSDT,2025-06-14,0.5379,1.5737
gateio,NCNUSDT,2025-05-15,0.5163,1.5778
gateio,NCTUSDT,2025-06-22,0.5048,0.9336
gateio,NEARUSDT,2025-10-31,0.5167,0.8433
gateio,NEAR3LUSDT,2025-05-18,0.5318,1.9601
gateio,NEAR3SUSDT,2025-05-15,0.6609,0.4763
gateio,NEAR5LUSDT,2025-05-18,0.7852,2.0197
gateio,NEAR5SUSDT,2025-05-15,0.8575,1.3651
gateio,NEIROUSDT,2025-05-18,0.5034,1.2345
gateio,NEKOUSDT,2025-07-22,109.0,1.0057
gateio,NEONUSDT,2025-06-19,0.5385,1.1295
gateio,NEROUSDT,2025-07-28,1.9888,1.2309
gateio,NESSUSDT,2026-01-01,0.5338,1.4427
gateio,NETMINDUSDT,2025-08-19,0.7978,0.8305
gateio,NETXUSDT,2025-07-01,0.5473,0.9369
gateio,NEUROUSDT,2025-05-16,1.6589,1.1027
gateio,NEWTUSDT,2025-06-24,0.8913,1.3475
gateio,NEXIUSDT,2026-03-09,0.8939,1.8116
gateio,NFEUSDT,2025-05-17,0.5466,1.6635
gateio,NFLXONUSDT,2025-09-03,8.1999,1.0036
gateio,NFPUSDT,2025-06-23,0.6669,0.4143
gateio,NIBIUSDT,2025-12-19,0.5965,1.6633
gateio,NIGHTUSDT,2025-12-10,2.002,0.5396
gateio,NIGHT3LUSDT,2026-01-19,0.5614,2.0887
gateio,NIGHT3SUSDT,2026-01-09,1.1157,0.6244
gateio,NIKOUSDT,2025-06-01,0.5679,1.3392
gateio,NILUSDT,2025-11-15,0.5337,2.0136
gateio,NIMUSDT,2025-08-11,0.8508,0.5035
gateio,NIZAUSDT,2025-09-23,365.666,0.8689
gateio,NKNUSDT,2025-07-05,0.5089,0.357
gateio,NMRUSDT,2025-08-09,1.7619,0.4319
gateio,NOBODYUSDT,2025-09-04,0.5356,1.4192
gateio,NODEUSDT,2025-09-26,1.6108,0.9062
gateio,NODLUSDT,2025-06-23,0.571,1.0935
gateio,NOMUSDT,2025-12-19,0.5384,0.4376
gateio,NOOTUSDT,2025-05-16,0.6022,1.1725
gateio,NOSUSDT,2025-08-27,1.6839,0.5213
gateio,NOTUSDT,2026-04-09,0.9133,0.8411
gateio,NRNUSDT,2025-05-15,0.8031,1.2097
gateio,NSUSDT,2025-08-27,0.6168,0.4304
gateio,NSDXUSDT,2025-08-29,0.6094,0.4085
gateio,NTRNUSDT,2025-08-12,0.5332,0.6981
gateio,NUMUSDT,2026-02-13,1.3201,0.8318
gateio,NUMIUSDT,2025-06-30,1.1514,0.8288
gateio,NUTSUSDT,2025-08-09,0.5932,1.0638
gateio,NUXUSDT,2025-07-09,1.9141,0.7685
gateio,NXPCUSDT,2025-05-15,18.25,0.6872
gateio,NYANUSDT,2025-05-19,0.6046,1.2463
gateio,NYMUSDT,2026-03-05,0.5204,0.4757
gateio,O4DXUSDT,2025-06-30,1.3248,0.8115
gateio,OASUSDT,2025-10-11,0.738,1.4129
gateio,OBIUSDT,2025-07-05,0.5836,0.8545
gateio,OBOLUSDT,2025-06-15,0.6218,0.4771
gateio,OBTUSDT,2025-06-18,0.5824,1.1302
gateio,OCTAUSDT,2025-06-29,0.6047,0.3413
gateio,OFCUSDT,2026-04-10,0.7837,0.8649
gateio,OGUSDT,2025-07-09,0.5236,0.4142
gateio,OGNUSDT,2025-08-02,0.6053,0.4118
gateio,OGPUUSDT,2025-05-26,0.5111,1.774
gateio,OKBUSDT,2025-07-26,2.4562,0.5802
gateio,OLUSDT,2025-05-16,0.5089,0.791
gateio,OLEUSDT,2025-07-08,0.5002,0.6207
gateio,OMIUSDT,2025-08-09,1.9997,0.375
gateio,ONUSDT,2025-10-24,1.0,1.44
gateio,ONDOUSDT,2025-07-05,0.5099,0.3841
gateio,ONDO3LUSDT,2025-06-06,0.6579,1.6815
gateio,ONDO3SUSDT,2025-05-15,0.787,0.4646
gateio,ONGUSDT,2026-03-17,0.972,0.517
gateio,ONTUSDT,2025-08-07,0.7107,0.5971
gateio,OORTUSDT,2025-08-06,0.6299,0.5399
gateio,OPUSDT,2025-07-05,0.5487,0.4503
gateio,OP3LUSDT,2025-05-17,0.575,1.9252
gateio,OP3SUSDT,2025-05-15,0.684,0.6082
gateio,OPENUSDT,2025-09-08,2.4452,1.0116
gateio,OPGUSDT,2026-04-21,2.8165,0.8894
gateio,OPN1USDT,2025-06-09,0.5511,2.3077
gateio,ORBRUSDT,2025-05-17,0.5692,1.1463
gateio,ORBSUSDT,2026-02-04,0.6257,0.8397
gateio,ORCAUSDT,2025-06-26,0.5503,0.471
gateio,ORDERUSDT,2025-07-02,0.9188,0.5456
gateio,ORDI3LUSDT,2025-05-17,0.7508,1.7864
gateio,ORDI3SUSDT,2025-05-15,0.8785,1.2316
gateio,ORIONUSDT,2025-06-18,0.5192,1.7912
gateio,ORNGUSDT,2025-05-27,0.7069,0.7363
gateio,OROUSDT,2025-05-22,0.6945,0.5855
gateio,OSHIUSDT,2025-08-03,0.5321,0.6176
gateio,OSMOUSDT,2025-07-06,0.5058,0.3675
gateio,OVLUSDT,2025-08-14,0.5873,2.0259
gateio,OVOUSDT,2025-05-15,3.0973,0.9918
gateio,OWLUSDT,2026-01-15,1.0725,1.5822
gateio,OWNUSDT,2025-05-18,0.5646,0.469
gateio,OXTUSDT,2026-03-08,0.507,1.1574
gateio,OXYUSDT,2025-06-08,1.3297,0.7656
gateio,PUSDT,2025-10-03,2.0224,0.8414
gateio,P00LSUSDT,2025-07-02,0.5074,0.632
gateio,PAALUSDT,2025-07-08,0.5318,0.4395
gateio,PACEUSDT,2025-06-15,0.5406,1.0839
gateio,PACKUSDT,2025-06-25,0.5612,0.375
gateio,PACTUSDT,2026-02-26,1.1857,1.7968
gateio,PALUSDT,2025-08-06,0.717,0.6786
gateio,PALMUSDT,2025-06-15,0.5111,0.6473
gateio,PAPARAZZIUSDT,2025-06-03,1.4587,1.3842
gateio,PARTIUSDT,2025-07-06,0.6288,0.4154
gateio,PAXG3SUSDT,2026-01-29,0.7735,0.77
gateio,PBTC35AUSDT,2025-08-01,1.6008,1.006
gateio,PELLUSDT,2025-06-06,0.5804,1.0334
gateio,PENGU3LUSDT,2025-07-18,2.2791,0.9961
gateio,PENGU3SUSDT,2025-07-23,0.6227,1.4762
gateio,PENGUINUSDT,2026-01-24,1.2594,1.6182
gateio,PEOPLE3LUSDT,2025-05-17,0.6412,2.0765
gateio,PEOPLE3SUSDT,2025-05-15,2673.7716,0.6614
gateio,PEOPLEFBUSDT,2025-05-30,0.7691,0.9435
gateio,PEPE2USDT,2026-04-22,0.9265,0.4491
gateio,PEPE3LUSDT,2025-05-16,0.7339,1.575
gateio,PEPE3SUSDT,2025-05-15,0.5135,1.7697
gateio,PEPE5LUSDT,2025-05-16,0.8693,1.8631
gateio,PEPE5SUSDT,2025-05-15,0.9153,1.7022
gateio,PEPECOINUSDT,2025-05-24,0.6211,0.9913
gateio,PEPONUSDT,2025-09-03,3.1464,1.02
gateio,PERPUSDT,2025-11-12,0.6373,1.322
gateio,PHAUSDT,2025-10-31,0.5243,1.1386
gateio,PHBUSDT,2025-06-26,0.5732,0.4621
gateio,PIUSDT,2026-02-11,0.5093,0.6727
gateio,PIEVERSEUSDT,2025-11-15,4.4456,0.4052
gateio,PIEVERSE3LUSDT,2025-11-27,4.7416,1.1874
gateio,PIEVERSE3SUSDT,2025-11-27,0.6761,2.4728
gateio,PIGGYUSDT,2025-10-28,2.6253,0.989
gateio,PINUSDT,2025-06-26,0.857,0.3852
gateio,PINEUSDT,2025-06-03,0.5213,0.8324
gateio,PINGOUSDT,2025-05-17,0.5542,0.5847
gateio,PIPEUSDT,2025-10-11,0.6095,1.7745
gateio,PIPPINUSDT,2025-05-18,0.5286,1.6213
gateio,PIPPIN3LUSDT,2026-01-30,5.9769,0.9242
gateio,PIPPIN3SUSDT,2026-01-30,0.9182,2.0866
gateio,PIRATEUSDT,2025-05-31,0.54,1.3184
gateio,PITUSDT,2025-09-26,0.5145,0.702
gateio,PIXELBTC,2025-11-04,0.643,0.5964
gateio,PIXELUSDT,2025-06-23,0.5248,0.344
gateio,PIXFIUSDT,2025-07-19,0.5705,0.8855
gateio,PLANETUSDT,2025-05-31,0.5209,1.1752
gateio,PLAYSOLANAUSDT,2025-11-14,0.9392,1.5521
gateio,PLIANUSDT,2025-05-18,1.2181,0.7791
gateio,PLSPADUSDT,2025-06-18,0.6368,0.7746
gateio,PLUMEUSDT,2025-06-21,0.5016,0.4604
gateio,PNDOUSDT,2025-06-21,2.7071,1.0118
gateio,PNGUSDT,2025-07-02,0.8214,0.3441
gateio,PNUT3LUSDT,2025-05-17,0.7258,2.0469
gateio,PNUT3SUSDT,2025-05-15,1.1642,1.212
gateio,POKTUSDT,2025-05-15,7.0972,0.6185
gateio,POL3LUSDT,2025-05-31,0.5522,1.6002
gateio,POL3SUSDT,2025-05-15,0.6626,0.51
gateio,POLCUSDT,2025-05-30,0.5597,0.6973
gateio,POLISUSDT,2025-07-01,1.3714,0.3004
gateio,POLKUSDT,2025-06-26,0.5585,0.7118
gateio,POLSUSDT,2025-05-15,0.5698,1.2321
gateio,POLYXUSDT,2025-12-19,0.5259,0.8533
gateio,PONDUSDT,2025-08-01,0.5548,0.7333
gateio,POOLUSDT,2025-05-15,0.5049,1.3215
gateio,POOLXUSDT,2025-05-15,0.6032,1.2558
gateio,POPCAT3LUSDT,2025-05-17,1.2076,1.6062
gateio,POPCAT3SUSDT,2025-05-15,1.1861,0.6616
gateio,PORTUSDT,2025-05-15,0.5481,0.9424
gateio,PORT3USDT,2025-05-16,0.944,0.735
gateio,PORTALUSDT,2025-05-15,0.5319,1.4264
gateio,PORTALSUSDT,2025-09-16,1.0953,1.6015
gateio,PORTOUSDT,2025-07-29,0.5033,0.4759
gateio,POWERUSDT,2025-12-11,1.1881,0.9186
gateio,POWRUSDT,2025-12-16,1.2647,0.925
gateio,PRAIUSDT,2025-07-02,0.7995,0.5117
gateio,PRAREUSDT,2025-05-19,0.6653,0.4609
gateio,PRCLUSDT,2025-06-22,1.173,0.3177
gateio,PRIMALUSDT,2025-05-15,0.536,1.0536
gateio,PRIMEUSDT,2025-06-23,0.548,0.4159
gateio,PRIMEXUSDT,2025-07-13,0.7008,1.8185
gateio,PRLUSDT,2026-03-25,0.8831,0.9905
gateio,PROUSDT,2025-05-15,0.5563,0.6336
gateio,PROMUSDT,2025-06-23,0.6178,0.3017
gateio,PROMPTUSDT,2025-06-27,0.5226,0.4114
gateio,PROPCUSDT,2025-05-25,0.5108,1.3394
gateio,PROSPERUSDT,2025-05-15,0.6347,0.8917
gateio,PROVEUSDT,2025-08-05,1.0501,0.8661
gateio,PSGUSDT,2025-12-16,2.0046,0.9919
gateio,PSIUSDT,2025-06-26,0.5007,0.6935
gateio,PTBUSDT,2025-09-03,2.5531,0.7538
gateio,PUFFERUSDT,2025-07-02,0.9088,0.4733
gateio,PUMPUSDT,2025-07-14,12.762,0.6955
gateio,PUMP3LUSDT,2025-07-26,0.8432,0.768
gateio,PUMP3SUSDT,2025-07-18,2.9154,1.2046
gateio,PUMPBTCUSDT,2025-06-22,0.6998,0.8735
gateio,PUNDIAIUSDT,2025-05-15,1.3215,0.8256
gateio,PUNDIXUSDT,2025-07-02,0.5264,0.4478
gateio,PURRUSDT,2025-05-15,1.3574,0.817
gateio,PUSHUSDT,2025-12-07,0.5049,0.367
gateio,PVPUSDT,2025-12-29,21.9,0.598
gateio,PVUUSDT,2025-08-02,0.574,0.8679
gateio,PYBOBOUSDT,2025-11-21,28.23,0.4307
gateio,PYMUSDT,2025-06-28,0.5268,0.747
gateio,PYRUSDT,2025-10-21,1.0966,0.8025
gateio,PYTHUSDT,2025-07-05,0.5948,0.5209
gateio,PZPUSDT,2025-06-23,0.5902,0.615
gateio,QUSDT,2025-09-02,19.563,0.3491
gateio,QANXUSDT,2025-06-16,0.7126,0.3773
gateio,QBXUSDT,2025-05-15,1.2184,0.9955
gateio,QKAUSDT,2025-07-11,2.2146,0.6058
gateio,QKCUSDT,2025-07-12,0.654,0.7916
gateio,QNTUSDT,2025-11-22,0.5099,0.7501
gateio,QORPOUSDT,2025-06-05,0.5614,1.7842
gateio,QUAIUSDT,2025-06-15,0.5814,1.0823
gateio,R2USDT,2026-03-30,3.76,1.1867
gateio,RADUSDT,2025-12-15,0.5269,0.851
gateio,RADARUSDT,2025-05-15,0.5859,0.8442
gateio,RAIREFLEXINDEXUSDT,2025-08-31,3.8154,0.5224
gateio,RAREUSDT,2025-08-02,0.5098,0.7836
gateio,RARIUSDT,2025-06-22,0.5025,0.9103
gateio,RATINGUSDT,2025-09-14,0.5133,0.6936
gateio,RATSUSDT,2025-09-09,0.5664,0.3915
gateio,RAVEUSDT,2025-12-12,1.9887,0.7746
gateio,RBNTUSDT,2025-06-22,0.5386,0.582
gateio,RCADEUSDT,2025-07-29,0.5659,0.9306
gateio,RDNTUSDT,2025-07-02,0.5521,0.4478
gateio,REACTUSDT,2025-05-30,0.6663,1.109
gateio,READYUSDT,2025-05-15,6.5893,0.7435
gateio,RECALLUSDT,2025-10-17,0.9076,1.375
gateio,RECTUSDT,2025-05-15,0.5075,0.9879
gateio,REDOUSDT,2025-05-15,0.6637,1.021
gateio,REIGNUSDT,2025-06-12,0.5215,0.9673
gateio,REKTCOINUSDT,2025-05-15,0.6163,0.3953
gateio,RENUSDT,2025-05-15,0.6311,0.9778
gateio,RENDERUSDT,2025-11-05,0.5752,1.1578
gateio,REPUSDT,2025-07-13,0.5258,0.713
gateio,REQUSDT,2025-06-23,0.5252,0.8515
gateio,RESOLVUSDT,2025-06-10,3.139,0.8468
gateio,RESOLV3LUSDT,2025-06-11,1.1679,1.8047
gateio,RESOLV3SUSDT,2025-06-11,1.5738,0.628
gateio,REVUUSDT,2025-06-23,0.6223,0.3417
gateio,REZUSDT,2025-06-23,1.4421,0.6492
gateio,RFCUSDT,2025-05-31,0.635,1.2168
gateio,RFRMUSDT,2025-07-27,7.2847,1.0107
gateio,RHEAUSDT,2025-07-30,7.9445,0.9441
gateio,RIDEUSDT,2025-11-21,0.6563,1.2955
gateio,RIFUSDT,2026-03-30,0.5122,0.4639
gateio,RINGUSDT,2025-05-16,0.5471,1.1724
gateio,RITEUSDT,2025-05-15,1.0969,1.4147
gateio,RIVER3LUSDT,2026-02-02,1.3088,1.7544
gateio,RIVER3SUSDT,2026-01-28,12.9935,1.0733
gateio,RIZUSDT,2025-05-15,1.996,0.471
gateio,RLCUSDT,2025-07-05,0.5197,0.6058
gateio,RLSUSDT,2026-03-18,0.5116,1.4194
gateio,RNBWUSDT,2026-02-24,0.598,1.1157
gateio,ROAUSDT,2025-05-15,1.9024,1.0564
gateio,ROAMUSDT,2025-05-31,0.537,1.26
gateio,ROBOUSDT,2026-02-27,5.2242,0.6802
gateio,RONUSDT,2025-06-15,0.7312,0.9835
gateio,ROOBEEUSDT,2025-06-01,0.5271,1.4337
gateio,ROOTUSDT,2025-05-16,0.9667,1.0697
gateio,ROSEUSDT,2025-10-22,0.5592,0.4611
gateio,ROUTEUSDT,2025-07-05,0.6842,0.4928
gateio,RPLUSDT,2025-05-24,0.5941,0.5266
gateio,RSCUSDT,2025-06-06,0.5338,0.9979
gateio,RSS3USDT,2025-08-02,0.56,0.8953
gateio,RTFUSDT,2025-11-09,0.5355,0.5912
gateio,RUNWAGOUSDT,2025-09-18,9.7778,0.989
gateio,RVNUSDT,2025-05-18,1.0407,0.9247
gateio,RVVUSDT,2025-10-18,2.3999,1.1776
gateio,RWAUSDT,2025-05-22,0.6935,1.7465
gateio,RWAINCUSDT,2025-05-15,0.731,1.4791
gateio,RZTOUSDT,2025-10-18,4.5552,1.1307
gateio,RedLangUSDT,2025-07-09,0.5396,0.4051
gateio,SUSDT,2025-11-04,0.5921,1.2502
gateio,SAASUSDT,2025-07-01,0.773,0.597
gateio,SAFEUSDT,2025-05-17,0.52,1.1604
gateio,SAFFRONFIUSDT,2025-05-15,0.7576,0.8446
gateio,SAGAUSDT,2025-06-23,0.7768,0.4677
gateio,SAHARAUSDT,2025-07-06,1.0802,0.8379
gateio,SAIUSDT,2025-05-16,0.644,0.5828
gateio,SAMOUSDT,2025-12-20,1.2759,0.5184
gateio,SANDUSDT,2026-01-01,0.5294,0.5355
gateio,SAND3LUSDT,2025-06-06,0.66,1.4771
gateio,SAND3SUSDT,2025-05-15,1.0398,0.4137
gateio,SANTOSUSDT,2025-07-09,0.5061,0.5795
gateio,SAOUSDT,2025-07-28,0.7548,0.8748
gateio,SAPIENUSDT,2025-09-02,2.2732,0.537
gateio,SATSUSDT,2025-09-09,1.019,0.9159
gateio,SAUBERUSDT,2025-07-06,0.9316,0.831
gateio,SAUCEUSDT,2025-06-18,0.5112,1.0459
gateio,SBETONUSDT,2025-12-30,0.6619,0.6385
gateio,SBRUSDT,2025-05-15,0.5403,1.2284
gateio,SCAUSDT,2025-06-14,0.6118,0.3656
gateio,SCARCITYUSDT,2025-07-01,0.5023,0.4323
gateio,SCCPUSDT,2025-06-12,3.018,1.1501
gateio,SCIHUBUSDT,2025-06-26,2.7509,0.9012
gateio,SCORUSDT,2025-12-18,0.5136,1.9088
gateio,SCRTUSDT,2025-09-23,0.6089,0.915
gateio,SCTUSDT,2025-05-15,0.8962,0.5597
gateio,SDUSDT,2025-05-16,0.5282,1.0302
gateio,SDEXUSDT,2025-11-28,2.3616,0.5881
gateio,SDMUSDT,2025-12-19,0.6242,1.1676
gateio,SEIUSDT,2025-06-07,0.8241,0.5264
gateio,SEI3LUSDT,2025-06-07,2.4916,0.751
gateio,SEI3SUSDT,2025-05-15,0.983,0.3406
gateio,SENTUSDT,2026-01-22,1.1026,0.8742
gateio,SENT3LUSDT,2026-01-30,0.6821,2.289
gateio,SENT3SUSDT,2026-01-30,2.8108,0.9918
gateio,SFIUSDT,2025-05-31,0.5314,1.0374
gateio,SFPUSDT,2025-05-18,0.5045,1.3685
gateio,SFUNDUSDT,2025-05-31,0.5082,0.612
gateio,SGRUSDT,2026-02-24,0.5162,1.0052
gateio,SHELLUSDT,2025-07-07,0.5902,0.3795
gateio,SHFTUSDT,2025-06-26,1.0877,0.7195
gateio,SHIB2USDT,2025-05-15,0.7344,0.7768
gateio,SHIB3SUSDT,2025-05-15,0.8367,0.4158
gateio,SHIB5LUSDT,2025-05-18,0.5066,2.3872
gateio,SHIB5SUSDT,2025-05-15,1.3608,0.5124
gateio,SHIROUSDT,2025-05-22,0.7964,0.956
gateio,SHMUSDT,2025-05-16,0.5257,1.142
gateio,SHPINGUSDT,2025-10-11,0.6776,1.0084
gateio,SHXUSDT,2025-05-25,0.8009,0.3976
gateio,SIDUSUSDT,2025-08-28,0.5694,1.0039
gateio,SIGNUSDT,2025-09-06,0.8297,0.8953
gateio,SINUSDT,2025-08-30,0.7851,0.3877
gateio,SINGLEUSDT,2025-05-28,0.6808,1.1429
gateio,SIRENUSDT,2025-07-23,1.4652,0.481
gateio,SIXUSDT,2025-06-06,0.8431,0.7329
gateio,SKATEUSDT,2025-06-13,0.8527,0.8817
gateio,SKOPUSDT,2025-05-23,0.6569,0.3249
gateio,SKRUSDT,2026-01-21,24.6697,0.7726
gateio,SKYAUSDT,2025-05-16,0.6161,1.4087
gateio,SLCUSDT,2025-05-15,1.8107,0.6115
gateio,SLERFUSDT,2025-12-04,0.5003,1.3196
gateio,SLIMUSDT,2025-11-15,0.7101,0.5144
gateio,SLPUSDT,2025-07-05,1.1314,0.5017
gateio,SLV3LUSDT,2026-02-11,0.5992,0.6417
gateio,SLV3SUSDT,2026-01-26,2.2183,1.1217
gateio,SLVONUSDT,2025-12-10,0.5235,0.6241
gateio,SMARTUSDT,2025-05-22,2.2587,0.8708
gateio,SMBUSDT,2025-05-29,0.5746,0.7775
gateio,SMTXUSDT,2025-05-16,0.5985,1.2588
gateio,SMURFCATUSDT,2025-06-02,0.5108,1.1031
gateio,SMXUSDT,2025-08-06,0.6717,1.039
gateio,SNEKUSDT,2025-06-23,0.9841,0.3283
gateio,SNFT1USDT,2025-07-27,0.537,0.4774
gateio,SNTUSDT,2025-05-15,1.2718,0.8114
gateio,SOGNIUSDT,2025-07-02,0.904,1.297
gateio,SOILUSDT,2025-05-24,0.5307,0.8436
gateio,SOL3LUSDT,2025-06-06,0.5606,1.5436
gateio,SOL3SUSDT,2025-05-19,0.5554,0.3954
gateio,SOL5LUSDT,2025-05-18,0.5236,2.2625
gateio,SOL5SUSDT,2025-05-15,0.6295,0.5173
gateio,SOMIUSDT,2025-09-02,1.7198,0.778
gateio,SONICUSDT,2025-12-24,0.5036,0.7633
gateio,SOONUSDT,2025-05-23,11.916,0.7095
gateio,SOPHUSDT,2025-05-28,1.6633,0.7665
gateio,SOPHIAUSDT,2025-05-20,0.5283,1.0406
gateio,SOSOUSDT,2025-06-07,0.7038,0.5524
gateio,SOULUSDT,2025-08-03,0.5847,1.177
gateio,SOVRNUSDT,2025-05-22,0.5135,1.3636
gateio,SPAUSDT,2025-07-06,0.5142,0.8059
gateio,SPARKLETUSDT,2025-05-30,0.6635,0.9529
gateio,SPECUSDT,2025-06-21,0.5875,0.9142
gateio,SPELLFIREUSDT,2025-07-14,7.6356,0.5693
gateio,SPFCUSDT,2025-05-29,0.5617,1.4447
gateio,SPKUSDT,2025-07-05,5.3087,0.5399
gateio,SPOUSDT,2026-03-05,0.9003,0.7373
gateio,SPONUSDT,2025-07-29,1.0643,1.4106
gateio,SPSUSDT,2026-01-10,0.6506,0.9791
gateio,SPURSUSDT,2025-06-07,0.5398,0.9078
gateio,SPXUSDT,2025-05-15,0.6085,0.5284
gateio,SPX3LUSDT,2025-06-10,0.856,1.8099
gateio,SPX3SUSDT,2025-06-11,1.0179,1.4526
gateio,SPX5003LUSDT,2026-03-03,0.6444,1.2771
gateio,SQDUSDT,2025-06-25,0.5198,0.8608
gateio,SQRUSDT,2025-07-09,0.9392,0.9044
gateio,SQTUSDT,2025-05-31,0.5229,1.2021
gateio,SSGUSDT,2025-05-15,2.3157,0.8108
gateio,STUSDT,2026-04-15,2.4375,0.8304
gateio,STABLEUSDT,2025-12-18,0.6813,0.4664
gateio,STARHEROESUSDT,2025-06-14,0.6575,1.1445
gateio,STBLUSDT,2025-10-18,0.6144,1.3515
gateio,STBUUSDT,2025-06-01,0.5119,1.3675
gateio,STEEMUSDT,2026-02-09,0.5787,0.8297
gateio,STETHUSDT,2025-06-17,0.7689,1.0082
gateio,STGUSDT,2026-01-05,0.7017,0.3969
gateio,STIKUSDT,2025-06-27,2.5805,0.6263
gateio,STIXUSDT,2025-07-08,0.5323,1.1026
gateio,STOUSDT,2025-06-22,0.764,0.5791
gateio,STOCUSDT,2025-06-30,37.0951,0.9804
gateio,STORJUSDT,2025-11-04,0.5605,1.0638
gateio,STORMUSDT,2026-04-19,0.5373,0.4355
gateio,STOSUSDT,2025-06-06,0.5152,1.1827
gateio,STRAXUSDT,2025-07-04,0.5619,0.612
gateio,STRIKEUSDT,2025-10-01,2.015,0.8829
gateio,STRKUSDT,2025-06-23,0.5135,0.3677
gateio,STRK3LUSDT,2025-05-17,0.5086,2.1474
gateio,STRK3SUSDT,2025-05-15,0.8396,0.6853
gateio,STRMUSDT,2025-05-15,1.0245,1.1293
gateio,STTUSDT,2025-08-14,0.5376,1.3391
gateio,SUI3LUSDT,2025-06-06,0.8133,1.6076
gateio,SUI3SUSDT,2025-05-15,0.7475,0.4583
gateio,SUI5LUSDT,2025-05-20,0.5043,2.6451
gateio,SUI5SUSDT,2025-05-15,1.2087,0.5216
gateio,SUKUUSDT,2025-06-26,0.8365,0.6618
gateio,SUNUSDT,2025-09-02,0.7367,0.6671
gateio,SUNDOGUSDT,2025-12-18,0.7625,0.5395
gateio,SUPEUSDT,2025-05-15,0.5708,1.3841
gateio,SUPERBITCOINUSDT,2025-09-23,7.3168,1.0344
gateio,SUPERFORMUSDT,2026-02-16,0.5723,0.6918
gateio,SUPRAUSDT,2025-06-23,0.5247,0.4568
gateio,SUSDUSDT,2025-07-22,4.883,0.97
gateio,SUSHI3LUSDT,2025-05-18,0.5752,1.7687
gateio,SUSHI3SUSDT,2025-05-15,0.6553,0.8439
gateio,SUTUSDT,2025-08-07,3.6001,0.8558
gateio,SWANUSDT,2025-05-15,1.3688,0.9401
gateio,SWAPUSDT,2025-10-16,0.5565,1.3736
gateio,SWARMSUSDT,2025-06-15,0.5803,0.5172
gateio,SWASHUSDT,2025-05-24,0.6085,1.2339
gateio,SWAYUSDT,2025-05-29,1.194,0.672
gateio,SWCHUSDT,2025-06-08,0.513,1.6365
gateio,SWEATUSDT,2025-10-24,0.5893,0.9579
gateio,SWELLUSDT,2025-06-29,0.5778,0.3459
gateio,SWFTCUSDT,2025-11-05,0.5665,1.0328
gateio,SXPUSDT,2025-12-02,0.618,0.9452
gateio,SYNUSDT,2025-06-26,0.5979,0.5929
gateio,SYNDUSDT,2025-09-20,0.7669,1.6388
gateio,SYRUPUSDT,2025-05-31,0.5653,0.3815
gateio,SYRUP3LUSDT,2025-06-18,0.6441,1.4197
gateio,SYRUP3SUSDT,2025-06-17,1.3924,1.3974
gateio,TAUSDT,2025-08-06,0.5344,1.1816
gateio,TAIUSDT,2025-05-15,0.5979,0.7264
gateio,TAIKOUSDT,2025-07-08,0.5078,0.4857
gateio,TAKERUSDT,2025-07-18,10.26,1.0199
gateio,TALENTUSDT,2025-06-20,0.511,0.8902
gateio,TANSSIUSDT,2025-07-11,0.5298,1.1446
gateio,TAOUSDT,2025-09-26,0.606,0.3724
gateio,TAPPROTOCOLUSDT,2025-06-16,1.2361,1.1233
gateio,TAURUSDT,2025-05-28,1.7045,0.4297
gateio,TBKUSDT,2025-12-24,28.8998,0.8353
gateio,TCOMUSDT,2025-08-15,1.3,1.1631
gateio,TDROPUSDT,2025-07-05,8.1157,0.9919
gateio,TEDUSDT,2025-05-15,5.5364,1.0331
gateio,TETUSDT,2025-06-27,0.5398,0.4616
gateio,TEVAUSDT,2025-05-15,0.7787,1.2094
gateio,TFUELUSDT,2025-11-05,0.5074,1.0454
gateio,THEUSDT,2025-06-27,1.4443,0.3534
gateio,THETAUSDT,2026-03-31,0.8388,0.5044
gateio,THETA3SUSDT,2025-05-15,1.1089,0.5229
gateio,THLUSDT,2026-02-15,0.6119,1.0922
gateio,THQUSDT,2025-12-18,0.5895,1.5309
gateio,TIAUSDT,2025-07-05,0.5125,0.5914
gateio,TIA3LUSDT,2025-05-18,0.6065,2.0736
gateio,TIA3SUSDT,2025-05-15,1.2652,0.3616
gateio,TICOUSDT,2025-05-15,1.3289,0.5362
gateio,TIMECHRONOUSDT,2025-07-16,0.9998,0.6575
gateio,TITNUSDT,2025-11-03,2.874,0.6057
gateio,TKOUSDT,2025-07-06,0.5124,0.3966
gateio,TLMUSDT,2025-12-13,0.9311,0.8927
gateio,TNKUSDT,2025-11-15,1.0,1.5517
gateio,TNSRUSDT,2025-07-06,0.5009,0.5196
gateio,TON3LUSDT,2025-05-16,0.5151,1.1537
gateio,TON3SUSDT,2025-06-04,0.6291,0.7268
gateio,TON5LUSDT,2025-05-16,0.6033,1.483
gateio,TON5SUSDT,2025-05-15,0.589,1.7854
gateio,TONCUSDT,2025-05-18,0.5039,0.3536
gateio,TOSHIUSDT,2025-06-23,0.5813,0.3513
gateio,TOSHI3LUSDT,2025-05-16,0.5362,2.254
gateio,TOSHI3SUSDT,2025-05-15,1.0217,0.5364
gateio,TOWNUSDT,2025-08-27,0.582,2.1037
gateio,TOWNSUSDT,2025-08-28,0.6811,0.6269
gateio,TRAUSDT,2025-11-20,0.6579,0.4654
gateio,TRADEUSDT,2025-07-09,0.502,0.5383
gateio,TRADOORUSDT,2025-12-03,2.6,0.5384
gateio,TRALAUSDT,2025-09-10,0.6511,1.8262
gateio,TRBUSDT,2025-05-15,0.9147,0.8106
gateio,TRB3LUSDT,2025-05-28,1.1572,1.5813
gateio,TRB3SUSDT,2025-05-30,1.478,1.1902
gateio,TRCUSDT,2025-05-21,1.8419,0.5877
gateio,TRCLUSDT,2025-05-25,2.5593,0.6128
gateio,TREATUSDT,2025-06-26,0.7721,0.7867
gateio,TREEUSDT,2025-07-29,2.381,1.0537
gateio,TRIOUSDT,2025-06-13,0.7748,0.3944
gateio,TRKXUSDT,2025-05-15,3.0437,1.0181
gateio,TROLLUSDT,2025-08-09,0.7637,1.3145
gateio,TROLLFACEUSDT,2025-07-05,0.6569,0.7478
gateio,TRRUSDT,2025-05-15,0.6684,0.4081
gateio,TRUUSDT,2025-07-06,0.5645,0.5011
gateio,TRUFUSDT,2025-06-21,0.5991,1.1185
gateio,TRUMPUSDT,2025-10-18,0.508,0.5906
gateio,TRUMP3LUSDT,2025-05-15,0.5766,1.9586
gateio,TRUMP3SUSDT,2025-05-18,0.7084,0.5036
gateio,TRUMP5LUSDT,2025-05-15,0.7818,2.0335
gateio,TRUMP5SUSDT,2025-05-15,0.6335,0.7895
gateio,TRUSTUSDT,2025-11-05,0.6578,1.9733
gateio,TRVLBTC,2025-07-26,0.5462,0.7963
gateio,TRWAUSDT,2025-09-15,0.5059,1.4058
gateio,TRX3LUSDT,2025-06-30,0.7117,0.3223
gateio,TRX3SUSDT,2025-08-21,0.5149,0.7277
gateio,TRX5LUSDT,2025-05-24,0.5061,1.0566
gateio,TRX5SUSDT,2025-06-11,0.5157,0.9786
gateio,TSLA3LUSDT,2026-04-07,0.5274,0.7197
gateio,TSLAONUSDT,2025-09-03,16.7836,0.9983
gateio,TSTBSCUSDT,2025-08-11,0.5654,0.9236
gateio,TTUSDT,2025-11-22,0.5255,0.9353
gateio,TTDUSDT,2025-12-26,0.5645,2.0895
gateio,TUNEUSDT,2025-05-15,1.7444,0.8732
gateio,TURBO3LUSDT,2025-05-18,0.8006,1.8391
gateio,TURBO3SUSDT,2025-05-15,0.6136,0.6849
gateio,TURBOSUSDT,2025-05-24,0.5324,1.1557
gateio,TURTUSDT,2025-06-19,0.6424,1.1709
gateio,TURTLEUSDT,2026-04-10,0.548,0.6624
gateio,TWTUSDT,2025-09-02,1.1089,0.3827
gateio,TXUSDT,2026-03-27,0.5736,1.1707
gateio,TYCOONUSDT,2025-11-04,1.603,1.0858
gateio,U2UUSDT,2025-06-01,1.2072,0.4591
gateio,UAIUSDT,2025-11-06,0.8065,1.2651
gateio,UBUSDT,2025-09-12,2.4768,0.8158
gateio,UB3LUSDT,2026-04-24,15.0743,0.93
gateio,UB3SUSDT,2026-05-03,0.7541,2.2555
gateio,UDAOUSDT,2025-07-12,69.5108,1.0024
gateio,UDSUSDT,2025-05-15,0.692,1.7356
gateio,ULTIUSDT,2025-05-17,0.5616,1.0123
gateio,UMAUSDT,2025-05-22,0.5264,0.584
gateio,UNAUSDT,2025-05-15,1.5338,0.6701
gateio,UNCXUSDT,2026-02-03,0.5231,1.8025
gateio,UNFIUSDT,2025-05-15,0.5335,1.1437
gateio,UNI3LUSDT,2025-05-16,0.5927,1.333
gateio,UNI3SUSDT,2025-05-15,0.5514,1.5305
gateio,UNI5LUSDT,2025-05-16,0.6086,1.8375
gateio,UNI5SUSDT,2025-05-15,1977.1631,0.7948
gateio,UNIBOTUSDT,2025-07-22,0.5844,0.9259
gateio,UNIONUSDT,2025-09-05,1.1067,1.08
gateio,UNIT0USDT,2025-06-01,0.7193,1.0877
gateio,UNNUSDT,2025-05-24,1.1238,0.9524
gateio,UOSUSDT,2025-10-11,0.5237,1.3696
gateio,UPUSDT,2026-04-03,1.0634,1.093
gateio,URANUSUSDT,2025-08-13,0.6668,1.2439
gateio,USUSDT,2026-03-04,0.5563,0.8563
gateio,USATUSDT,2026-03-26,0.5518,1.0014
gateio,USD1USDT,2025-05-28,0.9708,1.002
gateio,USELESSUSDT,2025-07-12,0.6687,1.0561
gateio,USTCUSDT,2025-07-02,0.5069,0.5073
gateio,USUALUSDT,2025-06-23,0.6007,0.5698
gateio,UXLINKUSDT,2025-10-06,1.3818,0.3796
gateio,VAIOTUSDT,2025-06-26,0.6428,0.3379
gateio,VANAUSDT,2026-02-06,0.5637,1.044
gateio,VANRYUSDT,2025-06-23,0.7473,0.3992
gateio,VARAUSDT,2025-10-11,0.5007,1.2961
gateio,VCUSDT,2025-06-30,0.5307,0.8753
gateio,VDRUSDT,2025-05-15,1.5877,0.8414
gateio,VELOUSDT,2025-07-01,0.5324,0.3427
gateio,VELODROMEUSDT,2025-07-02,0.5133,0.3289
gateio,VELVETUSDT,2025-07-10,1.5986,0.7657
gateio,VEMPUSDT,2025-05-22,0.6052,0.978
gateio,VENOMUSDT,2025-05-25,0.9884,0.3878
gateio,VERTUSDT,2025-05-15,1.6361,0.8345
gateio,VFYUSDT,2025-09-30,1.6017,1.1204
gateio,VGXUSDT,2025-05-30,0.5951,1.1152
gateio,VINEUSDT,2025-06-22,0.5705,0.3632
gateio,VIRTUALUSDT,2025-05-18,0.5346,1.0359
gateio,VIRTUAL3LUSDT,2025-05-15,0.526,1.8407
gateio,VIRTUAL3SUSDT,2025-05-15,0.6486,1.9615
gateio,VLRUSDT,2025-10-23,0.5,1.4657
gateio,VMTUSDT,2025-07-29,1.1524,1.0503
gateio,VNOUSDT,2025-06-07,2.3833,1.1114
gateio,VOIDUSDT,2025-05-15,0.5338,1.287
gateio,VOLTUSDT,2026-01-01,0.5625,1.3247
gateio,VONUSDT,2025-05-15,0.8369,1.213
gateio,VOOIUSDT,2025-12-23,0.5435,1.9219
gateio,VOXELUSDT,2025-07-05,0.5675,0.7189
gateio,VPRUSDT,2025-05-15,1.8717,0.8893
gateio,VRUSDT,2025-09-02,1.0403,0.3198
gateio,VRAUSDT,2025-07-09,0.7482,0.4443
gateio,VSNUSDT,2025-07-16,1.223,0.6558
gateio,VSXUSDT,2025-05-19,0.6527,0.7467
gateio,VTUSDT,2025-05-25,0.5147,1.794
gateio,VTHOUSDT,2025-12-19,0.5328,1.0405
gateio,VVSUSDT,2025-06-23,0.664,0.6281
gateio,VVVUSDT,2025-06-06,0.5359,1.0533
gateio,W3GGUSDT,2025-07-02,0.5068,0.6995
gateio,WAGUSDT,2025-07-29,0.5065,0.5477
gateio,WAGMIGAMESUSDT,2025-06-06,0.5025,1.4615
gateio,WAIUSDT,2025-08-12,2.599,0.5693
gateio,WALUSDT,2025-12-23,0.5096,0.7547
gateio,WALLETUSDT,2025-06-30,0.716,0.485
gateio,WAMUSDT,2025-06-26,0.7171,0.5812
gateio,WATUSDT,2025-06-15,0.5312,1.8847
gateio,WAVESUSDT,2025-08-02,0.5575,0.3263
gateio,WAXLUSDT,2025-05-23,0.6199,0.6173
gateio,WAXPUSDT,2026-03-02,0.692,0.7639
gateio,WBAIUSDT,2025-10-15,8.5546,0.9267
gateio,WCTUSDT,2025-05-15,1.4974,1.0406
gateio,WELL3USDT,2025-05-15,0.9342,0.6863
gateio,WEMIXUSDT,2025-05-31,0.8064,0.3899
gateio,WESTUSDT,2025-05-15,0.5054,1.3678
gateio,WETUSDT,2025-12-09,1.4287,0.7694
gateio,WHYUSDT,2025-07-05,0.5206,0.4103
gateio,WHYPADUSDT,2026-01-28,3.4332,0.9953
gateio,WIFUSDT,2025-06-23,0.5589,0.3073
gateio,WIF3LUSDT,2025-05-16,1.1354,1.4935
gateio,WIF3SUSDT,2025-05-15,0.6352,1.726
gateio,WIF5LUSDT,2025-05-16,1.1112,1.8147
gateio,WIF5SUSDT,2025-05-15,1.1852,1.6761
gateio,WINUSDT,2025-11-19,0.8046,0.7336
gateio,WINGUSDT,2025-05-15,0.6443,1.5047
gateio,WKCUSDT,2025-06-25,0.5752,0.5382
gateio,WLUSDT,2026-04-02,0.5316,1.8619
gateio,WLDUSDT,2025-05-18,0.5355,1.0698
gateio,WLD3LUSDT,2026-04-29,0.5221,0.9213
gateio,WLD5LUSDT,2025-05-15,0.6891,2.2022
gateio,WLD5SUSDT,2025-05-15,0.9286,1.9031
gateio,WLFIUSDT,2025-09-01,2.9286,1.1206
gateio,WLFI3LUSDT,2025-09-05,1.249,1.0432
gateio,WLFI3SUSDT,2025-09-02,1.5543,1.3659
gateio,WMTXUSDT,2025-08-22,0.5008,0.307
gateio,WNCGBTC,2025-05-25,0.6988,0.9994
gateio,WNCGUSDT,2025-05-25,0.7585,1.0234
gateio,WNXMUSDT,2025-07-03,6.5537,0.9567
gateio,WOJAKUSDT,2026-02-06,0.5245,2.0893
gateio,WOLFUSDT,2025-05-31,0.5329,1.0858
gateio,WRTUSDT,2025-08-01,2.5822,0.9838
gateio,WRXUSDT,2025-07-01,0.5442,0.3336
gateio,WSBUSDT,2025-06-13,0.5112,1.168
gateio,WSDMUSDT,2025-09-27,0.5597,0.9773
gateio,WUSDUSDT,2025-08-28,1.1209,1.0002
gateio,WXMUSDT,2025-06-23,0.5175,1.0819
gateio,WXTUSDT,2025-05-27,0.6249,0.5673
gateio,WXTMUSDT,2025-07-31,0.6199,1.3433
gateio,WZRDUSDT,2026-02-04,0.5373,0.8019
gateio,XUSDT,2025-07-01,0.6396,0.6145
gateio,XAG3LUSDT,2026-01-20,1.0359,1.749
gateio,XAG3SUSDT,2026-01-23,0.5142,1.5042
gateio,XAG5SUSDT,2026-03-09,1.9028,0.9649
gateio,XAIUSDT,2025-06-23,0.506,0.4283
gateio,XANUSDT,2025-09-29,2.0472,1.3231
gateio,XARUSDT,2025-06-13,1.7276,0.7085
gateio,XAU3LUSDT,2026-01-20,0.6312,1.0978
gateio,XAU3SUSDT,2026-01-29,0.8123,0.7666
gateio,XAU5SUSDT,2026-03-09,1.3988,0.7169
gateio,XAUT3LUSDT,2026-01-10,1.0592,0.3191
gateio,XAUT3SUSDT,2026-01-28,0.505,1.0246
gateio,XCHUSDT,2025-10-31,0.5229,0.8424
gateio,XCNUSDT,2025-07-08,0.5015,0.7414
gateio,XCVUSDT,2025-05-22,0.5268,1.0256
gateio,XCXUSDT,2025-08-29,0.9008,0.656
gateio,XECUSDT,2026-04-22,0.5682,0.6659
gateio,XELSUSDT,2025-06-14,10.2911,1.001
gateio,XEMUSDT,2025-06-14,0.5348,2.2472
gateio,XENUSDT,2025-06-30,0.8625,0.6382
gateio,XFIUSDT,2025-09-13,2.3996,0.5283
gateio,XGNUSDT,2025-05-15,5.0968,0.8982
gateio,XIONUSDT,2025-05-24,0.6546,0.6455
gateio,XL1USDT,2025-09-16,2.5344,0.923
gateio,XLABUSDT,2025-09-03,1.0593,1.1614
gateio,XLM3LUSDT,2025-06-26,6.1392,0.3598
gateio,XLM3SUSDT,2025-05-23,0.6538,0.6859
gateio,XNAUSDT,2025-08-19,0.5294,1.1364
gateio,XNI3LUSDT,2026-04-11,0.8422,0.5932
gateio,XNLUSDT,2025-10-31,0.5629,2.0558
gateio,XNYUSDT,2025-07-26,5.7673,0.4193
gateio,XPD3LUSDT,2026-03-27,0.5197,0.6026
gateio,XPD3SUSDT,2026-01-29,1.2322,0.639
gateio,XPINUSDT,2025-08-23,3.5534,0.505
gateio,XPIN3LUSDT,2025-10-24,0.7394,2.3185
gateio,XPIN3SUSDT,2025-10-24,4.8219,0.5581
gateio,XPLUSDT,2025-09-25,21.56,0.8018
gateio,XPL3LUSDT,2026-01-16,0.5789,2.3887
gateio,XPL3SUSDT,2026-01-07,2.2349,0.3028
gateio,XPLAUSDT,2025-05-23,0.7332,0.497
gateio,XPOWERUSDT,2025-07-08,0.5601,1.3963
gateio,XPRUSDT,2025-06-24,0.6485,0.4304
gateio,XPRTUSDT,2025-07-07,0.5649,0.8581
gateio,XPT3LUSDT,2026-02-13,0.6764,0.9164
gateio,XPT3SUSDT,2026-01-29,1.5052,0.6099
gateio,XRUSDT,2025-07-07,0.649,1.045
gateio,XRDUSDT,2025-06-29,0.5385,0.551
gateio,XREATORSUSDT,2025-06-14,0.5598,1.0501
gateio,XRP3SUSDT,2025-05-15,0.7381,0.4781
gateio,XRP5LUSDT,2025-06-06,0.7274,1.47
gateio,XRP5SUSDT,2025-05-15,1.2729,0.5694
gateio,XRWAUSDT,2025-07-29,2.4074,0.9044
gateio,XSEEDUSDT,2025-07-08,0.5233,0.874
gateio,XSWAPUSDT,2025-06-06,1.3363,0.7431
gateio,XTERUSDT,2025-09-24,0.5172,1.5913
gateio,XTZUSDT,2025-07-02,1.3561,0.3208
gateio,XU3O8USDT,2026-01-11,0.5534,0.6508
gateio,XYMUSDT,2025-11-09,0.9141,0.4557
gateio,XYOUSDT,2025-06-26,0.5553,0.5857
gateio,XYROUSDT,2025-07-03,0.7378,1.4452
gateio,XZKUSDT,2025-05-15,1.1129,1.1525
gateio,Y8UUSDT,2025-07-23,11.1635,0.9233
gateio,YALAUSDT,2025-07-22,3.6234,0.3888
gateio,YBUSDT,2025-10-20,0.5726,0.8705
gateio,YBDBDUSDT,2025-06-06,1125.0,0.9898
gateio,YCTUSDT,2025-07-30,0.51,0.722
gateio,YFIIUSDT,2025-06-03,0.6615,1.4425
gateio,YGGUSDT,2025-08-26,0.8112,0.3151
gateio,ZAMAUSDT,2026-03-27,0.7879,0.6218
gateio,ZBCNUSDT,2025-05-15,3.537,0.4176
gateio,ZBTUSDT,2025-12-08,0.5983,0.9105
gateio,ZEC3SUSDT,2025-11-23,149.113,0.3019
gateio,ZENTUSDT,2025-08-16,0.7903,0.4536
gateio,ZERCUSDT,2025-05-15,0.5052,1.2017
gateio,ZEREBROUSDT,2025-06-22,0.5757,0.7696
gateio,ZEROUSDT,2025-06-22,1.0086,0.7812
gateio,ZETAUSDT,2026-01-21,0.5412,1.4906
gateio,ZEUMUSDT,2025-07-01,0.5306,0.5836
gateio,ZEUSUSDT,2025-06-06,0.5195,1.1935
gateio,ZEXUSDT,2025-05-17,0.7813,0.8619
gateio,ZFUSDT,2025-07-05,0.5011,0.3386
gateio,ZIGUSDT,2025-07-06,0.5868,0.5106
gateio,ZILUSDT,2026-01-20,0.5081,1.4116
gateio,ZIXUSDT,2025-06-18,0.6328,1.0853
gateio,ZKUSDT,2025-06-23,0.5956,0.3436
gateio,ZKCUSDT,2025-10-11,0.8675,0.8634
gateio,ZKJUSDT,2025-06-16,1.3704,1.3511
gateio,ZKLUSDT,2025-07-26,0.5319,1.1977
gateio,ZKPUSDT,2025-12-27,0.563,1.2675
gateio,ZKWASMUSDT,2025-07-26,1.2821,0.6966
gateio,ZLWUSDT,2025-05-19,0.5003,0.6518
gateio,ZNDUSDT,2025-05-15,2.4685,1.0848
gateio,ZOONUSDT,2025-12-04,0.9241,0.8618
gateio,ZORAUSDT,2025-06-26,0.518,0.3371
gateio,ZRCUSDT,2025-06-06,0.6054,1.2663
gateio,ZROUSDT,2025-08-01,0.5035,0.7828
gateio,ZRXUSDT,2025-12-15,0.5146,0.9404
gateio,ZSCUSDT,2025-06-26,0.516,0.8506
gateio,ZTCUSDT,2026-01-07,0.95,1.7653
gateio,ZTXUSDT,2025-07-02,0.5557,0.925
gateio,ZULUUSDT,2025-05-19,1.0433,1.009
gateio,ZYRAUSDT,2025-09-11,1.8333,0.4884
gateio,小股东USDT,2026-01-21,2.2376,1.25
gateio,币安人生3LUSDT,2026-01-13,2.4952,1.3423
gateio,币安人生3SUSDT,2026-01-13,1.0626,1.7684
gateio,我踏马来了USDT,2026-01-08,6.8424,0.8326
gateio,我踏马来了3LUSDT,2026-01-14,2.8635,1.1537
gateio,我踏马来了3SUSDT,2026-01-14,0.9346,2.0698
gateio,老子USDT,2026-01-10,2.0883,1.329
gateio,龙虾USDT,2026-03-09,2.2931,1.0851
mexc,0GUSDT,2025-09-22,8.5333,0.7811
mexc,114514USDT,2026-01-05,49.0,1.009
mexc,1INCHUSDT,2025-06-25,1.1389,0.3509
mexc,1R0RUSDT,2025-06-27,1.307,0.3673
mexc,2ZUSDT,2025-10-02,7.3665,0.98
mexc,3KDSUSDT,2026-01-27,4.115,1.2248
mexc,4USDT,2025-10-01,29.463,0.806
mexc,67USDT,2025-11-16,7.998,0.7357
mexc,9BITUSDT,2026-01-04,3.5977,0.6612
mexc,ABTC,2025-05-27,1.509,0.5553
mexc,AUSDT,2025-05-27,1.7633,0.5669
mexc,A1XUSDT,2025-06-25,0.5987,0.645
mexc,A47USDT,2025-05-25,0.6196,0.9102
mexc,A8USDT,2025-07-03,0.6298,0.773
mexc,AALONUSDT,2026-01-15,0.578,0.4325
mexc,AAPLXUSDT,2025-07-02,0.7608,0.6176
mexc,AASTUSDT,2025-05-15,0.9434,0.8948
mexc,AAVEUSDT,2025-08-06,0.5102,0.5152
mexc,ABUSDT,2025-05-16,0.5155,1.023
mexc,ABEYUSDT,2025-10-11,0.5516,0.7381
mexc,ABXUSDT,2025-05-19,0.5684,0.797
mexc,ACAUSDT,2025-06-27,0.5302,0.6011
mexc,ACEUSDT,2025-06-23,0.67,0.6653
mexc,ACHUSDT,2025-07-02,0.8148,0.4126
mexc,ACHRONUSDT,2026-03-04,0.7345,0.3952
mexc,ACMUSDT,2025-05-15,0.647,1.1915
mexc,ACNUSDT,2026-04-29,7.15,0.3652
mexc,ACSUSDT,2025-06-19,0.541,0.928
mexc,ACTUSDT,2025-10-23,0.5459,1.0573
mexc,ACUUSDT,2026-01-20,11.845,0.8069
mexc,ACXUSDT,2025-07-01,0.6937,0.4039
mexc,ADBEONUSDT,2025-10-22,1.4772,1.0519
mexc,ADOUSDT,2025-11-21,2.966,0.8995
mexc,ADXUSDT,2025-07-31,1.8317,0.3703
mexc,AEROUSDT,2025-06-01,0.8813,0.3214
mexc,AEROBUDUSDT,2025-06-23,0.7049,0.3341
mexc,AEVOUSDT,2025-06-23,0.7058,0.3935
mexc,AFCUSDT,2025-07-11,0.5353,0.6083
mexc,AFKUSDT,2026-03-25,2.9,1.3359
mexc,AGLDUSDT,2026-01-08,0.5081,1.0225
mexc,AGROUSDT,2025-07-02,0.5722,1.0767
mexc,AGRSUSDT,2025-05-15,0.5454,1.3464
mexc,AIUSDT,2026-04-29,5.8995,0.9218
mexc,AI3USDT,2025-08-27,1.2105,1.2663
mexc,AIAUSDT,2025-09-18,37.164,0.3551
mexc,AICUSDT,2025-05-22,0.516,1.2194
mexc,AIDOGEUSDT,2025-06-22,0.6038,0.6244
mexc,AINUSDT,2025-07-05,13.396,0.4794
mexc,AINETWORKUSDT,2025-07-11,1.803,0.8855
mexc,AIOUSDT,2025-08-02,5.507,0.4942
mexc,AIOTUSDT,2025-06-02,0.6214,0.8318
mexc,AIPOUSDT,2025-06-07,0.5109,2.2545
mexc,AIWUSDT,2025-05-17,0.5987,1.1584
mexc,AIXUSDT,2025-07-19,102514.926,0.6313
mexc,AIXBTUSDT,2025-05-18,0.5349,0.9782
mexc,AIXDROPUSDT,2025-11-15,3.2609,0.92
mexc,AIXPLAYUSDT,2026-03-09,16.498,0.7087
mexc,AIXTUSDT,2026-01-14,3.526,0.8185
mexc,AKIUSDT,2025-10-16,1.68,0.7905
mexc,AKITAUSDT,2026-03-24,3.366,0.5615
mexc,ALUSDT,2025-10-29,0.524,2.0114
mexc,ALCHUSDT,2025-09-20,0.5458,1.3078
mexc,ALEOUSDT,2025-07-04,0.7857,0.642
mexc,ALEPHUSDT,2025-06-18,0.5069,0.8216
mexc,ALEXUSDT,2025-08-24,0.5123,0.984
mexc,ALIUSDT,2025-06-23,0.5392,0.8169
mexc,ALICEUSDT,2025-09-21,0.9004,1.1587
mexc,ALKIMIUSDT,2025-08-19,3.375,0.8957
mexc,ALLOUSDT,2025-11-11,2.0333,1.2551
mexc,ALMANAKUSDT,2025-12-11,1.5,1.6109
mexc,ALPINEUSDT,2025-06-19,0.6257,0.7199
mexc,ALTLAYERUSDT,2025-05-29,0.7037,0.911
mexc,ALUUSDT,2025-07-02,0.5079,1.6062
mexc,ALVAUSDT,2025-05-20,1.3536,0.3629
mexc,AMDONUSDT,2025-09-21,0.5317,0.3148
mexc,AMEUSDT,2025-05-17,0.5468,1.2848
mexc,AMIUSDT,2025-06-07,0.778,0.4529
mexc,AMOREUSDT,2025-09-19,1.7333,1.1346
mexc,AMPUSDT,2025-12-22,0.5407,0.6272
mexc,AMZNXUSDT,2025-07-07,0.5,0.5692
mexc,ANDYETHUSDT,2025-06-06,0.5914,1.23
mexc,ANIUSDT,2025-07-15,16.956,0.718
mexc,ANIMEUSDT,2025-05-22,0.9322,0.6046
mexc,ANKRBTC,2026-03-04,0.5058,0.5246
mexc,ANKRUSDT,2026-02-28,0.5736,0.7729
mexc,ANONUSDT,2025-08-12,0.6014,0.4371
mexc,ANTUSDT,2025-08-07,780.196,1.0013
mexc,AOUSDT,2025-05-16,0.5596,1.1151
mexc,APEUSDT,2026-03-31,0.5929,0.6667
mexc,APEPEUSDT,2025-05-16,0.5232,0.6958
mexc,APEXUSDT,2025-05-17,0.6019,1.5348
mexc,API3USDT,2025-07-03,0.6252,0.4605
mexc,APRUSDT,2025-10-23,6.454,0.7859
mexc,APTUSDT,2025-06-22,0.5085,0.8862
mexc,APTMUSDT,2025-05-27,0.6271,0.7405
mexc,APUUSDT,2025-07-05,0.6009,0.5261
mexc,ARCUSDT,2025-06-28,0.512,1.0489
mexc,ARCIELUSDT,2026-01-30,100.472,0.8287
mexc,ARCSOLUSDT,2025-06-23,0.5798,0.4057
mexc,AREAUSDT,2025-06-19,0.5,0.54
mexc,ARIUSDT,2025-05-15,20.6554,1.0038
mexc,ARIAUSDT,2025-08-21,6.5,0.3433
mexc,ARKUSDT,2025-06-24,1.1235,0.73
mexc,ARKMUSDT,2025-09-02,0.5381,0.4493
mexc,ARMONUSDT,2025-09-12,0.5619,0.307
mexc,ARPAUSDT,2025-10-11,0.6183,0.762
mexc,ARRRUSDT,2025-07-26,1.481,0.7511
mexc,ARTUSDT,2025-09-09,3.896,1.1461
mexc,ARTFIUSDT,2025-06-06,0.6306,1.1837
mexc,ARTYUSDT,2025-06-03,0.5023,1.29
mexc,ARWUSDT,2025-07-02,9.0,0.8546
mexc,ARXUSDT,2025-11-12,1.35,0.8844
mexc,ASIUSDT,2025-05-15,0.6158,1.0367
mexc,ASMUSDT,2025-10-11,0.5517,1.0906
mexc,ASMLONUSDT,2025-10-22,1.1176,0.9868
mexc,ASPUSDT,2025-07-24,1.6025,0.8918
mexc,ASSUSDT,2025-05-15,0.7954,0.9745
mexc,ASTERUSDT,2025-09-19,7.12,0.382
mexc,ASTEROIDUSDT,2026-04-17,15.477,0.501
mexc,ASTEROID1USDT,2026-04-25,2.8822,1.0805
mexc,ASTRAUSDT,2025-05-24,0.5841,1.7014
mexc,ASTRAAIUSDT,2025-05-19,0.6358,1.2274
mexc,ASTRAIUSDT,2026-03-25,56.5,1.017
mexc,ATUSDT,2025-10-24,7.956,0.7182
mexc,ATHUSDT,2025-08-21,0.5998,0.4651
mexc,ATLASUSDT,2025-07-02,0.5603,0.3228
mexc,ATTUSDT,2025-09-27,1.0408,0.9246
mexc,AUCUSDT,2025-05-15,0.6996,1.4655
mexc,AUCTIONUSDT,2025-06-25,0.5751,0.5344
mexc,AUKIUSDT,2025-06-30,0.5249,0.8652
mexc,AURASOLUSDT,2025-06-11,14.8633,0.6185
mexc,AURORAUSDT,2025-08-09,0.5565,0.9765
mexc,AUTONOMIUSDT,2025-07-11,0.5578,0.5721
mexc,AVAUSDT,2025-10-11,0.8085,0.7999
mexc,AVAAIUSDT,2025-05-20,0.5343,1.6801
mexc,AVAILUSDT,2025-08-27,1.2417,0.8589
mexc,AVICIUSDT,2025-11-06,7.318,0.7879
mexc,AVLUSDT,2025-07-05,0.5414,0.5997
mexc,AVNTUSDT,2025-09-09,54.0,0.4701
mexc,AVTUSDT,2025-05-15,3.52,0.8366
mexc,AWEUSDT,2025-05-21,3.19,0.5155
mexc,AXMUSDT,2025-09-05,1.0345,0.5183
mexc,AXSUSDT,2025-12-27,0.662,0.5352
mexc,AZENUSDT,2025-12-21,1.5758,1.3001
mexc,AZEROUSDT,2025-05-27,0.6015,1.0247
mexc,AZTECUSDT,2026-02-12,7.0,0.556
mexc,AZURUSDT,2025-08-15,0.5543,0.8833
mexc,B2USDT,2025-06-14,0.5796,0.5806
mexc,B3USDT,2025-07-25,0.5028,0.9783
mexc,BABYUSDT,2025-07-09,0.5254,0.56
mexc,BABYBONKUSDT,2025-09-10,10.0533,0.5196
mexc,BABYDOGEUSDT,2025-07-05,0.5041,0.6341
mexc,BADGERBTC,2026-04-06,0.5044,0.7419
mexc,BADGERUSDT,2026-04-05,0.8177,0.6451
mexc,BALUSDT,2025-07-03,1.2193,0.6667
mexc,BANANAUSDT,2025-06-26,0.5337,0.3952
mexc,BANANAS31USDT,2025-06-08,1.9839,0.8049
mexc,BARDUSDT,2025-09-18,11.8333,0.5367
mexc,BASUSDT,2025-08-19,53.272,0.3067
mexc,BASEDUSDT,2026-03-30,7.1658,0.8178
mexc,BATUSDT,2025-09-25,0.661,0.4595
mexc,BATTERYUSDT,2025-05-16,0.9565,1.8123
mexc,BAXUSDT,2025-07-14,0.5239,1.08
mexc,BAYUSDT,2025-11-01,17.58,0.3966
mexc,BBUSDT,2025-06-23,0.6312,0.5317
mexc,BBAIONUSDT,2026-03-04,1.2045,0.3404
mexc,BBTUSDT,2025-05-15,2.3164,0.4015
mexc,BCATUSDT,2025-05-26,549.3333,0.9994
mexc,BCCOINUSDT,2025-05-27,0.5899,1.3806
mexc,BCEUSDT,2025-06-05,11.6683,0.6129
mexc,BCUTUSDT,2025-05-21,0.6327,1.0142
mexc,BDCUSDT,2025-05-16,0.6111,1.3419
mexc,BDPUSDT,2025-06-17,0.5644,1.2505
mexc,BDXBTC,2025-05-15,0.5874,1.0772
mexc,BDXNUSDT,2025-06-03,24.0,1.0267
mexc,BEAMUSDT,2025-09-17,1.6669,0.6987
mexc,BEATUSDT,2025-11-02,19.4087,0.4844
mexc,BELUSDT,2025-06-23,0.5039,0.3451
mexc,BELIEFUSDT,2026-04-17,3.514,1.2633
mexc,BELLSUSDT,2025-07-02,0.6111,0.5354
mexc,BELUGAUSDT,2025-05-15,0.6939,0.3154
mexc,BENQIUSDT,2025-09-02,0.7217,0.5877
mexc,BERTUSDT,2025-05-16,0.7752,1.1535
mexc,BFTUSDT,2025-05-15,0.5731,1.0998
mexc,BGSCUSDT,2025-07-03,0.6109,0.9062
mexc,BICOUSDT,2026-04-13,0.5824,0.7009
mexc,BIDUSDT,2025-05-22,0.9875,0.5985
mexc,BILIONUSDT,2026-02-13,0.564,0.3989
mexc,BINDERUSDT,2026-02-21,3.6667,0.9956
mexc,BIOUSDT,2025-06-23,0.5268,0.3133
mexc,BIOFIUSDT,2025-05-23,0.5342,0.9204
mexc,BIRBUSDT,2026-01-28,10.152,0.7116
mexc,BIT1USDT,2025-05-16,0.5327,0.438
mexc,BITBOARDUSDT,2025-05-17,0.5682,1.9209
mexc,BKNUSDT,2025-06-23,0.5446,0.9731
mexc,BKSUSDT,2025-11-05,1.5431,1.2622
mexc,BLASTUSDT,2025-06-29,0.6187,0.3943
mexc,BLENDUSDT,2026-04-24,26.256,0.6988
mexc,BLEND1USDT,2025-05-29,0.5143,2.85
mexc,BLESSUSDT,2025-09-23,20.47,0.8163
mexc,BLINKYUSDT,2026-03-18,112.6,1.0087
mexc,BLUAIUSDT,2025-10-21,6.56,0.754
mexc,BLUBUSDT,2025-06-23,0.9417,0.3521
mexc,BLUEUSDT,2025-05-16,0.512,0.9216
mexc,BLUMUSDT,2025-06-27,26.0,0.8203
mexc,BLURUSDT,2025-07-03,0.7673,0.3705
mexc,BLZUSDT,2025-07-04,0.5184,0.5126
mexc,BNKRUSDT,2026-02-13,1.622,0.8597
mexc,BNTUSDT,2026-04-01,0.6051,0.8769
mexc,BOBUSDT,2025-11-20,4.896,0.5364
mexc,BOBAUSDT,2025-05-15,0.5695,0.9266
mexc,BOBACATUSDT,2025-09-29,3.85,0.8553
mexc,BOBERUSDT,2025-06-06,1.5,0.9993
mexc,BOBMEMEUSDT,2025-05-17,0.7019,1.1134
mexc,BOMBUSDT,2025-06-17,3.89,1.0645
mexc,BOMEUSDT,2025-06-23,0.5504,0.3393
mexc,BONEUSDT,2025-08-25,1.135,0.8226
mexc,BONKUSDT,2025-06-20,0.6816,0.3004
mexc,BOSUSDT,2025-10-29,1.71,1.0409
mexc,BOSONUSDT,2025-05-20,0.5435,1.0712
mexc,BPUSDT,2026-03-23,1.703,0.7634
mexc,BRETTETHUSDT,2025-06-23,0.7604,0.3351
mexc,BREVUSDT,2026-01-06,4.691,0.7538
mexc,BRISEUSDT,2025-07-02,0.7485,0.4768
mexc,BROCCOLIF3BUSDT,2025-06-23,0.5515,0.5932
mexc,BSAUSDT,2026-05-08,83.5,0.8826
mexc,BSBUSDT,2026-03-04,8.009,0.6194
mexc,BSVUSDT,2026-02-06,0.6088,0.6544
mexc,BSWUSDT,2025-06-13,0.5959,1.3933
mexc,BTCBAMUSDT,2025-05-15,0.8237,0.532
mexc,BTRUSDT,2025-08-27,1.8147,0.6433
mexc,BTSLRUSDT,2025-07-17,13.25,1.0214
mexc,BTWUSDT,2026-03-02,19.5185,0.3333
mexc,BTXUSDT,2025-12-11,1.2415,1.4193
mexc,BTYUSDT,2025-06-12,0.59,1.4245
mexc,BULLUSDT,2026-04-13,1.286,1.2599
mexc,BULLAUSDT,2025-06-06,2.5108,1.0434
mexc,BULLISHUSDT,2025-11-01,2.5165,0.6472
mexc,BULLSUSDT,2025-06-28,0.7903,0.5359
mexc,BUTTCOINUSDT,2026-01-16,2.0166,0.6148
mexc,BUTTHOLEUSDT,2025-06-06,0.7048,0.9327
mexc,BXEUSDT,2025-11-15,1.2,0.9552
mexc,BXNUSDT,2025-06-16,0.5073,0.7851
mexc,BXXUSDT,2025-06-03,1.5391,0.48
mexc,BZZUSDT,2025-06-18,0.5564,0.9448
mexc,CUSDT,2025-07-14,21.0,0.5446
mexc,CAUSDT,2025-06-19,0.5158,0.3026
mexc,CAKEUSDT,2025-09-16,0.5236,0.3966
mexc,CALCIFYUSDT,2025-06-10,37.0842,0.5613
mexc,CAMPUSDT,2025-08-27,30.424,0.8678
mexc,CANTOUSDT,2025-05-15,1.2429,1.1017
mexc,CAPUSDT,2025-06-08,0.9742,0.4056
mexc,CAPTAINBNBUSDT,2025-05-16,0.558,0.6036
mexc,CAPTCHAUSDT,2026-03-25,6.421,1.1409
mexc,CARDSUSDT,2025-09-03,6.8,0.7265
mexc,CARFIUSDT,2025-09-24,2.6667,0.9935
mexc,CARRUSDT,2025-07-01,0.8086,0.564
mexc,CATUSDT,2025-06-23,0.5556,0.3909
mexc,CATIUSDT,2025-07-02,0.5447,0.5709
mexc,CAUUSDT,2025-05-31,0.5167,1.0824
mexc,CBKUSDT,2025-06-14,0.7857,0.4227
mexc,CCUSDT,2025-11-10,4.72,0.7866
mexc,CCDUSDT,2025-06-24,0.5006,0.4211
mexc,CEEKUSDT,2025-12-18,0.5881,0.7786
mexc,CELOUSDT,2025-07-05,0.5078,0.424
mexc,CEREUSDT,2025-06-18,0.5031,0.8955
mexc,CESUSDT,2025-09-29,1.4,1.194
mexc,CESSUSDT,2025-06-26,2.5,1.2231
mexc,CETUSUSDT,2025-07-02,0.5243,0.3132
mexc,CFGUSDT,2025-05-21,2.679,0.7312
mexc,CGNUSDT,2025-10-23,3.822,1.2076
mexc,CHANGEUSDT,2026-01-02,3.2233,1.1525
mexc,CHECKUSDT,2025-11-13,19.254,0.9779
mexc,CHEEMSUSDT,2025-09-20,0.7057,0.3813
mexc,CHEQUSDT,2025-08-10,1.1519,0.4511
mexc,CHEXUSDT,2025-06-02,0.5163,1.3175
mexc,CHIBIUSDT,2026-03-20,18.0,1.0237
mexc,CHIPUSDT,2026-04-21,13.065,0.6565
mexc,CHIRPUSDT,2025-05-15,3.9723,0.6147
mexc,CHISAIUSDT,2025-05-15,1.2382,0.8276
mexc,CHOUSDT,2025-07-29,1.6064,0.7093
mexc,CHRUSDT,2026-03-22,0.5781,0.6922
mexc,CITYUSDT,2025-07-25,0.5099,0.4641
mexc,CKBUSDT,2025-07-02,1.2778,0.3582
mexc,CKUSDTUSDT,2026-01-12,1.4038,0.9632
mexc,CLANKERUSDT,2025-06-08,1.2132,0.3483
mexc,CLASHUSDT,2025-09-27,24.7143,0.6821
mexc,CLAWDONBASEUSDT,2026-01-27,16.6637,0.9688
mexc,CLAWNCHUSDT,2026-01-31,42.165,0.9289
mexc,CLGOUSDT,2025-05-15,2.3862,0.9483
mexc,CLOUSDT,2025-10-14,19.8917,0.715
mexc,CLONEUSDT,2025-12-10,2.0,1.136
mexc,CLOREUSDT,2025-07-05,0.6521,0.6063
mexc,CLOUDUSDT,2025-05-15,0.8119,0.5979
mexc,CLSUSDT,2025-09-07,0.6623,1.1242
mexc,CLUBUSDT,2025-05-18,0.5125,1.3269
mexc,CMC20USDT,2025-11-19,1.1957,0.3479
mexc,CNGUSDT,2025-05-20,1.0697,1.0542
mexc,COAIUSDT,2025-09-25,611.295,0.8829
mexc,CODEXUSDT,2026-01-02,107.8236,0.4951
mexc,COINDEPOUSDT,2025-10-14,5.7515,0.8506
mexc,COINXUSDT,2025-07-10,1.6809,1.002
mexc,COLLATUSDT,2025-05-15,3.8688,0.6706
mexc,COLSUSDT,2025-09-15,2.6923,0.6463
mexc,COMAIUSDT,2025-05-30,0.5894,1.0006
mexc,COMMONUSDT,2025-10-27,3.079,1.0603
mexc,COMPUSDT,2025-05-31,0.5653,0.5534
mexc,COOKIEUSDT,2025-05-15,1.0625,0.7849
mexc,COQUSDT,2025-07-04,0.621,0.3186
mexc,CORALUSDT,2025-05-21,0.525,1.9191
mexc,COREUSDT,2025-12-02,0.7682,0.7097
mexc,CORNUSDT,2025-06-24,0.6547,0.9924
mexc,COTUSDT,2025-07-30,1.3243,0.7675
mexc,COTIUSDT,2025-10-23,0.9425,0.7372
mexc,CPFCUSDT,2025-08-18,3.18,1.0207
mexc,CPHUSDT,2025-05-16,0.5188,1.5659
mexc,CRATUSDT,2025-12-23,6.0,1.0891
mexc,CRCLXUSDT,2025-07-02,0.8431,0.7181
mexc,CREOUSDT,2025-08-03,0.5195,0.3836
mexc,CREPEUSDT,2025-05-15,4.5,0.9569
mexc,CREPE1USDT,2025-08-20,7.5853,0.8885
mexc,CRETAUSDT,2025-09-22,0.5495,0.8638
mexc,CROUSDT,2025-06-30,0.6595,0.3211
mexc,CROSSUSDT,2025-07-04,16.8284,0.3277
mexc,CRTAIUSDT,2025-06-01,0.5156,1.7371
mexc,CRTRUSDT,2026-02-23,12.2,0.4285
mexc,CRYPGPTUSDT,2026-03-19,0.5621,1.5245
mexc,CSIXUSDT,2025-06-26,0.5026,0.8505
mexc,CSPRUSDT,2026-03-06,0.689,0.6988
mexc,CSWAPUSDT,2025-06-23,0.8627,0.5434
mexc,CTCUSDT,2025-11-21,0.5252,1.055
mexc,CTKUSDT,2025-06-13,0.5489,0.6586
mexc,CTXCUSDT,2025-05-16,0.5412,0.9541
mexc,CUDISUSDT,2025-06-05,10.5333,0.7123
mexc,CULTUSDT,2025-06-23,0.6594,0.3368
mexc,CULTDAOUSDT,2025-05-15,1.3668,0.6706
mexc,CVXUSDT,2025-06-29,1.2163,0.3835
mexc,CWEBUSDT,2025-05-15,0.5112,0.5364
mexc,CXTUSDT,2025-05-15,1.0378,0.9673
mexc,CYBERUSDT,2025-06-23,0.7219,0.5847
mexc,CYBROUSDT,2025-06-25,0.5297,0.6983
mexc,CYPRUSDT,2025-10-05,2.15,1.2731
mexc,CYSUSDT,2025-12-11,3.388,0.5106
mexc,DUSDT,2025-06-23,0.9887,0.7077
mexc,DADDYUSDT,2025-07-11,0.5884,0.4319
mexc,DAGUSDT,2025-07-04,0.6862,0.3193
mexc,DAMUSDT,2025-08-18,6.5513,0.9518
mexc,DANGNNUSDT,2025-06-15,0.8375,0.7662
mexc,DAOUSDT,2026-02-09,0.5112,0.8202
mexc,DASHBTC,2025-09-14,0.5002,0.6365
mexc,DASHUSDT,2025-09-14,0.5367,0.543
mexc,DBRUSDT,2025-06-10,1.2572,0.5548
mexc,DCUSDT,2025-09-21,0.5167,1.3918
mexc,DCKUSDT,2025-07-13,0.5112,1.2298
mexc,DCRUSDT,2025-09-26,0.5065,1.0901
mexc,DCTUSDT,2025-07-08,9.0,0.8799
mexc,DDMTUSDT,2025-05-16,1.4237,0.9751
mexc,DEAIUSDT,2025-06-23,0.8174,0.5618
mexc,DEBUSDT,2025-05-30,0.5365,1.4693
mexc,DEEPUSDT,2025-06-06,0.5594,1.0994
mexc,DEFACTORUSDT,2025-09-12,2.76,0.7779
mexc,DEFIUSDT,2025-05-17,0.9735,0.533
mexc,DEFXUSDT,2025-06-11,0.5664,1.4142
mexc,DEGENUSDT,2025-06-23,0.6873,0.3843
mexc,DEODUSDT,2025-06-02,0.6162,0.8608
mexc,DEPUSDT,2025-11-04,0.5571,1.1426
mexc,DEVVEUSDT,2025-06-22,0.5178,0.8163
mexc,DEXEBTC,2025-09-03,0.6875,0.4039
mexc,DEXEUSDT,2025-09-03,0.7579,0.4382
mexc,DEXTFUSDT,2025-05-29,0.6487,0.805
mexc,DGMAUSDT,2025-09-25,3.9286,0.7079
mexc,DHNUSDT,2025-05-15,2.7735,0.9659
mexc,DIEMUSDT,2026-04-16,1.9,0.3007
mexc,DIMEUSDT,2026-03-18,4.0,0.6243
mexc,DINUSDT,2025-11-14,1.578,0.9151
mexc,DINGOUSDT,2025-07-06,0.5267,0.4131
mexc,DIONEUSDT,2025-08-30,0.8809,0.3189
mexc,DISTORTEDUSDT,2026-03-11,5.0,1.1514
mexc,DJI6930USDT,2025-07-29,2.1,1.0267
mexc,DKAUSDT,2025-12-19,0.5164,0.9011
mexc,DLBUSDT,2025-07-15,2.5503,1.0606
mexc,DMCUSDT,2025-06-24,5.3718,1.0014
mexc,DNUSDT,2026-01-09,2.81,1.2404
mexc,DNXUSDT,2025-05-16,1.3782,0.4742
mexc,DOBOUSDT,2026-04-07,0.6597,2.4303
mexc,DODOUSDT,2025-07-02,0.5012,0.3532
mexc,DOGUSDT,2025-05-15,0.5689,0.8254
mexc,DOGEGOVUSDT,2025-05-15,0.8802,1.4163
mexc,DOGINMEUSDT,2025-06-23,0.8002,0.4398
mexc,DOGSUSDT,2026-03-30,0.5317,0.5274
mexc,DOLOUSDT,2025-05-20,0.5312,1.2298
mexc,DONTUSDT,2026-01-22,7.648,1.0984
mexc,DOODUSDT,2025-06-23,0.6803,0.5713
mexc,DOP2USDT,2025-10-29,3.0332,0.9368
mexc,DORAFACTORYUSDT,2025-05-15,0.6704,0.9707
mexc,DOVUUSDT,2025-05-15,2.0399,0.544
mexc,DPENGUUSDT,2025-09-14,99.0,1.0098
mexc,DPNUSDT,2025-12-12,5.848,0.6024
mexc,DRAGON404USDT,2025-08-01,1.1386,0.8022
mexc,DRGUSDT,2025-08-26,1.686,0.5132
mexc,DRNUSDT,2025-05-23,0.5234,0.6697
mexc,DSYNCUSDT,2025-06-23,0.6213,0.3151
mexc,DTECUSDT,2025-05-18,0.6147,1.3267
mexc,DUCKUSDT,2025-06-06,1.0121,0.6696
mexc,DUELUSDT,2025-07-02,0.974,0.3683
mexc,DUPEUSDT,2025-05-16,0.9854,1.2785
mexc,DVOUSDT,2025-05-15,2.001,0.5242
mexc,DYDXUSDT,2026-04-01,0.5515,0.4146
mexc,DYMUSDT,2025-06-23,0.5656,0.4087
mexc,EAIUSDT,2025-05-27,0.6966,1.3765
mexc,EATUSDT,2025-10-29,7.9,0.7525
mexc,ECHELONUSDT,2026-02-02,9.2975,1.0304
mexc,ECHOUSDT,2025-07-02,18.8,0.8937
mexc,ECORUSDT,2025-12-24,3.9,0.5869
mexc,EDELUSDT,2025-12-15,1.754,1.2035
mexc,EDENUSDT,2025-09-30,2.86,1.2564
mexc,EDENAUSDT,2025-11-13,1.3544,1.0099
mexc,EDGE1USDT,2025-05-15,0.7715,0.8779
mexc,EDGENUSDT,2025-06-02,7.996,0.9109
mexc,EDOMUSDT,2026-01-21,2.0,1.2277
mexc,EDUUSDT,2025-08-03,0.5083,0.8725
mexc,EFCUSDT,2025-10-21,0.838,1.1085
mexc,EGOUSDT,2025-06-26,0.6124,1.4909
mexc,EIGENUSDT,2025-08-02,0.521,0.7322
mexc,ELUSDT,2025-07-03,0.6723,0.4144
mexc,ELAUSDT,2025-09-29,2.8,0.8018
mexc,ELFUSDT,2025-07-04,0.6492,0.6476
mexc,ELIZAOSUSDT,2025-11-07,2.7498,0.7615
mexc,ELPUSDT,2025-07-24,1.3804,1.4877
mexc,ELSAUSDT,2026-01-20,9.7475,0.9271
mexc,EMBLEMUSDT,2026-04-16,2.0,0.9292
mexc,EMRUSDT,2025-07-18,0.6051,0.4924
mexc,ENAUSDT,2025-06-23,0.6291,0.4339
mexc,ENFUSDT,2025-05-15,0.9455,1.1412
mexc,ENJUSDT,2026-02-28,0.5763,0.5941
mexc,ENMUSDT,2026-04-11,223.0,0.9982
mexc,ENSOUSDT,2025-10-14,0.78,1.6195
mexc,EONUSDT,2025-05-15,0.7003,1.4564
mexc,EPHUSDT,2026-01-10,2.6842,0.8444
mexc,EPICUSDT,2025-06-30,2.3154,0.5073
mexc,EPIKOUSDT,2025-05-15,0.7789,0.7869
mexc,EPILEPTICUSDT,2025-05-27,3.0779,0.7154
mexc,EPTUSDT,2025-08-27,0.527,0.7463
mexc,ERAUSDT,2025-07-17,32.2,0.5552
mexc,ERGUSDT,2025-11-21,0.5259,0.7928
mexc,ESUSDT,2025-07-16,16.5,0.853
mexc,ESEUSDT,2025-09-24,0.583,0.5733
mexc,ESPUSDT,2026-02-12,10.25,0.5191
mexc,ESPORTSUSDT,2025-07-19,124.445,0.5543
mexc,ESTVUSDT,2026-03-26,1.23,0.3545
mexc,ESXUSDT,2025-06-19,10.5227,0.8755
mexc,ETANUSDT,2025-09-16,1.8,0.7891
mexc,ETHFIUSDT,2025-06-23,0.5213,0.3588
mexc,ETHWUSDT,2025-06-30,0.5207,0.3561
mexc,ETNUSDT,2025-07-08,1.8081,0.4132
mexc,EULUSDT,2025-06-12,0.5614,0.4609
mexc,EURRUSDT,2025-07-22,0.919,0.9378
mexc,EVAUSDT,2026-02-11,1.2147,0.3112
mexc,EVAAUSDT,2025-10-09,2.6775,0.3323
mexc,EVDCUSDT,2025-05-15,0.5086,0.6514
mexc,EVRYUSDT,2025-05-15,1.0897,1.156
mexc,EYWAUSDT,2025-06-21,0.5317,0.5973
mexc,FUSDT,2025-08-24,0.62,0.4305
mexc,FACTUSDT,2025-06-01,0.5348,1.1164
mexc,FAIUSDT,2025-05-31,0.5301,0.7572
mexc,FAKTUSDT,2025-08-07,3.7005,0.9835
mexc,FARUSDT,2025-06-16,0.5,2.0186
mexc,FARMUSDT,2025-10-19,0.5579,0.9842
mexc,FARTBOYUSDT,2025-06-23,0.7226,0.428
mexc,FARTCOINUSDT,2025-06-05,0.6294,1.0615
mexc,FAVEUSDT,2025-05-15,0.6319,0.9593
mexc,FBUSDT,2026-01-09,0.7659,0.6243
mexc,FEGUSDT,2026-04-10,0.5725,0.3632
mexc,FETUSDT,2025-10-20,0.6152,0.7164
mexc,FFUSDT,2025-09-29,2.875,1.1873
mexc,FHEUSDT,2025-07-23,0.5688,0.8499
mexc,FIDAUSDT,2025-06-22,0.5773,0.4412
mexc,FIGHTUSDT,2026-01-22,4.1933,1.0287
mexc,FILUSDT,2025-10-20,1.6005,0.4168
mexc,FIOUSDT,2025-07-05,0.5848,0.4187
mexc,FIROUSDT,2025-09-19,0.6058,0.7016
mexc,FITUSDT,2025-06-10,0.5101,1.237
mexc,FITFIUSDT,2025-07-28,0.5894,0.9571
mexc,FLDTUSDT,2025-06-23,0.6645,0.3752
mexc,FLKUSDT,2025-10-14,4.476,1.0813
mexc,FLMUSDT,2025-05-15,0.521,1.1418
mexc,FLOCKUSDT,2025-05-15,2.7747,0.5155
mexc,FLORKUSDT,2026-04-22,13.102,1.0069
mexc,FLOWUSDT,2026-02-06,0.5263,1.2257
mexc,FLRUSDT,2025-07-05,0.6807,0.4442
mexc,FLUIDUSDT,2025-06-25,0.5364,0.4411
mexc,FNCTUSDT,2025-05-26,0.6556,0.9138
mexc,FNTIOUSDT,2025-05-17,1.1796,0.777
mexc,FOGUSDT,2025-06-06,0.5569,1.1186
mexc,FOGOUSDT,2026-01-15,26.999,0.9332
mexc,FOLKSUSDT,2025-11-06,9.875,0.3882
mexc,FORMUSDT,2025-06-23,0.5587,0.3314
mexc,FORTUSDT,2025-06-01,0.8014,0.7887
mexc,FORTHUSDT,2025-08-03,0.5062,0.7903
mexc,FORUUSDT,2026-03-12,1.25,1.2008
mexc,FOXSYUSDT,2025-05-15,0.5152,1.6081
mexc,FRAXUSDT,2026-01-12,3.9433,0.6353
mexc,FRCUSDT,2025-05-27,2.8594,1.2747
mexc,FREEDOMUSDT,2025-06-24,0.5946,1.0577
mexc,FREEDOMOFMONEYUSDT,2026-02-28,16.7,0.4523
mexc,FRTUSDT,2025-12-31,0.9736,1.2211
mexc,FRTSUSDT,2025-06-26,1.2943,0.962
mexc,FTTUSDT,2025-07-01,0.6307,0.425
mexc,FUELUSDT,2026-01-06,0.5316,1.0357
mexc,FUNUSDT,2026-01-15,7.363,0.901
mexc,FUNTOKENUSDT,2025-06-01,0.7772,0.3287
mexc,FUSDUSDT,2025-06-18,3.7679,0.9722
mexc,FUSEUSDT,2025-06-04,0.7025,1.0599
mexc,FWOGUSDT,2025-07-05,0.5417,0.5333
mexc,GUSDT,2026-01-13,0.5148,1.3461
mexc,GAGUSDT,2025-06-18,1.336,1.4585
mexc,GAIAUSDT,2025-07-30,6.85,0.7972
mexc,GAIBUSDT,2025-11-19,2.7,1.2157
mexc,GAINUSDT,2025-09-24,11.0105,1.0482
mexc,GALAUSDT,2025-07-05,0.5126,0.5274
mexc,GAMEUSDT,2025-07-02,415.0,0.8615
mexc,GAME2USDT,2025-06-21,0.5023,0.8277
mexc,GAMESTOPUSDT,2025-05-16,0.6297,0.9231
mexc,GAMEVIRTUALUSDT,2025-06-02,0.8971,0.8548
mexc,GATAUSDT,2025-09-04,17.6,0.8905
mexc,GBCKUSDT,2025-05-16,2.8655,1.0007
mexc,GCOINUSDT,2026-03-18,2.3289,0.9926
mexc,GEMSUSDT,2025-05-26,0.5357,1.3262
mexc,GENIUSUSDT,2026-04-13,47.1785,0.5353
mexc,GFUSDT,2026-03-06,34.6,0.8933
mexc,GFIUSDT,2026-01-01,0.5033,0.8779
mexc,GHIBLIUSDT,2025-06-17,0.6241,0.5615
mexc,GHUBUSDT,2025-06-06,0.5158,0.6801
mexc,GHXUSDT,2025-09-26,0.5539,1.169
mexc,GIGAUSDT,2025-05-31,0.5451,1.0569
mexc,GIGGLEUSDT,2025-09-22,10.2953,0.5274
mexc,GINIUSDT,2026-05-01,1.0476,0.9892
mexc,GLMRUSDT,2025-11-22,0.567,0.8405
mexc,GLQUSDT,2025-12-22,0.8546,0.6892
mexc,GMEUSDT,2025-05-15,0.6138,1.1945
mexc,GMEEUSDT,2025-08-02,0.733,0.5846
mexc,GMMTUSDT,2025-07-27,1.5424,0.435
mexc,GMTUSDT,2025-12-23,0.6704,0.4731
mexc,GMXUSDT,2025-07-22,1.4303,0.7946
mexc,GNOUSDT,2025-09-24,0.508,1.1897
mexc,GNSUSDT,2025-06-04,1.2672,0.6751
mexc,GOATUSDT,2025-06-23,0.8237,0.4475
mexc,GOATEDUSDT,2025-09-27,3.354,0.9766
mexc,GOCHUUSDT,2025-05-18,0.5192,1.5062
mexc,GODEUSDT,2025-06-28,3.0236,1.0
mexc,GODSUSDT,2025-05-16,0.5062,1.2344
mexc,GOMININGUSDT,2025-12-13,0.5733,0.3137
mexc,GORKUSDT,2025-06-20,0.5917,0.6242
mexc,GPADUSDT,2026-04-08,44.3125,0.3955
mexc,GPSUSDT,2025-05-31,0.5621,0.8898
mexc,GPUUSDT,2025-06-06,0.5643,1.1956
mexc,GRAMUSDT,2025-07-01,0.5083,0.5714
mexc,GRASSUSDT,2025-11-02,0.883,0.951
mexc,GRIFFAINUSDT,2025-06-23,0.7695,0.3816
mexc,GROKUSDT,2025-06-23,0.6687,0.3041
mexc,GSTUSDT,2025-11-05,0.5685,1.1591
mexc,GTUSDT,2026-04-16,48.44,1.0202
mexc,GTAIUSDT,2025-09-09,0.6035,1.0639
mexc,GTCUSDT,2025-07-05,0.5521,0.4455
mexc,GUAUSDT,2025-11-27,1.9734,0.5953
mexc,GUIUSDT,2025-09-12,0.5625,0.8264
mexc,GUNUSDT,2025-06-18,0.6105,0.4694
mexc,GWCUSDT,2026-03-18,1.974,0.9848
mexc,GWEIUSDT,2026-01-21,5.0125,0.5451
mexc,GXEUSDT,2025-08-16,0.5284,0.405
mexc,GXTUSDT,2025-08-21,22.6842,0.719
mexc,HUSDT,2025-06-25,19.0,1.0095
mexc,HAEDALUSDT,2025-05-15,0.5119,1.3487
mexc,HANAUSDT,2025-09-26,14.526,0.9274
mexc,HANDLUSDT,2026-03-25,4.0,1.2087
mexc,HANDYUSDT,2025-05-15,0.6128,0.9511
mexc,HANTAUSDT,2026-05-08,2.178,1.2414
mexc,HAROLDUSDT,2025-05-15,7.5455,0.4096
mexc,HARRYUSDT,2025-05-25,0.5,0.8022
mexc,HASHAIUSDT,2025-05-15,0.5143,1.1718
mexc,HDNUSDT,2025-07-16,0.5575,0.7538
mexc,HEARTUSDT,2025-09-26,0.5063,0.8217
mexc,HEIUSDT,2025-07-01,0.5126,0.4482
mexc,HELIUSDT,2025-05-15,11.4379,0.6428
mexc,HELLOUSDT,2025-07-06,1.4176,0.3592
mexc,HEMIUSDT,2025-08-30,2.8647,0.4089
mexc,HEUUSDT,2025-05-22,0.5557,0.5691
mexc,HGGUSDT,2025-05-15,0.6713,1.6133
mexc,HGPTUSDT,2025-08-27,1.5377,0.7025
mexc,HIFIUSDT,2025-06-06,0.7646,0.4269
mexc,HIGHUSDT,2025-10-23,0.5356,1.0855
mexc,HINTUSDT,2025-07-02,0.509,0.71
mexc,HIPPOUSDT,2025-06-23,0.5678,0.3706
mexc,HIVEUSDT,2026-04-17,0.5712,0.8343
mexc,HLKUSDT,2025-06-03,0.6116,0.6891
mexc,HMNDUSDT,2026-02-17,0.5411,0.9848
mexc,HMSTRUSDT,2025-06-29,0.6057,0.575
mexc,HNSUSDT,2025-07-01,0.9818,0.476
mexc,HNTUSDT,2025-06-26,0.5185,0.3424
mexc,HOLDSTATIONUSDT,2025-06-23,0.6679,0.9027
mexc,HOLOUSDT,2025-09-11,14.372,0.7935
mexc,HOMEUSDT,2025-06-10,4.334,0.8092
mexc,HONEYUSDT,2025-07-02,0.5133,0.5173
mexc,HOODXUSDT,2025-07-03,10.6665,0.9499
mexc,HOOKUSDT,2025-06-23,0.5764,0.3634
mexc,HOPPYUSDT,2025-06-22,0.5149,0.5963
mexc,HOPRUSDT,2025-06-30,2.4407,0.5896
mexc,HOSKYUSDT,2025-06-23,0.5751,0.5483
mexc,HOTUSDT,2025-07-02,0.6641,0.3023
mexc,HOUSEUSDT,2025-05-15,0.6998,1.3001
mexc,HPUSDT,2025-05-31,6.875,0.5439
mexc,HSKUSDT,2025-06-07,1.9082,0.4698
mexc,HTMUSDT,2025-05-31,0.6328,1.3458
mexc,HTRUSDT,2025-06-23,0.5952,0.603
mexc,HUMAUSDT,2025-05-26,11.7,0.7697
mexc,HUNDUSDT,2026-02-04,0.9779,1.2125
mexc,HVLOUSDT,2025-05-15,0.9115,1.2482
mexc,HYDRAUSDT,2025-07-05,1.2102,0.9858
mexc,HYPEUSDT,2025-05-15,0.6012,0.584
mexc,HYPERUSDT,2025-05-18,0.5065,1.2336
mexc,ICECREAMUSDT,2025-06-02,0.5028,0.5463
mexc,ICNTUSDT,2025-07-03,19.0,0.8081
mexc,ICPUSDT,2025-10-17,1.1236,0.4219
mexc,IDUSDT,2025-12-23,0.6991,0.6063
mexc,IDEXUSDT,2025-06-24,0.5171,0.8591
mexc,IDOLUSDT,2025-06-11,10.5,0.491
mexc,IDOSUSDT,2026-03-05,5.6171,1.0241
mexc,IKAUSDT,2025-07-29,2.5792,0.3337
mexc,IMGNUSDT,2025-07-10,0.8689,0.3423
mexc,IMOUSDT,2025-05-16,1.52,0.6164
mexc,IMTUSDT,2025-05-15,0.5014,1.2191
mexc,IMUUSDT,2026-01-22,9.0,0.9708
mexc,INUSDT,2025-08-07,5.363,0.529
mexc,INIUSDT,2025-07-03,1.871,0.326
mexc,INITUSDT,2025-06-23,0.5014,0.5451
mexc,INJUSDT,2026-04-25,0.8233,0.4375
mexc,INSPUSDT,2025-06-05,0.7164,0.7801
mexc,INTERUSDT,2025-07-25,0.5994,0.6219
mexc,INXUSDT,2026-01-30,9.0,0.8558
mexc,IOUSDT,2025-09-05,0.5571,0.9223
mexc,IONUSDT,2026-03-13,2.0,0.8405
mexc,IOSTUSDT,2025-07-02,0.7246,0.486
mexc,IPUSDT,2025-06-24,0.5239,0.4429
mexc,IPEPEUSDT,2026-04-01,35.0,0.9885
mexc,IRUSDT,2025-12-17,2.138,1.1592
mexc,IRCUSDT,2025-11-10,0.54,2.6815
mexc,IRENONUSDT,2026-01-15,0.8037,0.3409
mexc,IRYSUSDT,2025-11-25,10.64,0.5872
mexc,ISPUSDT,2025-07-10,0.9748,0.5551
mexc,ITHACAUSDT,2025-05-15,1.8442,1.1412
mexc,IUPUSDT,2025-06-20,15.92,0.6218
mexc,IVPAYUSDT,2025-07-14,0.607,0.4238
mexc,IXFIUSDT,2025-09-09,1.5,0.8587
mexc,IXSUSDT,2025-05-25,0.545,0.9393
mexc,JAGERUSDT,2025-05-15,3.9471,0.7316
mexc,JAMUSDT,2025-05-15,0.9934,0.908
mexc,JCTUSDT,2025-11-10,5.1475,0.9181
mexc,JELLYJELLYUSDT,2025-06-13,0.5766,1.2759
mexc,JETTONUSDT,2026-04-18,0.7346,0.3311
mexc,JGGLUSDT,2025-12-25,25.6667,0.5837
mexc,JOEUSDT,2026-03-21,0.9861,0.73
mexc,JUPUSDT,2025-07-05,0.5782,0.5842
mexc,JUVUSDT,2025-11-12,1.7467,0.3595
mexc,JYAIUSDT,2025-05-15,4.3544,0.6166
mexc,KAGUSDT,2026-04-23,3.9657,0.7354
mexc,KAIOUSDT,2026-05-06,14.0,0.7832
mexc,KAITOUSDT,2025-08-26,0.5944,0.7096
mexc,KARRATUSDT,2025-06-25,0.7456,0.6587
mexc,KASUSDT,2025-07-04,0.5139,0.3616
mexc,KASPYUSDT,2025-07-04,1.7286,0.442
mexc,KATUSDT,2026-03-18,4.67,0.8461
mexc,KATAUSDT,2025-05-20,0.5369,1.115
mexc,KAVAUSDT,2025-10-31,0.5625,1.0389
mexc,KDXUSDT,2025-06-10,1.589,0.4701
mexc,KEKIUSUSDT,2025-05-15,1.258,1.0501
mexc,KERNELUSDT,2025-05-17,0.5133,1.2446
mexc,KEYCATUSDT,2025-05-16,0.6168,1.2111
mexc,KFIUSDT,2025-06-13,4.6194,0.9679
mexc,KGENUSDT,2025-10-07,2.555,1.0822
mexc,KIBSHIUSDT,2025-05-15,1.2329,0.6674
mexc,KILOUSDT,2025-06-20,0.675,0.7021
mexc,KINUSDT,2026-01-30,5.4707,1.091
mexc,KISHUUSDT,2025-08-06,0.7131,0.8122
mexc,KITEUSDT,2025-11-03,1.966,0.8098
mexc,KITEAIUSDT,2025-05-31,0.5907,1.2235
mexc,KLIPUSDT,2026-02-12,1.2162,0.4789
mexc,KLKUSDT,2025-07-11,4.152,0.552
mexc,KMNOUSDT,2025-08-31,0.8211,0.4261
mexc,KNCUSDT,2025-06-24,1.4656,0.5754
mexc,KOMAUSDT,2025-06-23,0.5058,0.5813
mexc,KPCUSDT,2025-06-24,0.7082,0.453
mexc,KRLUSDT,2025-06-30,0.6365,0.6183
mexc,KRUUSDT,2025-05-15,252.5658,0.9869
mexc,KSMUSDT,2025-10-21,0.5924,0.7802
mexc,KTAUSDT,2025-09-07,2.0636,0.9326
mexc,KULAUSDT,2025-06-27,2.0194,0.8144
mexc,KUVIUSDT,2026-05-01,3.2395,0.8489
mexc,KZENUSDT,2025-09-14,0.8182,0.9631
mexc,L3USDT,2025-05-15,0.5953,0.7981
mexc,LAUSDT,2025-06-04,91.1975,0.7263
mexc,LABUSDT,2025-10-14,47.916,0.6665
mexc,LADYSUSDT,2025-11-11,0.6,1.147
mexc,LAIKAL2USDT,2025-06-28,0.691,0.4072
mexc,LATUSDT,2025-08-02,0.5704,1.0067
mexc,LAVAUSDT,2025-07-25,0.5317,0.8109
mexc,LAYERUSDT,2025-11-04,0.6946,0.8376
mexc,LAZIOUSDT,2025-09-23,0.5407,0.9789
mexc,LBUSDT,2025-05-17,0.5359,1.3396
mexc,LBAIUSDT,2025-08-15,1.4,1.2629
mexc,LBCUSDT,2025-05-29,2.0242,0.814
mexc,LBTC1USDT,2025-05-15,11.4153,0.9987
mexc,LCAPUSDT,2025-11-25,1.6822,0.3339
mexc,LCGUSDT,2025-07-23,0.9667,0.7586
mexc,LEOXUSDT,2026-02-06,0.5204,0.903
mexc,LETSBONKUSDT,2025-05-24,0.5462,1.753
mexc,LIGHTUSDT,2025-09-27,12.515,0.4348
mexc,LIKEUSDT,2025-08-02,0.5002,0.6246
mexc,LIMEUSDT,2025-06-30,0.5885,0.3403
mexc,LINEAUSDT,2025-09-10,11.384,0.6841
mexc,LINKUSDT,2025-07-05,0.5399,0.3333
mexc,LIQUIDIUMUSDT,2025-05-15,1.0459,0.7748
mexc,LISTAUSDT,2025-05-15,0.5317,1.0922
mexc,LITUSDT,2025-12-31,2.268,0.7046
mexc,LITASUSDT,2025-07-31,1.64,1.0695
mexc,LITRUSDT,2025-05-21,1.26,1.4249
mexc,LKIUSDT,2025-06-22,0.5469,0.934
mexc,LKYUSDT,2025-06-02,0.5433,1.4586
mexc,LMTSUSDT,2025-10-23,3.495,0.5345
mexc,LMWRUSDT,2025-06-21,0.5255,0.6517
mexc,LO0PUSDT,2026-05-10,2.226,1.2828
mexc,LOBSTARUSDT,2026-02-21,3.5575,1.1442
mexc,LOFIUSDT,2025-06-06,0.5472,1.5669
mexc,LOLUSDT,2026-03-23,14.9675,0.6269
mexc,LONGUSDT,2025-11-06,1.9,1.4237
mexc,LOOPUSDT,2025-06-23,0.6258,0.8173
mexc,LOTUSDT,2025-06-20,8.94,0.7289
mexc,LPTUSDT,2025-05-15,1.3273,0.792
mexc,LQTYUSDT,2025-05-31,0.6953,0.6388
mexc,LRCUSDT,2025-07-05,0.538,0.5359
mexc,LTTUSDT,2025-07-06,0.6991,0.6056
mexc,LUFCUSDT,2025-06-28,1.021,0.8242
mexc,LUMUSDT,2025-06-06,0.5288,1.8799
mexc,LUMIAUSDT,2025-06-23,1.1354,0.6332
mexc,LUNAUSDT,2025-11-18,1.1253,0.7218
mexc,LUNAIUSDT,2025-05-16,0.614,1.1283
mexc,LUNAMUSDT,2025-10-28,2.0,1.2152
mexc,LUNCUSDT,2025-11-18,1.5879,0.6246
mexc,LVVAUSDT,2025-06-23,1.2234,0.9189
mexc,LWOLFUSDT,2025-06-01,0.5737,1.124
mexc,LYNUSDT,2025-10-06,11.824,0.9777
mexc,LYXUSDT,2025-07-02,0.5676,0.9435
mexc,MUSDT,2025-07-03,100.0,0.6666
mexc,M87USDT,2025-05-16,0.5092,1.2026
mexc,MAGAUSDT,2026-04-22,3.3275,1.0863
mexc,MAGAETHUSDT,2025-06-17,0.6276,0.7446
mexc,MAGICUSDT,2025-06-06,0.5124,0.8042
mexc,MAGMAUSDT,2025-12-16,4.0,0.44
mexc,MAIVUSDT,2025-05-15,11.381,0.3756
mexc,MAJORUSDT,2025-05-15,0.5672,1.2265
mexc,MAMOUSDT,2025-05-27,5.1335,0.5167
mexc,MANUSDT,2025-09-26,0.6201,0.9219
mexc,MANEKIUSDT,2025-07-05,0.5341,0.5927
mexc,MANTAUSDT,2025-07-06,0.5213,0.5539
mexc,MANTRAUSDT,2026-03-05,1.416,0.8559
mexc,MANYUUSDT,2025-07-04,15.0297,0.5689
mexc,MAPUSDT,2025-11-29,1.5187,0.7968
mexc,MAPOUSDT,2025-05-27,1.0839,0.8911
mexc,MARAONUSDT,2026-01-16,0.9467,0.6039
mexc,MARS4USDT,2025-05-15,0.5271,1.1675
mexc,MASUSDT,2025-09-21,0.5344,2.0902
mexc,MASSUSDT,2025-06-09,3.7008,0.7672
mexc,MATUSDT,2025-06-19,2.7972,1.3099
mexc,MATHUSDT,2025-07-01,0.7013,0.5896
mexc,MAVUSDT,2025-06-13,0.8508,1.0398
mexc,MAVIAUSDT,2025-06-27,0.5363,0.3798
mexc,MAXXINGUSDT,2026-05-09,1.1533,0.7884
mexc,MBDUSDT,2025-05-16,0.6113,1.1636
mexc,MBGUSDT,2025-07-22,29.974,0.5972
mexc,MBLUSDT,2025-09-21,0.8463,1.3342
mexc,MBOOMUSDT,2025-08-27,8.8,1.0905
mexc,MBOXUSDT,2025-06-22,0.5356,0.5386
mexc,MBXUSDT,2026-02-06,0.7347,1.1318
mexc,MCDXUSDT,2025-07-08,0.75,0.4109
mexc,MCNUSDT,2025-05-16,3.5955,0.3322
mexc,MCOINUSDT,2025-05-15,1.266,1.123
mexc,MCRTUSDT,2025-10-23,0.6496,1.3379
mexc,MDAOUSDT,2025-07-29,1.6,0.59
mexc,MEUSDT,2025-12-31,0.6322,0.633
mexc,MEAUSDT,2025-10-21,1.8429,1.0054
mexc,MEEUSDT,2025-06-30,3.3667,0.3242
mexc,MEEPUSDT,2026-03-31,1.3333,1.7419
mexc,MEERUSDT,2025-09-13,0.7182,0.8783
mexc,MEGAUSDT,2026-04-30,9.36,0.887
mexc,MELANIAUSDT,2025-07-08,0.5008,0.6458
mexc,MEMEUSDT,2025-07-02,0.5134,0.3356
mexc,MEMEFIUSDT,2025-06-06,0.5064,1.2582
mexc,MEMESUSDT,2026-01-21,7.91,1.066
mexc,MENGOUSDT,2025-05-15,1.7954,0.8872
mexc,MERLUSDT,2025-05-17,0.5638,1.0576
mexc,METUSDT,2025-10-23,1.4667,0.8811
mexc,METAUSDT,2026-03-28,63.68,1.0154
mexc,METANIAUSDT,2025-06-11,0.956,0.7916
mexc,METAXUSDT,2025-07-03,2.8197,0.9414
mexc,METISUSDT,2025-11-05,0.5647,1.1641
mexc,MEWUSDT,2025-05-18,0.5679,1.0929
mexc,MEYUSDT,2025-06-09,0.567,0.7101
mexc,MEZOUSDT,2026-04-01,8.8253,1.031
mexc,MGOUSDT,2025-06-24,14.928,0.7722
mexc,MGTUSDT,2025-05-15,0.5389,1.7435
mexc,MICHIUSDT,2025-06-06,0.5433,1.215
mexc,MIGGLESUSDT,2025-06-23,0.8852,0.3933
mexc,MIHUSDT,2025-06-11,2.663,0.8122
mexc,MILLIUSDT,2025-05-15,0.7811,0.6637
mexc,MINAUSDT,2025-10-17,0.5295,0.9584
mexc,MINDFAKUSDT,2025-08-21,3.9118,0.8634
mexc,MINDHIVEUSDT,2025-11-15,924.5925,0.9574
mexc,MINIMAUSDT,2025-06-04,0.5779,1.4778
mexc,MINXUSDT,2025-05-17,0.5637,0.9153
mexc,MIRAUSDT,2025-09-26,3.634,1.0981
mexc,MIRRORUSDT,2025-09-08,3.3895,0.9653
mexc,MITOUSDT,2025-08-28,43.258,0.434
mexc,MIUUSDT,2025-12-27,0.5574,0.5559
mexc,MLCUSDT,2025-05-15,0.6954,1.1737
mexc,MLNUSDT,2025-06-24,0.5939,0.8834
mexc,MLTUSDT,2025-05-15,0.8415,0.9237
mexc,MLXCUSDT,2025-05-27,0.6797,1.1681
mexc,MMTUSDT,2025-11-04,27.1973,0.9707
mexc,MNFTUSDT,2025-05-15,0.6834,0.4422
mexc,MNSRYUSDT,2025-06-09,0.8563,0.8027
mexc,MNTCUSDT,2025-05-15,0.8083,1.1794
mexc,MOCAUSDT,2025-06-25,0.5862,0.7788
mexc,MOCHIUSDT,2025-06-23,0.7723,0.4918
mexc,MODEUSDT,2025-06-18,0.6188,1.1966
mexc,MOEWUSDT,2025-06-22,0.6499,0.5012
mexc,MOGUSDT,2025-05-18,0.5123,1.3645
mexc,MOGUUSDT,2026-04-18,181.22,1.0053
mexc,MOLTUSDT,2026-01-30,10.0,1.074
mexc,MOMOUSDT,2025-07-17,4.4311,0.7961
mexc,MONUSDT,2025-11-24,8.872,0.5832
mexc,MONIEUSDT,2025-05-16,0.5059,1.1247
mexc,MONPROUSDT,2025-06-14,0.5579,1.0472
mexc,MOODENGUSDT,2025-05-17,0.6441,1.1675
mexc,MOODENGETHUSDT,2025-06-23,0.8104,0.5889
mexc,MOONEDUSDT,2025-05-15,1.126,1.1774
mexc,MOREUSDT,2025-06-27,3.2,1.1942
mexc,MORIUSDT,2025-07-07,1.5556,1.0157
mexc,MOVAUSDT,2026-02-06,2.8428,0.5886
mexc,MOVEUSDT,2025-06-19,0.5038,0.7851
mexc,MOVRUSDT,2026-03-30,3.3426,0.6567
mexc,MPCUSDT,2025-05-24,0.6446,1.6781
mexc,MRSOONUSDT,2025-05-15,0.6714,1.0944
mexc,MRVLONUSDT,2025-12-01,0.8008,0.5369
mexc,MTCUSDT,2025-08-04,5.6773,0.86
mexc,MTPUSDT,2025-08-25,5.48,1.1246
mexc,MTRGUSDT,2025-05-16,0.5176,0.7282
mexc,MTTUSDT,2025-08-15,2.2348,1.1846
mexc,MTVUSDT,2025-07-04,0.5227,0.7386
mexc,MUBARAKUSDT,2025-05-18,0.5209,1.2839
mexc,MUBIUSDT,2025-07-08,0.5225,0.558
mexc,MUMUUSDT,2025-06-06,0.6977,0.9656
mexc,MUONUSDT,2025-10-22,1.1361,0.8446
mexc,MVRKUSDT,2025-09-18,29.0,0.9468
mexc,MWXTUSDT,2026-01-27,2.065,0.6542
mexc,MXNAUSDT,2025-05-31,0.8583,1.0727
mexc,MYROUSDT,2025-06-23,0.608,0.3267
mexc,MYXUSDT,2025-05-19,0.6182,0.8242
mexc,NAIUSDT,2025-07-10,0.6099,0.4873
mexc,NAKAUSDT,2025-09-29,0.6402,1.1357
mexc,NAORISUSDT,2025-07-31,7.3333,1.0284
mexc,NAPUSDT,2025-05-15,0.6204,1.9182
mexc,NATUSDT,2026-04-21,5.481,0.9712
mexc,NATIXUSDT,2025-05-15,2.0769,0.5529
mexc,NAVUSDT,2025-06-10,0.8319,0.3518
mexc,NAVIUSDT,2025-06-18,0.5043,0.9492
mexc,NCUSDT,2025-06-22,0.5273,1.5076
mexc,NCDTUSDT,2025-07-05,0.8045,0.3345
mexc,NCNUSDT,2025-05-15,0.5827,1.525
mexc,NCTUSDT,2025-05-17,0.5706,1.2445
mexc,NDCUSDT,2025-05-15,0.5647,1.1611
mexc,NEARUSDT,2025-10-31,0.5164,0.847
mexc,NEETUSDT,2026-02-27,2.338,0.453
mexc,NEIROCTOUSDT,2025-05-18,0.5015,1.2386
mexc,NEONUSDT,2025-06-19,0.5389,1.1258
mexc,NEROUSDT,2025-07-28,3.784,1.0344
mexc,NETXUSDT,2025-09-12,2.98,0.6421
mexc,NEWTUSDT,2025-06-24,7.45,0.7173
mexc,NEXAUSDT,2025-07-01,0.5953,0.3176
mexc,NEXIUSDT,2026-03-09,1.925,1.3301
mexc,NEXMUSDT,2025-05-16,0.5221,0.6541
mexc,NFPUSDT,2025-06-23,0.6689,0.4209
mexc,NIBIUSDT,2025-12-19,0.5794,1.6912
mexc,NIGHTUSDT,2025-12-09,19.16,0.8441
mexc,NILUSDT,2025-11-15,0.5371,2.006
mexc,NIMUSDT,2025-08-11,1.2631,0.6596
mexc,NIZAUSDT,2025-09-23,24.128,0.84
mexc,NKNUSDT,2025-07-05,0.5147,0.3621
mexc,NLINKUSDT,2025-05-20,0.5625,1.0456
mexc,NLSUSDT,2025-07-13,0.5003,0.7917
mexc,NMRUSDT,2025-08-09,1.7712,0.4328
mexc,NMTUSDT,2025-06-09,0.5332,1.2748
mexc,NOBODYUSDT,2025-05-15,2.0887,0.905
mexc,NOCKUSDT,2026-04-27,6.742,0.6105
mexc,NODEUSDT,2025-06-30,18.3641,0.9583
mexc,NOMUSDT,2025-10-01,1.8495,1.0465
mexc,NOMOXUSDT,2025-05-15,0.8625,1.1403
mexc,NOSUSDT,2025-08-27,1.6677,0.517
mexc,NOTUSDT,2026-04-09,0.9056,0.8401
mexc,NRGUSDT,2025-05-18,1.7812,0.6791
mexc,NSUSDT,2025-08-27,0.6192,0.4312
mexc,NSGUSDT,2025-11-26,37.604,0.7603
mexc,NTHUSDT,2025-08-29,2.33,0.8376
mexc,NTMPIUSDT,2025-06-16,0.5381,1.4835
mexc,NTRNUSDT,2025-08-12,0.5404,0.6993
mexc,NTXUSDT,2025-06-29,0.5125,0.3947
mexc,NUMIUSDT,2025-09-22,1.794,0.8873
mexc,NUSDUSDT,2026-03-03,1.8,1.046
mexc,NUTXUSDT,2025-07-03,1.2961,1.3245
mexc,NWSUSDT,2025-05-15,0.8723,0.8301
mexc,NXPCUSDT,2025-05-15,37.563,0.6694
mexc,NXRAUSDT,2025-06-25,0.8333,0.6736
mexc,NYMUSDT,2026-03-07,0.5065,0.3714
mexc,OASUSDT,2025-10-11,0.7082,1.4405
mexc,OBIUSDT,2025-06-10,0.57,1.1544
mexc,OBOLUSDT,2025-06-15,0.627,0.4772
mexc,OBTUSDT,2025-06-14,0.5123,1.2511
mexc,OCTAUSDT,2025-06-29,0.644,0.3815
mexc,OFCUSDT,2026-04-09,8.9556,1.0143
mexc,OFTUSDT,2025-06-03,0.5065,0.4524
mexc,OGUSDT,2025-07-09,0.5225,0.4122
mexc,OGNUSDT,2025-08-02,0.6001,0.4158
mexc,OGPUUSDT,2025-05-28,1.52,0.8776
mexc,OGYUSDT,2025-06-23,0.5546,0.5694
mexc,OHOUSDT,2025-09-05,1099.0,0.5189
mexc,OKBUSDT,2025-07-26,3.5458,0.7082
mexc,OKMUSDT,2025-05-15,2.1321,0.6349
mexc,OLUSDT,2025-05-16,0.5141,0.791
mexc,OMGBTC,2025-05-16,0.544,0.968
mexc,OMGUSDT,2025-05-16,0.5642,0.9528
mexc,OMIUSDT,2025-08-09,2.02,0.3738
mexc,ONUSDT,2025-10-24,3.026,0.9597
mexc,ONDOUSDT,2025-07-05,0.5101,0.3827
mexc,ONDSONUSDT,2026-03-04,0.6831,0.3511
mexc,ONGUSDT,2026-03-17,0.9667,0.5196
mexc,ONIUSDT,2025-09-17,2.798,1.1337
mexc,ONTBTC,2025-08-07,0.762,0.5753
mexc,ONTUSDT,2025-08-07,0.7057,0.5945
mexc,OOBUSDT,2025-12-01,1.2171,1.1444
mexc,OOEUSDT,2025-09-12,0.5012,0.4936
mexc,OORTUSDT,2025-08-05,0.5124,1.2138
mexc,OPUSDT,2025-07-05,0.548,0.4502
mexc,OPENUSDT,2025-09-08,5.272,0.8401
mexc,OPENXUSDT,2025-09-22,1.726,1.0621
mexc,OPGUSDT,2026-04-21,6.936,0.6104
mexc,OPNUSDT,2026-03-05,4.37,0.738
mexc,OPTUSDT,2025-11-18,1.0561,1.0615
mexc,OPTIMUSUSDT,2025-06-01,0.5141,1.2256
mexc,ORCAUSDT,2025-06-26,0.5476,0.4702
mexc,ORDERUSDT,2025-07-02,0.8989,0.538
mexc,ORTAUSDT,2026-01-08,2.16,0.5238
mexc,OSAKUSDT,2025-05-29,0.5052,1.5881
mexc,OSMOUSDT,2025-07-06,0.5025,0.361
mexc,OTKUSDT,2025-05-27,1.3143,0.8957
mexc,OVLUSDT,2025-08-14,1.5882,1.1652
mexc,OVPPUSDT,2025-09-03,9.0,0.8378
mexc,OVRUSDT,2025-06-22,3.1521,0.9161
mexc,OWLUSDT,2026-01-15,11.92,0.8912
mexc,OXTUSDT,2026-03-08,0.5176,1.1481
mexc,OZOUSDT,2026-03-16,2.0434,1.0004
mexc,OZONEUSDT,2025-11-15,1.65,0.5815
mexc,P2PUSDT,2026-03-29,2.9656,0.7849
mexc,PAALUSDT,2025-07-08,0.5437,0.4444
mexc,PACTUSDT,2026-02-26,4.0,1.1892
mexc,PAIUSDT,2025-06-07,0.6553,0.6174
mexc,PALUSDT,2025-07-07,5.4,0.8085
mexc,PALLONUSDT,2026-01-16,0.6432,0.5456
mexc,PALMAIUSDT,2025-06-15,0.5432,0.7127
mexc,PARTUSDT,2025-09-23,0.6299,0.4504
mexc,PARTIUSDT,2025-07-06,0.678,0.454
mexc,PAWSUSDT,2025-07-12,1.0232,0.6781
mexc,PAXIUSDT,2025-11-14,5.5,0.872
mexc,PAYAIUSDT,2025-10-24,14.986,0.8882
mexc,PBXUSDT,2025-08-24,0.5076,0.861
mexc,PEUSDT,2026-03-22,228.152,0.9963
mexc,PEACEUSDT,2026-04-21,2.3983,1.4075
mexc,PECHUSDT,2025-08-27,3.2667,1.2256
mexc,PENDULUMUSDT,2025-05-15,2.9643,0.8863
mexc,PENGUINUSDT,2026-01-22,173.3,0.9045
mexc,PEPUSDT,2025-05-24,0.5437,0.7348
mexc,PEPE2USDT,2026-04-07,0.5858,0.8344
mexc,PEPPERUSDT,2025-10-24,2.114,0.6708
mexc,PEPUUSDT,2025-05-15,0.6328,1.2847
mexc,PERPUSDT,2025-11-05,0.5148,1.8733
mexc,PGPTUSDT,2025-05-15,1.7565,0.5501
mexc,PHAUSDT,2025-10-31,0.54,1.1332
mexc,PHBUSDT,2025-06-26,0.5758,0.4673
mexc,PHLUSDT,2025-09-23,5.806,0.8195
mexc,PHNIXUSDT,2025-06-21,0.5205,0.7303
mexc,PHYUSDT,2025-07-26,8.652,0.9384
mexc,PIUSDT,2026-02-11,0.5122,0.6778
mexc,PIBUSDT,2025-05-15,0.6195,1.1808
mexc,PIEVERSEUSDT,2025-11-15,4.5262,0.4036
mexc,PIGGYUSDT,2025-10-28,2.6187,0.9959
mexc,PINUSDT,2025-06-26,0.8363,0.3588
mexc,PIPPINUSDT,2025-05-18,0.5268,1.6268
mexc,PIRATEUSDT,2026-03-31,0.561,1.1364
mexc,PIVXUSDT,2025-06-20,0.643,0.7718
mexc,PIXELUSDT,2025-06-23,0.5245,0.3473
mexc,PLAIUSDT,2025-11-04,3.04,1.2952
mexc,PLAYUSDT,2025-07-31,17.246,0.5714
mexc,PLBUSDT,2025-10-09,0.6443,1.3492
mexc,PLNUSDT,2025-06-23,0.5233,0.8451
mexc,PLUMEUSDT,2025-06-22,0.5728,0.4178
mexc,PNDCUSDT,2025-06-04,0.5101,1.2419
mexc,PNGUSDT,2025-07-02,0.8816,0.3868
mexc,PNICUSDT,2025-05-21,0.5033,0.9128
mexc,POKTUSDT,2025-05-15,6.1008,0.5331
mexc,POLISUSDT,2025-07-01,1.3673,0.3122
mexc,POLSUSDT,2025-05-15,0.5703,1.237
mexc,POLYXUSDT,2025-09-16,1.4883,0.3975
mexc,PONDUSDT,2025-08-01,0.5474,0.7324
mexc,PORKUSDT,2025-06-06,1.9855,0.8335
mexc,PORT3USDT,2025-05-16,0.9374,0.7392
mexc,PORTALUSDT,2025-05-15,0.5315,1.4274
mexc,PORTOUSDT,2025-07-28,0.6412,0.6386
mexc,PORTUMAUSDT,2025-10-23,0.7084,0.4373
mexc,POWERUSDT,2025-12-05,7.5592,0.5263
mexc,PRAIUSDT,2025-07-02,0.7957,0.515
mexc,PRCLUSDT,2025-06-22,1.1853,0.3025
mexc,PRLUSDT,2026-03-25,9.124,0.5362
mexc,PROUSDT,2025-05-15,0.6092,0.6527
mexc,PROMPTUSDT,2025-06-26,0.5,0.3173
mexc,PROSFINANCEUSDT,2026-04-28,3.0,0.6308
mexc,PROSPERUSDT,2025-05-15,0.6224,0.8852
mexc,PROVEUSDT,2025-08-05,3.8032,0.7425
mexc,PRTGUSDT,2025-05-18,13.4943,0.8516
mexc,PSGUSDT,2026-04-22,0.5683,0.6948
mexc,PSYOPANIMEUSDT,2026-01-13,1.819,1.4429
mexc,PTBUSDT,2025-09-03,7.336,0.7867
mexc,PTHUSDT,2025-08-11,0.5208,1.0476
mexc,PUBLICUSDT,2025-08-15,3.1045,0.5001
mexc,PUFFERUSDT,2025-07-02,0.9141,0.4752
mexc,PUMPUSDT,2025-07-14,5.888,0.7554
mexc,PUMPBTCUSDT,2025-06-22,0.8587,0.8958
mexc,PUMPCADEUSDT,2026-04-02,9.914,0.7375
mexc,PUNCHUSDT,2026-02-15,49.8,0.8792
mexc,PUNDIAIUSDT,2025-05-15,1.3151,0.8353
mexc,PUNDIXUSDT,2025-07-02,0.5077,0.4307
mexc,PURRUSDT,2025-05-31,5.96,0.455
mexc,PUSHUSDT,2025-12-07,0.512,0.3677
mexc,PVTUSDT,2025-08-05,1.0,0.6326
mexc,PXUSDT,2025-07-01,1.376,0.8983
mexc,PXPUSDT,2025-06-14,1.5956,0.8009
mexc,PYBOBOUSDT,2025-11-21,2.2,0.836
mexc,PYRUSDT,2025-10-21,1.0912,0.8048
mexc,PYTHUSDT,2025-07-05,0.5942,0.5209
mexc,PZPUSDT,2025-06-23,0.5801,0.6329
mexc,QUSDT,2025-09-02,19.5,0.3471
mexc,QBTSONUSDT,2026-04-24,0.742,0.425
mexc,QBXUSDT,2025-05-15,2.316,0.9879
mexc,QIEUSDT,2026-01-06,3.1075,1.0644
mexc,QKCUSDT,2025-07-12,0.6585,0.7866
mexc,QLINDOUSDT,2025-11-14,1.3178,0.3904
mexc,QNTUSDT,2025-11-22,0.5414,0.7657
mexc,QONEUSDT,2026-04-30,1.8888,0.5222
mexc,QORPOUSDT,2025-06-06,0.7605,1.4432
mexc,QRLUSDT,2025-05-16,0.6084,0.4311
mexc,QUAIUSDT,2025-06-02,0.5094,1.3645
mexc,QUICKUSDT,2025-12-18,0.5024,0.8492
mexc,R2USDT,2026-03-30,3.948,1.1777
mexc,RABIUSDT,2025-05-19,0.5402,2.0657
mexc,RADUSDT,2025-12-15,0.5317,0.8556
mexc,RAIUSDT,2025-06-05,0.5339,1.6597
mexc,RAILUSDT,2025-10-10,1.84,1.0748
mexc,RAINUSDT,2025-09-10,49.0,0.3103
mexc,RAREUSDT,2025-08-02,0.5097,0.7824
mexc,RATSUSDT,2025-09-09,0.5751,0.3746
mexc,RAVEUSDT,2025-12-12,6.88,0.5872
mexc,RBCUSDT,2025-06-22,0.5239,0.3031
mexc,RBNTUSDT,2025-06-22,0.519,0.576
mexc,RBTUSDT,2026-04-28,0.5761,1.1562
mexc,RCUSDT,2025-11-04,0.5195,1.4229
mexc,RDNTUSDT,2025-07-02,0.5547,0.4533
mexc,READYUSDT,2025-05-15,6.2431,0.7623
mexc,REALTOKENUSDT,2025-12-07,1.1715,0.9526
mexc,RECALLUSDT,2025-10-15,6.09,0.9015
mexc,REDUSDT,2025-07-09,0.5371,0.4097
mexc,REDOUSDT,2025-05-15,0.6489,1.0109
mexc,REKTCOINUSDT,2025-05-15,3.1631,0.8571
mexc,REMUSDT,2025-07-12,0.5554,0.3448
mexc,RENDERUSDT,2025-07-05,0.5159,0.4446
mexc,RENTAUSDT,2025-05-23,0.5484,0.5385
mexc,RESOLVUSDT,2025-06-10,7.52,0.7393
mexc,REZUSDT,2025-06-23,1.4403,0.6482
mexc,RGTIONUSDT,2026-04-06,1.089,0.3893
mexc,RHUSDT,2026-03-20,13.0,0.8387
mexc,RHEAUSDT,2025-07-30,69.0,0.8468
mexc,RIFUSDT,2026-03-30,0.5193,0.4574
mexc,RIOUSDT,2025-06-06,0.6285,0.9126
mexc,RIONUSDT,2025-07-16,10.977,0.5622
mexc,RIOTONUSDT,2025-12-01,0.6244,0.513
mexc,RISEUSDT,2025-11-17,1.012,0.603
mexc,RIVERUSDT,2025-09-22,19.0,0.8655
mexc,RIVNONUSDT,2026-02-13,0.844,0.4147
mexc,RIZUSDT,2025-05-15,2.2085,0.4629
mexc,RIZEUSDT,2025-07-30,1.7143,1.003
mexc,RIZOUSDT,2025-07-01,4.8892,0.3171
mexc,RLCUSDT,2025-07-05,0.5252,0.6055
mexc,RLSUSDT,2025-12-01,19.0,0.984
mexc,RMVUSDT,2025-06-09,0.5216,1.0331
mexc,RNBWUSDT,2026-02-05,1.442,1.4411
mexc,RNGRUSDT,2026-01-10,3.493,0.5376
mexc,ROAMUSDT,2025-05-31,0.5374,1.2621
mexc,ROBOUSDT,2026-02-27,8.692,0.8078
mexc,ROGUSDT,2025-06-13,31.4149,1.0045
mexc,ROLLUSDT,2026-01-16,6.0,0.7392
mexc,RONUSDT,2025-06-18,0.5133,1.0086
mexc,ROOTUSDT,2025-05-16,0.9691,1.0675
mexc,ROSEUSDT,2025-10-22,0.5615,0.4602
mexc,ROUTEUSDT,2025-07-05,0.7118,0.7036
mexc,ROVRUSDT,2025-09-23,3.0,0.6007
mexc,RPLUSDT,2025-05-24,0.5994,0.5394
mexc,RSCUSDT,2025-09-23,1.48,0.8673
mexc,RSS3USDT,2025-08-01,0.5173,0.8499
mexc,RTFUSDT,2025-10-31,0.5137,0.6648
mexc,RTXUSDT,2025-12-19,7.96,0.4945
mexc,RUJIUSDT,2025-07-22,1.262,0.4499
mexc,RVNUSDT,2025-05-18,1.282,0.9401
mexc,RVVUSDT,2025-10-18,0.8,1.6971
mexc,RWAUSDT,2025-05-22,17.24,0.7555
mexc,RWAINCUSDT,2025-05-15,2.2009,1.162
mexc,RWSUSDT,2026-04-20,8.6667,0.7215
mexc,RXDUSDT,2025-08-02,0.7009,0.4333
mexc,RXSUSDT,2025-06-20,4.5702,1.0996
mexc,SUSDT,2025-11-04,0.5946,1.2479
mexc,SAFEUSDT,2025-05-17,0.5082,1.1687
mexc,SAFE4USDT,2026-02-22,0.5762,0.5562
mexc,SAGAUSDT,2025-06-23,0.7769,0.4687
mexc,SAHARAUSDT,2025-06-26,14.68,0.5764
mexc,SAIUSDT,2025-05-16,0.5957,0.5418
mexc,SALUSDT,2025-05-15,1.1021,0.8127
mexc,SAMOUSDT,2025-07-09,0.5419,0.3791
mexc,SANDUSDT,2026-01-01,0.5257,0.5297
mexc,SANTOSUSDT,2025-07-09,0.515,0.5911
mexc,SAPIENUSDT,2025-08-20,6.7773,0.6952
mexc,SAROSUSDT,2025-07-05,0.9588,0.3171
mexc,SATOUSDT,2026-05-04,8.15,0.482
mexc,SATSUSDT,2025-09-09,1.0477,0.9182
mexc,SAUBERUSDT,2025-07-05,0.8327,0.7314
mexc,SAUCEUSDT,2025-06-23,0.6858,0.3471
mexc,SBETONUSDT,2025-09-09,0.863,0.3233
mexc,SBTCUSDT,2025-11-24,72.3567,0.996
mexc,SCAUSDT,2025-06-14,0.6306,0.3878
mexc,SCARCITYUSDT,2025-06-13,0.5127,1.4065
mexc,SCCPUSDT,2025-06-12,1.4936,1.3042
mexc,SCOTTYUSDT,2025-05-15,2.1636,1.1954
mexc,SCRTUSDT,2025-09-23,0.6042,0.9177
mexc,SDUSDT,2025-05-16,0.5416,1.0338
mexc,SDBUSDT,2025-11-14,7.8,0.695
mexc,SDEXUSDT,2025-11-28,2.3919,0.5927
mexc,SDRUSDT,2025-06-03,0.6812,1.0709
mexc,SEIUSDT,2025-06-07,0.8229,0.5241
mexc,SENTUSDT,2026-01-22,3.943,0.5749
mexc,SENTISUSDT,2025-11-05,1.022,0.8568
mexc,SERUSDT,2025-05-25,0.6121,1.7199
mexc,SERAPHUSDT,2025-07-12,0.9251,0.5765
mexc,SERVUSDT,2025-05-15,1.7,0.6586
mexc,SFIUSDT,2025-05-31,0.5189,1.081
mexc,SFPUSDT,2025-05-18,0.5085,1.3614
mexc,SFUNDUSDT,2025-05-31,0.5387,0.628
mexc,SGBUSDT,2026-04-13,0.6362,0.6032
mexc,SGTUSDT,2025-07-07,0.5558,0.8647
mexc,SHAREUSDT,2026-05-08,3.4147,0.681
mexc,SHELLUSDT,2025-07-07,0.5877,0.3794
mexc,SHIDOUSDT,2025-05-15,0.7582,0.5449
mexc,SHIROUSDT,2025-05-22,0.6534,0.9562
mexc,SHITUSDT,2026-05-09,3.1677,0.8285
mexc,SHMUSDT,2025-11-06,2.976,0.834
mexc,SHOPONUSDT,2025-09-12,0.5887,0.3182
mexc,SHRUSDT,2025-12-01,1.954,0.8872
mexc,SHXUSDT,2025-05-25,0.8999,0.4658
mexc,SIGMAUSDT,2025-10-21,5.45,0.8921
mexc,SIGNUSDT,2025-09-05,0.873,0.53
mexc,SINCITYTOKENUSDT,2025-08-30,0.7856,0.3911
mexc,SIRENUSDT,2026-03-23,2.164,1.3991
mexc,SISUSDT,2026-01-16,1.15,1.1226
mexc,SIXUSDT,2025-06-06,0.8935,0.7572
mexc,SKATEUSDT,2025-06-09,26.44,0.9033
mexc,SKRUSDT,2026-01-21,13.9275,0.7742
mexc,SKXUSDT,2025-05-15,1.2253,1.4582
mexc,SKYUSDT,2025-09-15,1.3429,0.3706
mexc,SKYAUSDT,2025-05-17,0.5742,1.407
mexc,SKYAIUSDT,2026-04-30,7.629,0.5543
mexc,SLCUSDT,2025-05-15,1.8128,0.608
mexc,SLEEPLESSAIUSDT,2025-06-23,0.553,0.3286
mexc,SLFUSDT,2025-07-06,0.5592,1.0318
mexc,SLIMEXUSDT,2025-10-08,0.62,1.6226
mexc,SLPUSDT,2025-07-05,1.1266,0.5007
mexc,SLVONUSDT,2025-12-10,0.501,0.6207
mexc,SMARSUSDT,2025-08-20,0.5115,0.8083
mexc,SMARTUSDT,2025-05-22,2.3231,0.8763
mexc,SMTUSDT,2025-05-16,0.5619,1.3768
mexc,SMURFCATUSDT,2025-06-05,0.5114,1.3107
mexc,SMXUSDT,2025-10-16,0.5268,0.3705
mexc,SN3USDT,2026-03-11,9.0,1.1067
mexc,SN51USDT,2025-11-07,1.473,0.5648
mexc,SN64USDT,2025-11-06,1.3793,0.5602
mexc,SN75USDT,2025-10-24,1.3625,0.8415
mexc,SN85USDT,2026-05-06,1.3694,0.54
mexc,SNAIUSDT,2025-05-15,0.5496,1.7617
mexc,SNEKUSDT,2025-06-23,0.9332,0.3055
mexc,SNFTUSDT,2025-11-04,0.5384,0.9895
mexc,SNOWONUSDT,2025-10-22,1.8885,0.953
mexc,SNPTUSDT,2025-05-15,0.7924,1.2116
mexc,SNSUSDT,2025-05-16,0.5897,0.9804
mexc,SNSYUSDT,2025-06-21,0.5504,0.5399
mexc,SNTUSDT,2025-05-15,1.3095,0.8174
mexc,SOEXUSDT,2025-05-15,0.6213,1.1667
mexc,SOGNIUSDT,2025-07-02,3.6067,0.7906
mexc,SOHUSDT,2025-05-15,0.5579,1.4675
mexc,SOILUSDT,2025-05-24,0.5183,0.8419
mexc,SOLAXYUSDT,2025-07-02,1.8,0.8657
mexc,SOLVEXUSDT,2025-08-31,0.5781,0.6494
mexc,SOLXUSDT,2025-05-15,0.5414,0.8246
mexc,SOMIUSDT,2025-09-02,18.275,0.5245
mexc,SONICUSDT,2026-02-02,0.5178,1.0071
mexc,SOONUSDT,2025-05-23,5.405,0.7717
mexc,SOPHUSDT,2025-05-28,9.508,0.667
mexc,SOSOUSDT,2025-06-07,0.6706,0.5287
mexc,SPAUSDT,2025-07-06,0.5076,0.8067
mexc,SPACEUSDT,2026-01-23,3.452,1.1576
mexc,SPACEMVCUSDT,2025-06-26,0.7327,0.3101
mexc,SPARKLETUSDT,2025-06-13,0.5006,0.9824
mexc,SPCUSDT,2026-04-29,3.75,1.2483
mexc,SPCFINUSDT,2025-06-05,19.0,0.9468
mexc,SPECUSDT,2025-06-21,0.5816,0.9235
mexc,SPKUSDT,2025-06-17,6.781,0.6933
mexc,SPLDUSDT,2025-11-08,1.7975,1.0465
mexc,SPONUSDT,2025-07-29,3.231,0.963
mexc,SPXUSDT,2025-05-15,0.6042,0.5204
mexc,SQDUSDT,2025-07-14,0.5807,1.0573
mexc,SQGROWUSDT,2025-05-20,0.554,1.3737
mexc,SQTUSDT,2025-05-31,0.5329,1.1943
mexc,SRCUSDT,2025-07-09,0.6624,0.7892
mexc,SRDSUSDT,2025-06-21,1.3284,0.488
mexc,SRMUSDT,2025-05-15,0.5106,0.9677
mexc,SRXUSDT,2025-06-30,3.0,0.7136
mexc,STUSDT,2026-04-15,9.0,0.9849
mexc,STABLEUSDT,2025-12-08,1.087,1.4838
mexc,STARHEROESUSDT,2025-06-19,1.5615,1.0543
mexc,STATUSDT,2025-08-21,0.6526,0.7788
mexc,STAYUSDT,2026-04-27,0.998,1.7211
mexc,STBLUSDT,2025-09-16,121.248,0.6024
mexc,STBUUSDT,2025-06-01,0.6155,1.2689
mexc,STEEMUSDT,2026-02-09,0.5743,0.8272
mexc,STGUSDT,2026-01-05,0.7034,0.3934
mexc,STOUSDT,2025-06-22,0.7816,0.5863
mexc,STOOSUSDT,2025-05-15,35.6667,0.9995
mexc,STORJUSDT,2025-11-04,0.5614,1.0683
mexc,STORMUSDT,2025-10-11,0.6471,0.653
mexc,STOSUSDT,2025-06-06,0.5107,1.1526
mexc,STRAWBERRYAIUSDT,2025-06-04,0.6213,1.5825
mexc,STRKUSDT,2025-06-23,0.5161,0.3655
mexc,STRMUSDT,2025-05-15,0.5716,1.2387
mexc,SUKUUSDT,2025-06-26,0.7382,0.6185
mexc,SUMMITUSDT,2025-07-18,7.0,0.9469
mexc,SUMRUSDT,2026-01-22,4.13,1.0659
mexc,SUNUSDT,2025-09-02,0.7321,0.6661
mexc,SUNCATUSDT,2025-09-26,0.5165,1.1851
mexc,SUNDOGUSDT,2025-12-18,0.7568,0.5187
mexc,SUNRISEUSDT,2025-08-27,1.0052,1.7678
mexc,SUPUSDT,2025-08-05,2.696,0.8663
mexc,SUPERFORMUSDT,2026-02-10,9.0,0.9516
mexc,SUPRAUSDT,2025-06-23,0.5164,0.4546
mexc,SUTUSDT,2025-07-24,0.6852,0.6266
mexc,SVNUSDT,2025-06-18,0.5392,1.5445
mexc,SVSAUSDT,2025-10-20,0.85,2.013
mexc,SWARMSUSDT,2025-06-15,0.558,0.5004
mexc,SWCHUSDT,2025-06-19,0.5427,0.7434
mexc,SWEATUSDT,2025-10-24,0.599,0.964
mexc,SWELLUSDT,2025-06-30,0.6347,0.4888
mexc,SWFTCUSDT,2025-11-04,0.5866,1.0311
mexc,SXPUSDT,2025-12-02,0.6648,0.9418
mexc,SYLUSDT,2025-05-19,0.54,1.4021
mexc,SYMMUSDT,2026-03-07,2.315,1.1332
mexc,SYNUSDT,2025-06-26,0.603,0.6022
mexc,SYRUPUSDT,2025-05-31,0.5631,0.3803
mexc,SYSUSDT,2025-07-03,0.8045,0.3
mexc,TAUSDT,2025-07-21,6.592,0.8263
mexc,TACUSDT,2025-07-15,19.0,0.828
mexc,TADAUSDT,2025-09-03,0.5408,1.119
mexc,TAGUSDT,2025-06-09,2.1387,0.9532
mexc,TAIUSDT,2025-05-15,0.7933,0.7865
mexc,TAIKOUSDT,2025-07-08,0.5054,0.4825
mexc,TAIXUSDT,2025-10-07,2.575,0.9313
mexc,TAKEUSDT,2025-08-25,8.9765,0.3052
mexc,TAOUSDT,2025-09-26,0.606,0.3717
mexc,TAPUSDT,2025-07-25,0.518,0.6631
mexc,TARAUSDT,2025-06-23,1.0633,0.4289
mexc,TATSUUSDT,2025-07-31,0.5613,0.5894
mexc,TBKUSDT,2025-12-24,119.0,0.8129
mexc,TCAPYUSDT,2025-06-26,0.509,1.4788
mexc,TCOMUSDT,2025-08-15,1.3995,1.1501
mexc,TCTUSDT,2025-12-04,1.1913,1.7037
mexc,TEAFIUSDT,2025-11-03,9.0,1.0955
mexc,TENUSDT,2025-12-29,2.0437,0.6786
mexc,TERRAUSDT,2025-06-10,1.775,1.0689
mexc,TESTICLEUSDT,2026-01-09,11.959,0.8072
mexc,TETUSDT,2025-06-26,0.5263,0.5742
mexc,THEUSDT,2025-06-27,1.4411,0.3483
mexc,THLUSDT,2025-05-25,0.5371,1.0553
mexc,THQUSDT,2025-12-16,9.0,0.9994
mexc,TIAUSDT,2025-07-05,0.5149,0.5907
mexc,TIBBIRUSDT,2025-05-15,0.8308,0.5686
mexc,TICSUSDT,2025-06-30,25.9231,0.6639
mexc,TITUSDT,2025-08-12,1.4886,1.1415
mexc,TITNUSDT,2025-11-03,3.519,0.68
mexc,TIVAUSDT,2025-12-05,3.48,1.0745
mexc,TIXUSDT,2025-06-26,71.7273,1.008
mexc,TJRMUSDT,2025-06-12,0.8063,0.8449
mexc,TKOUSDT,2025-07-06,0.5048,0.4092
mexc,TLFUSDT,2025-05-15,0.6504,0.583
mexc,TLMUSDT,2025-12-13,0.9115,0.8772
mexc,TMUSONUSDT,2026-03-20,0.5509,0.586
mexc,TNKUSDT,2025-05-25,1.5366,0.9299
mexc,TNSRUSDT,2025-07-06,0.5045,0.5098
mexc,TOKENUSDT,2025-06-29,0.5696,0.3511
mexc,TOMUSDT,2025-10-05,0.6276,0.5467
mexc,TONNYUSDT,2025-07-16,1.0991,0.5277
mexc,TOPUSDT,2025-05-17,0.5277,1.2411
mexc,TORNUSDT,2025-08-26,0.6102,0.4323
mexc,TOSHIUSDT,2025-06-23,0.5877,0.3595
mexc,TOWERUSDT,2025-07-18,3.59,0.8581
mexc,TOWNSUSDT,2025-08-05,7.47,0.8063
mexc,TRACUSDT,2025-06-17,1.8328,0.6463
mexc,TRADEUSDT,2025-06-30,0.5346,0.4177
mexc,TRADOORUSDT,2025-09-04,47.596,0.4838
mexc,TRCUSDT,2025-05-21,1.4986,0.5082
mexc,TRCLUSDT,2025-05-22,0.5367,1.3136
mexc,TRCRUSDT,2025-12-08,4.3186,1.1839
mexc,TREATUSDT,2025-06-26,0.7674,0.781
mexc,TREEUSDT,2025-07-29,13.0,0.8084
mexc,TRIAUSDT,2026-02-03,3.2014,0.6586
mexc,TRIOUSDT,2025-06-13,0.7778,0.395
mexc,TRIPLETUSDT,2026-03-03,5.996,0.6104
mexc,TRNUSDT,2025-07-17,12.064,1.0726
mexc,TROLLUSDT,2025-07-05,0.6934,0.7597
mexc,TROLLSOLUSDT,2025-05-15,1.4121,0.8164
mexc,TRTUSDT,2025-05-17,0.5376,1.7448
mexc,TRUFUSDT,2025-06-21,0.5968,1.122
mexc,TRUMPUSDT,2025-10-18,0.5081,0.5904
mexc,TRUSTUSDT,2025-11-05,19.0,0.9414
mexc,TRUSTSWAPUSDT,2025-11-05,0.6058,1.2894
mexc,TRUTHUSDT,2025-10-01,3.114,0.605
mexc,TRUUUSDT,2025-05-21,3.042,0.6743
mexc,TRWAUSDT,2025-07-02,25.757,0.745
mexc,TSLAXUSDT,2025-07-10,2.0551,0.9549
mexc,TSMONUSDT,2025-10-22,1.1445,0.9972
mexc,TSTUSDT,2025-08-30,1.7964,0.5359
mexc,TSUKAUSDT,2025-05-31,0.5077,1.0742
mexc,TTNUSDT,2025-10-23,3.4526,0.4352
mexc,TUPUSDT,2025-08-27,0.8342,0.3457
mexc,TURTLEUSDT,2025-10-22,5.4,0.8296
mexc,TWTUSDT,2025-09-02,1.1042,0.383
mexc,TXUSDT,2026-03-06,3.47,0.9695
mexc,TXCUSDT,2025-10-02,1.73,0.4584
mexc,TYCOONUSDT,2025-11-04,3.5625,0.7956
mexc,U2UUSDT,2025-05-25,0.5328,0.3413
mexc,UAIUSDT,2025-11-06,4.874,0.6771
mexc,UBUSDT,2025-09-12,10.566,0.6347
mexc,UBERONUSDT,2025-09-12,0.835,0.3321
mexc,UBUUSDT,2026-03-20,0.518,1.0178
mexc,UBXUSDT,2025-05-20,0.5349,1.5563
mexc,UDAOUSDT,2025-07-21,0.6099,0.3301
mexc,UDSUSDT,2025-05-15,1.1009,1.452
mexc,UFDUSDT,2025-05-17,0.5191,1.5723
mexc,UMAUSDT,2025-05-22,0.5186,0.5802
mexc,UNCUSDT,2026-04-15,11.7775,0.9395
mexc,UNFIUSDT,2025-05-15,0.5095,1.1399
mexc,UNIONUSDT,2025-09-04,4.714,0.8171
mexc,UNIT0USDT,2025-05-19,0.6675,1.5703
mexc,UPCUSDT,2025-11-30,0.5207,1.7604
mexc,UPEGUSDT,2026-04-26,9.4159,0.8345
mexc,UQCUSDT,2025-05-15,0.5196,1.3498
mexc,URANUSUSDT,2025-07-04,11.8571,0.898
mexc,USUSDT,2025-12-11,4.8,0.9133
mexc,USADUSDT,2026-02-12,13.0742,0.9996
mexc,USDFUSDT,2025-07-10,2.875,0.9762
mexc,USDGOUSDT,2026-04-29,0.9705,0.9461
mexc,USDMUSDT,2025-05-27,0.7688,1.0
mexc,USDRUSDT,2025-10-20,0.804,1.0075
mexc,USDUCUSDT,2026-05-07,2.505,1.0685
mexc,USELESSUSDT,2025-05-15,0.776,1.9237
mexc,USTCUSDT,2025-07-02,0.5081,0.5088
mexc,USUALUSDT,2025-06-23,0.6025,0.5699
mexc,UTYAUSDT,2026-05-05,2.25,0.7762
mexc,VADERUSDT,2025-05-18,0.5513,0.7419
mexc,VAMEONUSDT,2025-05-15,0.8829,1.1953
mexc,VANAUSDT,2026-02-06,0.5696,1.0447
mexc,VANKEDISIUSDT,2025-07-06,0.8613,1.4443
mexc,VANRYUSDT,2025-06-23,0.7444,0.4007
mexc,VARAUSDT,2025-07-11,0.7526,0.899
mexc,VCUSDT,2025-06-30,0.5015,0.8716
mexc,VEEUSDT,2025-05-15,0.812,0.9367
mexc,VELODROMEUSDT,2025-07-02,0.5141,0.3289
mexc,VELVETUSDT,2025-07-10,18.13,0.4971
mexc,VENOMUSDT,2025-05-25,0.996,0.3816
mexc,VERDRAUSDT,2025-11-13,31.3,0.7676
mexc,VEREMUSDT,2025-12-23,4.1429,0.4516
mexc,VERSEWORLDUSDT,2025-06-10,3.316,1.1006
mexc,VERTUSDT,2025-05-15,1.457,0.7665
mexc,VESUSDT,2025-05-15,0.5789,0.9982
mexc,VEXUSDT,2025-06-14,0.5741,0.7835
mexc,VFARMUSDT,2025-11-13,33.424,1.0004
mexc,VFYUSDT,2025-09-30,3.16,0.908
mexc,VICSUSDT,2025-05-17,0.6763,1.061
mexc,VINEUSDT,2025-06-22,0.5732,0.3664
mexc,VIRTUALUSDT,2025-05-18,0.5342,1.0359
mexc,VISTAUSDT,2025-06-30,0.587,0.4317
mexc,VOLTUSDT,2026-02-06,0.7444,0.4302
mexc,VONUSDT,2025-11-04,0.5129,1.0893
mexc,VOOIUSDT,2025-12-18,1.97,1.3194
mexc,VOWUSDT,2025-07-17,1.2676,0.5456
mexc,VPEPEUSDT,2025-09-28,110.18,1.0033
mexc,VPRUSDT,2025-05-15,2.0062,0.8978
mexc,VRUSDT,2025-09-02,1.0127,0.3032
mexc,VRAUSDT,2025-07-09,0.7589,0.4541
mexc,VSNUSDT,2025-07-16,0.92,0.6789
mexc,VSYSUSDT,2025-08-27,0.7685,0.3226
mexc,VTHOUSDT,2026-02-06,0.5309,0.8744
mexc,VTRADINGUSDT,2025-05-15,1.09,1.1327
mexc,VVVUSDT,2025-06-06,0.5261,1.0599
mexc,WAGMIGAMESUSDT,2025-06-24,0.5989,0.4976
mexc,WALUSDT,2025-12-22,0.5283,0.7722
mexc,WALLETUSDT,2025-05-20,5.7204,1.011
mexc,WARDUSDT,2026-02-04,2.6298,1.2488
mexc,WATTUSDT,2025-12-07,12.4706,0.4259
mexc,WAXLUSDT,2025-05-23,0.7571,0.6863
mexc,WBAIUSDT,2025-10-15,1.345,1.4431
mexc,WBTUSDT,2025-05-29,0.7963,0.3355
mexc,WCOUSDT,2025-05-23,0.5751,0.994
mexc,WCTUSDT,2025-05-15,1.4843,1.0414
mexc,WELFUSDT,2025-06-13,0.5407,1.2299
mexc,WEMIXUSDT,2025-05-31,0.8,0.3905
mexc,WETUSDT,2025-12-09,10.3467,0.4974
mexc,WHITEUSDT,2025-05-15,5.2347,0.6334
mexc,WHITEWHALEUSDT,2026-01-06,9.116,0.949
mexc,WIFUSDT,2025-06-23,0.5588,0.3091
mexc,WINUSDT,2025-11-19,0.7985,0.7356
mexc,WINGUSDT,2025-05-15,0.6068,1.5361
mexc,WKCUSDT,2025-08-12,24.669,0.7721
mexc,WLUSDT,2026-04-11,0.5233,1.497
mexc,WLDUSDT,2025-05-18,0.5368,1.0694
mexc,WLFIUSDT,2025-09-01,19.0,0.8618
mexc,WMTXUSDT,2025-08-28,0.5137,0.3432
mexc,WNCGUSDT,2025-05-25,0.7025,1.0087
mexc,WNXUSDT,2026-03-15,15.0,1.0657
mexc,WNXMUSDT,2025-07-03,6.7876,0.9595
mexc,WOJAKUSDT,2026-01-31,14.426,0.7689
mexc,WOLFTONUSDT,2025-08-24,79.0,0.9889
mexc,WQUILUSDT,2025-05-15,0.6636,0.5936
mexc,WSDMUSDT,2025-09-27,0.5175,0.9755
mexc,WTAUSDT,2025-05-15,5.1969,1.0193
mexc,XUSDT,2025-08-07,1.7,1.2776
mexc,XAIUSDT,2025-06-23,0.5106,0.4228
mexc,XANUSDT,2025-09-29,4.668,1.0766
mexc,XCHUSDT,2025-10-26,0.5209,0.6076
mexc,XCHNGUSDT,2025-06-09,0.5168,1.0541
mexc,XCNUSDT,2025-11-04,0.6752,1.2219
mexc,XCXUSDT,2025-08-11,4.0,0.7746
mexc,XDAGUSDT,2025-06-30,0.5583,0.4594
mexc,XDBUSDT,2025-05-30,1.1528,0.3971
mexc,XECUSDT,2026-04-22,0.5294,0.6387
mexc,XELUSDT,2025-06-23,1.5048,0.4682
mexc,XELSUSDT,2025-05-25,0.6314,0.9839
mexc,XEMPIREUSDT,2025-07-01,0.6395,0.6103
mexc,XENUSDT,2025-06-30,0.8221,0.6156
mexc,XEPUSDT,2025-09-26,0.5337,0.9299
mexc,XFIUSDT,2025-08-28,0.5346,0.3241
mexc,XGZUSDT,2025-12-17,3.001,0.6961
mexc,XIONUSDT,2025-05-24,0.6485,0.6376
mexc,XL1USDT,2025-09-16,9.3502,0.9004
mexc,XLABUSDT,2025-08-29,2.822,1.1632
mexc,XLSUSDT,2025-05-15,0.5595,1.0187
mexc,XMNUSDT,2025-10-09,25.04,0.849
mexc,XMRUSDT,2025-10-22,0.5428,0.4986
mexc,XNAUSDT,2025-07-09,0.502,0.7474
mexc,XNTUSDT,2026-04-22,4.44,0.955
mexc,XNYUSDT,2025-07-25,4.7268,0.3548
mexc,XOUSDT,2025-06-26,9.0,0.8672
mexc,XOXOUSDT,2025-06-20,0.7223,0.8811
mexc,XPUSDT,2025-05-27,1.0951,0.9984
mexc,XP8USDT,2025-11-07,1.0075,1.4357
mexc,XPASSUSDT,2025-12-17,3.019,0.9453
mexc,XPINUSDT,2025-08-23,3.5171,0.5049
mexc,XPLUSDT,2025-09-25,7.469,0.8689
mexc,XPRUSDT,2025-06-24,0.6445,0.4261
mexc,XPXUSDT,2025-06-08,0.5097,1.2141
mexc,XRUSDT,2025-07-07,0.7114,1.0412
mexc,XRBUSDT,2025-08-28,1.37,0.8
mexc,XRDUSDT,2025-06-29,0.5389,0.5459
mexc,XRPCUSDT,2025-07-19,0.5065,0.6547
mexc,XRPHUSDT,2025-05-30,0.5433,1.4107
mexc,XRPHAIUSDT,2026-04-27,2.1,0.7662
mexc,XSWAPUSDT,2025-05-22,0.5155,0.9602
mexc,XTERUSDT,2025-08-06,2.2293,0.7846
mexc,XTMUSDT,2025-07-30,2.3111,0.9324
mexc,XTZUSDT,2025-07-02,1.3778,0.33
mexc,XUSDUSDT,2026-02-05,0.5519,0.9975
mexc,XVGUSDT,2025-06-23,0.634,0.4064
mexc,XWGTUSDT,2025-05-16,0.5926,1.267
mexc,XXUSDT,2025-05-24,0.5047,0.9455
mexc,XYMUSDT,2025-06-27,0.5305,0.4383
mexc,XYOUSDT,2025-06-27,0.6199,0.5993
mexc,XYZUSDT,2026-01-29,8.604,1.1158
mexc,YACHTUSDT,2025-11-04,0.8548,0.9805
mexc,YALAUSDT,2025-07-22,15.8084,0.8471
mexc,YBUSDT,2025-10-15,2.75,1.0255
mexc,YEEUSDT,2025-12-11,6.764,0.78
mexc,YFIIUSDT,2025-06-03,0.6359,1.4623
mexc,YGGUSDT,2025-08-26,0.8129,0.3179
mexc,YNEUSDT,2025-06-23,1.0947,0.5635
mexc,YURUUSDT,2025-07-17,2.3026,0.3795
mexc,ZAMAUSDT,2026-02-02,3.638,0.7757
mexc,ZANOUSDT,2025-05-21,0.5378,0.6515
mexc,ZBCNUSDT,2025-05-15,3.5286,0.4196
mexc,ZBTUSDT,2025-10-17,4.31,1.0526
mexc,ZECUSDT,2025-09-14,2.0309,0.3063
mexc,ZENUSDT,2025-09-15,0.5149,0.4743
mexc,ZENTUSDT,2025-08-16,0.7771,0.451
mexc,ZEPHUSDT,2025-05-24,0.8927,0.4028
mexc,ZEREBROUSDT,2025-06-22,0.5821,0.7685
mexc,ZETAUSDT,2026-01-21,0.5496,1.4835
mexc,ZEUSUSDT,2025-06-06,0.5198,1.191
mexc,ZIGUSDT,2025-07-06,0.5894,0.5051
mexc,ZILUSDT,2026-01-21,0.6052,1.2492
mexc,ZKUSDT,2025-06-23,0.5974,0.3437
mexc,ZKCUSDT,2025-09-15,5.0,0.983
mexc,ZKJUSDT,2025-06-16,1.3773,1.349
mexc,ZKPUSDT,2025-12-19,2.5714,0.7044
mexc,ZKWASMUSDT,2025-07-22,2.85,0.9209
mexc,ZLWUSDT,2025-07-21,0.6028,0.8632
mexc,ZNDUSDT,2025-05-15,0.9155,1.228
mexc,ZOOMUSDT,2026-04-22,2.3317,0.3767
mexc,ZORAUSDT,2025-05-18,0.5102,0.9655
mexc,ZRCUSDT,2025-06-06,0.5625,1.2833
mexc,ZROUSDT,2025-08-01,0.5072,0.7817
mexc,ZRXUSDT,2025-12-13,0.5022,1.0172
mexc,ZSWAPUSDT,2026-03-27,1.0945,1.4349
mexc,ZTCUSDT,2026-01-07,1.7133,1.2354
mexc,ZYNUSDT,2025-05-22,2.1726,0.614
mexc,共建USDT,2026-04-15,3.914,0.6511
mexc,哈基米USDT,2026-04-18,4.258,0.6496
mexc,币安人生USDT,2025-10-07,23.0,0.7677
mexc,我踏马来了USDT,2026-01-07,52.733,0.7423
mexc,熊猫头USDT,2026-05-04,2.479,0.9662
mexc,龙虾USDT,2026-02-28,26.237,0.5794
huobi,0GUSDT,2025-09-21,13.822,0.7404
huobi,1INCHUSDT,2025-06-24,1.1541,0.3536
huobi,4USDT,2025-10-19,6.75,0.729
huobi,AUSDT,2025-05-27,6.9,0.379
huobi,A2ZUSDT,2025-08-03,10.455,0.5775
huobi,A8USDT,2025-07-02,0.6398,0.7038
huobi,AAVEUSDT,2025-08-05,0.5208,0.4541
huobi,ACAUSDT,2025-06-23,0.6085,0.5944
huobi,ACEUSDT,2025-06-23,0.5076,0.5875
huobi,ACHUSDT,2025-07-02,0.7253,0.494
huobi,ACNUSDT,2026-04-28,7.086,0.3612
huobi,ACTSOLUSDT,2025-10-30,0.5541,1.1888
huobi,ACXUSDT,2025-06-30,0.733,0.501
huobi,AEVOUSDT,2025-06-22,0.7721,0.4323
huobi,AGLDUSDT,2026-01-11,0.511,1.3087
huobi,AIUSDT,2025-06-23,0.5043,0.4008
huobi,AICUSDT,2025-06-09,0.8046,0.5113
huobi,AIOZUSDT,2025-06-22,0.5194,0.3898
huobi,AIXBTUSDT,2025-05-17,0.5272,0.8573
huobi,AKTUSDT,2025-07-02,0.6056,0.3104
huobi,ALUSDT,2025-10-30,0.5902,1.8333
huobi,ALCHUSDT,2025-09-20,0.521,1.352
huobi,ALIUSDT,2025-06-22,0.6678,0.6505
huobi,ALICEUSDT,2025-06-22,0.6284,0.5381
huobi,ALLOUSDT,2025-11-13,5.86,0.564
huobi,ALTUSDT,2025-05-28,0.8457,0.8462
huobi,ALUUSDT,2025-07-01,0.5744,1.3531
huobi,AMPUSDT,2025-12-23,0.5422,0.5349
huobi,ANKRUSDT,2026-02-27,0.5633,0.6517
huobi,AOUSDT,2025-11-03,12.7651,0.6571
huobi,APEUSDT,2026-04-06,2.216,0.6651
huobi,API3USDT,2025-07-03,0.6704,0.5859
huobi,APRUSDT,2025-10-26,9.376,0.5446
huobi,ARUSDT,2025-06-29,0.6157,0.3204
huobi,ARCUSDT,2025-06-22,0.6335,0.4643
huobi,ARDRUSDT,2025-07-01,0.5169,0.7462
huobi,ARPAUSDT,2025-06-22,0.5049,0.6394
huobi,ARTYUSDT,2025-06-02,0.5109,1.2461
huobi,ASTERUSDT,2025-09-18,23.31,0.3671
huobi,ASTRUSDT,2025-11-21,0.507,0.9406
huobi,ATHUSDT,2025-08-21,0.6398,0.5365
huobi,ATMUSDT,2025-07-09,1.0912,0.5632
huobi,AUCTIONUSDT,2025-06-24,0.6101,0.5578
huobi,AUDIOUSDT,2026-03-30,0.9302,0.8
huobi,AURORAUSDT,2025-08-08,0.5217,1.0
huobi,AVAUSDT,2025-10-11,0.7616,0.882
huobi,AVAILUSDT,2025-08-26,1.1962,0.591
huobi,AVLUSDT,2025-07-04,0.5388,0.6344
huobi,AVNTUSDT,2025-09-08,87.8633,0.4786
huobi,AWEUSDT,2025-05-21,6.479,0.3635
huobi,AXSUSDT,2025-12-26,0.7052,0.5489
huobi,AZTECUSDT,2026-02-11,12.2,0.5247
huobi,B2USDT,2025-06-13,0.5509,0.5817
huobi,BABYUSDT,2025-06-22,0.5663,0.5505
huobi,BABYDOGEUSDT,2025-07-02,0.5691,0.4275
huobi,BADGERUSDT,2025-07-02,0.5399,0.5745
huobi,BALUSDT,2025-07-02,1.1272,0.6436
huobi,BANANAUSDT,2025-06-22,0.5592,0.5821
huobi,BANANAS31USDT,2025-06-07,2.0072,0.5572
huobi,BANDUSDT,2025-08-04,1.0428,0.4063
huobi,BARDUSDT,2025-09-17,6.6745,0.5595
huobi,BASEDUSDT,2026-03-29,15.2368,0.7007
huobi,BATUSDT,2025-09-24,0.6474,0.5135
huobi,BBUSDT,2025-06-22,0.668,0.5731
huobi,BEATUSDT,2026-01-22,8.89,0.5107
huobi,BEBEUSDT,2025-05-16,0.9424,0.4966
huobi,BFCUSDT,2025-05-23,0.5265,0.591
huobi,BICOUSDT,2026-04-11,0.5022,0.7788
huobi,BIGTIMEUSDT,2025-07-05,0.5118,0.5878
huobi,BIOUSDT,2025-06-22,0.5795,0.4415
huobi,BIRBUSDT,2026-01-27,23.2792,0.6977
huobi,BLASTUSDT,2025-06-28,0.6469,0.4276
huobi,BLENDUSDT,2026-04-23,10.024,0.7761
huobi,BLUAIUSDT,2025-10-29,6.52,0.6616
huobi,BLUEUSDT,2025-05-17,0.5456,0.8182
huobi,BLUMUSDT,2025-07-07,7.3901,0.4036
huobi,BLURUSDT,2025-07-02,0.8106,0.3643
huobi,BMTUSDT,2025-05-21,0.5113,0.4446
huobi,BNKRUSDT,2026-02-03,34.0359,0.811
huobi,BNTUSDT,2025-11-19,0.5136,1.05
huobi,BOBAUSDT,2025-05-14,0.5358,0.9575
huobi,BOBBSCUSDT,2025-06-05,12.23,0.8013
huobi,BOMEUSDT,2025-06-22,0.5802,0.4133
huobi,BONEUSDT,2025-08-25,1.151,0.8607
huobi,BONKUSDT,2025-06-19,0.7123,0.4036
huobi,BREVUSDT,2026-01-06,8.8867,0.7264
huobi,BTWUSDT,2026-03-01,38.992,0.3613
huobi,C98USDT,2025-06-22,0.6226,0.3673
huobi,CAKEUSDT,2025-09-15,0.5382,0.3708
huobi,CAMPUSDT,2025-08-26,22.4513,0.8182
huobi,CARVUSDT,2025-07-02,0.5728,0.4258
huobi,CATUSDT,2025-06-22,0.5808,0.4337
huobi,CBKUSDT,2025-06-13,0.819,0.5753
huobi,CETUSUSDT,2025-07-01,0.5139,0.3468
huobi,CFGUSDT,2026-03-22,0.9178,0.5147
huobi,CGPTUSDT,2025-06-22,0.5494,0.3436
huobi,CHECKUSDT,2026-01-18,9.777,0.4803
huobi,CHILLGUYUSDT,2025-06-22,0.8039,0.3456
huobi,CHIPUSDT,2026-04-20,22.3598,0.6364
huobi,CHRUSDT,2025-06-22,0.5896,0.4099
huobi,CKBUSDT,2025-07-02,1.159,0.4593
huobi,CLANKERUSDT,2026-02-03,10.0371,0.3345
huobi,CLAWDUSDT,2026-02-03,5.4975,0.8363
huobi,CLAWNCHUSDT,2026-01-31,8.6667,0.966
huobi,CLOREUSDT,2025-07-04,0.6102,0.5361
huobi,CLVUSDT,2025-11-01,0.592,1.5946
huobi,COMPUSDT,2025-05-25,0.5184,0.4904
huobi,COOKIEUSDT,2025-07-23,8.4,0.3161
huobi,COREUSDT,2025-12-02,0.7018,0.817
huobi,COTIUSDT,2025-10-22,0.9258,0.4231
huobi,COWUSDT,2025-06-27,1.0358,0.4585
huobi,CRTSUSDT,2025-11-04,0.5361,1.445
huobi,CSPRUSDT,2025-11-19,0.5763,1.1471
huobi,CTAUSDT,2025-05-14,0.7638,1.0097
huobi,CTCUSDT,2025-11-21,0.6592,0.9138
huobi,CTSIUSDT,2025-06-22,0.6023,0.4887
huobi,CTXUSDT,2025-06-22,0.5822,0.8581
huobi,CUDISUSDT,2025-09-25,5.0,0.7457
huobi,CVCUSDT,2025-10-29,0.5008,1.2886
huobi,CVXUSDT,2025-06-28,1.2557,0.4498
huobi,CYBERUSDT,2025-06-22,0.7556,0.5967
huobi,DAOUSDT,2026-02-03,1.5,1.1476
huobi,DASHUSDT,2025-09-13,0.5911,0.4017
huobi,DBRUSDT,2025-06-09,1.2652,0.5658
huobi,DCRUSDT,2025-09-22,0.5031,0.9192
huobi,DEGENUSDT,2025-06-22,0.7491,0.4256
huobi,DELOREANUSDT,2025-06-23,7.75,0.8686
huobi,DEXEUSDT,2025-09-02,0.7394,0.3228
huobi,DGBUSDT,2025-06-17,0.5787,1.2314
huobi,DKAUSDT,2025-11-04,0.5487,1.2611
huobi,DODOUSDT,2025-08-02,0.8797,0.8575
huobi,DOGEBTC,2025-07-03,0.5711,0.377
huobi,DONKEYUSDT,2025-05-16,0.6632,0.9349
huobi,DSYNCUSDT,2025-09-23,11.4459,0.3788
huobi,DYDXUSDT,2025-11-03,0.5725,1.1969
huobi,DYMUSDT,2025-06-22,0.6421,0.425
huobi,EDGENUSDT,2025-06-01,7.56,0.8899
huobi,EIGENUSDT,2025-07-04,0.5018,0.5493
huobi,ELAUSDT,2025-05-17,0.5081,0.8123
huobi,ELFUSDT,2025-07-03,0.6675,0.6361
huobi,ELIZAOSUSDT,2025-11-10,13.118,0.5842
huobi,ELSAUSDT,2026-01-22,8.2,0.6701
huobi,ENAUSDT,2025-06-22,0.6633,0.4493
huobi,ENSOUSDT,2026-01-25,8.4355,0.4521
huobi,EPICUSDT,2025-06-30,2.3606,0.5366
huobi,EPTUSDT,2025-08-26,0.5042,0.7913
huobi,ERAUSDT,2025-07-16,19.2,0.5706
huobi,ESUSDT,2025-07-25,5.345,0.3742
huobi,ESPUSDT,2026-02-11,21.21,0.5026
huobi,ESXUSDT,2025-06-18,58.678,0.5421
huobi,ETHFIUSDT,2025-06-22,0.5285,0.4469
huobi,ETHWUSDT,2025-06-29,0.5658,0.3171
huobi,ETNUSDT,2025-07-07,1.5785,0.3787
huobi,EULUSDT,2025-06-22,1.52,0.3366
huobi,EURRUSDT,2026-01-12,168.9867,0.9311
huobi,FUSDT,2025-08-23,0.5361,0.6691
huobi,FARTCOINUSDT,2025-06-05,0.6002,1.1975
huobi,FETUSDT,2025-10-20,0.6207,0.7578
huobi,FFUSDT,2025-09-28,10.0,0.9568
huobi,FHEUSDT,2025-07-22,0.5498,0.8414
huobi,FILUSDT,2025-10-20,1.4824,0.5098
huobi,FISUSDT,2025-06-19,0.6864,0.7364
huobi,FITFIUSDT,2025-07-28,0.6097,0.9359
huobi,FLOWUSDT,2026-02-20,0.9327,0.5029
huobi,FLRUSDT,2025-07-04,0.6627,0.3545
huobi,FLUXUSDT,2025-06-22,0.5286,0.3676
huobi,FORTHUSDT,2025-08-02,0.5601,0.8298
huobi,FRAXUSDT,2026-03-02,6.393,0.4302
huobi,FTTUSDT,2025-06-30,0.6296,0.4181
huobi,FUNUSDT,2025-06-26,1.4526,0.3125
huobi,FUSEUSDT,2025-06-04,0.5871,1.0516
huobi,GUSDT,2025-11-21,0.5109,0.7237
huobi,GAINUSDT,2025-09-23,3.8427,1.2014
huobi,GALAUSDT,2025-07-04,0.5118,0.4576
huobi,GAME2USDT,2025-06-22,0.5227,0.6854
huobi,GAMEBASEUSDT,2025-05-17,0.5977,1.226
huobi,GIGGLEUSDT,2025-10-15,13.4375,0.8164
huobi,GLMUSDT,2025-07-01,0.5037,0.4616
huobi,GLMRUSDT,2025-11-06,0.5238,1.2485
huobi,GMTUSDT,2025-12-22,0.6483,0.3936
huobi,GMXUSDT,2025-07-22,1.0975,0.7548
huobi,GNOUSDT,2025-07-03,0.5616,0.4635
huobi,GOATUSDT,2025-06-22,0.8667,0.4345
huobi,GODSUSDT,2025-05-16,0.5537,1.1339
huobi,GOMININGUSDT,2025-11-08,0.502,1.5243
huobi,GRASSUSDT,2025-11-01,0.881,0.8669
huobi,GRIFFAINUSDT,2025-06-22,0.8671,0.4495
huobi,GTAIUSDT,2025-09-09,0.5528,1.1173
huobi,GUNUSDT,2025-10-27,4.0,0.4709
huobi,GWEIUSDT,2026-01-22,15.525,0.4915
huobi,HAEDALUSDT,2025-05-14,0.521,1.3052
huobi,HANAUSDT,2025-10-23,4.723,0.7341
huobi,HIPPOUSDT,2025-06-22,0.6268,0.4
huobi,HIVEUSDT,2025-06-13,0.5445,1.2845
huobi,HOLOWORLDUSDT,2025-09-10,9.625,0.8527
huobi,HOMEUSDT,2025-06-09,10.5,0.6421
huobi,HOUSEUSDT,2025-05-14,0.8238,1.0631
huobi,HSKUSDT,2025-10-12,5.7917,0.3335
huobi,ICPUSDT,2025-10-20,2.1369,0.3353
huobi,IDUSDT,2025-12-22,0.8995,0.6721
huobi,IDEXUSDT,2025-06-23,0.6257,0.6752
huobi,INITUSDT,2025-06-22,0.5438,0.5966
huobi,INJUSDT,2025-07-07,0.5057,0.466
huobi,INXUSDT,2026-01-30,8.6855,0.4426
huobi,IOUSDT,2025-06-22,0.536,0.4813
huobi,IOSTUSDT,2025-07-02,0.6352,0.5752
huobi,IOTXUSDT,2025-07-12,0.5185,0.5846
huobi,IPUSDT,2025-06-23,0.5995,0.3928
huobi,IRUSDT,2025-12-16,5.338,0.9352
huobi,JOEUSDT,2026-03-20,0.9422,0.632
huobi,JTOUSDT,2025-12-18,0.5408,0.4719
huobi,JUPUSDT,2025-07-03,0.5859,0.5047
huobi,JUVUSDT,2025-07-22,1.1638,0.5854
huobi,KAIAUSDT,2025-05-24,0.5428,0.3013
huobi,KAITOUSDT,2025-08-26,0.5027,0.834
huobi,KAVAUSDT,2025-10-30,0.5385,1.0101
huobi,KERNELUSDT,2025-05-17,0.5925,1.0826
huobi,KIMAUSDT,2025-06-12,0.6794,0.9007
huobi,KITEUSDT,2025-11-02,5.695,0.5616
huobi,KNCUSDT,2025-06-23,1.5952,0.5188
huobi,KSMUSDT,2025-10-23,0.5127,0.7487
huobi,KYOUSDT,2025-12-09,9.5,1.0404
huobi,L3USDT,2025-05-15,0.738,0.6865
huobi,LAUSDT,2025-06-03,40.0,0.7708
huobi,LATUSDT,2025-08-06,0.5272,0.8418
huobi,LAYERUSDT,2025-10-22,0.5342,1.3
huobi,LFUSDT,2025-06-01,0.5,0.6797
huobi,LINEAUSDT,2025-09-09,10.0,0.6543
huobi,LISTAUSDT,2025-06-10,5.5625,0.3438
huobi,LITUSDT,2026-01-14,6.233,0.3791
huobi,LMWRUSDT,2025-06-22,0.678,0.5553
huobi,LPTUSDT,2025-05-14,1.3206,0.7585
huobi,LQTYUSDT,2025-05-30,0.5815,0.7274
huobi,LRCUSDT,2025-07-04,0.5506,0.4937
huobi,LSKUSDT,2025-06-23,0.5474,0.5251
huobi,LUNAUSDT,2025-11-18,1.1068,0.7128
huobi,LUNCUSDT,2025-11-18,1.5239,0.603
huobi,LVVAUSDT,2025-06-22,1.2223,0.875
huobi,LWAUSDT,2025-05-14,0.7929,0.8355
huobi,MUSDT,2025-07-02,165.6667,0.6697
huobi,MAGICUSDT,2025-06-13,0.6058,0.8903
huobi,MANTAUSDT,2025-06-22,0.5416,0.3326
huobi,MANTRAUSDT,2026-03-03,12.322,0.5651
huobi,MANYUUSDT,2025-09-28,13.6886,0.6647
huobi,MAPOUSDT,2025-05-26,1.0904,0.8581
huobi,MAVIAUSDT,2025-06-26,0.5416,0.381
huobi,MBLUSDT,2025-08-26,1.2525,1.0106
huobi,MBOXUSDT,2025-06-19,0.582,0.7336
huobi,MBXUSDT,2025-07-03,0.6288,1.0542
huobi,MCRTUSDT,2025-10-22,0.8992,1.2557
huobi,MEUSDT,2025-12-30,0.6384,0.6005
huobi,MEGAUSDT,2026-04-29,10.46,0.6028
huobi,MELANIAUSDT,2025-06-27,0.547,0.385
huobi,MEMEUSDT,2025-06-22,0.5309,0.3988
huobi,MEMEFIUSDT,2025-06-13,0.5263,1.1547
huobi,MERLUSDT,2025-05-15,0.5351,0.8777
huobi,METUSDT,2025-10-23,4.839,0.4832
huobi,METISUSDT,2025-06-17,0.5384,1.1259
huobi,MEWUSDT,2025-05-17,0.5331,1.0226
huobi,MFERUSDT,2025-07-01,0.5068,0.4324
huobi,MINAUSDT,2025-10-16,0.5734,1.0152
huobi,MIRAUSDT,2025-09-25,8.8385,0.9172
huobi,MLNUSDT,2025-05-26,1.5019,0.8311
huobi,MNDEUSDT,2025-05-14,0.8945,0.9538
huobi,MOCAUSDT,2025-06-24,0.5789,0.7991
huobi,MOGUSDT,2025-05-17,0.511,1.2651
huobi,MOLTUSDT,2026-01-31,9.0,1.0577
huobi,MONUSDT,2025-06-13,0.6085,1.0522
huobi,MONADUSDT,2025-11-23,21.6052,0.6106
huobi,MOODENGUSDT,2025-05-15,0.5141,1.2359
huobi,MOODENGETHUSDT,2025-06-22,0.8098,0.7339
huobi,MOVEUSDT,2025-06-18,0.5175,0.7548
huobi,MOVRUSDT,2025-10-28,0.503,1.2034
huobi,MTLUSDT,2025-06-02,0.9326,1.1943
huobi,MUBARAKUSDT,2025-05-17,0.5208,1.2492
huobi,MXUSDT,2025-08-03,0.5468,0.5339
huobi,NAKAUSDT,2025-06-22,0.7632,0.7228
huobi,NEARUSDT,2025-10-30,0.5181,0.8728
huobi,NEIROUSDT,2025-06-22,0.77,0.4072
huobi,NEWTUSDT,2025-06-24,7.1883,0.4357
huobi,NIGHTUSDT,2025-12-08,28.9475,0.3961
huobi,NILUSDT,2025-11-04,0.5539,1.8298
huobi,NKNUSDT,2025-07-05,0.5476,0.3992
huobi,NODEOPSUSDT,2025-06-29,8.9995,0.9217
huobi,NOMUSDT,2025-09-29,4.6,0.8194
huobi,NXPCUSDT,2025-05-15,10.0032,0.5704
huobi,NYMUSDT,2026-03-04,0.5208,0.472
huobi,OBOLUSDT,2025-07-08,1.1254,0.7158
huobi,OBTUSDT,2025-06-17,0.5076,1.1717
huobi,OGUSDT,2025-07-09,0.5199,0.4428
huobi,OGNUSDT,2025-08-01,0.5957,0.4464
huobi,ONDOUSDT,2025-07-04,0.5088,0.3101
huobi,ONTUSDT,2025-08-06,0.6921,0.5797
huobi,OPUSDT,2025-07-04,0.5418,0.3671
huobi,OPENUSDT,2025-09-07,8.4105,0.783
huobi,OPGUSDT,2026-04-20,23.7,0.562
huobi,OPNUSDT,2026-03-04,9.816,0.6441
huobi,ORBSUSDT,2025-05-31,0.53,0.7805
huobi,ORCAUSDT,2025-06-25,0.6223,0.4789
huobi,ORDERUSDT,2025-07-01,0.8585,0.5086
huobi,ORDIUSDT,2025-06-22,0.607,0.3388
huobi,OSMOUSDT,2025-09-30,0.5283,1.2232
huobi,OXTUSDT,2025-12-18,0.5267,0.8984
huobi,PAALUSDT,2025-07-07,0.5132,0.4398
huobi,PARTIUSDT,2025-07-05,0.5896,0.5785
huobi,PAYAIUSDT,2025-10-31,8.4248,0.8126
huobi,PENDLEUSDT,2025-07-04,0.5334,0.3201
huobi,PEOPLEUSDT,2025-10-30,0.6345,1.0583
huobi,PEPEUSDT,2025-07-04,0.5444,0.3642
huobi,PHAUSDT,2025-10-30,0.6164,1.1092
huobi,PHBUSDT,2025-06-24,0.5093,0.4736
huobi,PINGUSDT,2025-10-26,6.8786,0.7153
huobi,PIPPINUSDT,2025-05-17,0.5113,1.5945
huobi,PIXELUSDT,2025-06-22,0.5627,0.4076
huobi,PLANCKUSDT,2025-11-12,5.0,1.0455
huobi,PLUMEUSDT,2025-06-21,0.5045,0.5355
huobi,PNUTUSDT,2025-06-22,0.6087,0.3266
huobi,POLUSDT,2025-12-23,0.7687,0.3613
huobi,POLSUSDT,2025-05-14,0.6338,1.1292
huobi,POLYXUSDT,2025-06-23,0.601,0.5908
huobi,PONDUSDT,2025-06-27,0.5058,0.6782
huobi,PONKEUSDT,2025-06-22,0.7006,0.3647
huobi,PORTALUSDT,2025-05-15,0.6756,1.248
huobi,POWRUSDT,2025-11-03,0.5093,1.2114
huobi,PRCLUSDT,2025-06-19,0.5145,0.3047
huobi,PROPYUSDT,2025-05-15,0.6238,0.6197
huobi,PROVEUSDT,2025-08-24,5.026,0.3759
huobi,PSGUSDT,2025-06-23,0.5366,0.5452
huobi,PUFFERUSDT,2025-07-01,0.834,0.4696
huobi,PUMPUSDT,2025-09-28,6.53,0.6064
huobi,PUNDIXUSDT,2025-07-01,0.5077,0.5015
huobi,PUSHUSDT,2025-12-07,0.5033,0.4052
huobi,PYRUSDT,2025-07-17,0.518,0.888
huobi,PYTHUSDT,2025-07-03,0.5079,0.3549
huobi,QTUMUSDT,2025-08-06,0.6634,0.3459
huobi,QUICKUSDT,2025-07-04,0.5006,0.3115
huobi,RACAUSDT,2025-08-04,0.5595,1.0479
huobi,RADUSDT,2025-12-16,0.5689,0.855
huobi,RATSUSDT,2025-09-09,0.5667,0.4409
huobi,RAYUSDT,2025-06-22,0.6444,0.3489
huobi,RDNTUSDT,2025-06-20,2.2093,0.7398
huobi,REEFUSDT,2025-06-30,1.3669,0.4416
huobi,REIUSDT,2025-06-23,0.6194,0.7216
huobi,RENDERUSDT,2025-07-04,0.5063,0.3474
huobi,REQUSDT,2026-02-23,0.5206,0.8201
huobi,RESOLVUSDT,2025-06-10,9.4725,0.7126
huobi,REZUSDT,2025-06-22,1.5417,0.6577
huobi,RIVERUSDT,2026-01-15,28.6533,0.8683
huobi,RLCUSDT,2025-07-05,0.511,0.6382
huobi,ROBOUSDT,2026-02-26,14.5015,0.618
huobi,ROCKUSDT,2025-10-16,0.5266,0.9236
huobi,RONINUSDT,2025-06-22,0.558,0.695
huobi,ROOTUSDT,2025-05-15,1.4907,0.9336
huobi,ROUTEUSDT,2025-07-04,0.6895,0.5127
huobi,RPLUSDT,2025-05-24,0.5144,0.562
huobi,RSRUSDT,2025-06-22,0.5918,0.3192
huobi,RSS3USDT,2025-08-01,0.5561,0.8924
huobi,RVNUSDT,2025-05-17,1.1823,0.8526
huobi,SUSDT,2025-11-03,0.635,1.2053
huobi,SAFEUSDT,2025-05-17,0.5763,1.0047
huobi,SAGAUSDT,2025-06-22,0.8324,0.4896
huobi,SAHARAUSDT,2025-06-25,10.0,0.6286
huobi,SANDUSDT,2026-01-12,0.5312,1.2552
huobi,SAROSUSDT,2025-07-05,0.8573,0.325
huobi,SATSUSDT,2025-06-22,0.5352,0.44
huobi,SCUSDT,2025-06-28,0.5797,0.5044
huobi,SCAUSDT,2025-06-13,0.5321,0.4717
huobi,SCRUSDT,2025-06-25,0.5039,0.3732
huobi,SCRTUSDT,2025-05-14,2.2616,0.9082
huobi,SDUSDT,2025-05-17,0.5337,1.0312
huobi,SEIUSDT,2025-06-06,0.7195,0.5237
huobi,SENTUSDT,2026-01-22,15.314,0.4986
huobi,SFUNDUSDT,2025-06-02,0.5032,0.9782
huobi,SHELLUSDT,2025-07-06,0.6542,0.5431
huobi,SKLUSDT,2025-07-02,0.5125,0.3958
huobi,SKRUSDT,2026-01-23,8.1935,0.5961
huobi,SKYAIUSDT,2025-06-14,0.9739,0.3882
huobi,SNEKUSDT,2025-08-12,8.83,0.4158
huobi,SNSUSDT,2025-05-21,0.5074,1.3043
huobi,SNTUSDT,2025-05-14,1.266,0.8236
huobi,SNXUSDT,2025-09-08,0.844,0.323
huobi,SOLVUSDT,2026-02-05,0.5037,1.7515
huobi,SOMIUSDT,2025-12-09,7.5575,0.3235
huobi,SOONUSDT,2025-05-22,5.7825,0.6915
huobi,SOPHUSDT,2025-05-27,9.0,0.6292
huobi,SPAUSDT,2025-07-13,0.5499,0.9298
huobi,SPELLUSDT,2025-07-25,0.5195,1.0749
huobi,SPKUSDT,2025-06-16,13.0,0.5935
huobi,SQDUSDT,2025-06-13,5.25,0.5886
huobi,SSVUSDT,2025-06-22,0.5069,0.4145
huobi,STABLEUSDT,2025-12-07,10.2483,0.7924
huobi,STEEMUSDT,2026-02-08,0.5588,0.9
huobi,STGUSDT,2025-08-02,0.9602,0.8864
huobi,STOUSDT,2025-06-21,0.7321,0.6033
huobi,STORJUSDT,2025-11-03,0.5683,1.0713
huobi,STRKUSDT,2025-06-22,0.5752,0.3887
huobi,STRXUSDT,2025-05-19,0.5176,0.9194
huobi,SUIUSDT,2025-06-29,0.5109,0.3261
huobi,SUKUUSDT,2025-06-30,1.0277,0.3038
huobi,SUNUSDT,2025-09-01,0.7516,0.5687
huobi,SUNDOGUSDT,2025-12-17,0.5495,0.579
huobi,SUSHIUSDT,2025-06-22,0.5075,0.3663
huobi,SWAPUSDT,2025-10-31,0.5197,1.5281
huobi,SWARMSUSDT,2025-06-14,0.5468,0.6306
huobi,SWEATUSDT,2025-10-11,0.5467,1.2017
huobi,SWELLUSDT,2025-06-22,0.5216,0.5061
huobi,SWFTCUSDT,2025-11-05,0.53,1.0735
huobi,SWTCHUSDT,2025-09-08,9.4,0.8271
huobi,SXPUSDT,2025-11-30,0.5208,1.3431
huobi,SYNUSDT,2025-06-23,0.5719,0.5532
huobi,SYNDUSDT,2025-09-19,7.5,0.8593
huobi,SYRUPUSDT,2025-05-14,0.5689,0.7382
huobi,TAIKOUSDT,2025-06-22,1.1325,0.7936
huobi,THETAUSDT,2025-07-24,0.5448,1.0536
huobi,TIAUSDT,2025-07-03,0.543,0.4557
huobi,TLMUSDT,2025-12-13,0.8202,0.8542
huobi,TNSRUSDT,2025-05-15,0.5464,1.4727
huobi,TONUSDT,2026-04-18,1.1188,0.316
huobi,TORNUSDT,2025-08-26,0.6488,0.5746
huobi,TOWNSUSDT,2025-08-08,9.528,0.5133
huobi,TRACUSDT,2025-07-02,0.8512,0.317
huobi,TRBUSDT,2025-05-14,0.9054,0.8572
huobi,TREEUSDT,2025-07-28,14.0,0.8259
huobi,TRUMPUSDT,2025-10-23,0.6453,0.5326
huobi,TSTUSDT,2025-08-29,1.8256,0.6327
huobi,TTUSDT,2025-12-19,0.6053,0.6646
huobi,TURBOUSDT,2025-06-22,0.5615,0.3772
huobi,TUSDUSDT,2025-08-10,1.0921,1.0024
huobi,UFDUSDT,2025-06-22,1.0808,0.3102
huobi,ULTIMAUSDT,2025-09-03,7.7983,0.3459
huobi,UMAUSDT,2025-05-21,0.5578,0.5346
huobi,UPUSDT,2026-02-10,8.8338,0.5491
huobi,USUSDT,2025-12-10,12.4305,0.7874
huobi,USDQUSDT,2026-02-15,7.8847,1.0005
huobi,USDRUSDT,2025-07-15,0.7344,1.0003
huobi,USTCUSDT,2025-11-18,1.0597,0.8028
huobi,UXLINKUSDT,2025-10-27,0.5914,2.0139
huobi,VELOUSDT,2025-06-29,0.5658,0.3144
huobi,VELODROMEUSDT,2025-06-23,0.5118,0.576
huobi,VICUSDT,2025-06-19,1.38,0.3773
huobi,VINEUSDT,2025-06-23,0.6806,0.6369
huobi,VINUUSDT,2025-05-14,0.8157,0.5103
huobi,VIRTUALUSDT,2025-05-17,0.5285,0.9458
huobi,VOXELUSDT,2025-06-22,0.6761,0.6538
huobi,VRUSDT,2025-08-30,0.662,0.328
huobi,WUSDT,2025-07-04,0.5616,0.5642
huobi,WARUSDT,2026-03-13,12.37,0.9392
huobi,WARDUSDT,2026-02-24,15.5365,0.8782
huobi,WAVESUSDT,2025-08-01,0.5326,0.3485
huobi,WAXLUSDT,2025-05-22,0.6452,0.6093
huobi,WAXPUSDT,2026-03-01,0.5491,0.6353
huobi,WELLUSDT,2025-05-17,0.5647,0.9937
huobi,WIFUSDT,2025-06-22,0.6094,0.3882
huobi,WINUSDT,2025-11-18,0.8069,0.7233
huobi,WLUSDT,2026-03-30,9.5333,1.0508
huobi,WLDUSDT,2025-05-17,0.5316,0.9878
huobi,WLFIUSDT,2025-08-31,14.3333,0.663
huobi,WMTXUSDT,2025-08-25,0.6708,0.3416
huobi,WSDMUSDT,2025-09-26,0.5048,0.981
huobi,XANUSDT,2025-09-28,18.0867,0.9348
huobi,XCHUSDT,2025-10-25,0.5061,0.571
huobi,XCNUSDT,2025-07-07,0.5069,0.7715
huobi,XECUSDT,2025-12-01,0.6084,1.223
huobi,XIONUSDT,2025-05-23,0.5747,0.6165
huobi,XMNUSDT,2026-02-24,5.9855,0.3711
huobi,XMRUSDT,2025-10-22,0.5214,0.5714
huobi,XNOUSDT,2025-10-17,1.0979,0.8536
huobi,XPLUSDT,2025-09-25,7.468,0.8544
huobi,XRUSDT,2025-08-06,0.8426,1.3105
huobi,XTERUSDT,2025-08-05,2.187,0.655
huobi,XTZUSDT,2025-07-01,1.5008,0.3437
huobi,XVGUSDT,2025-06-22,0.7202,0.4452
huobi,XYOUSDT,2025-06-25,0.5891,0.6466
huobi,YGGUSDT,2025-08-25,0.7579,0.3795
huobi,ZAMAUSDT,2026-02-01,8.4748,0.6093
huobi,ZBCNUSDT,2025-05-14,3.6808,0.4519
huobi,ZBTUSDT,2025-10-16,8.0,0.9319
huobi,ZENUSDT,2025-09-14,0.5209,0.6708
huobi,ZENTUSDT,2025-08-11,0.5851,0.8331
huobi,ZEREBROUSDT,2025-06-21,0.5034,0.8311
huobi,ZETAUSDT,2026-01-20,0.5171,1.4917
huobi,ZEUSUSDT,2025-06-02,0.5038,1.1909
huobi,ZIGUSDT,2025-07-06,0.5782,0.5832
huobi,ZILUSDT,2026-01-19,0.5369,1.1426
huobi,ZKUSDT,2025-05-15,0.5088,1.2748
huobi,ZKCUSDT,2025-09-14,10.664,0.8907
huobi,ZKPUSDT,2025-12-18,12.5,0.5912
huobi,ZRCUSDT,2025-06-17,0.5471,1.3241
huobi,ZROUSDT,2025-08-02,0.5376,0.6809
huobi,ZRXUSDT,2025-12-11,0.5157,0.9183
huobi,人生K线USDT,2026-01-11,8.546,1.0147
huobi,币安人生USDT,2025-10-15,13.67,0.7488
huobi,我踏马来了USDT,2026-01-14,3.3697,0.6138
huobi,老子USDT,2026-01-11,6.4465,1.038
huobi,龙虾USDT,2026-03-11,12.614,0.8125
bitget,0GUSDT,2025-09-22,23.1797,0.7342
bitget,10SETUSDT,2026-03-17,3.48,0.917
bitget,1INCHUSDT,2025-11-04,0.5207,0.756
bitget,2ZUSDT,2025-10-02,6624.0,0.9958
bitget,A47USDT,2025-08-24,0.8919,0.5118
bitget,A8USDT,2025-07-19,0.6855,0.9003
bitget,AAVEUSDT,2025-08-06,0.5136,0.515
bitget,ABUSDT,2025-11-04,0.5313,0.7985
bitget,ACEUSDT,2025-08-24,0.6323,0.8696
bitget,ACHUSDT,2025-12-26,0.5422,0.3134
bitget,ACMUSDT,2025-07-23,0.5332,0.3978
bitget,ACNUSDT,2026-04-29,3.095,0.4283
bitget,ACTUSDT,2025-10-31,0.5402,1.1818
bitget,ACXUSDT,2026-02-21,1.0027,0.6603
bitget,AEVOUSDT,2025-09-03,0.7435,0.626
bitget,AGLDUSDT,2026-01-12,0.5266,1.3006
bitget,AIAUSDT,2025-09-18,775.7362,0.3461
bitget,AIAVUSDT,2026-01-02,29.5714,0.8828
bitget,AIGENSYNUSDT,2026-04-29,18.04,0.7314
bitget,AINUSDT,2025-08-02,0.643,1.1484
bitget,AIOUSDT,2025-08-02,33.2045,0.4611
bitget,AIXBTUSDT,2025-10-11,0.7445,0.8341
bitget,ALUSDT,2025-10-22,3.0327,1.1262
bitget,ALGOUSDT,2026-03-27,0.5107,0.5851
bitget,ALICEUSDT,2025-09-21,0.8403,1.1697
bitget,ALLOUSDT,2025-11-11,66.0346,0.931
bitget,ALPINEUSDT,2025-07-22,0.7827,0.4205
bitget,AMPUSDT,2025-12-22,0.5383,0.6157
bitget,ANIMEUSDT,2025-11-05,0.5669,1.1853
bitget,ANKRUSDT,2026-02-28,0.5765,0.7837
bitget,APEUSDT,2026-04-06,2.2529,0.6394
bitget,API3USDT,2025-08-01,1.7035,0.4172
bitget,APRUSDT,2025-10-23,15.6127,0.725
bitget,ARUSDT,2025-10-20,1.2015,0.469
bitget,ARBUSDT,2025-08-02,0.5433,0.5327
bitget,ARIAUSDT,2025-08-21,37.2125,0.3176
bitget,ARKMUSDT,2025-09-02,0.5435,0.444
bitget,ARPAUSDT,2025-10-11,0.6136,0.7673
bitget,ARTXUSDT,2026-01-31,18.412,0.7295
bitget,ASTERUSDT,2025-10-06,10.248,0.6319
bitget,ATHUSDT,2025-08-21,0.5888,0.4561
bitget,ATMUSDT,2025-07-19,1.0216,0.6832
bitget,AUCTIONUSDT,2025-10-11,0.8957,0.8977
bitget,AUDIOUSDT,2026-03-30,0.9467,0.8062
bitget,AVAUSDT,2025-10-11,0.8423,0.8019
bitget,AVNTUSDT,2025-09-09,176.7913,0.446
bitget,AWEUSDT,2025-08-27,0.6709,0.3865
bitget,AXLUSDT,2025-12-02,0.554,1.386
bitget,AXSUSDT,2025-12-27,0.6606,0.5337
bitget,BUSDT,2025-07-28,0.5404,0.7183
bitget,B2USDT,2025-08-23,0.697,0.7675
bitget,BABYUSDT,2025-10-31,0.505,1.372
bitget,BANANAUSDT,2025-11-21,0.5265,0.9779
bitget,BANANAS31USDT,2025-07-19,0.6686,1.0488
bitget,BANDUSDT,2025-08-04,1.0905,0.3162
bitget,BANKUSDT,2025-08-21,0.5128,0.8303
bitget,BARDUSDT,2025-09-18,37.3675,0.5068
bitget,BATUSDT,2025-09-25,0.6551,0.4581
bitget,BAYUSDT,2025-11-01,46.1067,0.4765
bitget,BBUSDT,2025-08-02,0.5442,0.7864
bitget,BDXNUSDT,2025-07-23,0.549,0.6276
bitget,BERAUSDT,2025-08-06,0.5472,0.5594
bitget,BGSCUSDT,2025-08-20,0.5608,0.452
bitget,BICOUSDT,2026-04-13,0.5864,0.6972
bitget,BIGTIMEUSDT,2025-09-23,0.584,1.574
bitget,BIOUSDT,2025-07-20,0.537,0.4216
bitget,BIRBUSDT,2026-01-28,66.815,0.7204
bitget,BLENDUSDT,2026-04-24,39.0,0.7959
bitget,BLESSUSDT,2025-09-23,215.2814,0.7835
bitget,BLUEUSDT,2025-08-06,0.651,0.9596
bitget,BLURUSDT,2025-12-27,0.5611,0.6442
bitget,BNTUSDT,2026-04-01,0.6163,0.8114
bitget,BRETTUSDT,2025-11-22,0.5675,0.633
bitget,BREVUSDT,2026-01-06,46.3333,0.6338
bitget,BROCCOLIUSDT,2025-08-31,0.8667,0.476
bitget,BSBUSDT,2026-03-04,10.8787,0.5923
bitget,BSVUSDT,2026-02-06,0.5664,0.6122
bitget,BTRUSDT,2025-08-27,6.0528,0.4847
bitget,CUSDT,2025-07-19,0.5291,1.3519
bitget,C98USDT,2025-09-20,0.5204,0.702
bitget,CAKEUSDT,2025-09-16,0.5224,0.3964
bitget,CAMPUSDT,2025-08-27,68.6889,0.8522
bitget,CATIUSDT,2025-10-11,0.5785,1.0946
bitget,CBKUSDT,2025-07-20,0.5052,1.2267
bitget,CELOUSDT,2025-09-18,0.5695,0.6033
bitget,CESSUSDT,2025-11-05,0.516,0.8701
bitget,CETUSUSDT,2026-03-06,0.5107,0.3594
bitget,CFXUSDT,2025-07-19,1.6917,0.5211
bitget,CGNUSDT,2025-10-23,48.9995,0.9994
bitget,CHEEMSUSDT,2025-09-21,0.6613,0.5387
bitget,CHILLGUYUSDT,2025-12-19,0.782,0.3468
bitget,CHRUSDT,2026-03-22,0.5245,0.6533
bitget,CKBUSDT,2025-07-19,0.8006,0.8403
bitget,CLANKERUSDT,2025-07-19,0.6436,0.7528
bitget,COAIUSDT,2025-09-25,3065.6667,0.8741
bitget,COMPUSDT,2026-02-06,0.5079,0.8977
bitget,COREUSDT,2025-12-02,0.7694,0.7168
bitget,COTIUSDT,2025-10-22,0.912,0.5653
bitget,COWUSDT,2025-08-03,0.5113,0.9342
bitget,CPOOLUSDT,2025-07-30,0.5009,0.5359
bitget,CROUSDT,2025-08-10,1.4682,0.4554
bitget,CROSSUSDT,2025-10-28,0.6314,1.3337
bitget,CTCUSDT,2025-11-21,0.5315,1.0556
bitget,CTSIUSDT,2025-07-29,0.7304,0.4316
bitget,CUDISUSDT,2025-08-02,1.0725,0.5996
bitget,CVXUSDT,2025-12-16,0.5488,0.6337
bitget,CYBERUSDT,2025-07-25,2.3986,0.6328
bitget,CYSUSDT,2025-12-11,20.9995,0.4152
bitget,DUSDT,2025-10-31,0.5329,1.2403
bitget,DBRUSDT,2025-07-19,0.8486,0.8363
bitget,DEEPUSDT,2025-12-22,0.6991,0.3418
bitget,DMCUSDT,2025-07-25,0.5098,0.9694
bitget,DODOUSDT,2025-11-17,0.5079,1.3488
bitget,DOGUSDT,2025-09-26,0.5084,1.2412
bitget,DOGSUSDT,2026-03-30,0.5418,0.5368
bitget,DOODUSDT,2025-07-19,0.7371,1.2287
bitget,DRIFTUSDT,2025-07-19,0.5591,0.9711
bitget,DTECUSDT,2025-07-22,0.875,0.5035
bitget,DUSKUSDT,2025-10-20,1.2878,0.6086
bitget,DYMUSDT,2025-11-03,1.2904,1.0143
bitget,DegenRebornUSDT,2025-11-23,0.5199,0.4243
bitget,EDENUSDT,2025-09-30,12.0,0.9724
bitget,EGL1USDT,2025-07-23,11.816,0.4788
bitget,EIGENUSDT,2025-08-02,0.5159,0.7311
bitget,ELAUSDT,2025-08-15,0.7216,0.4049
bitget,ENAUSDT,2025-07-19,0.7944,0.575
bitget,ENJUSDT,2026-02-28,0.6337,0.6366
bitget,ENSOUSDT,2025-10-14,12.8823,0.791
bitget,ERAUSDT,2025-11-04,0.6121,1.1333
bitget,ESUSDT,2025-10-11,0.6572,0.5876
bitget,ESIMUSDT,2026-01-05,16.8125,0.9362
bitget,ESPORTSUSDT,2025-07-19,125.16,0.555
bitget,ETHFIUSDT,2025-08-26,0.5748,0.4446
bitget,FUSDT,2025-08-24,0.5894,0.3879
bitget,FETUSDT,2025-10-20,0.5848,0.7024
bitget,FFUSDT,2025-09-29,54.0,0.8476
bitget,FHEUSDT,2025-07-23,0.5722,0.8487
bitget,FIDAUSDT,2026-03-15,0.642,0.7788
bitget,FILUSDT,2025-10-20,1.579,0.413
bitget,FLOCKUSDT,2025-08-05,1.3608,0.3925
bitget,FLUXUSDT,2025-10-21,1.375,0.6386
bitget,FOGOUSDT,2026-01-15,31.99,0.5947
bitget,FORMUSDT,2025-09-24,0.5105,1.6809
bitget,FRAXUSDT,2025-12-11,1.225,0.5714
bitget,FROGGIEUSDT,2025-09-10,17.8462,0.7686
bitget,FTTUSDT,2025-09-02,0.5849,0.7196
bitget,FUELUSDT,2026-01-06,0.5214,1.0349
bitget,FUNUSDT,2026-01-15,22.6667,0.7899
bitget,GUSDT,2026-01-13,0.5169,1.338
bitget,GAIAUSDT,2025-07-30,16.36,0.7698
bitget,GAIBUSDT,2025-11-19,15.4208,0.8409
bitget,GENIUSUSDT,2026-04-13,65.6667,0.5498
bitget,GHOUSDT,2026-02-21,0.71,1.0394
bitget,GLMUSDT,2025-10-26,0.5172,0.472
bitget,GMTUSDT,2025-12-23,0.6667,0.4741
bitget,GMXUSDT,2025-07-22,2.0836,0.859
bitget,GNOUSDT,2025-09-11,0.513,0.8928
bitget,GOATUSDT,2025-08-26,0.5221,0.4306
bitget,GODSUSDT,2025-07-19,0.797,1.1101
bitget,GOMININGUSDT,2025-12-13,0.5722,0.3126
bitget,GPSUSDT,2025-08-20,0.6382,0.6861
bitget,GRASSUSDT,2025-11-02,0.8844,0.9501
bitget,GUNUSDT,2025-09-01,0.518,0.7777
bitget,GWEIUSDT,2026-01-21,31.156,0.4601
bitget,HUSDT,2025-08-21,0.5339,0.4288
bitget,HEIUSDT,2025-07-23,0.5778,0.6343
bitget,HFTUSDT,2025-07-22,0.566,0.5726
bitget,HIPPOUSDT,2025-09-04,0.7053,0.4658
bitget,HIVEUSDT,2026-04-17,0.5784,0.838
bitget,HMSTRUSDT,2025-10-31,0.5754,1.4993
bitget,HNTUSDT,2026-02-01,0.6929,0.4647
bitget,HOLDUSDT,2025-08-31,0.5188,0.5978
bitget,HOLOUSDT,2025-09-11,54.9907,0.7779
bitget,HOTUSDT,2026-02-24,0.5,0.8939
bitget,HPPUSDT,2026-04-30,20.2812,0.942
bitget,HUMAUSDT,2025-09-05,0.5065,0.365
bitget,HYPEUSDT,2026-01-16,0.555,0.4176
bitget,HYPERUSDT,2025-07-19,0.9684,0.9106
bitget,IAGUSDT,2025-09-22,1.1398,1.2672
bitget,ICNTUSDT,2025-07-25,1.0788,0.3665
bitget,ICPUSDT,2025-10-17,1.1039,0.4104
bitget,IDUSDT,2025-12-23,0.6944,0.5929
bitget,IDOLUSDT,2025-07-29,0.5666,0.8679
bitget,IKAUSDT,2025-07-29,999.001,0.9715
bitget,ILVUSDT,2025-07-19,0.8619,0.4216
bitget,IMXUSDT,2025-09-01,0.9057,0.3557
bitget,INUSDT,2025-08-07,31.0775,0.464
bitget,INITUSDT,2026-01-21,0.5549,1.4104
bitget,INJUSDT,2026-04-25,0.7819,0.4233
bitget,INTERUSDT,2025-07-25,0.5858,0.6056
bitget,IOUSDT,2025-09-05,0.5591,0.919
bitget,IPUSDT,2025-08-12,0.5123,0.4508
bitget,IRUSDT,2025-12-17,22.3273,0.8477
bitget,IRYSUSDT,2025-11-25,18.4467,0.5674
bitget,JASMYUSDT,2025-12-19,0.7569,0.3968
bitget,JCTUSDT,2025-11-10,82.1867,0.7813
bitget,JOEUSDT,2026-03-21,0.9722,0.7214
bitget,JTOUSDT,2025-12-19,0.6386,0.4632
bitget,JUVUSDT,2025-07-23,0.8179,0.5296
bitget,KAIAUSDT,2026-01-11,0.5067,1.1994
bitget,KAIOUSDT,2026-05-06,99.0,0.7366
bitget,KAITOUSDT,2025-08-26,0.5484,0.6863
bitget,KASUSDT,2025-11-20,0.5121,0.6453
bitget,KATUSDT,2026-03-18,22.9,0.6679
bitget,KAVAUSDT,2025-10-31,0.5567,1.0365
bitget,KERNELUSDT,2025-07-19,0.8463,0.7593
bitget,KGENUSDT,2025-10-07,665.6667,0.9936
bitget,KITEUSDT,2025-11-03,13.99,0.5801
bitget,KMNOUSDT,2025-08-31,0.8225,0.4276
bitget,KNCUSDT,2026-03-09,0.6083,0.6174
bitget,KSMUSDT,2025-10-21,0.5889,0.7814
bitget,LAUSDT,2025-08-06,0.5486,0.8877
bitget,LABUSDT,2025-10-14,123.2925,0.6639
bitget,LATUSDT,2025-08-06,0.5323,0.8828
bitget,LAYERUSDT,2025-11-04,0.719,1.0384
bitget,LIGHTUSDT,2025-09-27,39.392,0.4387
bitget,LINEAUSDT,2025-09-10,24.38,0.5697
bitget,LINKUSDT,2025-07-31,0.5089,0.3518
bitget,LISTAUSDT,2025-07-24,0.5,0.641
bitget,LITUSDT,2026-01-15,194.245,0.967
bitget,LMWRUSDT,2025-08-01,0.5279,1.0846
bitget,LNQUSDT,2025-08-03,0.5847,1.038
bitget,LPTUSDT,2025-08-19,0.5113,0.9143
bitget,LUMIAUSDT,2025-10-20,0.6144,0.7872
bitget,LUNAUSDT,2025-11-18,1.1459,0.7291
bitget,LUNCUSDT,2025-11-18,1.5839,0.6243
bitget,MUSDT,2025-07-19,0.7297,0.5423
bitget,MAGMAUSDT,2025-12-16,31.7083,0.3485
bitget,MAKUSDT,2025-07-19,0.5974,1.1604
bitget,MANTAUSDT,2025-10-20,0.9467,1.0831
bitget,MANTRAUSDT,2026-03-06,1.2,0.8325
bitget,MAPOUSDT,2025-08-03,0.5102,1.0156
bitget,MASUSDT,2025-09-15,0.9153,1.6887
bitget,MASKUSDT,2026-04-08,0.6441,0.7203
bitget,MAVUSDT,2025-07-24,0.5972,1.0989
bitget,MEUSDT,2025-10-11,0.5,0.8773
bitget,MEGAUSDT,2026-04-30,13.3333,0.559
bitget,MEMEUSDT,2025-08-02,0.6131,0.3943
bitget,MERLUSDT,2025-07-19,0.5192,1.2442
bitget,METUSDT,2025-10-23,4.4,0.5598
bitget,METAONUSDT,2026-03-18,1.0129,0.3344
bitget,METISUSDT,2025-11-05,0.5703,1.1667
bitget,MEZOUSDT,2026-04-01,24.0,0.9205
bitget,MGOUSDT,2025-07-19,3.2521,0.9236
bitget,MINAUSDT,2025-10-17,0.5198,0.961
bitget,MIRAUSDT,2025-09-26,44.834,0.8788
bitget,MLUSDT,2025-09-17,1.7386,0.836
bitget,MMTUSDT,2025-11-04,27.1973,0.9706
bitget,MOGUSDT,2025-10-31,0.6018,1.319
bitget,MONUSDT,2025-11-24,13.0943,0.564
bitget,MOVEUSDT,2025-12-12,0.5026,1.3726
bitget,MOVRUSDT,2026-03-30,3.3689,0.6588
bitget,MUBARAKUSDT,2025-08-30,0.5056,0.5847
bitget,MYXUSDT,2025-07-21,27.875,0.39
bitget,NAORISUSDT,2025-07-31,70.9333,0.9025
bitget,NEARUSDT,2025-10-31,0.516,0.8412
bitget,NEIROCTOUSDT,2025-12-19,0.5091,0.3583
bitget,NEROUSDT,2025-07-28,86.5,0.8866
bitget,NESSUSDT,2026-04-23,2.6398,1.0015
bitget,NEWTUSDT,2025-07-19,1.3547,0.9641
bitget,NFPUSDT,2026-04-13,0.6077,0.5063
bitget,NIGHTUSDT,2026-04-09,1.115,0.361
bitget,NILUSDT,2025-11-15,0.5337,2.0104
bitget,NMRUSDT,2025-08-09,1.7652,0.4309
bitget,NODEUSDT,2025-07-19,0.8254,0.3352
bitget,NOMUSDT,2025-10-01,8.152,0.6735
bitget,NOTUSDT,2026-04-09,0.9322,0.8444
bitget,NPCUSDT,2025-10-23,0.9005,0.3832
bitget,NSUSDT,2025-08-27,0.6192,0.4323
bitget,NVDAONUSDT,2026-03-18,1.7778,0.5399
bitget,NYMUSDT,2026-03-07,0.5271,0.4046
bitget,OGNUSDT,2025-08-02,0.5993,0.4134
bitget,ONTUSDT,2025-08-07,0.7044,0.5951
bitget,OPENUSDT,2025-09-08,93.152,0.714
bitget,OPNUSDT,2026-03-05,9.36,0.6479
bitget,ORBSUSDT,2025-12-26,2.5699,0.9522
bitget,ORCAUSDT,2025-11-15,0.544,1.0315
bitget,ORDERUSDT,2025-07-19,0.6506,0.7071
bitget,ORDIUSDT,2025-10-23,0.5158,1.0039
bitget,PARTIUSDT,2025-07-19,0.6027,1.0627
bitget,PCIUSDT,2025-08-11,0.5347,0.8051
bitget,PENDLEUSDT,2025-08-02,0.5271,0.4342
bitget,PENGUUSDT,2025-07-20,0.5087,0.851
bitget,PENGUINUSDT,2026-01-31,13.0,0.9515
bitget,PEOPLEUSDT,2025-10-31,0.5984,1.0883
bitget,PHAUSDT,2025-10-31,0.5257,1.1399
bitget,PHBUSDT,2025-07-19,0.5312,1.2114
bitget,PIUSDT,2026-02-11,0.508,0.6743
bitget,PIXELUSDT,2025-09-02,0.507,0.7517
bitget,PLAIUSDT,2025-11-04,24.5332,1.0146
bitget,PNUTUSDT,2025-12-19,0.5597,0.4293
bitget,POLYXUSDT,2025-12-19,0.5313,0.8415
bitget,PORTALUSDT,2025-07-25,0.5149,1.251
bitget,PORTOUSDT,2025-07-29,0.5016,0.3774
bitget,POWERUSDT,2025-12-05,52.5636,0.4692
bitget,PRIMEUSDT,2025-10-18,0.505,1.5
bitget,PRLUSDT,2026-03-25,7.3333,0.5418
bitget,PROMUSDT,2026-02-06,0.5485,0.8248
bitget,PROMPTUSDT,2025-08-06,2.2144,0.3811
bitget,PROSUSDT,2026-04-28,24.792,0.5308
bitget,PROVEUSDT,2025-08-05,56.9933,0.3912
bitget,PSGUSDT,2026-04-29,0.5327,0.5817
bitget,PUBLICUSDT,2025-08-15,11.1429,0.4359
bitget,PUFFERUSDT,2025-10-11,0.6882,0.9769
bitget,PUMPUSDT,2025-07-26,0.521,0.402
bitget,PUMPBTCUSDT,2025-08-03,0.5161,0.7214
bitget,PUNDIXUSDT,2025-10-11,0.5846,0.5604
bitget,PYTHUSDT,2025-08-11,0.9563,0.4722
bitget,QUSDT,2025-09-02,50.3336,0.3378
bitget,QNTUSDT,2025-11-22,0.5077,0.75
bitget,QUBICUSDT,2025-07-19,0.7785,0.5394
bitget,RAREUSDT,2025-08-02,0.5092,0.7871
bitget,RATSUSDT,2025-09-09,0.5678,0.3894
bitget,RAVEUSDT,2025-12-12,78.41,0.5236
bitget,RAYUSDT,2025-08-02,0.5892,0.6507
bitget,RECALLUSDT,2025-10-15,27.42,0.7448
bitget,REDUSDT,2025-08-15,0.5685,0.8137
bitget,RENDERUSDT,2025-11-05,0.5744,1.159
bitget,RESOLVUSDT,2025-07-19,0.6102,0.813
bitget,REZUSDT,2025-09-26,0.5596,1.1498
bitget,RHEAUSDT,2025-07-30,72.64,0.8547
bitget,RIFUSDT,2026-03-30,0.5194,0.4598
bitget,RIVERUSDT,2025-09-22,9.8687,0.3779
bitget,RLCUSDT,2025-08-10,0.7658,0.807
bitget,RLSUSDT,2025-12-01,21.3333,0.8436
bitget,ROAMUSDT,2025-08-09,0.5125,0.3706
bitget,ROBOUSDT,2026-02-27,23.9248,0.5942
bitget,ROLLUSDT,2026-01-16,25.41,0.6072
bitget,RONUSDT,2025-12-30,0.7787,0.6291
bitget,ROSEUSDT,2025-10-22,0.5512,0.4536
bitget,RPLUSDT,2026-01-29,0.6432,0.8297
bitget,RSRUSDT,2025-10-11,0.694,0.6908
bitget,RTXUSDT,2025-12-19,74.0,0.4506
bitget,RVNUSDT,2025-10-31,0.5499,1.0592
bitget,RVVUSDT,2025-10-18,76.6723,0.7636
bitget,RWAUSDT,2025-07-23,0.5597,0.5989
bitget,SUSDT,2025-11-04,0.5913,1.2479
bitget,SAFEUSDT,2025-11-22,0.5337,1.0026
bitget,SAGAUSDT,2025-11-04,0.5053,0.9745
bitget,SAHARAUSDT,2025-07-19,1.1271,0.9741
bitget,SANDUSDT,2026-01-01,0.5243,0.5289
bitget,SANTOSUSDT,2025-07-26,0.6136,0.8509
bitget,SATSUSDT,2025-09-09,1.0163,0.9144
bitget,SDUSDT,2025-07-19,1.9277,0.8274
bitget,SDEXUSDT,2025-11-28,2.4167,0.5933
bitget,SENTUSDT,2026-01-22,23.713,0.4779
bitget,SHELLUSDT,2025-10-11,0.5161,0.3025
bitget,SIGNUSDT,2025-09-06,0.8309,0.8931
bitget,SKLUSDT,2025-07-27,1.4325,0.508
bitget,SKRUSDT,2026-01-21,19.5173,0.7678
bitget,SKYAIUSDT,2026-04-30,42.2115,0.5031
bitget,SLPUSDT,2025-07-19,0.7094,0.9048
bitget,SNEKUSDT,2025-07-27,0.6413,0.3964
bitget,SOLVUSDT,2025-10-20,0.5037,0.9683
bitget,SOMIUSDT,2025-09-02,20.1244,0.5152
bitget,SONICUSDT,2025-12-24,0.526,0.7731
bitget,SOONUSDT,2025-07-23,3.2702,0.5545
bitget,SOPHUSDT,2025-10-11,0.5617,0.7093
bitget,SPACEUSDT,2026-01-23,87.16,0.9069
bitget,SPKUSDT,2025-07-19,4.2748,0.6869
bitget,STABLEUSDT,2025-12-08,17.1067,0.8733
bitget,STGUSDT,2026-01-05,0.7053,0.3979
bitget,STOUSDT,2025-09-18,0.8732,0.5358
bitget,STORJUSDT,2025-11-04,0.5681,1.0642
bitget,STRAXUSDT,2025-12-19,0.5244,0.8215
bitget,STRKUSDT,2025-09-20,0.5406,0.5809
bitget,SUNUSDT,2025-09-02,0.7376,0.6675
bitget,SUPERUSDT,2025-09-11,0.6587,0.9115
bitget,SWARMSUSDT,2025-07-25,0.619,0.7294
bitget,SWEATUSDT,2025-10-24,0.6006,0.9567
bitget,SWELLUSDT,2025-07-29,0.5057,1.0109
bitget,SXTUSDT,2026-01-03,0.6757,0.7257
bitget,SYNUSDT,2025-07-19,0.6308,1.2161
bitget,SYRUPUSDT,2025-07-19,0.6056,1.0723
bitget,SYSUSDT,2025-10-11,0.7817,0.8918
bitget,TACUSDT,2025-07-29,0.6363,0.4454
bitget,TAIKOUSDT,2026-01-08,0.8306,0.963
bitget,TAOUSDT,2025-09-26,0.6064,0.3731
bitget,TCOMUSDT,2025-08-15,18.6667,0.7713
bitget,TIAUSDT,2025-11-05,0.5064,1.4383
bitget,TLMUSDT,2025-12-13,0.9214,0.8626
bitget,TNSRUSDT,2025-11-02,5.7164,0.7212
bitget,TOSHIUSDT,2025-09-30,14.3686,0.3836
bitget,TOWNUSDT,2025-08-26,28.24,0.913
bitget,TOWNSUSDT,2025-08-05,12.6,0.6911
bitget,TRADOORUSDT,2025-09-04,93.492,0.4633
bitget,TRBUSDT,2026-03-29,0.6727,0.4346
bitget,TREEUSDT,2025-07-29,32.75,0.764
bitget,TRIAUSDT,2026-02-03,19.0,0.5399
bitget,TRUMPUSDT,2025-10-18,0.5082,0.5921
bitget,TRUSTUSDT,2025-11-05,61.5,0.8442
bitget,TURBOUSDT,2025-11-15,0.6038,0.456
bitget,TUTUSDT,2025-09-02,2.0501,0.8656
bitget,TWTUSDT,2025-09-02,1.1072,0.384
bitget,TXUSDT,2026-03-18,9.792,0.8991
bitget,UAIUSDT,2025-11-06,28.346,0.5817
bitget,UMAUSDT,2025-07-19,0.671,1.0714
bitget,UMXMUSDT,2026-04-23,228.705,0.3467
bitget,UNIUSDT,2025-10-24,0.6311,0.6847
bitget,UPCUSDT,2025-09-30,0.5035,1.003
bitget,USUSDT,2025-12-11,12.419,0.7956
bitget,USTCUSDT,2025-10-11,0.5309,0.8283
bitget,USUALUSDT,2025-11-17,0.5679,1.2515
bitget,VANAUSDT,2026-02-06,0.5795,1.0439
bitget,VANRYUSDT,2025-12-31,0.6441,0.6029
bitget,VELOUSDT,2025-12-19,0.5404,0.3232
bitget,VELODROMEUSDT,2025-10-25,0.6657,0.8323
bitget,VELVETUSDT,2025-10-24,21.4965,0.595
bitget,VERTUSDT,2025-09-21,1.7187,0.9103
bitget,VFYUSDT,2025-09-30,19.845,0.724
bitget,VICUSDT,2026-03-31,1.2476,0.7553
bitget,VOOIUSDT,2025-12-18,24.8333,0.9162
bitget,WUSDT,2025-09-02,0.6608,0.3316
bitget,WAIUSDT,2025-08-12,13.408,0.4439
bitget,WALUSDT,2025-12-22,0.5144,0.7643
bitget,WARDUSDT,2026-02-04,13.442,0.9456
bitget,WCTUSDT,2025-11-05,0.5262,0.9905
bitget,WIFUSDT,2025-12-19,0.5288,0.6535
bitget,WINUSDT,2025-11-19,0.8103,0.7306
bitget,WLFIUSDT,2025-09-01,21.5429,0.8061
bitget,XAIUSDT,2025-11-04,0.614,1.0985
bitget,XCXUSDT,2025-08-11,30.4533,0.6169
bitget,XIONUSDT,2025-07-19,0.6886,1.0362
bitget,XPLUSDT,2025-09-25,41.31,0.7846
bitget,XTERUSDT,2025-08-06,2.0903,0.7757
bitget,XTZUSDT,2025-07-19,0.7573,0.9205
bitget,YBUSDT,2025-10-15,6.2808,0.6653
bitget,YGGUSDT,2025-08-26,0.8091,0.3148
bitget,ZAMAUSDT,2026-02-02,13.75,0.7427
bitget,ZBTUSDT,2025-10-17,42.5,0.8415
bitget,ZECUSDT,2025-12-03,1.9797,0.3157
bitget,ZENUSDT,2025-09-15,0.5166,0.4748
bitget,ZENTUSDT,2025-08-16,0.7857,0.4517
bitget,ZETAUSDT,2026-01-21,0.5413,1.4932
bitget,ZIGUSDT,2025-09-24,0.5113,0.9974
bitget,ZILUSDT,2026-01-21,0.604,1.2475
bitget,ZKUSDT,2025-08-03,0.5249,0.5099
bitget,ZKCUSDT,2025-09-15,28.5682,0.845
bitget,ZKJUSDT,2025-07-23,0.8535,0.6036
bitget,ZKLUSDT,2025-07-26,0.5509,1.1957
bitget,ZORAUSDT,2025-07-19,8.0502,0.5054
bitget,ZROUSDT,2025-08-01,0.5052,0.781
bitget,ZRXUSDT,2025-12-15,0.5239,0.9444
bitget,ZTCUSDT,2026-01-07,42.3333,0.8831
