exchange,symbol,date,file,increase_pct,retracement_pct,peak_bucket,label
binance,ADXBTC,2019-07-05,ADXBTC-1m-2019-07-05.csv,32.08,74.37,large,PUMP
binance,ADXBTC,2019-07-26,ADXBTC-1m-2019-07-26.csv,10.89,59.83,small,PUMP
binance,ADXBTC,2020-07-07,ADXBTC-1m-2020-07-07.csv,28.09,96.42,medium,PUMP
binance,ADXBTC,2021-02-13,ADXBTC-1m-2021-02-13.csv,2.95,0.0,,VOLATILE_CONTROL
binance,AGIBTC,2019-03-26,AGIBTC-1m-2019-03-26.csv,2.99,0.0,,VOLATILE_CONTROL
binance,AMBBTC,2019-03-08,AMBBTC-1m-2019-03-08.csv,7.99,83.33,micro,PUMP
binance,APPCBTC,2019-04-24,APPCBTC-1m-2019-04-24.csv,1.72,0.0,,VOLATILE_CONTROL
binance,APPCBTC,2019-09-15,APPCBTC-1m-2019-09-15.csv,5.1,94.44,micro,PUMP
binance,APPCBTC,2020-11-04,APPCBTC-1m-2020-11-04.csv,28.63,170.15,medium,PUMP
binance,APPCBTC,2020-11-18,APPCBTC-1m-2020-11-18.csv,14.93,135.0,small,PUMP
binance,APPCBTC,2021-02-05,APPCBTC-1m-2021-02-05.csv,70.48,103.42,extreme,PUMP
binance,APPCBTC,2021-03-23,APPCBTC-1m-2021-03-23.csv,27.75,96.83,medium,PUMP
binance,APPCBTC,2021-05-30,APPCBTC-1m-2021-05-30.csv,10.21,91.67,small,PUMP
binance,ARDRBTC,2019-04-17,ARDRBTC-1m-2019-04-17.csv,14.57,122.91,small,PUMP
binance,ARDRBTC,2019-05-31,ARDRBTC-1m-2019-05-31.csv,7.55,104.05,micro,PUMP
binance,ARDRBTC,2020-11-02,ARDRBTC-1m-2020-11-02.csv,73.78,93.75,extreme,PUMP
binance,ARDRBTC,2021-02-09,ARDRBTC-1m-2021-02-09.csv,14.68,78.12,small,PUMP
binance,ARKBTC,2019-09-12,ARKBTC-1m-2019-09-12.csv,14.35,66.67,small,PUMP
binance,ARKBTC,2020-04-03,ARKBTC-1m-2020-04-03.csv,19.43,95.08,small,PUMP
binance,ARKBTC,2020-06-02,ARKBTC-1m-2020-06-02.csv,36.56,88.17,large,PUMP
binance,ARNBTC,2020-04-07,ARNBTC-1m-2020-04-07.csv,28.22,105.58,medium,PUMP
binance,ASRBTC,2021-03-13,ASRBTC-1m-2021-03-13.csv,94.57,76.22,extreme,PUMP
binance,ASRBTC,2021-11-12,ASRBTC-1m-2021-11-12.csv,2.62,0.0,,VOLATILE_CONTROL
binance,ASTBTC,2019-03-02,ASTBTC-1m-2019-03-02.csv,38.78,77.3,large,PUMP
binance,ASTBTC,2020-05-09,ASTBTC-1m-2020-05-09.csv,16.67,84.0,small,PUMP
binance,ATMBTC,2021-03-27,ATMBTC-1m-2021-03-27.csv,28.19,97.27,medium,PUMP
binance,BLZBTC,2019-03-15,BLZBTC-1m-2019-03-15.csv,17.32,66.53,small,PUMP
binance,BLZBTC,2019-04-13,BLZBTC-1m-2019-04-13.csv,19.85,94.81,small,PUMP
binance,BLZBTC,2019-05-27,BLZBTC-1m-2019-05-27.csv,9.19,126.09,micro,PUMP
binance,BLZBTC,2019-07-28,BLZBTC-1m-2019-07-28.csv,21.32,107.14,medium,PUMP
binance,BLZBTC,2019-09-17,BLZBTC-1m-2019-09-17.csv,11.38,105.41,small,PUMP
binance,BLZBTC,2019-09-26,BLZBTC-1m-2019-09-26.csv,5.71,138.89,micro,PUMP
binance,BNTBTC,2019-06-15,BNTBTC-1m-2019-06-15.csv,3.83,0.0,,VOLATILE_CONTROL
binance,BNTBTC,2019-06-18,BNTBTC-1m-2019-06-18.csv,18.47,91.77,small,PUMP
binance,BNTBTC,2019-07-11,BNTBTC-1m-2019-07-11.csv,1.55,0.0,,VOLATILE_CONTROL
binance,BNTBTC,2019-09-09,BNTBTC-1m-2019-09-09.csv,47.31,96.2,major,PUMP
binance,BNTBTC,2019-10-14,BNTBTC-1m-2019-10-14.csv,41.24,89.43,major,PUMP
binance,BNTBTC,2020-04-24,BNTBTC-1m-2020-04-24.csv,17.5,90.7,small,PUMP
binance,BQXBTC,2019-01-29,BQXBTC-1m-2019-01-29.csv,16.39,101.52,small,PUMP
binance,BRDBTC,2019-03-17,BRDBTC-1m-2019-03-17.csv,6.74,117.23,micro,PUMP
binance,BRDBTC,2019-04-14,BRDBTC-1m-2019-04-14.csv,6.73,136.98,micro,PUMP
binance,BRDBTC,2019-06-17,BRDBTC-1m-2019-06-17.csv,9.62,157.02,micro,PUMP
binance,BRDBTC,2019-10-03,BRDBTC-1m-2019-10-03.csv,7.35,34.03,micro,PUMP
binance,BRDBTC,2019-12-23,BRDBTC-1m-2019-12-23.csv,11.43,104.75,small,PUMP
binance,BRDBTC,2020-01-20,BRDBTC-1m-2020-01-20.csv,25.06,78.25,medium,PUMP
binance,BRDBTC,2020-03-24,BRDBTC-1m-2020-03-24.csv,40.36,65.53,major,PUMP
binance,BRDBTC,2020-11-09,BRDBTC-1m-2020-11-09.csv,70.62,81.61,extreme,PUMP
binance,BRDBTC,2021-02-06,BRDBTC-1m-2021-02-06.csv,53.07,118.29,extreme,PUMP
binance,BRDBTC,2021-02-24,BRDBTC-1m-2021-02-24.csv,78.78,81.55,extreme,PUMP
binance,BRDBTC,2021-05-02,BRDBTC-1m-2021-05-02.csv,1.2,0.0,,VOLATILE_CONTROL
binance,BRDBTC,2021-08-29,BRDBTC-1m-2021-08-29.csv,58.37,109.96,extreme,PUMP
binance,BRDBTC,2021-10-31,BRDBTC-1m-2021-10-31.csv,57.64,130.77,extreme,PUMP
binance,BTSBTC,2019-07-19,BTSBTC-1m-2019-07-19.csv,11.32,102.08,small,PUMP
binance,BTSBTC,2019-08-22,BTSBTC-1m-2019-08-22.csv,4.35,0.0,,VOLATILE_CONTROL
binance,BTSBTC,2020-07-02,BTSBTC-1m-2020-07-02.csv,4.45,0.0,,VOLATILE_CONTROL
binance,BTSBTC,2021-03-07,BTSBTC-1m-2021-03-07.csv,10.28,100.0,small,PUMP
binance,CDTBTC,2019-05-13,CDTBTC-1m-2019-05-13.csv,15.79,211.11,small,PUMP
binance,CDTBTC,2019-05-17,CDTBTC-1m-2019-05-17.csv,10.26,108.33,small,PUMP
binance,CDTBTC,2019-08-09,CDTBTC-1m-2019-08-09.csv,33.83,86.67,large,PUMP
binance,CDTBTC,2021-02-23,CDTBTC-1m-2021-02-23.csv,48.65,116.67,major,PUMP
binance,CDTBTC,2021-04-15,CDTBTC-1m-2021-04-15.csv,79.17,80.7,extreme,PUMP
binance,CDTBTC,2021-06-18,CDTBTC-1m-2021-06-18.csv,14.29,100.0,small,PUMP
binance,CHZBTC,2021-09-01,CHZBTC-1m-2021-09-01.csv,5.41,80.95,micro,PUMP
binance,CNDBTC,2019-05-21,CNDBTC-1m-2019-05-21.csv,13.57,56.67,small,PUMP
binance,CNDBTC,2021-04-23,CNDBTC-1m-2021-04-23.csv,8.62,120.0,micro,PUMP
binance,CNDBTC,2021-06-06,CNDBTC-1m-2021-06-06.csv,62.5,111.43,extreme,PUMP
binance,CTXCBTC,2020-06-03,CTXCBTC-1m-2020-06-03.csv,225.41,94.75,extreme,PUMP
binance,CTXCBTC,2020-08-05,CTXCBTC-1m-2020-08-05.csv,0.7,0.0,,VOLATILE_CONTROL
binance,CTXCBTC,2021-03-18,CTXCBTC-1m-2021-03-18.csv,50.4,66.14,extreme,PUMP
binance,CTXCBTC,2021-05-14,CTXCBTC-1m-2021-05-14.csv,7.97,98.11,micro,PUMP
binance,CTXCBTC,2021-08-07,CTXCBTC-1m-2021-08-07.csv,15.57,23.73,,VOLATILE_CONTROL
binance,CTXCBTC,2021-09-15,CTXCBTC-1m-2021-09-15.csv,19.69,78.65,small,PUMP
binance,CVCBTC,2019-08-13,CVCBTC-1m-2019-08-13.csv,75.2,84.59,extreme,PUMP
binance,CVCBTC,2020-05-05,CVCBTC-1m-2020-05-05.csv,8.75,114.29,micro,PUMP
binance,DATABTC,2019-08-15,DATABTC-1m-2019-08-15.csv,78.95,81.33,extreme,PUMP
binance,DATABTC,2019-09-08,DATABTC-1m-2019-09-08.csv,34.96,104.65,large,PUMP
binance,DATABTC,2021-05-15,DATABTC-1m-2021-05-15.csv,29.63,40.0,medium,PUMP
binance,DCRBTC,2019-03-14,DCRBTC-1m-2019-03-14.csv,23.06,94.82,medium,PUMP
binance,DLTBTC,2019-04-07,DLTBTC-1m-2019-04-07.csv,6.2,85.62,micro,PUMP
binance,DLTBTC,2019-07-15,DLTBTC-1m-2019-07-15.csv,23.91,90.14,medium,PUMP
binance,DLTBTC,2021-04-24,DLTBTC-1m-2021-04-24.csv,27.58,125.25,medium,PUMP
binance,DLTBTC,2021-05-01,DLTBTC-1m-2021-05-01.csv,73.4,117.48,extreme,PUMP
binance,DLTBTC,2021-05-16,DLTBTC-1m-2021-05-16.csv,21.01,119.72,medium,PUMP
binance,DLTBTC,2021-06-13,DLTBTC-1m-2021-06-13.csv,9.19,252.0,micro,PUMP
binance,DNTBTC,2019-03-29,DNTBTC-1m-2019-03-29.csv,14.43,60.71,small,PUMP
binance,DNTBTC,2019-06-26,DNTBTC-1m-2019-06-26.csv,0.71,0.0,,VOLATILE_CONTROL
binance,DNTBTC,2019-06-29,DNTBTC-1m-2019-06-29.csv,38.33,71.74,large,PUMP
binance,DREPBTC,2021-07-25,DREPBTC-1m-2021-07-25.csv,58.57,109.75,extreme,PUMP
binance,DUSKBTC,2020-10-30,DUSKBTC-1m-2020-10-30.csv,89.94,90.61,extreme,PUMP
binance,DUSKBTC,2025-10-10,DUSKBTC-1m-2025-10-10.csv,21.15,336.36,medium,PUMP
binance,DUSKBTC,2026-01-19,DUSKBTC-1m-2026-01-19.csv,111.83,80.95,extreme,PUMP
binance,EDOBTC,2019-02-16,EDOBTC-1m-2019-02-16.csv,22.8,99.33,medium,PUMP
binance,EDOBTC,2019-09-06,EDOBTC-1m-2019-09-06.csv,7.72,180.95,micro,PUMP
binance,EDOBTC,2019-09-25,EDOBTC-1m-2019-09-25.csv,8.63,131.79,micro,PUMP
binance,EDOBTC,2019-11-21,EDOBTC-1m-2019-11-21.csv,5.81,202.97,micro,PUMP
binance,EDOBTC,2019-12-08,EDOBTC-1m-2019-12-08.csv,36.39,99.75,large,PUMP
binance,EDOBTC,2020-03-26,EDOBTC-1m-2020-03-26.csv,67.65,75.99,extreme,PUMP
binance,ELFBTC,2020-04-10,ELFBTC-1m-2020-04-10.csv,5.95,133.33,micro,PUMP
binance,ELFBTC,2020-07-24,ELFBTC-1m-2020-07-24.csv,17.65,96.57,small,PUMP
binance,ELFBTC,2021-05-21,ELFBTC-1m-2021-05-21.csv,53.91,105.7,extreme,PUMP
binance,ENGBTC,2019-08-07,ENGBTC-1m-2019-08-07.csv,9.46,121.8,micro,PUMP
binance,ETCBTC,2025-10-10,ETCBTC-1m-2025-10-10.csv,7.61,802.5,micro,PUMP
binance,EVXBTC,2019-01-08,EVXBTC-1m-2019-01-08.csv,8.03,99.16,micro,PUMP
binance,EVXBTC,2020-06-24,EVXBTC-1m-2020-06-24.csv,10.29,138.81,small,PUMP
binance,EVXBTC,2021-10-03,EVXBTC-1m-2021-10-03.csv,28.87,117.86,medium,PUMP
binance,EVXBTC,2021-10-24,EVXBTC-1m-2021-10-24.csv,81.93,109.65,extreme,PUMP
binance,EVXBTC,2021-11-12,EVXBTC-1m-2021-11-12.csv,48.08,110.27,major,PUMP
binance,EZBTC,2021-08-08,EZBTC-1m-2021-08-08.csv,292.59,95.04,extreme,PUMP
binance,EZBTC,2021-10-03,EZBTC-1m-2021-10-03.csv,72.88,110.71,extreme,PUMP
binance,EZBTC,2021-10-31,EZBTC-1m-2021-10-31.csv,83.09,109.64,extreme,PUMP
binance,FIOBTC,2021-06-13,FIOBTC-1m-2021-06-13.csv,42.67,73.57,major,PUMP
binance,FXSBTC,2021-09-19,FXSBTC-1m-2021-09-19.csv,93.84,82.63,extreme,PUMP
binance,GNTBTC,2020-01-10,GNTBTC-1m-2020-01-10.csv,12.89,120.0,small,PUMP
binance,GNTBTC,2020-04-10,GNTBTC-1m-2020-04-10.csv,40.23,91.04,major,PUMP
binance,GRSBTC,2019-02-02,GRSBTC-1m-2019-02-02.csv,23.71,106.13,medium,PUMP
binance,GRSBTC,2019-03-05,GRSBTC-1m-2019-03-05.csv,32.85,96.99,large,PUMP
binance,GRSBTC,2019-10-15,GRSBTC-1m-2019-10-15.csv,18.54,98.76,small,PUMP
binance,GRSBTC,2020-04-02,GRSBTC-1m-2020-04-02.csv,47.0,93.62,major,PUMP
binance,GRSBTC,2021-03-05,GRSBTC-1m-2021-03-05.csv,23.07,113.55,medium,PUMP
binance,GRSBTC,2021-12-06,GRSBTC-1m-2021-12-06.csv,45.75,106.58,major,PUMP
binance,GTOBTC,2020-05-21,GTOBTC-1m-2020-05-21.csv,11.76,137.5,small,PUMP
binance,GTOBTC,2020-11-03,GTOBTC-1m-2020-11-03.csv,17.07,171.43,small,PUMP
binance,GVTBTC,2020-04-04,GVTBTC-1m-2020-04-04.csv,33.57,100.52,large,PUMP
binance,GVTBTC,2020-04-15,GVTBTC-1m-2020-04-15.csv,30.11,77.78,large,PUMP
binance,GVTBTC,2020-07-04,GVTBTC-1m-2020-07-04.csv,26.01,80.63,medium,PUMP
binance,GVTBTC,2020-09-17,GVTBTC-1m-2020-09-17.csv,32.65,101.58,large,PUMP
binance,GVTBTC,2020-09-30,GVTBTC-1m-2020-09-30.csv,5.31,73.33,micro,PUMP
binance,GVTBTC,2021-02-07,GVTBTC-1m-2021-02-07.csv,20.57,78.15,medium,PUMP
binance,GVTBTC,2021-02-20,GVTBTC-1m-2021-02-20.csv,71.62,110.16,extreme,PUMP
binance,GVTBTC,2021-03-27,GVTBTC-1m-2021-03-27.csv,25.73,69.06,medium,PUMP
binance,GXSBTC,2019-01-20,GXSBTC-1m-2019-01-20.csv,41.18,80.29,major,PUMP
binance,GXSBTC,2019-02-10,GXSBTC-1m-2019-02-10.csv,27.45,95.39,medium,PUMP
binance,GXSBTC,2020-06-15,GXSBTC-1m-2020-06-15.csv,42.49,97.5,major,PUMP
binance,GXSBTC,2020-08-07,GXSBTC-1m-2020-08-07.csv,1.13,0.0,,VOLATILE_CONTROL
binance,GXSBTC,2021-08-27,GXSBTC-1m-2021-08-27.csv,31.72,90.83,large,PUMP
binance,HCBTC,2019-01-25,HCBTC-1m-2019-01-25.csv,24.64,91.79,medium,PUMP
binance,HCBTC,2019-02-23,HCBTC-1m-2019-02-23.csv,14.74,100.93,small,PUMP
binance,HCBTC,2019-05-12,HCBTC-1m-2019-05-12.csv,4.43,0.0,,VOLATILE_CONTROL
binance,HCBTC,2019-05-16,HCBTC-1m-2019-05-16.csv,37.67,103.99,large,PUMP
binance,HCBTC,2019-05-18,HCBTC-1m-2019-05-18.csv,13.0,121.08,small,PUMP
binance,HCBTC,2020-06-16,HCBTC-1m-2020-06-16.csv,6.22,80.77,micro,PUMP
binance,INSBTC,2019-06-25,INSBTC-1m-2019-06-25.csv,8.57,226.67,micro,PUMP
binance,IOTABTC,2025-10-10,IOTABTC-1m-2025-10-10.csv,5.37,512.5,micro,PUMP
binance,IOTXBTC,2020-07-12,IOTXBTC-1m-2020-07-12.csv,13.43,55.56,small,PUMP
binance,KNCBTC,2025-07-12,KNCBTC-1m-2025-07-12.csv,135.53,55.41,extreme,PUMP
binance,LITBTC,2021-06-13,LITBTC-1m-2021-06-13.csv,12.96,130.6,small,PUMP
binance,LOOMBTC,2019-01-07,LOOMBTC-1m-2019-01-07.csv,17.09,86.6,small,PUMP
binance,LOOMBTC,2021-05-16,LOOMBTC-1m-2021-05-16.csv,14.88,75.0,small,PUMP
binance,LRCBTC,2019-03-28,LRCBTC-1m-2019-03-28.csv,5.94,69.23,micro,PUMP
binance,LRCBTC,2019-07-25,LRCBTC-1m-2019-07-25.csv,86.05,90.69,extreme,PUMP
binance,LRCBTC,2019-09-02,LRCBTC-1m-2019-09-02.csv,9.2,151.61,micro,PUMP
binance,LTCBTC,2025-10-10,LTCBTC-1m-2025-10-10.csv,7.54,765.38,micro,PUMP
binance,LUNBTC,2020-03-18,LUNBTC-1m-2020-03-18.csv,28.19,96.3,medium,PUMP
binance,MDABTC,2020-05-04,MDABTC-1m-2020-05-04.csv,11.03,105.83,small,PUMP
binance,MDABTC,2021-02-10,MDABTC-1m-2021-02-10.csv,317.58,99.61,extreme,PUMP
binance,MDABTC,2021-11-23,MDABTC-1m-2021-11-23.csv,55.27,130.75,extreme,PUMP
binance,MDTBTC,2021-03-20,MDTBTC-1m-2021-03-20.csv,7.19,233.33,micro,PUMP
binance,MITHBTC,2019-09-27,MITHBTC-1m-2019-09-27.csv,14.58,14.29,,VOLATILE_CONTROL
binance,MTHBTC,2021-03-01,MTHBTC-1m-2021-03-01.csv,41.67,120.0,major,PUMP
binance,MTHBTC,2021-06-06,MTHBTC-1m-2021-06-06.csv,32.84,40.91,large,PUMP
binance,MTHBTC,2021-06-27,MTHBTC-1m-2021-06-27.csv,23.53,125.0,medium,PUMP
binance,MTHBTC,2021-11-07,MTHBTC-1m-2021-11-07.csv,133.33,97.37,extreme,PUMP
binance,NANOBTC,2019-03-12,NANOBTC-1m-2019-03-12.csv,14.56,60.06,small,PUMP
binance,NASBTC,2019-12-02,NASBTC-1m-2019-12-02.csv,4.51,0.0,,VOLATILE_CONTROL
binance,NASBTC,2020-05-30,NASBTC-1m-2020-05-30.csv,91.78,88.96,extreme,PUMP
binance,NASBTC,2021-08-22,NASBTC-1m-2021-08-22.csv,159.2,105.03,extreme,PUMP
binance,NASBTC,2021-11-14,NASBTC-1m-2021-11-14.csv,73.17,111.67,extreme,PUMP
binance,NAVBTC,2019-05-18,NAVBTC-1m-2019-05-18.csv,34.14,84.85,large,PUMP
binance,NAVBTC,2019-06-24,NAVBTC-1m-2019-06-24.csv,20.48,111.63,medium,PUMP
binance,NAVBTC,2019-07-13,NAVBTC-1m-2019-07-13.csv,36.55,94.34,large,PUMP
binance,NAVBTC,2019-08-01,NAVBTC-1m-2019-08-01.csv,49.64,94.2,major,PUMP
binance,NAVBTC,2019-12-19,NAVBTC-1m-2019-12-19.csv,24.57,48.95,medium,PUMP
binance,NAVBTC,2020-01-16,NAVBTC-1m-2020-01-16.csv,35.86,93.2,large,PUMP
binance,NAVBTC,2020-12-20,NAVBTC-1m-2020-12-20.csv,22.98,79.85,medium,PUMP
binance,NAVBTC,2021-03-14,NAVBTC-1m-2021-03-14.csv,35.1,102.81,large,PUMP
binance,NEARBTC,2021-03-30,NEARBTC-1m-2021-03-30.csv,13.1,54.55,small,PUMP
binance,NEBLBTC,2019-04-08,NEBLBTC-1m-2019-04-08.csv,26.55,98.89,medium,PUMP
binance,NEBLBTC,2019-06-16,NEBLBTC-1m-2019-06-16.csv,70.35,92.84,extreme,PUMP
binance,NEBLBTC,2019-10-27,NEBLBTC-1m-2019-10-27.csv,13.51,139.6,small,PUMP
binance,NEBLBTC,2019-11-05,NEBLBTC-1m-2019-11-05.csv,12.02,46.99,small,PUMP
binance,NEBLBTC,2020-03-31,NEBLBTC-1m-2020-03-31.csv,9.84,103.72,micro,PUMP
binance,NEBLBTC,2020-06-14,NEBLBTC-1m-2020-06-14.csv,32.76,68.43,large,PUMP
binance,NEBLBTC,2021-02-13,NEBLBTC-1m-2021-02-13.csv,107.34,105.99,extreme,PUMP
binance,NEBLBTC,2021-05-21,NEBLBTC-1m-2021-05-21.csv,36.86,97.12,large,PUMP
binance,NEBLBTC,2021-10-30,NEBLBTC-1m-2021-10-30.csv,19.36,54.16,small,PUMP
binance,NEBLBTC,2021-12-05,NEBLBTC-1m-2021-12-05.csv,39.2,145.71,large,PUMP
binance,NEBLBTC,2022-01-02,NEBLBTC-1m-2022-01-02.csv,62.97,104.72,extreme,PUMP
binance,NULSBTC,2020-01-30,NULSBTC-1m-2020-01-30.csv,9.15,108.61,micro,PUMP
binance,NXSBTC,2019-06-17,NXSBTC-1m-2019-06-17.csv,13.99,138.89,small,PUMP
binance,NXSBTC,2019-10-02,NXSBTC-1m-2019-10-02.csv,31.3,100.68,large,PUMP
binance,NXSBTC,2020-01-30,NXSBTC-1m-2020-01-30.csv,11.72,119.91,small,PUMP
binance,NXSBTC,2020-03-25,NXSBTC-1m-2020-03-25.csv,39.93,84.67,large,PUMP
binance,NXSBTC,2020-07-21,NXSBTC-1m-2020-07-21.csv,37.35,75.56,large,PUMP
binance,NXSBTC,2020-08-02,NXSBTC-1m-2020-08-02.csv,39.17,90.61,large,PUMP
binance,NXSBTC,2020-11-06,NXSBTC-1m-2020-11-06.csv,38.66,93.22,large,PUMP
binance,NXSBTC,2021-02-21,NXSBTC-1m-2021-02-21.csv,373.26,94.5,extreme,PUMP
binance,NXSBTC,2021-03-10,NXSBTC-1m-2021-03-10.csv,39.2,105.5,large,PUMP
binance,NXSBTC,2021-09-22,NXSBTC-1m-2021-09-22.csv,64.81,85.63,extreme,PUMP
binance,NXSBTC,2021-11-16,NXSBTC-1m-2021-11-16.csv,25.73,105.49,medium,PUMP
binance,OAXBTC,2019-03-10,OAXBTC-1m-2019-03-10.csv,3.58,0.0,,VOLATILE_CONTROL
binance,OAXBTC,2019-06-25,OAXBTC-1m-2019-06-25.csv,3.35,0.0,,VOLATILE_CONTROL
binance,OAXBTC,2020-03-24,OAXBTC-1m-2020-03-24.csv,27.02,100.75,medium,PUMP
binance,OAXBTC,2020-06-04,OAXBTC-1m-2020-06-04.csv,16.9,15.66,,VOLATILE_CONTROL
binance,OAXBTC,2020-06-28,OAXBTC-1m-2020-06-28.csv,57.33,81.3,extreme,PUMP
binance,OAXBTC,2020-10-18,OAXBTC-1m-2020-10-18.csv,43.67,94.44,major,PUMP
binance,OAXBTC,2020-11-05,OAXBTC-1m-2020-11-05.csv,26.3,124.75,medium,PUMP
binance,OAXBTC,2021-05-30,OAXBTC-1m-2021-05-30.csv,75.0,131.17,extreme,PUMP
binance,OGBTC,2021-04-17,OGBTC-1m-2021-04-17.csv,27.25,96.79,medium,PUMP
binance,OGBTC,2022-01-26,OGBTC-1m-2022-01-26.csv,4.92,0.0,,VOLATILE_CONTROL
binance,ONGBTC,2019-08-19,ONGBTC-1m-2019-08-19.csv,14.1,111.74,small,PUMP
binance,ONGBTC,2019-09-19,ONGBTC-1m-2019-09-19.csv,19.84,97.75,small,PUMP
binance,ONGBTC,2019-10-29,ONGBTC-1m-2019-10-29.csv,9.81,86.31,micro,PUMP
binance,ONGBTC,2020-01-09,ONGBTC-1m-2020-01-09.csv,13.31,104.19,small,PUMP
binance,ONGBTC,2020-05-26,ONGBTC-1m-2020-05-26.csv,94.33,78.86,extreme,PUMP
binance,ONGBTC,2021-04-12,ONGBTC-1m-2021-04-12.csv,8.97,163.74,micro,PUMP
binance,OSTBTC,2019-10-22,OSTBTC-1m-2019-10-22.csv,18.75,103.7,small,PUMP
binance,PHBBTC,2021-11-28,PHBBTC-1m-2021-11-28.csv,68.93,116.24,extreme,PUMP
binance,PIVXBTC,2019-06-02,PIVXBTC-1m-2019-06-02.csv,22.56,87.57,medium,PUMP
binance,PIVXBTC,2021-03-28,PIVXBTC-1m-2021-03-28.csv,272.54,103.84,extreme,PUMP
binance,PIVXBTC,2022-01-18,PIVXBTC-1m-2022-01-18.csv,36.85,88.35,large,PUMP
binance,PNTBTC,2021-02-20,PNTBTC-1m-2021-02-20.csv,28.79,116.02,medium,PUMP
binance,POABTC,2019-05-05,POABTC-1m-2019-05-05.csv,8.87,59.09,micro,PUMP
binance,POABTC,2019-08-06,POABTC-1m-2019-08-06.csv,34.03,112.24,large,PUMP
binance,POABTC,2019-09-04,POABTC-1m-2019-09-04.csv,10.57,69.23,small,PUMP
binance,POABTC,2020-03-12,POABTC-1m-2020-03-12.csv,47.17,150.67,major,PUMP
binance,POABTC,2021-07-11,POABTC-1m-2021-07-11.csv,59.09,137.18,extreme,PUMP
binance,POABTC,2021-10-21,POABTC-1m-2021-10-21.csv,53.97,94.12,extreme,PUMP
binance,POLYBTC,2019-03-08,POLYBTC-1m-2019-03-08.csv,1.04,0.0,,VOLATILE_CONTROL
binance,POWRBTC,2019-08-24,POWRBTC-1m-2019-08-24.csv,31.58,73.33,large,PUMP
binance,PPTBTC,2019-05-31,PPTBTC-1m-2019-05-31.csv,11.67,121.17,small,PUMP
binance,PPTBTC,2020-05-03,PPTBTC-1m-2020-05-03.csv,2.2,0.0,,VOLATILE_CONTROL
binance,PPTBTC,2020-06-08,PPTBTC-1m-2020-06-08.csv,84.7,84.85,extreme,PUMP
binance,PPTBTC,2020-08-04,PPTBTC-1m-2020-08-04.csv,48.13,73.73,major,PUMP
binance,PPTBTC,2021-03-07,PPTBTC-1m-2021-03-07.csv,447.65,102.15,extreme,PUMP
binance,QLCBTC,2019-08-19,QLCBTC-1m-2019-08-19.csv,10.69,78.57,small,PUMP
binance,QLCBTC,2019-09-04,QLCBTC-1m-2019-09-04.csv,14.71,115.0,small,PUMP
binance,QLCBTC,2020-03-12,QLCBTC-1m-2020-03-12.csv,9.49,286.67,micro,PUMP
binance,QLCBTC,2020-09-06,QLCBTC-1m-2020-09-06.csv,51.25,58.54,extreme,PUMP
binance,QLCBTC,2021-05-11,QLCBTC-1m-2021-05-11.csv,52.67,91.3,extreme,PUMP
binance,QSPBTC,2019-05-28,QSPBTC-1m-2019-05-28.csv,19.54,76.27,small,PUMP
binance,QSPBTC,2019-07-05,QSPBTC-1m-2019-07-05.csv,17.24,93.33,small,PUMP
binance,QSPBTC,2019-08-29,QSPBTC-1m-2019-08-29.csv,46.79,76.47,major,PUMP
binance,QSPBTC,2020-06-13,QSPBTC-1m-2020-06-13.csv,50.25,63.0,extreme,PUMP
binance,QSPBTC,2020-06-29,QSPBTC-1m-2020-06-29.csv,33.18,64.38,large,PUMP
binance,QSPBTC,2020-09-10,QSPBTC-1m-2020-09-10.csv,42.36,73.47,major,PUMP
binance,QSPBTC,2021-06-13,QSPBTC-1m-2021-06-13.csv,24.77,103.7,medium,PUMP
binance,RCNBTC,2019-08-10,RCNBTC-1m-2019-08-10.csv,41.98,60.0,major,PUMP
binance,RCNBTC,2021-04-17,RCNBTC-1m-2021-04-17.csv,9.8,104.17,micro,PUMP
binance,RDNBTC,2019-02-02,RDNBTC-1m-2019-02-02.csv,6.71,84.26,micro,PUMP
binance,RDNBTC,2019-04-09,RDNBTC-1m-2019-04-09.csv,10.16,83.33,small,PUMP
binance,RDNBTC,2019-04-24,RDNBTC-1m-2019-04-24.csv,8.02,259.34,micro,PUMP
binance,RDNBTC,2019-07-29,RDNBTC-1m-2019-07-29.csv,0.32,0.0,,VOLATILE_CONTROL
binance,RDNBTC,2020-08-25,RDNBTC-1m-2020-08-25.csv,23.81,139.04,medium,PUMP
binance,RDNBTC,2020-10-17,RDNBTC-1m-2020-10-17.csv,50.3,98.92,extreme,PUMP
binance,RDNBTC,2021-02-22,RDNBTC-1m-2021-02-22.csv,73.38,90.48,extreme,PUMP
binance,RDNBTC,2021-03-14,RDNBTC-1m-2021-03-14.csv,43.33,99.49,major,PUMP
binance,RDNBTC,2021-04-24,RDNBTC-1m-2021-04-24.csv,55.85,121.18,extreme,PUMP
binance,RENBTC,2019-06-19,RENBTC-1m-2019-06-19.csv,12.64,107.58,small,PUMP
binance,REPBTC,2021-06-15,REPBTC-1m-2021-06-15.csv,10.58,78.7,small,PUMP
binance,REQBTC,2019-04-29,REQBTC-1m-2019-04-29.csv,3.76,0.0,,VOLATILE_CONTROL
binance,REQBTC,2019-07-01,REQBTC-1m-2019-07-01.csv,14.29,72.0,small,PUMP
binance,RLCBTC,2020-04-20,RLCBTC-1m-2020-04-20.csv,2.84,0.0,,VOLATILE_CONTROL
binance,SKYBTC,2020-06-16,SKYBTC-1m-2020-06-16.csv,4.57,0.0,,VOLATILE_CONTROL
binance,SKYBTC,2021-10-05,SKYBTC-1m-2021-10-05.csv,51.69,104.69,extreme,PUMP
binance,SNGLSBTC,2019-06-24,SNGLSBTC-1m-2019-06-24.csv,15.86,104.35,small,PUMP
binance,SNGLSBTC,2019-06-28,SNGLSBTC-1m-2019-06-28.csv,21.01,128.0,medium,PUMP
binance,SNGLSBTC,2020-03-08,SNGLSBTC-1m-2020-03-08.csv,34.19,127.5,large,PUMP
binance,SNGLSBTC,2020-04-01,SNGLSBTC-1m-2020-04-01.csv,25.0,120.0,medium,PUMP
binance,SNMBTC,2019-04-04,SNMBTC-1m-2019-04-04.csv,30.73,72.38,large,PUMP
binance,SNMBTC,2019-04-23,SNMBTC-1m-2019-04-23.csv,2.21,0.0,,VOLATILE_CONTROL
binance,SNMBTC,2019-06-02,SNMBTC-1m-2019-06-02.csv,79.75,73.46,extreme,PUMP
binance,SNMBTC,2019-07-11,SNMBTC-1m-2019-07-11.csv,19.42,114.81,small,PUMP
binance,SNMBTC,2019-08-04,SNMBTC-1m-2019-08-04.csv,26.36,103.45,medium,PUMP
binance,SNMBTC,2019-08-07,SNMBTC-1m-2019-08-07.csv,22.32,156.0,medium,PUMP
binance,SNMBTC,2021-12-07,SNMBTC-1m-2021-12-07.csv,13.8,148.94,small,PUMP
binance,SNTBTC,2019-07-22,SNTBTC-1m-2019-07-22.csv,16.75,75.76,small,PUMP
binance,SNTBTC,2019-08-22,SNTBTC-1m-2019-08-22.csv,53.41,96.81,extreme,PUMP
binance,STORJBTC,2019-02-04,STORJBTC-1m-2019-02-04.csv,104.38,90.79,extreme,PUMP
binance,STORJBTC,2019-06-11,STORJBTC-1m-2019-06-11.csv,72.07,78.47,extreme,PUMP
binance,STPTBTC,2020-06-25,STPTBTC-1m-2020-06-25.csv,4.05,0.0,,VOLATILE_CONTROL
binance,SUBBTC,2019-02-08,SUBBTC-1m-2019-02-08.csv,9.35,94.59,micro,PUMP
binance,SYSBTC,2019-02-27,SYSBTC-1m-2019-02-27.csv,13.03,100.0,small,PUMP
binance,SYSBTC,2019-05-23,SYSBTC-1m-2019-05-23.csv,5.93,146.43,micro,PUMP
binance,SYSBTC,2019-07-17,SYSBTC-1m-2019-07-17.csv,15.52,80.0,small,PUMP
binance,SYSBTC,2020-02-26,SYSBTC-1m-2020-02-26.csv,14.15,128.89,small,PUMP
binance,SYSBTC,2020-07-16,SYSBTC-1m-2020-07-16.csv,28.94,89.11,medium,PUMP
binance,TNBBTC,2020-03-21,TNBBTC-1m-2020-03-21.csv,10.53,200.0,small,PUMP
binance,VIABTC,2019-02-03,VIABTC-1m-2019-02-03.csv,19.11,94.16,small,PUMP
binance,VIABTC,2019-08-16,VIABTC-1m-2019-08-16.csv,21.14,105.77,medium,PUMP
binance,VIABTC,2020-05-29,VIABTC-1m-2020-05-29.csv,205.16,84.04,extreme,PUMP
binance,VIABTC,2020-06-10,VIABTC-1m-2020-06-10.csv,49.91,119.26,major,PUMP
binance,VIABTC,2021-03-17,VIABTC-1m-2021-03-17.csv,44.61,100.51,major,PUMP
binance,VIABTC,2021-04-11,VIABTC-1m-2021-04-11.csv,157.29,117.61,extreme,PUMP
binance,VIABTC,2021-04-21,VIABTC-1m-2021-04-21.csv,144.35,107.25,extreme,PUMP
binance,VIBBTC,2019-08-21,VIBBTC-1m-2019-08-21.csv,55.84,86.05,extreme,PUMP
binance,VIBBTC,2020-01-12,VIBBTC-1m-2020-01-12.csv,27.49,71.01,medium,PUMP
binance,VIBBTC,2020-07-30,VIBBTC-1m-2020-07-30.csv,75.61,66.94,extreme,PUMP
binance,VIBBTC,2021-02-05,VIBBTC-1m-2021-02-05.csv,508.85,102.43,extreme,PUMP
binance,VIBBTC,2021-02-16,VIBBTC-1m-2021-02-16.csv,36.92,81.25,large,PUMP
binance,VIBBTC,2021-04-23,VIBBTC-1m-2021-04-23.csv,12.98,174.07,small,PUMP
binance,VIBBTC,2021-09-05,VIBBTC-1m-2021-09-05.csv,100.0,113.99,extreme,PUMP
binance,VIBEBTC,2019-04-16,VIBEBTC-1m-2019-04-16.csv,9.18,81.08,micro,PUMP
binance,VITEBTC,2020-04-13,VITEBTC-1m-2020-04-13.csv,25.33,89.47,medium,PUMP
binance,WABIBTC,2019-08-02,WABIBTC-1m-2019-08-02.csv,14.99,84.77,small,PUMP
binance,WABIBTC,2021-06-20,WABIBTC-1m-2021-06-20.csv,55.54,135.2,extreme,PUMP
binance,WABIBTC,2021-10-14,WABIBTC-1m-2021-10-14.csv,61.62,121.64,extreme,PUMP
binance,WINGSBTC,2019-01-27,WINGSBTC-1m-2019-01-27.csv,32.67,114.0,large,PUMP
binance,WNXMBTC,2021-10-10,WNXMBTC-1m-2021-10-10.csv,42.07,123.33,major,PUMP
binance,WPRBTC,2020-02-10,WPRBTC-1m-2020-02-10.csv,85.06,47.3,extreme,PUMP
binance,WPRBTC,2021-02-18,WPRBTC-1m-2021-02-18.csv,58.54,70.83,extreme,PUMP
binance,WPRBTC,2021-04-21,WPRBTC-1m-2021-04-21.csv,71.43,60.0,extreme,PUMP
binance,WPRBTC,2021-05-09,WPRBTC-1m-2021-05-09.csv,29.27,104.17,medium,PUMP
binance,YOYOBTC,2019-08-08,YOYOBTC-1m-2019-08-08.csv,24.58,82.76,medium,PUMP
binance,YOYOBTC,2020-05-14,YOYOBTC-1m-2020-05-14.csv,13.92,109.09,small,PUMP
binance,YOYOBTC,2020-11-01,YOYOBTC-1m-2020-11-01.csv,36.84,109.52,large,PUMP
binance,ZENBTC,2025-10-10,ZENBTC-1m-2025-10-10.csv,60.97,163.0,extreme,PUMP
bitget,1INCHUSDT,2025-11-04,1INCHUSDT_2025-11-04_klines.csv,2.17,0.0,,VOLATILE_CONTROL
bitget,A47USDT,2025-07-15,A47USDT_2025-07-15_klines.csv,5.89,61.8,micro,PUMP
bitget,A47USDT,2025-07-15,A47USDT_2025-07-15_klines_L2.csv,,,,ERROR
bitget,A47USDT,2025-07-15,A47USDT_2025-07-15_klines_market_ctx.csv,,,,ERROR
bitget,A47USDT,2025-07-15,A47USDT_2025-07-15_klines_trades.csv,,,,ERROR
bitget,A47USDT,2025-08-24,A47USDT_2025-08-24_klines.csv,1.99,0.0,,VOLATILE_CONTROL
bitget,A8USDT,2025-07-19,A8USDT_2025-07-19_klines.csv,1.17,0.0,,VOLATILE_CONTROL
bitget,AAVEUSDT,2025-08-06,AAVEUSDT_2025-08-06_klines.csv,0.21,0.0,,VOLATILE_CONTROL
bitget,ABUSDT,2025-11-04,ABUSDT_2025-11-04_klines.csv,0.37,0.0,,VOLATILE_CONTROL
bitget,ACEUSDT,2025-08-24,ACEUSDT_2025-08-24_klines.csv,0.17,0.0,,VOLATILE_CONTROL
bitget,ACHUSDT,2025-12-26,ACHUSDT_2025-12-26_klines.csv,2.2,0.0,,VOLATILE_CONTROL
bitget,ACMUSDT,2025-07-23,ACMUSDT_2025-07-23_klines.csv,0.47,0.0,,VOLATILE_CONTROL
bitget,ACTUSDT,2025-10-31,ACTUSDT_2025-10-31_klines.csv,2.2,0.0,,VOLATILE_CONTROL
bitget,ACXUSDT,2026-02-21,ACXUSDT_2026-02-21_klines.csv,1.1,0.0,,VOLATILE_CONTROL
bitget,AEVOUSDT,2025-09-03,AEVOUSDT_2025-09-03_klines.csv,0.45,0.0,,VOLATILE_CONTROL
bitget,AGLDUSDT,2026-01-12,AGLDUSDT_2026-01-12_klines.csv,1.68,0.0,,VOLATILE_CONTROL
bitget,AINUSDT,2025-08-02,AINUSDT_2025-08-02_klines.csv,0.0,0.0,,VOLATILE_CONTROL
bitget,AIXBTUSDT,2025-10-11,AIXBTUSDT_2025-10-11_klines.csv,2.35,0.0,,VOLATILE_CONTROL
bitget,ALGOUSDT,2026-03-27,ALGOUSDT_2026-03-27_klines.csv,0.36,0.0,,VOLATILE_CONTROL
bitget,ALICEUSDT,2025-09-21,ALICEUSDT_2025-09-21_klines.csv,0.25,0.0,,VOLATILE_CONTROL
bitget,ALPINEUSDT,2025-07-22,ALPINEUSDT_2025-07-22_klines.csv,0.53,0.0,,VOLATILE_CONTROL
bitget,ALUSDT,2025-10-22,ALUSDT_2025-10-22_klines.csv,0.0,0.0,,VOLATILE_CONTROL
bitget,AMPUSDT,2025-12-22,AMPUSDT_2025-12-22_klines.csv,1.13,0.0,,VOLATILE_CONTROL
bitget,ANIMEUSDT,2025-11-05,ANIMEUSDT_2025-11-05_klines.csv,0.58,0.0,,VOLATILE_CONTROL
bitget,ANKRUSDT,2026-02-28,ANKRUSDT_2026-02-28_klines.csv,0.94,0.0,,VOLATILE_CONTROL
bitget,APEUSDT,2026-04-06,APEUSDT_2026-04-06_klines.csv,1.05,0.0,,VOLATILE_CONTROL
bitget,API3USDT,2025-08-01,API3USDT_2025-08-01_klines.csv,0.73,0.0,,VOLATILE_CONTROL
bitget,ARBUSDT,2025-08-02,ARBUSDT_2025-08-02_klines.csv,1.35,0.0,,VOLATILE_CONTROL
bitget,ARKMUSDT,2025-09-02,ARKMUSDT_2025-09-02_klines.csv,3.04,0.0,,VOLATILE_CONTROL
bitget,ARPAUSDT,2025-10-11,ARPAUSDT_2025-10-11_klines.csv,1.31,0.0,,VOLATILE_CONTROL
bitget,ARUSDT,2025-10-20,ARUSDT_2025-10-20_klines.csv,0.25,0.0,,VOLATILE_CONTROL
bitget,ATHUSDT,2025-08-21,ATHUSDT_2025-08-21_klines.csv,0.26,0.0,,VOLATILE_CONTROL
bitget,ATMUSDT,2025-07-19,ATMUSDT_2025-07-19_klines.csv,0.47,0.0,,VOLATILE_CONTROL
bitget,AUCTIONUSDT,2025-10-11,AUCTIONUSDT_2025-10-11_klines.csv,2.55,0.0,,VOLATILE_CONTROL
bitget,AUDIOUSDT,2026-03-30,AUDIOUSDT_2026-03-30_klines.csv,1.78,0.0,,VOLATILE_CONTROL
bitget,AVAUSDT,2025-10-11,AVAUSDT_2025-10-11_klines.csv,4.44,0.0,,VOLATILE_CONTROL
bitget,AWEUSDT,2025-08-27,AWEUSDT_2025-08-27_klines.csv,0.28,0.0,,VOLATILE_CONTROL
bitget,AXLUSDT,2025-12-02,AXLUSDT_2025-12-02_klines.csv,6.12,26.98,,VOLATILE_CONTROL
bitget,AXSUSDT,2025-12-27,AXSUSDT_2025-12-27_klines.csv,1.2,0.0,,VOLATILE_CONTROL
bitget,B2USDT,2025-08-23,B2USDT_2025-08-23_klines.csv,0.4,0.0,,VOLATILE_CONTROL
bitget,BABYUSDT,2025-10-31,BABYUSDT_2025-10-31_klines.csv,2.16,0.0,,VOLATILE_CONTROL
bitget,BANANAS31USDT,2025-07-19,BANANAS31USDT_2025-07-19_klines.csv,3.85,0.0,,VOLATILE_CONTROL
bitget,BANANAUSDT,2025-11-21,BANANAUSDT_2025-11-21_klines.csv,2.07,0.0,,VOLATILE_CONTROL
bitget,BANDUSDT,2025-08-04,BANDUSDT_2025-08-04_klines.csv,2.03,0.0,,VOLATILE_CONTROL
bitget,BANKUSDT,2025-08-21,BANKUSDT_2025-08-21_klines.csv,1.73,0.0,,VOLATILE_CONTROL
bitget,BATUSDT,2025-09-25,BATUSDT_2025-09-25_klines.csv,0.0,0.0,,VOLATILE_CONTROL
bitget,BBUSDT,2025-08-02,BBUSDT_2025-08-02_klines.csv,0.82,0.0,,VOLATILE_CONTROL
bitget,BDXNUSDT,2025-07-23,BDXNUSDT_2025-07-23_klines.csv,0.44,0.0,,VOLATILE_CONTROL
bitget,BERAUSDT,2025-08-06,BERAUSDT_2025-08-06_klines.csv,0.1,0.0,,VOLATILE_CONTROL
bitget,BGSCUSDT,2025-08-20,BGSCUSDT_2025-08-20_klines.csv,0.0,0.0,,VOLATILE_CONTROL
bitget,BICOUSDT,2026-04-13,BICOUSDT_2026-04-13_klines.csv,1.51,0.0,,VOLATILE_CONTROL
bitget,BIGTIMEUSDT,2025-09-23,BIGTIMEUSDT_2025-09-23_klines.csv,0.37,0.0,,VOLATILE_CONTROL
bitget,BIOUSDT,2025-07-20,BIOUSDT_2025-07-20_klines.csv,0.87,0.0,,VOLATILE_CONTROL
bitget,BLUEUSDT,2025-08-06,BLUEUSDT_2025-08-06_klines.csv,0.28,0.0,,VOLATILE_CONTROL
bitget,BLURUSDT,2025-12-27,BLURUSDT_2025-12-27_klines.csv,1.84,0.0,,VOLATILE_CONTROL
bitget,BNTUSDT,2026-04-01,BNTUSDT_2026-04-01_klines.csv,0.0,0.0,,VOLATILE_CONTROL
bitget,BRETTUSDT,2025-11-22,BRETTUSDT_2025-11-22_klines.csv,0.8,0.0,,VOLATILE_CONTROL
bitget,BROCCOLIUSDT,2025-08-31,BROCCOLIUSDT_2025-08-31_klines.csv,2.08,0.0,,VOLATILE_CONTROL
bitget,BSVUSDT,2026-02-06,BSVUSDT_2026-02-06_klines.csv,1.53,0.0,,VOLATILE_CONTROL
bitget,BUSDT,2025-07-28,BUSDT_2025-07-28_klines.csv,5.91,43.18,micro,PUMP
bitget,BUSDT,2025-07-28,BUSDT_2025-07-28_klines_L2.csv,,,,ERROR
bitget,BUSDT,2025-07-28,BUSDT_2025-07-28_klines_market_ctx.csv,,,,ERROR
bitget,BUSDT,2025-07-28,BUSDT_2025-07-28_klines_trades.csv,,,,ERROR
bitget,C98USDT,2025-09-20,C98USDT_2025-09-20_klines.csv,0.0,0.0,,VOLATILE_CONTROL
bitget,CAKEUSDT,2025-09-16,CAKEUSDT_2025-09-16_klines.csv,0.08,0.0,,VOLATILE_CONTROL
bitget,CATIUSDT,2025-10-11,CATIUSDT_2025-10-11_klines.csv,2.88,0.0,,VOLATILE_CONTROL
bitget,CBKUSDT,2025-07-20,CBKUSDT_2025-07-20_klines.csv,7.92,59.73,micro,PUMP
bitget,CELOUSDT,2025-09-18,CELOUSDT_2025-09-18_klines.csv,0.63,0.0,,VOLATILE_CONTROL
bitget,CESSUSDT,2025-11-05,CESSUSDT_2025-11-05_klines.csv,3.5,0.0,,VOLATILE_CONTROL
bitget,CETUSUSDT,2026-03-06,CETUSUSDT_2026-03-06_klines.csv,1.25,0.0,,VOLATILE_CONTROL
bitget,CFXUSDT,2025-07-19,CFXUSDT_2025-07-19_klines.csv,0.1,0.0,,VOLATILE_CONTROL
bitget,CHEEMSUSDT,2025-09-21,CHEEMSUSDT_2025-09-21_klines.csv,2.58,0.0,,VOLATILE_CONTROL
bitget,CHILLGUYUSDT,2025-12-19,CHILLGUYUSDT_2025-12-19_klines.csv,1.58,0.0,,VOLATILE_CONTROL
bitget,CHRUSDT,2026-03-22,CHRUSDT_2026-03-22_klines.csv,1.4,0.0,,VOLATILE_CONTROL
bitget,CKBUSDT,2025-07-19,CKBUSDT_2025-07-19_klines.csv,0.23,0.0,,VOLATILE_CONTROL
bitget,CLANKERUSDT,2025-07-19,CLANKERUSDT_2025-07-19_klines.csv,1.22,0.0,,VOLATILE_CONTROL
bitget,COMPUSDT,2026-02-06,COMPUSDT_2026-02-06_klines.csv,2.51,0.0,,VOLATILE_CONTROL
bitget,COREUSDT,2025-12-02,COREUSDT_2025-12-02_klines.csv,0.1,0.0,,VOLATILE_CONTROL
bitget,COTIUSDT,2025-10-22,COTIUSDT_2025-10-22_klines.csv,0.9,0.0,,VOLATILE_CONTROL
bitget,COWUSDT,2025-08-03,COWUSDT_2025-08-03_klines.csv,1.73,0.0,,VOLATILE_CONTROL
bitget,CPOOLUSDT,2025-07-30,CPOOLUSDT_2025-07-30_klines.csv,0.09,0.0,,VOLATILE_CONTROL
bitget,CROSSUSDT,2025-10-28,CROSSUSDT_2025-10-28_klines.csv,0.23,0.0,,VOLATILE_CONTROL
bitget,CROUSDT,2025-08-10,CROUSDT_2025-08-10_klines.csv,0.59,0.0,,VOLATILE_CONTROL
bitget,CTCUSDT,2025-11-21,CTCUSDT_2025-11-21_klines.csv,0.14,0.0,,VOLATILE_CONTROL
bitget,CTSIUSDT,2025-07-29,CTSIUSDT_2025-07-29_klines.csv,0.43,0.0,,VOLATILE_CONTROL
bitget,CUDISUSDT,2025-08-02,CUDISUSDT_2025-08-02_klines.csv,2.27,0.0,,VOLATILE_CONTROL
bitget,CUSDT,2025-07-19,CUSDT_2025-07-19_klines.csv,11.3,130.15,small,PUMP
bitget,CVXUSDT,2025-12-16,CVXUSDT_2025-12-16_klines.csv,0.23,0.0,,VOLATILE_CONTROL
bitget,CYBERUSDT,2025-07-25,CYBERUSDT_2025-07-25_klines.csv,1.42,0.0,,VOLATILE_CONTROL
bitget,DBRUSDT,2025-07-19,DBRUSDT_2025-07-19_klines.csv,0.19,0.0,,VOLATILE_CONTROL
bitget,DEEPUSDT,2025-12-22,DEEPUSDT_2025-12-22_klines.csv,2.36,0.0,,VOLATILE_CONTROL
bitget,DMCUSDT,2025-07-25,DMCUSDT_2025-07-25_klines.csv,0.39,0.0,,VOLATILE_CONTROL
bitget,DODOUSDT,2025-11-17,DODOUSDT_2025-11-17_klines.csv,0.79,0.0,,VOLATILE_CONTROL
bitget,DOGSUSDT,2026-03-30,DOGSUSDT_2026-03-30_klines.csv,3.98,0.0,,VOLATILE_CONTROL
bitget,DOGUSDT,2025-09-26,DOGUSDT_2025-09-26_klines.csv,3.54,0.0,,VOLATILE_CONTROL
bitget,DOODUSDT,2025-07-19,DOODUSDT_2025-07-19_klines.csv,4.29,0.0,,VOLATILE_CONTROL
bitget,DRIFTUSDT,2025-07-13,DRIFTUSDT_2025-07-13_klines.csv,7.51,93.99,micro,PUMP
bitget,DRIFTUSDT,2025-07-13,DRIFTUSDT_2025-07-13_klines_L2.csv,,,,ERROR
bitget,DRIFTUSDT,2025-07-13,DRIFTUSDT_2025-07-13_klines_market_ctx.csv,,,,ERROR
bitget,DRIFTUSDT,2025-07-13,DRIFTUSDT_2025-07-13_klines_trades.csv,,,,ERROR
bitget,DRIFTUSDT,2025-07-19,DRIFTUSDT_2025-07-19_klines.csv,5.59,80.0,micro,PUMP
bitget,DTECUSDT,2025-07-22,DTECUSDT_2025-07-22_klines.csv,0.16,0.0,,VOLATILE_CONTROL
bitget,DUSDT,2025-10-31,DUSDT_2025-10-31_klines.csv,1.81,0.0,,VOLATILE_CONTROL
bitget,DUSKUSDT,2025-10-20,DUSKUSDT_2025-10-20_klines.csv,0.2,0.0,,VOLATILE_CONTROL
bitget,DYMUSDT,2025-11-03,DYMUSDT_2025-11-03_klines.csv,0.0,0.0,,VOLATILE_CONTROL
bitget,EIGENUSDT,2025-08-02,EIGENUSDT_2025-08-02_klines.csv,0.91,0.0,,VOLATILE_CONTROL
bitget,ELAUSDT,2025-08-15,ELAUSDT_2025-08-15_klines.csv,0.24,0.0,,VOLATILE_CONTROL
bitget,ENAUSDT,2025-07-19,ENAUSDT_2025-07-19_klines.csv,2.1,0.0,,VOLATILE_CONTROL
bitget,ENJUSDT,2026-02-28,ENJUSDT_2026-02-28_klines.csv,0.0,0.0,,VOLATILE_CONTROL
bitget,ERAUSDT,2025-11-04,ERAUSDT_2025-11-04_klines.csv,2.52,0.0,,VOLATILE_CONTROL
bitget,ESUSDT,2025-10-11,ESUSDT_2025-10-11_klines.csv,2.6,0.0,,VOLATILE_CONTROL
bitget,ETHFIUSDT,2025-08-26,ETHFIUSDT_2025-08-26_klines.csv,3.42,0.0,,VOLATILE_CONTROL
bitget,FETUSDT,2025-10-20,FETUSDT_2025-10-20_klines.csv,1.55,0.0,,VOLATILE_CONTROL
bitget,FHEUSDT,2025-07-23,FHEUSDT_2025-07-23_klines.csv,0.0,0.0,,VOLATILE_CONTROL
bitget,FIDAUSDT,2026-03-15,FIDAUSDT_2026-03-15_klines.csv,0.62,0.0,,VOLATILE_CONTROL
bitget,FILUSDT,2025-10-20,FILUSDT_2025-10-20_klines.csv,0.2,0.0,,VOLATILE_CONTROL
bitget,FLOCKUSDT,2025-08-05,FLOCKUSDT_2025-08-05_klines.csv,0.71,0.0,,VOLATILE_CONTROL
bitget,FLUXUSDT,2025-10-21,FLUXUSDT_2025-10-21_klines.csv,0.31,0.0,,VOLATILE_CONTROL
bitget,FORMUSDT,2025-09-24,FORMUSDT_2025-09-24_klines.csv,8.86,22.59,,VOLATILE_CONTROL
bitget,FTTUSDT,2025-09-02,FTTUSDT_2025-09-02_klines.csv,2.37,0.0,,VOLATILE_CONTROL
bitget,FUELUSDT,2026-01-06,FUELUSDT_2026-01-06_klines.csv,0.57,0.0,,VOLATILE_CONTROL
bitget,FUSDT,2025-08-24,FUSDT_2025-08-24_klines.csv,2.16,0.0,,VOLATILE_CONTROL
bitget,GHOUSDT,2026-02-21,GHOUSDT_2026-02-21_klines.csv,0.0,0.0,,VOLATILE_CONTROL
bitget,GLMUSDT,2025-10-26,GLMUSDT_2025-10-26_klines.csv,0.06,0.0,,VOLATILE_CONTROL
bitget,GMTUSDT,2025-12-23,GMTUSDT_2025-12-23_klines.csv,0.76,0.0,,VOLATILE_CONTROL
bitget,GMXUSDT,2025-07-22,GMXUSDT_2025-07-22_klines.csv,0.57,0.0,,VOLATILE_CONTROL
bitget,GNOUSDT,2025-09-11,GNOUSDT_2025-09-11_klines.csv,0.87,0.0,,VOLATILE_CONTROL
bitget,GOATUSDT,2025-08-26,GOATUSDT_2025-08-26_klines.csv,0.86,0.0,,VOLATILE_CONTROL
bitget,GODSUSDT,2025-07-19,GODSUSDT_2025-07-19_klines.csv,0.63,0.0,,VOLATILE_CONTROL
bitget,GOMININGUSDT,2025-12-13,GOMININGUSDT_2025-12-13_klines.csv,0.49,0.0,,VOLATILE_CONTROL
bitget,GPSUSDT,2025-08-20,GPSUSDT_2025-08-20_klines.csv,1.48,0.0,,VOLATILE_CONTROL
bitget,GRASSUSDT,2025-11-02,GRASSUSDT_2025-11-02_klines.csv,0.23,0.0,,VOLATILE_CONTROL
bitget,GUNUSDT,2025-09-01,GUNUSDT_2025-09-01_klines.csv,0.19,0.0,,VOLATILE_CONTROL
bitget,GUSDT,2026-01-13,GUSDT_2026-01-13_klines.csv,0.0,0.0,,VOLATILE_CONTROL
bitget,HEIUSDT,2025-07-23,HEIUSDT_2025-07-23_klines.csv,6.61,35.79,micro,PUMP
bitget,HFTUSDT,2025-07-22,HFTUSDT_2025-07-22_klines.csv,0.46,0.0,,VOLATILE_CONTROL
bitget,HIPPOUSDT,2025-09-04,HIPPOUSDT_2025-09-04_klines.csv,0.4,0.0,,VOLATILE_CONTROL
bitget,HIVEUSDT,2026-04-17,HIVEUSDT_2026-04-17_klines.csv,1.78,0.0,,VOLATILE_CONTROL
bitget,HMSTRUSDT,2025-10-31,HMSTRUSDT_2025-10-31_klines.csv,1.78,0.0,,VOLATILE_CONTROL
bitget,HNTUSDT,2026-02-01,HNTUSDT_2026-02-01_klines.csv,1.0,0.0,,VOLATILE_CONTROL
bitget,HOLDUSDT,2025-08-31,HOLDUSDT_2025-08-31_klines.csv,1.68,0.0,,VOLATILE_CONTROL
bitget,HOTUSDT,2026-02-24,HOTUSDT_2026-02-24_klines.csv,0.56,0.0,,VOLATILE_CONTROL
bitget,HUMAUSDT,2025-09-05,HUMAUSDT_2025-09-05_klines.csv,1.13,0.0,,VOLATILE_CONTROL
bitget,HUSDT,2025-08-21,HUSDT_2025-08-21_klines.csv,1.83,0.0,,VOLATILE_CONTROL
bitget,HYPERUSDT,2025-07-13,HYPERUSDT_2025-07-13_klines.csv,6.37,200.68,micro,PUMP
bitget,HYPERUSDT,2025-07-13,HYPERUSDT_2025-07-13_klines_L2.csv,,,,ERROR
bitget,HYPERUSDT,2025-07-13,HYPERUSDT_2025-07-13_klines_market_ctx.csv,,,,ERROR
bitget,HYPERUSDT,2025-07-13,HYPERUSDT_2025-07-13_klines_trades.csv,,,,ERROR
bitget,HYPERUSDT,2025-07-19,HYPERUSDT_2025-07-19_klines.csv,1.41,0.0,,VOLATILE_CONTROL
bitget,HYPEUSDT,2026-01-16,HYPEUSDT_2026-01-16_klines.csv,0.57,0.0,,VOLATILE_CONTROL
bitget,IAGUSDT,2025-09-22,IAGUSDT_2025-09-22_klines.csv,0.0,0.0,,VOLATILE_CONTROL
bitget,ICNTUSDT,2025-07-25,ICNTUSDT_2025-07-25_klines.csv,3.58,0.0,,VOLATILE_CONTROL
bitget,ICPUSDT,2025-10-17,ICPUSDT_2025-10-17_klines.csv,1.15,0.0,,VOLATILE_CONTROL
bitget,IDOLUSDT,2025-07-29,IDOLUSDT_2025-07-29_klines.csv,1.04,0.0,,VOLATILE_CONTROL
bitget,IDUSDT,2025-12-23,IDUSDT_2025-12-23_klines.csv,0.65,0.0,,VOLATILE_CONTROL
bitget,ILVUSDT,2025-07-19,ILVUSDT_2025-07-19_klines.csv,1.13,0.0,,VOLATILE_CONTROL
bitget,IMXUSDT,2025-09-01,IMXUSDT_2025-09-01_klines.csv,0.2,0.0,,VOLATILE_CONTROL
bitget,INITUSDT,2026-01-21,INITUSDT_2026-01-21_klines.csv,2.72,0.0,,VOLATILE_CONTROL
bitget,INJUSDT,2026-04-25,INJUSDT_2026-04-25_klines.csv,1.28,0.0,,VOLATILE_CONTROL
bitget,INTERUSDT,2025-07-25,INTERUSDT_2025-07-25_klines.csv,0.3,0.0,,VOLATILE_CONTROL
bitget,IOUSDT,2025-09-05,IOUSDT_2025-09-05_klines.csv,1.38,0.0,,VOLATILE_CONTROL
bitget,IPUSDT,2025-08-12,IPUSDT_2025-08-12_klines.csv,1.63,0.0,,VOLATILE_CONTROL
bitget,JASMYUSDT,2025-12-19,JASMYUSDT_2025-12-19_klines.csv,2.08,0.0,,VOLATILE_CONTROL
bitget,JOEUSDT,2026-03-21,JOEUSDT_2026-03-21_klines.csv,0.25,0.0,,VOLATILE_CONTROL
bitget,JTOUSDT,2025-12-19,JTOUSDT_2025-12-19_klines.csv,1.68,0.0,,VOLATILE_CONTROL
bitget,JUVUSDT,2025-07-23,JUVUSDT_2025-07-23_klines.csv,0.51,0.0,,VOLATILE_CONTROL
bitget,KAIAUSDT,2026-01-11,KAIAUSDT_2026-01-11_klines.csv,0.61,0.0,,VOLATILE_CONTROL
bitget,KAITOUSDT,2025-08-26,KAITOUSDT_2025-08-26_klines.csv,1.31,0.0,,VOLATILE_CONTROL
bitget,KASUSDT,2025-11-20,KASUSDT_2025-11-20_klines.csv,1.73,0.0,,VOLATILE_CONTROL
bitget,KAVAUSDT,2025-10-31,KAVAUSDT_2025-10-31_klines.csv,1.25,0.0,,VOLATILE_CONTROL
bitget,KERNELUSDT,2025-07-19,KERNELUSDT_2025-07-19_klines.csv,1.31,0.0,,VOLATILE_CONTROL
bitget,KMNOUSDT,2025-08-31,KMNOUSDT_2025-08-31_klines.csv,1.3,0.0,,VOLATILE_CONTROL
bitget,KNCUSDT,2026-03-09,KNCUSDT_2026-03-09_klines.csv,2.33,0.0,,VOLATILE_CONTROL
bitget,KSMUSDT,2025-10-21,KSMUSDT_2025-10-21_klines.csv,0.37,0.0,,VOLATILE_CONTROL
bitget,LATUSDT,2025-08-06,LATUSDT_2025-08-06_klines.csv,2.01,0.0,,VOLATILE_CONTROL
bitget,LAUSDT,2025-08-06,LAUSDT_2025-08-06_klines.csv,0.01,0.0,,VOLATILE_CONTROL
bitget,LAYERUSDT,2025-11-04,LAYERUSDT_2025-11-04_klines.csv,0.98,0.0,,VOLATILE_CONTROL
bitget,LINKUSDT,2025-07-31,LINKUSDT_2025-07-31_klines.csv,1.82,0.0,,VOLATILE_CONTROL
bitget,LISTAUSDT,2025-07-24,LISTAUSDT_2025-07-24_klines.csv,42.02,19.46,,VOLATILE_CONTROL
bitget,LMWRUSDT,2025-08-01,LMWRUSDT_2025-08-01_klines.csv,0.27,0.0,,VOLATILE_CONTROL
bitget,LNQUSDT,2025-08-03,LNQUSDT_2025-08-03_klines.csv,0.21,0.0,,VOLATILE_CONTROL
bitget,LPTUSDT,2025-08-19,LPTUSDT_2025-08-19_klines.csv,1.12,0.0,,VOLATILE_CONTROL
bitget,LUMIAUSDT,2025-10-20,LUMIAUSDT_2025-10-20_klines.csv,0.0,0.0,,VOLATILE_CONTROL
bitget,LUNAUSDT,2025-11-18,LUNAUSDT_2025-11-18_klines.csv,0.85,0.0,,VOLATILE_CONTROL
bitget,LUNCUSDT,2025-11-18,LUNCUSDT_2025-11-18_klines.csv,0.03,0.0,,VOLATILE_CONTROL
bitget,MAKUSDT,2025-07-19,MAKUSDT_2025-07-19_klines.csv,0.96,0.0,,VOLATILE_CONTROL
bitget,MANTAUSDT,2025-10-20,MANTAUSDT_2025-10-20_klines.csv,0.08,0.0,,VOLATILE_CONTROL
bitget,MAPOUSDT,2025-08-03,MAPOUSDT_2025-08-03_klines.csv,0.22,0.0,,VOLATILE_CONTROL
bitget,MASKUSDT,2026-04-08,MASKUSDT_2026-04-08_klines.csv,0.23,0.0,,VOLATILE_CONTROL
bitget,MASUSDT,2025-09-15,MASUSDT_2025-09-15_klines.csv,0.4,0.0,,VOLATILE_CONTROL
bitget,MAVUSDT,2025-07-24,MAVUSDT_2025-07-24_klines.csv,1.19,0.0,,VOLATILE_CONTROL
bitget,MEMEUSDT,2025-08-02,MEMEUSDT_2025-08-02_klines.csv,2.45,0.0,,VOLATILE_CONTROL
bitget,MERLUSDT,2025-07-19,MERLUSDT_2025-07-19_klines.csv,0.96,0.0,,VOLATILE_CONTROL
bitget,METISUSDT,2025-11-05,METISUSDT_2025-11-05_klines.csv,1.14,0.0,,VOLATILE_CONTROL
bitget,MEUSDT,2025-10-11,MEUSDT_2025-10-11_klines.csv,5.91,100.83,micro,PUMP
bitget,MEUSDT,2025-10-11,MEUSDT_2025-10-11_klines_L2.csv,,,,ERROR
bitget,MEUSDT,2025-10-11,MEUSDT_2025-10-11_klines_market_ctx.csv,,,,ERROR
bitget,MEUSDT,2025-10-11,MEUSDT_2025-10-11_klines_trades.csv,,,,ERROR
bitget,MGOUSDT,2025-07-19,MGOUSDT_2025-07-19_klines.csv,325.21,93.43,extreme,PUMP
bitget,MINAUSDT,2025-10-17,MINAUSDT_2025-10-17_klines.csv,1.5,0.0,,VOLATILE_CONTROL
bitget,MLUSDT,2025-09-17,MLUSDT_2025-09-17_klines.csv,0.1,0.0,,VOLATILE_CONTROL
bitget,MOCAUSDT,2025-07-13,MOCAUSDT_2025-07-13_klines.csv,52.57,51.11,extreme,PUMP
bitget,MOCAUSDT,2025-07-13,MOCAUSDT_2025-07-13_klines_L2.csv,,,,ERROR
bitget,MOCAUSDT,2025-07-13,MOCAUSDT_2025-07-13_klines_market_ctx.csv,,,,ERROR
bitget,MOCAUSDT,2025-07-13,MOCAUSDT_2025-07-13_klines_trades.csv,,,,ERROR
bitget,MOGUSDT,2025-10-31,MOGUSDT_2025-10-31_klines.csv,1.45,0.0,,VOLATILE_CONTROL
bitget,MOVEUSDT,2025-12-12,MOVEUSDT_2025-12-12_klines.csv,0.18,0.0,,VOLATILE_CONTROL
bitget,MOVRUSDT,2026-03-30,MOVRUSDT_2026-03-30_klines.csv,3.69,0.0,,VOLATILE_CONTROL
bitget,MUBARAKUSDT,2025-08-30,MUBARAKUSDT_2025-08-30_klines.csv,1.15,0.0,,VOLATILE_CONTROL
bitget,MUSDT,2025-07-19,MUSDT_2025-07-19_klines.csv,3.87,0.0,,VOLATILE_CONTROL
bitget,MYXUSDT,2025-07-21,MYXUSDT_2025-07-21_klines.csv,1.5,0.0,,VOLATILE_CONTROL
bitget,NEARUSDT,2025-10-31,NEARUSDT_2025-10-31_klines.csv,1.48,0.0,,VOLATILE_CONTROL
bitget,NEIROCTOUSDT,2025-12-19,NEIROCTOUSDT_2025-12-19_klines.csv,1.62,0.0,,VOLATILE_CONTROL
bitget,NESSUSDT,2026-04-23,NESSUSDT_2026-04-23_klines.csv,0.96,0.0,,VOLATILE_CONTROL
bitget,NEWTUSDT,2025-07-19,NEWTUSDT_2025-07-19_klines.csv,2.07,0.0,,VOLATILE_CONTROL
bitget,NFPUSDT,2026-04-13,NFPUSDT_2026-04-13_klines.csv,1.54,0.0,,VOLATILE_CONTROL
bitget,NILUSDT,2025-11-15,NILUSDT_2025-11-15_klines.csv,3.96,0.0,,VOLATILE_CONTROL
bitget,NMRUSDT,2025-08-09,NMRUSDT_2025-08-09_klines.csv,1.12,0.0,,VOLATILE_CONTROL
bitget,NODEUSDT,2025-07-19,NODEUSDT_2025-07-19_klines.csv,0.83,0.0,,VOLATILE_CONTROL
bitget,NOTUSDT,2026-04-09,NOTUSDT_2026-04-09_klines.csv,0.23,0.0,,VOLATILE_CONTROL
bitget,NPCUSDT,2025-10-23,NPCUSDT_2025-10-23_klines.csv,0.62,0.0,,VOLATILE_CONTROL
bitget,NSUSDT,2025-08-27,NSUSDT_2025-08-27_klines.csv,0.0,0.0,,VOLATILE_CONTROL
bitget,NYMUSDT,2026-03-07,NYMUSDT_2026-03-07_klines.csv,0.74,0.0,,VOLATILE_CONTROL
bitget,OGNUSDT,2025-08-02,OGNUSDT_2025-08-02_klines.csv,0.91,0.0,,VOLATILE_CONTROL
bitget,ONTUSDT,2025-08-07,ONTUSDT_2025-08-07_klines.csv,0.82,0.0,,VOLATILE_CONTROL
bitget,ORBSUSDT,2025-12-26,ORBSUSDT_2025-12-26_klines.csv,1.1,0.0,,VOLATILE_CONTROL
bitget,ORCAUSDT,2025-11-15,ORCAUSDT_2025-11-15_klines.csv,2.65,0.0,,VOLATILE_CONTROL
bitget,ORDERUSDT,2025-07-13,ORDERUSDT_2025-07-13_klines.csv,5.15,54.76,micro,PUMP
bitget,ORDERUSDT,2025-07-13,ORDERUSDT_2025-07-13_klines_L2.csv,,,,ERROR
bitget,ORDERUSDT,2025-07-13,ORDERUSDT_2025-07-13_klines_market_ctx.csv,,,,ERROR
bitget,ORDERUSDT,2025-07-13,ORDERUSDT_2025-07-13_klines_trades.csv,,,,ERROR
bitget,ORDERUSDT,2025-07-19,ORDERUSDT_2025-07-19_klines.csv,1.76,0.0,,VOLATILE_CONTROL
bitget,ORDIUSDT,2025-10-23,ORDIUSDT_2025-10-23_klines.csv,1.15,0.0,,VOLATILE_CONTROL
bitget,PARTIUSDT,2025-07-19,PARTIUSDT_2025-07-19_klines.csv,0.9,0.0,,VOLATILE_CONTROL
bitget,PCIUSDT,2025-08-11,PCIUSDT_2025-08-11_klines.csv,0.86,0.0,,VOLATILE_CONTROL
bitget,PENDLEUSDT,2025-08-02,PENDLEUSDT_2025-08-02_klines.csv,1.4,0.0,,VOLATILE_CONTROL
bitget,PENGUUSDT,2025-07-20,PENGUUSDT_2025-07-20_klines.csv,2.66,0.0,,VOLATILE_CONTROL
bitget,PEOPLEUSDT,2025-10-31,PEOPLEUSDT_2025-10-31_klines.csv,2.09,0.0,,VOLATILE_CONTROL
bitget,PHAUSDT,2025-10-31,PHAUSDT_2025-10-31_klines.csv,1.84,0.0,,VOLATILE_CONTROL
bitget,PHBUSDT,2025-07-19,PHBUSDT_2025-07-19_klines.csv,0.71,0.0,,VOLATILE_CONTROL
bitget,PIUSDT,2026-02-11,PIUSDT_2026-02-11_klines.csv,0.87,0.0,,VOLATILE_CONTROL
bitget,PIXELUSDT,2025-09-02,PIXELUSDT_2025-09-02_klines.csv,1.05,0.0,,VOLATILE_CONTROL
bitget,PNUTUSDT,2025-12-19,PNUTUSDT_2025-12-19_klines.csv,1.65,0.0,,VOLATILE_CONTROL
bitget,POLYXUSDT,2025-12-19,POLYXUSDT_2025-12-19_klines.csv,0.65,0.0,,VOLATILE_CONTROL
bitget,PORTALUSDT,2025-07-25,PORTALUSDT_2025-07-25_klines.csv,1.79,0.0,,VOLATILE_CONTROL
bitget,PORTOUSDT,2025-07-29,PORTOUSDT_2025-07-29_klines.csv,2.25,0.0,,VOLATILE_CONTROL
bitget,PRIMEUSDT,2025-10-18,PRIMEUSDT_2025-10-18_klines.csv,2.57,0.0,,VOLATILE_CONTROL
bitget,PROMPTUSDT,2025-08-06,PROMPTUSDT_2025-08-06_klines.csv,0.0,0.0,,VOLATILE_CONTROL
bitget,PROMUSDT,2026-02-06,PROMUSDT_2026-02-06_klines.csv,4.9,0.0,,VOLATILE_CONTROL
bitget,PSGUSDT,2026-04-29,PSGUSDT_2026-04-29_klines.csv,0.77,0.0,,VOLATILE_CONTROL
bitget,PUFFERUSDT,2025-10-11,PUFFERUSDT_2025-10-11_klines.csv,3.82,0.0,,VOLATILE_CONTROL
bitget,PUMPBTCUSDT,2025-08-03,PUMPBTCUSDT_2025-08-03_klines.csv,3.48,0.0,,VOLATILE_CONTROL
bitget,PUMPUSDT,2025-07-26,PUMPUSDT_2025-07-26_klines.csv,2.44,0.0,,VOLATILE_CONTROL
bitget,PUNDIXUSDT,2025-10-11,PUNDIXUSDT_2025-10-11_klines.csv,16.88,36.63,small,PUMP
bitget,PUNDIXUSDT,2025-10-11,PUNDIXUSDT_2025-10-11_klines_L2.csv,,,,ERROR
bitget,PUNDIXUSDT,2025-10-11,PUNDIXUSDT_2025-10-11_klines_market_ctx.csv,,,,ERROR
bitget,PUNDIXUSDT,2025-10-11,PUNDIXUSDT_2025-10-11_klines_trades.csv,,,,ERROR
bitget,PYTHUSDT,2025-08-11,PYTHUSDT_2025-08-11_klines.csv,2.89,0.0,,VOLATILE_CONTROL
bitget,QNTUSDT,2025-11-22,QNTUSDT_2025-11-22_klines.csv,2.65,0.0,,VOLATILE_CONTROL
bitget,QUBICUSDT,2025-07-19,QUBICUSDT_2025-07-19_klines.csv,0.3,0.0,,VOLATILE_CONTROL
bitget,RAREUSDT,2025-08-02,RAREUSDT_2025-08-02_klines.csv,0.61,0.0,,VOLATILE_CONTROL
bitget,RATSUSDT,2025-09-09,RATSUSDT_2025-09-09_klines.csv,3.26,0.0,,VOLATILE_CONTROL
bitget,RAYUSDT,2025-08-02,RAYUSDT_2025-08-02_klines.csv,1.2,0.0,,VOLATILE_CONTROL
bitget,REDUSDT,2025-08-15,REDUSDT_2025-08-15_klines.csv,1.72,0.0,,VOLATILE_CONTROL
bitget,RENDERUSDT,2025-11-05,RENDERUSDT_2025-11-05_klines.csv,0.54,0.0,,VOLATILE_CONTROL
bitget,RESOLVUSDT,2025-07-19,RESOLVUSDT_2025-07-19_klines.csv,0.13,0.0,,VOLATILE_CONTROL
bitget,REZUSDT,2025-09-26,REZUSDT_2025-09-26_klines.csv,4.47,0.0,,VOLATILE_CONTROL
bitget,RIFUSDT,2026-03-30,RIFUSDT_2026-03-30_klines.csv,2.09,0.0,,VOLATILE_CONTROL
bitget,RLCUSDT,2025-08-10,RLCUSDT_2025-08-10_klines.csv,1.25,0.0,,VOLATILE_CONTROL
bitget,ROAMUSDT,2025-08-09,ROAMUSDT_2025-08-09_klines.csv,0.12,0.0,,VOLATILE_CONTROL
bitget,RONUSDT,2025-12-30,RONUSDT_2025-12-30_klines.csv,0.47,0.0,,VOLATILE_CONTROL
bitget,ROSEUSDT,2025-10-22,ROSEUSDT_2025-10-22_klines.csv,1.35,0.0,,VOLATILE_CONTROL
bitget,RPLUSDT,2026-01-29,RPLUSDT_2026-01-29_klines.csv,0.0,0.0,,VOLATILE_CONTROL
bitget,RSRUSDT,2025-10-11,RSRUSDT_2025-10-11_klines.csv,8.75,41.05,micro,PUMP
bitget,RSRUSDT,2025-10-11,RSRUSDT_2025-10-11_klines_L2.csv,,,,ERROR
bitget,RSRUSDT,2025-10-11,RSRUSDT_2025-10-11_klines_market_ctx.csv,,,,ERROR
bitget,RSRUSDT,2025-10-11,RSRUSDT_2025-10-11_klines_trades.csv,,,,ERROR
bitget,RVNUSDT,2025-10-31,RVNUSDT_2025-10-31_klines.csv,1.3,0.0,,VOLATILE_CONTROL
bitget,RWAUSDT,2025-07-23,RWAUSDT_2025-07-23_klines.csv,4.86,0.0,,VOLATILE_CONTROL
bitget,SAFEUSDT,2025-11-22,SAFEUSDT_2025-11-22_klines.csv,3.5,0.0,,VOLATILE_CONTROL
bitget,SAGAUSDT,2025-11-04,SAGAUSDT_2025-11-04_klines.csv,2.93,0.0,,VOLATILE_CONTROL
bitget,SAHARAUSDT,2025-07-19,SAHARAUSDT_2025-07-19_klines.csv,2.74,0.0,,VOLATILE_CONTROL
bitget,SANDUSDT,2026-01-01,SANDUSDT_2026-01-01_klines.csv,1.1,0.0,,VOLATILE_CONTROL
bitget,SANTOSUSDT,2025-07-26,SANTOSUSDT_2025-07-26_klines.csv,1.61,0.0,,VOLATILE_CONTROL
bitget,SATSUSDT,2025-09-09,SATSUSDT_2025-09-09_klines.csv,2.99,0.0,,VOLATILE_CONTROL
bitget,SDEXUSDT,2025-11-28,SDEXUSDT_2025-11-28_klines.csv,0.0,0.0,,VOLATILE_CONTROL
bitget,SDUSDT,2025-07-19,SDUSDT_2025-07-19_klines.csv,2.5,0.0,,VOLATILE_CONTROL
bitget,SHELLUSDT,2025-10-11,SHELLUSDT_2025-10-11_klines.csv,2.26,0.0,,VOLATILE_CONTROL
bitget,SIGNUSDT,2025-09-06,SIGNUSDT_2025-09-06_klines.csv,1.43,0.0,,VOLATILE_CONTROL
bitget,SKLUSDT,2025-07-27,SKLUSDT_2025-07-27_klines.csv,2.43,0.0,,VOLATILE_CONTROL
bitget,SKRUSDT,2026-01-21,SKRUSDT_2026-01-21_klines.csv,294.0,3.63,,VOLATILE_CONTROL
bitget,SLPUSDT,2025-07-19,SLPUSDT_2025-07-19_klines.csv,0.83,0.0,,VOLATILE_CONTROL
bitget,SNEKUSDT,2025-07-27,SNEKUSDT_2025-07-27_klines.csv,0.49,0.0,,VOLATILE_CONTROL
bitget,SOLVUSDT,2025-10-20,SOLVUSDT_2025-10-20_klines.csv,0.06,0.0,,VOLATILE_CONTROL
bitget,SONICUSDT,2025-12-24,SONICUSDT_2025-12-24_klines.csv,1.31,0.0,,VOLATILE_CONTROL
bitget,SOONUSDT,2025-07-23,SOONUSDT_2025-07-23_klines.csv,0.14,0.0,,VOLATILE_CONTROL
bitget,SOPHUSDT,2025-10-11,SOPHUSDT_2025-10-11_klines.csv,8.86,26.09,,VOLATILE_CONTROL
bitget,SPKUSDT,2025-07-19,SPKUSDT_2025-07-19_klines.csv,2.94,0.0,,VOLATILE_CONTROL
bitget,STGUSDT,2026-01-05,STGUSDT_2026-01-05_klines.csv,1.82,0.0,,VOLATILE_CONTROL
bitget,STORJUSDT,2025-11-04,STORJUSDT_2025-11-04_klines.csv,2.67,0.0,,VOLATILE_CONTROL
bitget,STOUSDT,2025-09-18,STOUSDT_2025-09-18_klines.csv,0.57,0.0,,VOLATILE_CONTROL
bitget,STRAXUSDT,2025-12-19,STRAXUSDT_2025-12-19_klines.csv,0.05,0.0,,VOLATILE_CONTROL
bitget,STRKUSDT,2025-09-20,STRKUSDT_2025-09-20_klines.csv,0.78,0.0,,VOLATILE_CONTROL
bitget,SUNUSDT,2025-09-02,SUNUSDT_2025-09-02_klines.csv,0.81,0.0,,VOLATILE_CONTROL
bitget,SUPERUSDT,2025-09-11,SUPERUSDT_2025-09-11_klines.csv,0.86,0.0,,VOLATILE_CONTROL
bitget,SUSDT,2025-11-04,SUSDT_2025-11-04_klines.csv,1.8,0.0,,VOLATILE_CONTROL
bitget,SWARMSUSDT,2025-07-25,SWARMSUSDT_2025-07-25_klines.csv,1.8,0.0,,VOLATILE_CONTROL
bitget,SWEATUSDT,2025-10-24,SWEATUSDT_2025-10-24_klines.csv,0.51,0.0,,VOLATILE_CONTROL
bitget,SWELLUSDT,2025-07-29,SWELLUSDT_2025-07-29_klines.csv,1.89,0.0,,VOLATILE_CONTROL
bitget,SXTUSDT,2026-01-03,SXTUSDT_2026-01-03_klines.csv,1.16,0.0,,VOLATILE_CONTROL
bitget,SYNUSDT,2025-07-19,SYNUSDT_2025-07-19_klines.csv,3.39,0.0,,VOLATILE_CONTROL
bitget,SYRUPUSDT,2025-07-19,SYRUPUSDT_2025-07-19_klines.csv,0.95,0.0,,VOLATILE_CONTROL
bitget,SYSUSDT,2025-10-11,SYSUSDT_2025-10-11_klines.csv,4.55,0.0,,VOLATILE_CONTROL
bitget,TACUSDT,2025-07-29,TACUSDT_2025-07-29_klines.csv,1.76,0.0,,VOLATILE_CONTROL
bitget,TAIKOUSDT,2026-01-08,TAIKOUSDT_2026-01-08_klines.csv,2.52,0.0,,VOLATILE_CONTROL
bitget,TAOUSDT,2025-09-26,TAOUSDT_2025-09-26_klines.csv,2.75,0.0,,VOLATILE_CONTROL
bitget,TIAUSDT,2025-11-05,TIAUSDT_2025-11-05_klines.csv,2.3,0.0,,VOLATILE_CONTROL
bitget,TLMUSDT,2025-12-13,TLMUSDT_2025-12-13_klines.csv,1.75,0.0,,VOLATILE_CONTROL
bitget,TNSRUSDT,2025-11-02,TNSRUSDT_2025-11-02_klines.csv,0.46,0.0,,VOLATILE_CONTROL
bitget,TRBUSDT,2026-03-29,TRBUSDT_2026-03-29_klines.csv,0.67,0.0,,VOLATILE_CONTROL
bitget,TRUMPUSDT,2025-10-18,TRUMPUSDT_2025-10-18_klines.csv,1.37,0.0,,VOLATILE_CONTROL
bitget,TURBOUSDT,2025-11-15,TURBOUSDT_2025-11-15_klines.csv,3.97,0.0,,VOLATILE_CONTROL
bitget,TUTUSDT,2025-09-02,TUTUSDT_2025-09-02_klines.csv,3.23,0.0,,VOLATILE_CONTROL
bitget,TWTUSDT,2025-09-02,TWTUSDT_2025-09-02_klines.csv,1.1,0.0,,VOLATILE_CONTROL
bitget,UMAUSDT,2025-07-19,UMAUSDT_2025-07-19_klines.csv,0.97,0.0,,VOLATILE_CONTROL
bitget,UNIUSDT,2025-10-24,UNIUSDT_2025-10-24_klines.csv,0.25,0.0,,VOLATILE_CONTROL
bitget,UPCUSDT,2025-09-30,UPCUSDT_2025-09-30_klines.csv,19.64,0.0,,VOLATILE_CONTROL
bitget,USTCUSDT,2025-10-11,USTCUSDT_2025-10-11_klines.csv,8.09,105.45,micro,PUMP
bitget,USTCUSDT,2025-10-11,USTCUSDT_2025-10-11_klines_L2.csv,,,,ERROR
bitget,USTCUSDT,2025-10-11,USTCUSDT_2025-10-11_klines_market_ctx.csv,,,,ERROR
bitget,USTCUSDT,2025-10-11,USTCUSDT_2025-10-11_klines_trades.csv,,,,ERROR
bitget,USUALUSDT,2025-11-17,USUALUSDT_2025-11-17_klines.csv,1.74,0.0,,VOLATILE_CONTROL
bitget,VANAUSDT,2026-02-06,VANAUSDT_2026-02-06_klines.csv,2.23,0.0,,VOLATILE_CONTROL
bitget,VANRYUSDT,2025-12-31,VANRYUSDT_2025-12-31_klines.csv,0.81,0.0,,VOLATILE_CONTROL
bitget,VELODROMEUSDT,2025-10-25,VELODROMEUSDT_2025-10-25_klines.csv,0.24,0.0,,VOLATILE_CONTROL
bitget,VELOUSDT,2025-12-19,VELOUSDT_2025-12-19_klines.csv,1.67,0.0,,VOLATILE_CONTROL
bitget,VERTUSDT,2025-09-21,VERTUSDT_2025-09-21_klines.csv,0.09,0.0,,VOLATILE_CONTROL
bitget,VICUSDT,2026-03-31,VICUSDT_2026-03-31_klines.csv,1.44,0.0,,VOLATILE_CONTROL
bitget,WALUSDT,2025-12-22,WALUSDT_2025-12-22_klines.csv,2.79,0.0,,VOLATILE_CONTROL
bitget,WCTUSDT,2025-11-05,WCTUSDT_2025-11-05_klines.csv,1.7,0.0,,VOLATILE_CONTROL
bitget,WIFUSDT,2025-12-19,WIFUSDT_2025-12-19_klines.csv,2.91,0.0,,VOLATILE_CONTROL
bitget,WINUSDT,2025-11-19,WINUSDT_2025-11-19_klines.csv,0.78,0.0,,VOLATILE_CONTROL
bitget,WUSDT,2025-09-02,WUSDT_2025-09-02_klines.csv,1.93,0.0,,VOLATILE_CONTROL
bitget,XAIUSDT,2025-11-04,XAIUSDT_2025-11-04_klines.csv,3.72,0.0,,VOLATILE_CONTROL
bitget,XIONUSDT,2025-07-13,XIONUSDT_2025-07-13_klines.csv,12.13,41.02,small,PUMP
bitget,XIONUSDT,2025-07-13,XIONUSDT_2025-07-13_klines_L2.csv,,,,ERROR
bitget,XIONUSDT,2025-07-13,XIONUSDT_2025-07-13_klines_market_ctx.csv,,,,ERROR
bitget,XIONUSDT,2025-07-13,XIONUSDT_2025-07-13_klines_trades.csv,,,,ERROR
bitget,XIONUSDT,2025-07-19,XIONUSDT_2025-07-19_klines.csv,0.59,0.0,,VOLATILE_CONTROL
bitget,XTERUSDT,2025-08-06,XTERUSDT_2025-08-06_klines.csv,0.22,0.0,,VOLATILE_CONTROL
bitget,XTZUSDT,2025-07-19,XTZUSDT_2025-07-19_klines.csv,1.13,0.0,,VOLATILE_CONTROL
bitget,YGGUSDT,2025-08-26,YGGUSDT_2025-08-26_klines.csv,2.62,0.0,,VOLATILE_CONTROL
bitget,ZENTUSDT,2025-08-16,ZENTUSDT_2025-08-16_klines.csv,1.06,0.0,,VOLATILE_CONTROL
bitget,ZENUSDT,2025-09-15,ZENUSDT_2025-09-15_klines.csv,0.92,0.0,,VOLATILE_CONTROL
bitget,ZETAUSDT,2026-01-21,ZETAUSDT_2026-01-21_klines.csv,2.51,0.0,,VOLATILE_CONTROL
bitget,ZIGUSDT,2025-09-24,ZIGUSDT_2025-09-24_klines.csv,0.09,0.0,,VOLATILE_CONTROL
bitget,ZILUSDT,2026-01-21,ZILUSDT_2026-01-21_klines.csv,3.84,0.0,,VOLATILE_CONTROL
bitget,ZKJUSDT,2025-07-23,ZKJUSDT_2025-07-23_klines.csv,3.03,0.0,,VOLATILE_CONTROL
bitget,ZKLUSDT,2025-07-26,ZKLUSDT_2025-07-26_klines.csv,1.2,0.0,,VOLATILE_CONTROL
bitget,ZKUSDT,2025-08-03,ZKUSDT_2025-08-03_klines.csv,2.9,0.0,,VOLATILE_CONTROL
bitget,ZORAUSDT,2025-07-19,ZORAUSDT_2025-07-19_klines.csv,0.6,0.0,,VOLATILE_CONTROL
bitget,ZROUSDT,2025-08-01,ZROUSDT_2025-08-01_klines.csv,0.35,0.0,,VOLATILE_CONTROL
bitget,ZRXUSDT,2025-12-15,ZRXUSDT_2025-12-15_klines.csv,2.69,0.0,,VOLATILE_CONTROL
bybit,0GUSDT,2025-09-23,0GUSDT_2025-09-23_klines.csv,50.2,15.39,,VOLATILE_CONTROL
bybit,0GUSDT,2025-10-10,0GUSDT_2025-10-10_klines.csv,0.5,0.0,,VOLATILE_CONTROL
bybit,0GUSDT,2025-11-03,0GUSDT_2025-11-03_klines.csv,17.48,57.89,small,PUMP
bybit,0GUSDT,2025-11-08,0GUSDT_2025-11-08_klines.csv,22.75,49.8,medium,PUMP
bybit,0GUSDT,2025-12-25,0GUSDT_2025-12-25_klines.csv,11.33,46.15,small,PUMP
bybit,0GUSDT,2026-01-25,0GUSDT_2026-01-25_klines.csv,7.91,290.11,micro,PUMP
bybit,0GUSDT,2026-02-12,0GUSDT_2026-02-12_klines.csv,15.6,55.68,small,PUMP
bybit,0GUSDT,2026-04-12,0GUSDT_2026-04-12_klines.csv,0.0,0.0,,VOLATILE_CONTROL
bybit,1INCHUSDT,2025-06-25,1INCHUSDT_2025-06-25_klines.csv,0.05,0.0,,VOLATILE_CONTROL
bybit,1INCHUSDT,2025-10-10,1INCHUSDT_2025-10-10_klines.csv,0.28,0.0,,VOLATILE_CONTROL
bybit,1INCHUSDT,2025-11-05,1INCHUSDT_2025-11-05_klines.csv,1.79,0.0,,VOLATILE_CONTROL
bybit,2ZUSDT,2025-10-02,2ZUSDT_2025-10-02_klines.csv,1379.87,59.41,extreme,PUMP
bybit,2ZUSDT,2025-10-10,2ZUSDT_2025-10-10_klines.csv,3.07,0.0,,VOLATILE_CONTROL
bybit,2ZUSDT,2025-11-21,2ZUSDT_2025-11-21_klines.csv,3.48,0.0,,VOLATILE_CONTROL
bybit,A8USDT,2025-05-28,A8USDT_2025-05-28_klines.csv,0.0,0.0,,VOLATILE_CONTROL
bybit,A8USDT,2025-07-03,A8USDT_2025-07-03_klines.csv,2.18,0.0,,VOLATILE_CONTROL
bybit,A8USDT,2025-07-20,A8USDT_2025-07-20_klines.csv,0.19,0.0,,VOLATILE_CONTROL
bybit,A8USDT,2025-07-26,A8USDT_2025-07-26_klines.csv,0.85,0.0,,VOLATILE_CONTROL
bybit,A8USDT,2025-10-10,A8USDT_2025-10-10_klines.csv,0.49,0.0,,VOLATILE_CONTROL
bybit,A8USDT,2025-11-20,A8USDT_2025-11-20_klines.csv,45.04,0.0,,VOLATILE_CONTROL
bybit,A8USDT,2025-12-02,A8USDT_2025-12-02_klines.csv,92.89,15.85,,VOLATILE_CONTROL
bybit,A8USDT,2025-12-03,A8USDT_2025-12-03_klines.csv,31.02,65.4,large,PUMP
bybit,A8USDT,2025-12-09,A8USDT_2025-12-09_klines.csv,0.0,0.0,,VOLATILE_CONTROL
bybit,A8USDT,2025-12-26,A8USDT_2025-12-26_klines.csv,0.46,0.0,,VOLATILE_CONTROL
bybit,A8USDT,2026-01-23,A8USDT_2026-01-23_klines.csv,2.59,0.0,,VOLATILE_CONTROL
bybit,A8USDT,2026-03-16,A8USDT_2026-03-16_klines.csv,4.93,0.0,,VOLATILE_CONTROL
bybit,A8USDT,2026-03-27,A8USDT_2026-03-27_klines.csv,3.67,0.0,,VOLATILE_CONTROL
bybit,A8USDT,2026-04-11,A8USDT_2026-04-11_klines.csv,61.32,98.22,extreme,PUMP
bybit,AAVEUSDT,2025-08-06,AAVEUSDT_2025-08-06_klines.csv,0.09,0.0,,VOLATILE_CONTROL
bybit,AAVEUSDT,2025-10-10,AAVEUSDT_2025-10-10_klines.csv,0.84,0.0,,VOLATILE_CONTROL
bybit,ACHUSDT,2025-07-02,ACHUSDT_2025-07-02_klines.csv,0.68,0.0,,VOLATILE_CONTROL
bybit,ACHUSDT,2025-07-20,ACHUSDT_2025-07-20_klines.csv,1.73,0.0,,VOLATILE_CONTROL
bybit,ACHUSDT,2025-10-10,ACHUSDT_2025-10-10_klines.csv,0.43,0.0,,VOLATILE_CONTROL
bybit,ACSUSDT,2025-06-18,ACSUSDT_2025-06-18_klines.csv,0.29,0.0,,VOLATILE_CONTROL
bybit,ACSUSDT,2025-07-05,ACSUSDT_2025-07-05_klines.csv,0.62,0.0,,VOLATILE_CONTROL
bybit,ACSUSDT,2025-07-06,ACSUSDT_2025-07-06_klines.csv,20.22,58.0,medium,PUMP
bybit,ACSUSDT,2025-08-25,ACSUSDT_2025-08-25_klines.csv,0.64,0.0,,VOLATILE_CONTROL
bybit,ACSUSDT,2025-08-26,ACSUSDT_2025-08-26_klines.csv,18.22,189.76,small,PUMP
bybit,ACSUSDT,2025-10-15,ACSUSDT_2025-10-15_klines.csv,1.06,0.0,,VOLATILE_CONTROL
bybit,ACSUSDT,2025-10-16,ACSUSDT_2025-10-16_klines.csv,0.05,0.0,,VOLATILE_CONTROL
bybit,ACSUSDT,2025-12-21,ACSUSDT_2025-12-21_klines.csv,8.96,90.59,micro,PUMP
bybit,ACSUSDT,2026-01-31,ACSUSDT_2026-01-31_klines.csv,0.91,0.0,,VOLATILE_CONTROL
bybit,ACSUSDT,2026-02-04,ACSUSDT_2026-02-04_klines.csv,0.59,0.0,,VOLATILE_CONTROL
bybit,ACSUSDT,2026-02-05,ACSUSDT_2026-02-05_klines.csv,3.4,0.0,,VOLATILE_CONTROL
bybit,ACSUSDT,2026-03-03,ACSUSDT_2026-03-03_klines.csv,25.47,137.24,medium,PUMP
bybit,ADAUSDT,2025-10-10,ADAUSDT_2025-10-10_klines.csv,0.27,0.0,,VOLATILE_CONTROL
bybit,AEROUSDT,2025-06-01,AEROUSDT_2025-06-01_klines.csv,1.34,0.0,,VOLATILE_CONTROL
bybit,AEROUSDT,2025-10-10,AEROUSDT_2025-10-10_klines.csv,0.74,0.0,,VOLATILE_CONTROL
bybit,AEVOUSDT,2025-06-23,AEVOUSDT_2025-06-23_klines.csv,1.41,0.0,,VOLATILE_CONTROL
bybit,AEVOUSDT,2025-09-21,AEVOUSDT_2025-09-21_klines.csv,1.19,0.0,,VOLATILE_CONTROL
bybit,AEVOUSDT,2025-09-27,AEVOUSDT_2025-09-27_klines.csv,5.79,52.71,micro,PUMP
bybit,AEVOUSDT,2025-10-10,AEVOUSDT_2025-10-10_klines.csv,1.03,0.0,,VOLATILE_CONTROL
bybit,AFCUSDT,2025-05-07,AFCUSDT_2025-05-07_klines.csv,0.78,0.0,,VOLATILE_CONTROL
bybit,AFCUSDT,2025-07-11,AFCUSDT_2025-07-11_klines.csv,0.68,0.0,,VOLATILE_CONTROL
bybit,AGIUSDT,2025-10-10,AGIUSDT_2025-10-10_klines.csv,0.48,0.0,,VOLATILE_CONTROL
bybit,AGIUSDT,2025-12-19,AGIUSDT_2025-12-19_klines.csv,0.66,0.0,,VOLATILE_CONTROL
bybit,AGIUSDT,2026-01-06,AGIUSDT_2026-01-06_klines.csv,4.55,0.0,,VOLATILE_CONTROL
bybit,AGLDUSDT,2025-10-10,AGLDUSDT_2025-10-10_klines.csv,0.29,0.0,,VOLATILE_CONTROL
bybit,AGLDUSDT,2026-01-12,AGLDUSDT_2026-01-12_klines.csv,1.57,0.0,,VOLATILE_CONTROL
bybit,AGLDUSDT,2026-01-25,AGLDUSDT_2026-01-25_klines.csv,8.11,40.33,micro,PUMP
bybit,AGLDUSDT,2026-02-22,AGLDUSDT_2026-02-22_klines.csv,0.0,0.0,,VOLATILE_CONTROL
bybit,AGLDUSDT,2026-02-23,AGLDUSDT_2026-02-23_klines.csv,1.31,0.0,,VOLATILE_CONTROL
bybit,AIOZUSDT,2025-07-04,AIOZUSDT_2025-07-04_klines.csv,0.09,0.0,,VOLATILE_CONTROL
bybit,AIOZUSDT,2025-10-10,AIOZUSDT_2025-10-10_klines.csv,0.33,0.0,,VOLATILE_CONTROL
bybit,AIOZUSDT,2026-02-06,AIOZUSDT_2026-02-06_klines.csv,9.4,48.98,micro,PUMP
bybit,AIOZUSDT,2026-05-04,AIOZUSDT_2026-05-04_klines.csv,1.57,0.0,,VOLATILE_CONTROL
bybit,AIXBTUSDT,2025-05-18,AIXBTUSDT_2025-05-18_klines.csv,2.46,0.0,,VOLATILE_CONTROL
bybit,AIXBTUSDT,2025-10-10,AIXBTUSDT_2025-10-10_klines.csv,0.99,0.0,,VOLATILE_CONTROL
bybit,AIXBTUSDT,2025-10-25,AIXBTUSDT_2025-10-25_klines.csv,5.42,97.06,micro,PUMP
bybit,ALCHUSDT,2025-05-10,ALCHUSDT_2025-05-10_klines.csv,3.52,0.0,,VOLATILE_CONTROL
bybit,ALCHUSDT,2025-05-20,ALCHUSDT_2025-05-20_klines.csv,2.12,0.0,,VOLATILE_CONTROL
bybit,ALCHUSDT,2025-06-01,ALCHUSDT_2025-06-01_klines.csv,0.08,0.0,,VOLATILE_CONTROL
bybit,ALCHUSDT,2025-09-20,ALCHUSDT_2025-09-20_klines.csv,1.04,0.0,,VOLATILE_CONTROL
bybit,ALCHUSDT,2025-10-04,ALCHUSDT_2025-10-04_klines.csv,7.49,0.0,,VOLATILE_CONTROL
bybit,ALCHUSDT,2025-10-10,ALCHUSDT_2025-10-10_klines.csv,0.59,0.0,,VOLATILE_CONTROL
bybit,ALCHUSDT,2025-11-14,ALCHUSDT_2025-11-14_klines.csv,0.42,0.0,,VOLATILE_CONTROL
bybit,ALCHUSDT,2025-11-20,ALCHUSDT_2025-11-20_klines.csv,10.54,9.45,,VOLATILE_CONTROL
bybit,ALCHUSDT,2025-11-29,ALCHUSDT_2025-11-29_klines.csv,4.28,0.0,,VOLATILE_CONTROL
bybit,ALCHUSDT,2025-12-02,ALCHUSDT_2025-12-02_klines.csv,3.59,0.0,,VOLATILE_CONTROL
bybit,ALCHUSDT,2025-12-18,ALCHUSDT_2025-12-18_klines.csv,7.81,13.66,,VOLATILE_CONTROL
bybit,ALCHUSDT,2026-01-20,ALCHUSDT_2026-01-20_klines.csv,0.0,0.0,,VOLATILE_CONTROL
bybit,ALCHUSDT,2026-02-10,ALCHUSDT_2026-02-10_klines.csv,1.08,0.0,,VOLATILE_CONTROL
bybit,ALCHUSDT,2026-04-15,ALCHUSDT_2026-04-15_klines.csv,2.0,0.0,,VOLATILE_CONTROL
bybit,ALGOUSDT,2025-10-10,ALGOUSDT_2025-10-10_klines.csv,0.68,0.0,,VOLATILE_CONTROL
bybit,ALTUSDT,2025-05-29,ALTUSDT_2025-05-29_klines.csv,4.74,0.0,,VOLATILE_CONTROL
bybit,ALTUSDT,2025-06-16,ALTUSDT_2025-06-16_klines.csv,1.63,0.0,,VOLATILE_CONTROL
bybit,ALTUSDT,2025-07-11,ALTUSDT_2025-07-11_klines.csv,3.34,0.0,,VOLATILE_CONTROL
bybit,ALTUSDT,2025-10-10,ALTUSDT_2025-10-10_klines.csv,0.39,0.0,,VOLATILE_CONTROL
bybit,ALTUSDT,2025-11-03,ALTUSDT_2025-11-03_klines.csv,12.83,89.45,small,PUMP
bybit,AMIUSDT,2025-06-07,AMIUSDT_2025-06-07_klines.csv,1.35,0.0,,VOLATILE_CONTROL
bybit,AMIUSDT,2025-06-24,AMIUSDT_2025-06-24_klines.csv,1.59,0.0,,VOLATILE_CONTROL
bybit,AMIUSDT,2025-06-25,AMIUSDT_2025-06-25_klines.csv,5.51,59.93,micro,PUMP
bybit,AMIUSDT,2025-09-12,AMIUSDT_2025-09-12_klines.csv,0.72,0.0,,VOLATILE_CONTROL
bybit,AMIUSDT,2025-10-10,AMIUSDT_2025-10-10_klines.csv,2.16,0.0,,VOLATILE_CONTROL
bybit,ANIMEUSDT,2025-05-22,ANIMEUSDT_2025-05-22_klines.csv,8.4,7.46,,VOLATILE_CONTROL
bybit,ANIMEUSDT,2025-06-07,ANIMEUSDT_2025-06-07_klines.csv,7.49,56.07,micro,PUMP
bybit,ANIMEUSDT,2025-06-10,ANIMEUSDT_2025-06-10_klines.csv,1.7,0.0,,VOLATILE_CONTROL
bybit,ANIMEUSDT,2025-10-10,ANIMEUSDT_2025-10-10_klines.csv,0.8,0.0,,VOLATILE_CONTROL
bybit,ANIMEUSDT,2025-11-21,ANIMEUSDT_2025-11-21_klines.csv,2.54,0.0,,VOLATILE_CONTROL
bybit,ANIMEUSDT,2025-12-20,ANIMEUSDT_2025-12-20_klines.csv,17.95,68.0,small,PUMP
bybit,ANIMEUSDT,2025-12-22,ANIMEUSDT_2025-12-22_klines.csv,6.54,0.0,,VOLATILE_CONTROL
bybit,ANIMEUSDT,2026-02-01,ANIMEUSDT_2026-02-01_klines.csv,2.49,0.0,,VOLATILE_CONTROL
bybit,ANIMEUSDT,2026-03-17,ANIMEUSDT_2026-03-17_klines.csv,41.96,17.41,,VOLATILE_CONTROL
bybit,ANKRUSDT,2025-10-10,ANKRUSDT_2025-10-10_klines.csv,0.44,0.0,,VOLATILE_CONTROL
bybit,ANKRUSDT,2026-02-28,ANKRUSDT_2026-02-28_klines.csv,0.42,0.0,,VOLATILE_CONTROL
bybit,ANKRUSDT,2026-03-18,ANKRUSDT_2026-03-18_klines.csv,33.29,27.86,,VOLATILE_CONTROL
bybit,AOUSDT,2025-05-29,AOUSDT_2025-05-29_klines.csv,140.46,66.91,extreme,PUMP
bybit,AOUSDT,2025-06-11,AOUSDT_2025-06-11_klines.csv,13.12,89.73,small,PUMP
bybit,AOUSDT,2025-10-10,AOUSDT_2025-10-10_klines.csv,0.13,0.0,,VOLATILE_CONTROL
bybit,AOUSDT,2025-10-27,AOUSDT_2025-10-27_klines.csv,9.73,62.16,micro,PUMP
bybit,AOUSDT,2025-11-07,AOUSDT_2025-11-07_klines.csv,4.19,0.0,,VOLATILE_CONTROL
bybit,AOUSDT,2025-11-10,AOUSDT_2025-11-10_klines.csv,2.32,0.0,,VOLATILE_CONTROL
bybit,AOUSDT,2026-03-24,AOUSDT_2026-03-24_klines.csv,0.71,0.0,,VOLATILE_CONTROL
bybit,APEUSDT,2025-10-10,APEUSDT_2025-10-10_klines.csv,1.1,0.0,,VOLATILE_CONTROL
bybit,APEUSDT,2026-04-06,APEUSDT_2026-04-06_klines.csv,1.13,0.0,,VOLATILE_CONTROL
bybit,APEUSDT,2026-04-24,APEUSDT_2026-04-24_klines.csv,3.05,0.0,,VOLATILE_CONTROL
bybit,APEUSDT,2026-04-25,APEUSDT_2026-04-25_klines.csv,23.26,58.15,medium,PUMP
bybit,APEXUSDT,2025-05-17,APEXUSDT_2025-05-17_klines.csv,1.1,0.0,,VOLATILE_CONTROL
bybit,APEXUSDT,2025-06-23,APEXUSDT_2025-06-23_klines.csv,0.0,0.0,,VOLATILE_CONTROL
bybit,APEXUSDT,2025-09-23,APEXUSDT_2025-09-23_klines.csv,0.83,0.0,,VOLATILE_CONTROL
bybit,APEXUSDT,2025-09-24,APEXUSDT_2025-09-24_klines.csv,3.27,0.0,,VOLATILE_CONTROL
bybit,APEXUSDT,2025-09-25,APEXUSDT_2025-09-25_klines.csv,45.31,20.04,,VOLATILE_CONTROL
bybit,APEXUSDT,2025-09-26,APEXUSDT_2025-09-26_klines.csv,7.42,170.3,micro,PUMP
bybit,APEXUSDT,2025-09-27,APEXUSDT_2025-09-27_klines.csv,32.69,62.46,large,PUMP
bybit,APEXUSDT,2025-09-28,APEXUSDT_2025-09-28_klines.csv,7.26,202.63,micro,PUMP
bybit,APEXUSDT,2025-09-29,APEXUSDT_2025-09-29_klines.csv,16.95,23.43,,VOLATILE_CONTROL
bybit,APEXUSDT,2025-09-30,APEXUSDT_2025-09-30_klines.csv,5.63,123.3,micro,PUMP
bybit,APEXUSDT,2025-10-10,APEXUSDT_2025-10-10_klines.csv,3.47,0.0,,VOLATILE_CONTROL
bybit,APTUSDT,2025-10-10,APTUSDT_2025-10-10_klines.csv,2.0,0.0,,VOLATILE_CONTROL
bybit,ARBUSDT,2025-10-10,ARBUSDT_2025-10-10_klines.csv,0.79,0.0,,VOLATILE_CONTROL
bybit,ARKMUSDT,2025-09-02,ARKMUSDT_2025-09-02_klines.csv,2.84,0.0,,VOLATILE_CONTROL
bybit,ARKMUSDT,2025-10-10,ARKMUSDT_2025-10-10_klines.csv,1.16,0.0,,VOLATILE_CONTROL
bybit,ARTYUSDT,2025-05-28,ARTYUSDT_2025-05-28_klines.csv,0.08,0.0,,VOLATILE_CONTROL
bybit,ARTYUSDT,2025-06-03,ARTYUSDT_2025-06-03_klines.csv,0.13,0.0,,VOLATILE_CONTROL
bybit,ARTYUSDT,2025-06-09,ARTYUSDT_2025-06-09_klines.csv,1.01,0.0,,VOLATILE_CONTROL
bybit,ARTYUSDT,2025-06-28,ARTYUSDT_2025-06-28_klines.csv,0.72,0.0,,VOLATILE_CONTROL
bybit,ARTYUSDT,2025-08-24,ARTYUSDT_2025-08-24_klines.csv,0.07,0.0,,VOLATILE_CONTROL
bybit,ARTYUSDT,2025-09-19,ARTYUSDT_2025-09-19_klines.csv,0.31,0.0,,VOLATILE_CONTROL
bybit,ARTYUSDT,2025-09-27,ARTYUSDT_2025-09-27_klines.csv,0.66,0.0,,VOLATILE_CONTROL
bybit,ARTYUSDT,2025-09-28,ARTYUSDT_2025-09-28_klines.csv,15.39,77.93,small,PUMP
bybit,ARTYUSDT,2025-09-29,ARTYUSDT_2025-09-29_klines.csv,0.32,0.0,,VOLATILE_CONTROL
bybit,ARTYUSDT,2025-10-10,ARTYUSDT_2025-10-10_klines.csv,1.71,0.0,,VOLATILE_CONTROL
bybit,ARTYUSDT,2025-12-31,ARTYUSDT_2025-12-31_klines.csv,2.06,0.0,,VOLATILE_CONTROL
bybit,ARUSDT,2025-10-10,ARUSDT_2025-10-10_klines.csv,1.05,0.0,,VOLATILE_CONTROL
bybit,ARUSDT,2025-11-06,ARUSDT_2025-11-06_klines.csv,0.23,0.0,,VOLATILE_CONTROL
bybit,ARUSDT,2025-11-07,ARUSDT_2025-11-07_klines.csv,11.01,125.4,small,PUMP
bybit,ASTERUSDT,2025-09-21,ASTERUSDT_2025-09-21_klines.csv,49.17,37.15,major,PUMP
bybit,ASTERUSDT,2025-09-23,ASTERUSDT_2025-09-23_klines.csv,0.72,0.0,,VOLATILE_CONTROL
bybit,ASTERUSDT,2025-10-10,ASTERUSDT_2025-10-10_klines.csv,2.62,0.0,,VOLATILE_CONTROL
bybit,ASTERUSDT,2025-11-02,ASTERUSDT_2025-11-02_klines.csv,0.59,0.0,,VOLATILE_CONTROL
bybit,ASTERUSDT,2025-11-03,ASTERUSDT_2025-11-03_klines.csv,2.66,0.0,,VOLATILE_CONTROL
bybit,ASTERUSDT,2026-02-06,ASTERUSDT_2026-02-06_klines.csv,5.49,27.24,,VOLATILE_CONTROL
bybit,ATHUSDT,2025-05-09,ATHUSDT_2025-05-09_klines.csv,6.94,140.2,micro,PUMP
bybit,ATHUSDT,2025-08-21,ATHUSDT_2025-08-21_klines.csv,0.4,0.0,,VOLATILE_CONTROL
bybit,ATHUSDT,2025-09-08,ATHUSDT_2025-09-08_klines.csv,0.29,0.0,,VOLATILE_CONTROL
bybit,ATHUSDT,2025-10-10,ATHUSDT_2025-10-10_klines.csv,0.13,0.0,,VOLATILE_CONTROL
bybit,ATHUSDT,2026-02-27,ATHUSDT_2026-02-27_klines.csv,0.59,0.0,,VOLATILE_CONTROL
bybit,ATOMUSDT,2025-10-10,ATOMUSDT_2025-10-10_klines.csv,0.47,0.0,,VOLATILE_CONTROL
bybit,AURORAUSDT,2025-08-08,AURORAUSDT_2025-08-08_klines.csv,0.04,0.0,,VOLATILE_CONTROL
bybit,AURORAUSDT,2025-08-26,AURORAUSDT_2025-08-26_klines.csv,0.75,0.0,,VOLATILE_CONTROL
bybit,AURORAUSDT,2025-08-27,AURORAUSDT_2025-08-27_klines.csv,22.8,68.38,medium,PUMP
bybit,AURORAUSDT,2025-10-30,AURORAUSDT_2025-10-30_klines.csv,58.56,47.55,extreme,PUMP
bybit,AURORAUSDT,2025-10-31,AURORAUSDT_2025-10-31_klines.csv,4.85,0.0,,VOLATILE_CONTROL
bybit,AURORAUSDT,2025-11-03,AURORAUSDT_2025-11-03_klines.csv,0.88,0.0,,VOLATILE_CONTROL
bybit,AURORAUSDT,2025-11-09,AURORAUSDT_2025-11-09_klines.csv,1.33,0.0,,VOLATILE_CONTROL
bybit,AURORAUSDT,2025-11-14,AURORAUSDT_2025-11-14_klines.csv,1.3,0.0,,VOLATILE_CONTROL
bybit,AURORAUSDT,2026-02-06,AURORAUSDT_2026-02-06_klines.csv,6.26,60.26,micro,PUMP
bybit,AURORAUSDT,2026-02-15,AURORAUSDT_2026-02-15_klines.csv,0.21,0.0,,VOLATILE_CONTROL
bybit,AUSDT,2025-05-28,AUSDT_2025-05-28_klines.csv,103.7,62.07,extreme,PUMP
bybit,AUSDT,2025-10-10,AUSDT_2025-10-10_klines.csv,0.31,0.0,,VOLATILE_CONTROL
bybit,AVAILUSDT,2025-08-27,AVAILUSDT_2025-08-27_klines.csv,0.38,0.0,,VOLATILE_CONTROL
bybit,AVAILUSDT,2025-09-14,AVAILUSDT_2025-09-14_klines.csv,29.63,53.24,medium,PUMP
bybit,AVAILUSDT,2025-10-10,AVAILUSDT_2025-10-10_klines.csv,0.49,0.0,,VOLATILE_CONTROL
bybit,AVAILUSDT,2025-11-13,AVAILUSDT_2025-11-13_klines.csv,0.48,0.0,,VOLATILE_CONTROL
bybit,AVAILUSDT,2026-02-05,AVAILUSDT_2026-02-05_klines.csv,0.48,0.0,,VOLATILE_CONTROL
bybit,AVAILUSDT,2026-02-22,AVAILUSDT_2026-02-22_klines.csv,1.46,0.0,,VOLATILE_CONTROL
bybit,AVAILUSDT,2026-03-03,AVAILUSDT_2026-03-03_klines.csv,0.23,0.0,,VOLATILE_CONTROL
bybit,AVAILUSDT,2026-03-04,AVAILUSDT_2026-03-04_klines.csv,5.89,36.64,micro,PUMP
bybit,AVAUSDT,2025-10-10,AVAUSDT_2025-10-10_klines.csv,0.76,0.0,,VOLATILE_CONTROL
bybit,AVAUSDT,2025-10-11,AVAUSDT_2025-10-11_klines.csv,3.6,0.0,,VOLATILE_CONTROL
bybit,AVAUSDT,2025-10-28,AVAUSDT_2025-10-28_klines.csv,0.99,0.0,,VOLATILE_CONTROL
bybit,AVAXUSDT,2025-10-10,AVAXUSDT_2025-10-10_klines.csv,0.32,0.0,,VOLATILE_CONTROL
bybit,AVLUSDT,2025-07-02,AVLUSDT_2025-07-02_klines.csv,0.49,0.0,,VOLATILE_CONTROL
bybit,AVLUSDT,2025-09-30,AVLUSDT_2025-09-30_klines.csv,8.04,0.0,,VOLATILE_CONTROL
bybit,AVLUSDT,2025-10-10,AVLUSDT_2025-10-10_klines.csv,2.36,0.0,,VOLATILE_CONTROL
bybit,AVLUSDT,2025-11-11,AVLUSDT_2025-11-11_klines.csv,7.97,25.0,,VOLATILE_CONTROL
bybit,AVLUSDT,2026-04-03,AVLUSDT_2026-04-03_klines.csv,40.08,76.64,major,PUMP
bybit,AVLUSDT,2026-04-12,AVLUSDT_2026-04-12_klines.csv,3.1,0.0,,VOLATILE_CONTROL
bybit,AVNTUSDT,2025-09-09,AVNTUSDT_2025-09-09_klines.csv,859.2,70.54,extreme,PUMP
bybit,AVNTUSDT,2025-09-10,AVNTUSDT_2025-09-10_klines.csv,20.62,41.06,medium,PUMP
bybit,AVNTUSDT,2025-09-12,AVNTUSDT_2025-09-12_klines.csv,1.74,0.0,,VOLATILE_CONTROL
bybit,AVNTUSDT,2025-09-13,AVNTUSDT_2025-09-13_klines.csv,3.55,0.0,,VOLATILE_CONTROL
bybit,AVNTUSDT,2025-09-15,AVNTUSDT_2025-09-15_klines.csv,18.38,57.88,small,PUMP
bybit,AVNTUSDT,2025-09-16,AVNTUSDT_2025-09-16_klines.csv,5.01,313.52,micro,PUMP
bybit,AVNTUSDT,2025-09-20,AVNTUSDT_2025-09-20_klines.csv,3.84,0.0,,VOLATILE_CONTROL
bybit,AVNTUSDT,2025-09-21,AVNTUSDT_2025-09-21_klines.csv,28.46,10.79,,VOLATILE_CONTROL
bybit,AVNTUSDT,2025-09-22,AVNTUSDT_2025-09-22_klines.csv,12.99,160.95,small,PUMP
bybit,AVNTUSDT,2025-09-25,AVNTUSDT_2025-09-25_klines.csv,5.9,181.9,micro,PUMP
bybit,AVNTUSDT,2025-09-29,AVNTUSDT_2025-09-29_klines.csv,0.3,0.0,,VOLATILE_CONTROL
bybit,AVNTUSDT,2025-10-10,AVNTUSDT_2025-10-10_klines.csv,7.23,77.74,micro,PUMP
bybit,AVNTUSDT,2025-10-20,AVNTUSDT_2025-10-20_klines.csv,0.0,0.0,,VOLATILE_CONTROL
bybit,AXLUSDT,2025-05-23,AXLUSDT_2025-05-23_klines.csv,2.65,0.0,,VOLATILE_CONTROL
bybit,AXLUSDT,2025-06-10,AXLUSDT_2025-06-10_klines.csv,0.48,0.0,,VOLATILE_CONTROL
bybit,AXLUSDT,2025-10-10,AXLUSDT_2025-10-10_klines.csv,0.14,0.0,,VOLATILE_CONTROL
bybit,AXLUSDT,2026-01-25,AXLUSDT_2026-01-25_klines.csv,0.0,0.0,,VOLATILE_CONTROL
bybit,AXLUSDT,2026-04-16,AXLUSDT_2026-04-16_klines.csv,9.12,0.0,,VOLATILE_CONTROL
bybit,AXSUSDT,2025-10-10,AXSUSDT_2025-10-10_klines.csv,1.4,0.0,,VOLATILE_CONTROL
bybit,AXSUSDT,2025-12-27,AXSUSDT_2025-12-27_klines.csv,1.45,0.0,,VOLATILE_CONTROL
bybit,AXSUSDT,2026-01-17,AXSUSDT_2026-01-17_klines.csv,8.46,76.79,micro,PUMP
bybit,AXSUSDT,2026-04-25,AXSUSDT_2026-04-25_klines.csv,5.2,0.0,,VOLATILE_CONTROL
bybit,AZTECUSDT,2026-02-12,AZTECUSDT_2026-02-12_klines.csv,468.94,46.69,extreme,PUMP
bybit,AZTECUSDT,2026-02-13,AZTECUSDT_2026-02-13_klines.csv,6.53,132.86,micro,PUMP
bybit,AZTECUSDT,2026-02-20,AZTECUSDT_2026-02-20_klines.csv,4.82,0.0,,VOLATILE_CONTROL
bybit,B3USDT,2025-05-28,B3USDT_2025-05-28_klines.csv,17.05,61.69,small,PUMP
bybit,B3USDT,2025-08-04,B3USDT_2025-08-04_klines.csv,5.84,31.25,micro,PUMP
bybit,B3USDT,2025-10-10,B3USDT_2025-10-10_klines.csv,0.27,0.0,,VOLATILE_CONTROL
bybit,B3USDT,2025-10-11,B3USDT_2025-10-11_klines.csv,3.39,0.0,,VOLATILE_CONTROL
bybit,B3USDT,2025-11-14,B3USDT_2025-11-14_klines.csv,0.17,0.0,,VOLATILE_CONTROL
bybit,B3USDT,2026-03-27,B3USDT_2026-03-27_klines.csv,3.15,0.0,,VOLATILE_CONTROL
bybit,B3USDT,2026-05-04,B3USDT_2026-05-04_klines.csv,2.53,0.0,,VOLATILE_CONTROL
bybit,B3USDT,2026-05-05,B3USDT_2026-05-05_klines.csv,0.0,0.0,,VOLATILE_CONTROL
bybit,BABY1USDT,2025-07-24,BABY1USDT_2025-07-24_klines.csv,3.04,0.0,,VOLATILE_CONTROL
bybit,BABY1USDT,2025-10-10,BABY1USDT_2025-10-10_klines.csv,1.19,0.0,,VOLATILE_CONTROL
bybit,BABY1USDT,2025-10-31,BABY1USDT_2025-10-31_klines.csv,2.47,0.0,,VOLATILE_CONTROL
bybit,BABY1USDT,2025-11-12,BABY1USDT_2025-11-12_klines.csv,2.2,0.0,,VOLATILE_CONTROL
bybit,BABY1USDT,2026-03-08,BABY1USDT_2026-03-08_klines.csv,0.09,0.0,,VOLATILE_CONTROL
bybit,BABY1USDT,2026-05-03,BABY1USDT_2026-05-03_klines.csv,10.38,150.0,small,PUMP
bybit,BABYDOGEUSDT,2025-05-09,BABYDOGEUSDT_2025-05-09_klines.csv,5.25,96.05,micro,PUMP
bybit,BABYDOGEUSDT,2025-10-10,BABYDOGEUSDT_2025-10-10_klines.csv,0.6,0.0,,VOLATILE_CONTROL
bybit,BANUSDT,2025-09-08,BANUSDT_2025-09-08_klines.csv,0.57,0.0,,VOLATILE_CONTROL
bybit,BANUSDT,2025-09-09,BANUSDT_2025-09-09_klines.csv,0.35,0.0,,VOLATILE_CONTROL
bybit,BANUSDT,2025-10-10,BANUSDT_2025-10-10_klines.csv,0.2,0.0,,VOLATILE_CONTROL
bybit,BANUSDT,2025-10-11,BANUSDT_2025-10-11_klines.csv,8.33,251.03,micro,PUMP
bybit,BANUSDT,2025-12-23,BANUSDT_2025-12-23_klines.csv,0.0,0.0,,VOLATILE_CONTROL
bybit,BANUSDT,2026-03-18,BANUSDT_2026-03-18_klines.csv,0.17,0.0,,VOLATILE_CONTROL
bybit,BANUSDT,2026-03-20,BANUSDT_2026-03-20_klines.csv,23.33,6.44,,VOLATILE_CONTROL
bybit,BANUSDT,2026-04-01,BANUSDT_2026-04-01_klines.csv,2.02,0.0,,VOLATILE_CONTROL
bybit,BARDUSDT,2025-09-18,BARDUSDT_2025-09-18_klines.csv,347.6,26.29,,VOLATILE_CONTROL
bybit,BARDUSDT,2025-09-23,BARDUSDT_2025-09-23_klines.csv,8.81,23.4,,VOLATILE_CONTROL
bybit,BARDUSDT,2025-10-10,BARDUSDT_2025-10-10_klines.csv,1.28,0.0,,VOLATILE_CONTROL
bybit,BARDUSDT,2025-12-11,BARDUSDT_2025-12-11_klines.csv,1.17,0.0,,VOLATILE_CONTROL
bybit,BARDUSDT,2026-01-14,BARDUSDT_2026-01-14_klines.csv,1.39,0.0,,VOLATILE_CONTROL
bybit,BARDUSDT,2026-03-05,BARDUSDT_2026-03-05_klines.csv,34.23,8.12,,VOLATILE_CONTROL
bybit,BARDUSDT,2026-03-18,BARDUSDT_2026-03-18_klines.csv,0.84,0.0,,VOLATILE_CONTROL
bybit,BASEDUSDT,2026-03-30,BASEDUSDT_2026-03-30_klines.csv,180.0,46.61,extreme,PUMP
bybit,BASEDUSDT,2026-03-31,BASEDUSDT_2026-03-31_klines.csv,7.2,89.6,micro,PUMP
bybit,BASEDUSDT,2026-04-16,BASEDUSDT_2026-04-16_klines.csv,7.08,12.54,,VOLATILE_CONTROL
bybit,BASEDUSDT,2026-04-17,BASEDUSDT_2026-04-17_klines.csv,40.69,86.03,major,PUMP
bybit,BASEDUSDT,2026-04-18,BASEDUSDT_2026-04-18_klines.csv,16.1,80.9,small,PUMP
bybit,BASEDUSDT,2026-04-20,BASEDUSDT_2026-04-20_klines.csv,11.53,73.29,small,PUMP
bybit,BASEDUSDT,2026-04-21,BASEDUSDT_2026-04-21_klines.csv,15.0,91.01,small,PUMP
bybit,BATUSDT,2025-09-25,BATUSDT_2025-09-25_klines.csv,0.34,0.0,,VOLATILE_CONTROL
bybit,BATUSDT,2025-10-10,BATUSDT_2025-10-10_klines.csv,7.0,171.9,micro,PUMP
bybit,BATUSDT,2025-10-13,BATUSDT_2025-10-13_klines.csv,2.61,0.0,,VOLATILE_CONTROL
bybit,BBSOLUSDT,2025-10-10,BBSOLUSDT_2025-10-10_klines.csv,0.39,0.0,,VOLATILE_CONTROL
bybit,BBUSDT,2025-06-23,BBUSDT_2025-06-23_klines.csv,1.31,0.0,,VOLATILE_CONTROL
bybit,BBUSDT,2025-08-07,BBUSDT_2025-08-07_klines.csv,1.38,0.0,,VOLATILE_CONTROL
bybit,BBUSDT,2025-08-22,BBUSDT_2025-08-22_klines.csv,2.29,0.0,,VOLATILE_CONTROL
bybit,BBUSDT,2025-10-10,BBUSDT_2025-10-10_klines.csv,0.46,0.0,,VOLATILE_CONTROL
bybit,BDXNUSDT,2025-06-03,BDXNUSDT_2025-06-03_klines.csv,461.25,103.63,extreme,PUMP
bybit,BDXNUSDT,2025-10-10,BDXNUSDT_2025-10-10_klines.csv,1.0,0.0,,VOLATILE_CONTROL
bybit,BDXNUSDT,2025-10-12,BDXNUSDT_2025-10-12_klines.csv,1.86,0.0,,VOLATILE_CONTROL
bybit,BDXNUSDT,2025-10-13,BDXNUSDT_2025-10-13_klines.csv,1.65,0.0,,VOLATILE_CONTROL
bybit,BDXNUSDT,2025-10-18,BDXNUSDT_2025-10-18_klines.csv,31.54,27.11,,VOLATILE_CONTROL
bybit,BDXNUSDT,2025-10-26,BDXNUSDT_2025-10-26_klines.csv,0.74,0.0,,VOLATILE_CONTROL
bybit,BDXNUSDT,2025-11-03,BDXNUSDT_2025-11-03_klines.csv,2.73,0.0,,VOLATILE_CONTROL
bybit,BDXNUSDT,2025-11-04,BDXNUSDT_2025-11-04_klines.csv,60.67,103.43,extreme,PUMP
bybit,BDXNUSDT,2025-11-05,BDXNUSDT_2025-11-05_klines.csv,4.54,0.0,,VOLATILE_CONTROL
bybit,BDXNUSDT,2025-11-06,BDXNUSDT_2025-11-06_klines.csv,18.23,31.32,small,PUMP
bybit,BDXNUSDT,2025-11-07,BDXNUSDT_2025-11-07_klines.csv,13.52,56.28,small,PUMP
bybit,BDXNUSDT,2025-11-11,BDXNUSDT_2025-11-11_klines.csv,18.17,93.87,small,PUMP
bybit,BDXNUSDT,2025-11-14,BDXNUSDT_2025-11-14_klines.csv,29.06,9.91,,VOLATILE_CONTROL
bybit,BDXNUSDT,2025-11-19,BDXNUSDT_2025-11-19_klines.csv,1.56,0.0,,VOLATILE_CONTROL
bybit,BDXNUSDT,2025-11-20,BDXNUSDT_2025-11-20_klines.csv,1.47,0.0,,VOLATILE_CONTROL
bybit,BDXNUSDT,2025-12-03,BDXNUSDT_2025-12-03_klines.csv,3.04,0.0,,VOLATILE_CONTROL
bybit,BDXNUSDT,2026-01-14,BDXNUSDT_2026-01-14_klines.csv,0.83,0.0,,VOLATILE_CONTROL
bybit,BDXNUSDT,2026-01-16,BDXNUSDT_2026-01-16_klines.csv,17.05,3.92,,VOLATILE_CONTROL
bybit,BDXNUSDT,2026-03-17,BDXNUSDT_2026-03-17_klines.csv,1.08,0.0,,VOLATILE_CONTROL
bybit,BDXNUSDT,2026-03-18,BDXNUSDT_2026-03-18_klines.csv,2.06,0.0,,VOLATILE_CONTROL
bybit,BEAMUSDT,2025-10-10,BEAMUSDT_2025-10-10_klines.csv,0.11,0.0,,VOLATILE_CONTROL
bybit,BELUSDT,2025-06-23,BELUSDT_2025-06-23_klines.csv,0.97,0.0,,VOLATILE_CONTROL
bybit,BELUSDT,2025-10-10,BELUSDT_2025-10-10_klines.csv,0.73,0.0,,VOLATILE_CONTROL
bybit,BELUSDT,2025-10-11,BELUSDT_2025-10-11_klines.csv,2.73,0.0,,VOLATILE_CONTROL
bybit,BELUSDT,2025-10-13,BELUSDT_2025-10-13_klines.csv,0.85,0.0,,VOLATILE_CONTROL
bybit,BELUSDT,2025-10-15,BELUSDT_2025-10-15_klines.csv,2.76,0.0,,VOLATILE_CONTROL
bybit,BELUSDT,2025-10-16,BELUSDT_2025-10-16_klines.csv,12.79,47.92,small,PUMP
bybit,BELUSDT,2026-02-22,BELUSDT_2026-02-22_klines.csv,0.0,0.0,,VOLATILE_CONTROL
bybit,BELUSDT,2026-04-06,BELUSDT_2026-04-06_klines.csv,1.73,0.0,,VOLATILE_CONTROL
bybit,BELUSDT,2026-04-18,BELUSDT_2026-04-18_klines.csv,2.41,0.0,,VOLATILE_CONTROL
bybit,BERAUSDT,2025-10-10,BERAUSDT_2025-10-10_klines.csv,0.37,0.0,,VOLATILE_CONTROL
bybit,BERAUSDT,2026-01-14,BERAUSDT_2026-01-14_klines.csv,42.56,61.85,major,PUMP
bybit,BERAUSDT,2026-01-17,BERAUSDT_2026-01-17_klines.csv,10.98,57.89,small,PUMP
bybit,BERAUSDT,2026-02-06,BERAUSDT_2026-02-06_klines.csv,4.01,0.0,,VOLATILE_CONTROL
bybit,BERAUSDT,2026-02-11,BERAUSDT_2026-02-11_klines.csv,3.76,0.0,,VOLATILE_CONTROL
bybit,BERAUSDT,2026-02-12,BERAUSDT_2026-02-12_klines.csv,5.49,323.48,micro,PUMP
bybit,BICOUSDT,2025-10-10,BICOUSDT_2025-10-10_klines.csv,0.5,0.0,,VOLATILE_CONTROL
bybit,BICOUSDT,2026-04-13,BICOUSDT_2026-04-13_klines.csv,1.75,0.0,,VOLATILE_CONTROL
bybit,BILLUSDT,2026-05-04,BILLUSDT_2026-05-04_klines.csv,700.0,29.36,,VOLATILE_CONTROL
bybit,BILLUSDT,2026-05-06,BILLUSDT_2026-05-06_klines.csv,5.25,17.32,,VOLATILE_CONTROL
bybit,BIRBUSDT,2026-01-28,BIRBUSDT_2026-01-28_klines.csv,1096.13,28.56,,VOLATILE_CONTROL
bybit,BIRBUSDT,2026-01-29,BIRBUSDT_2026-01-29_klines.csv,16.2,75.59,small,PUMP
bybit,BIRBUSDT,2026-02-03,BIRBUSDT_2026-02-03_klines.csv,3.42,0.0,,VOLATILE_CONTROL
bybit,BIRBUSDT,2026-02-05,BIRBUSDT_2026-02-05_klines.csv,3.15,0.0,,VOLATILE_CONTROL
bybit,BIRBUSDT,2026-02-06,BIRBUSDT_2026-02-06_klines.csv,0.17,0.0,,VOLATILE_CONTROL
bybit,BLASTUSDT,2025-06-29,BLASTUSDT_2025-06-29_klines.csv,0.4,0.0,,VOLATILE_CONTROL
bybit,BLASTUSDT,2025-10-10,BLASTUSDT_2025-10-10_klines.csv,0.3,0.0,,VOLATILE_CONTROL
bybit,BLENDUSDT,2026-04-24,BLENDUSDT_2026-04-24_klines.csv,855.7,90.32,extreme,PUMP
bybit,BLENDUSDT,2026-04-29,BLENDUSDT_2026-04-29_klines.csv,180.5,27.42,,VOLATILE_CONTROL
bybit,BLENDUSDT,2026-04-30,BLENDUSDT_2026-04-30_klines.csv,8.95,153.92,micro,PUMP
bybit,BLURUSDT,2025-07-03,BLURUSDT_2025-07-03_klines.csv,1.36,0.0,,VOLATILE_CONTROL
bybit,BLURUSDT,2025-10-10,BLURUSDT_2025-10-10_klines.csv,0.01,0.0,,VOLATILE_CONTROL
bybit,BLURUSDT,2026-04-01,BLURUSDT_2026-04-01_klines.csv,26.99,40.26,medium,PUMP
bybit,BLURUSDT,2026-04-19,BLURUSDT_2026-04-19_klines.csv,6.72,0.0,,VOLATILE_CONTROL
bybit,BMTUSDT,2025-05-08,BMTUSDT_2025-05-08_klines.csv,1.1,0.0,,VOLATILE_CONTROL
bybit,BMTUSDT,2025-07-05,BMTUSDT_2025-07-05_klines.csv,1.89,0.0,,VOLATILE_CONTROL
bybit,BMTUSDT,2025-10-10,BMTUSDT_2025-10-10_klines.csv,1.81,0.0,,VOLATILE_CONTROL
bybit,BNBUSDT,2025-10-10,BNBUSDT_2025-10-10_klines.csv,1.11,0.0,,VOLATILE_CONTROL
bybit,BOBAUSDT,2025-05-15,BOBAUSDT_2025-05-15_klines.csv,1.14,0.0,,VOLATILE_CONTROL
bybit,BOBAUSDT,2025-05-16,BOBAUSDT_2025-05-16_klines.csv,7.67,156.61,micro,PUMP
bybit,BOBAUSDT,2025-05-23,BOBAUSDT_2025-05-23_klines.csv,3.42,0.0,,VOLATILE_CONTROL
bybit,BOBAUSDT,2025-12-04,BOBAUSDT_2025-12-04_klines.csv,0.69,0.0,,VOLATILE_CONTROL
bybit,BOBAUSDT,2026-03-02,BOBAUSDT_2026-03-02_klines.csv,2.56,0.0,,VOLATILE_CONTROL
bybit,BOBAUSDT,2026-03-03,BOBAUSDT_2026-03-03_klines.csv,0.0,0.0,,VOLATILE_CONTROL
bybit,BOBAUSDT,2026-03-21,BOBAUSDT_2026-03-21_klines.csv,9.44,82.76,micro,PUMP
bybit,BOBAUSDT,2026-04-19,BOBAUSDT_2026-04-19_klines.csv,0.13,0.0,,VOLATILE_CONTROL
bybit,BOBAUSDT,2026-05-03,BOBAUSDT_2026-05-03_klines.csv,1.09,0.0,,VOLATILE_CONTROL
bybit,BOMEUSDT,2025-05-13,BOMEUSDT_2025-05-13_klines.csv,0.6,0.0,,VOLATILE_CONTROL
bybit,BOMEUSDT,2025-06-23,BOMEUSDT_2025-06-23_klines.csv,1.54,0.0,,VOLATILE_CONTROL
bybit,BOMEUSDT,2025-10-10,BOMEUSDT_2025-10-10_klines.csv,1.11,0.0,,VOLATILE_CONTROL
bybit,BOMEUSDT,2026-04-16,BOMEUSDT_2026-04-16_klines.csv,13.28,41.69,small,PUMP
bybit,BOMEUSDT,2026-04-19,BOMEUSDT_2026-04-19_klines.csv,2.01,0.0,,VOLATILE_CONTROL
bybit,BONKUSDT,2025-06-20,BONKUSDT_2025-06-20_klines.csv,0.56,0.0,,VOLATILE_CONTROL
bybit,BONKUSDT,2025-10-10,BONKUSDT_2025-10-10_klines.csv,0.9,0.0,,VOLATILE_CONTROL
bybit,BRETTUSDT,2025-05-08,BRETTUSDT_2025-05-08_klines.csv,1.92,0.0,,VOLATILE_CONTROL
bybit,BRETTUSDT,2025-10-10,BRETTUSDT_2025-10-10_klines.csv,1.01,0.0,,VOLATILE_CONTROL
bybit,BRETTUSDT,2025-12-02,BRETTUSDT_2025-12-02_klines.csv,1.17,0.0,,VOLATILE_CONTROL
bybit,BRETTUSDT,2026-02-06,BRETTUSDT_2026-02-06_klines.csv,4.35,0.0,,VOLATILE_CONTROL
bybit,BREVUSDT,2026-01-06,BREVUSDT_2026-01-06_klines.csv,271.92,25.77,,VOLATILE_CONTROL
bybit,BREVUSDT,2026-01-07,BREVUSDT_2026-01-07_klines.csv,37.71,47.82,large,PUMP
bybit,BREVUSDT,2026-04-06,BREVUSDT_2026-04-06_klines.csv,2.33,0.0,,VOLATILE_CONTROL
bybit,BRUSDT,2025-06-23,BRUSDT_2025-06-23_klines.csv,0.04,0.0,,VOLATILE_CONTROL
bybit,BRUSDT,2025-07-03,BRUSDT_2025-07-03_klines.csv,0.57,0.0,,VOLATILE_CONTROL
bybit,BRUSDT,2025-07-09,BRUSDT_2025-07-09_klines.csv,0.08,0.0,,VOLATILE_CONTROL
bybit,BRUSDT,2025-07-22,BRUSDT_2025-07-22_klines.csv,0.2,0.0,,VOLATILE_CONTROL
bybit,BRUSDT,2025-08-23,BRUSDT_2025-08-23_klines.csv,0.04,0.0,,VOLATILE_CONTROL
bybit,BRUSDT,2025-08-27,BRUSDT_2025-08-27_klines.csv,7.53,49.45,micro,PUMP
bybit,BRUSDT,2025-09-09,BRUSDT_2025-09-09_klines.csv,13.95,19.29,,VOLATILE_CONTROL
bybit,BRUSDT,2025-10-10,BRUSDT_2025-10-10_klines.csv,0.44,0.0,,VOLATILE_CONTROL
bybit,BRUSDT,2025-12-13,BRUSDT_2025-12-13_klines.csv,3.28,0.0,,VOLATILE_CONTROL
bybit,BRUSDT,2026-03-22,BRUSDT_2026-03-22_klines.csv,2.49,0.0,,VOLATILE_CONTROL
bybit,BRUSDT,2026-03-23,BRUSDT_2026-03-23_klines.csv,5.73,282.45,micro,PUMP
bybit,BRUSDT,2026-03-24,BRUSDT_2026-03-24_klines.csv,19.11,86.97,small,PUMP
bybit,BRUSDT,2026-03-25,BRUSDT_2026-03-25_klines.csv,11.57,152.62,small,PUMP
bybit,BRUSDT,2026-03-29,BRUSDT_2026-03-29_klines.csv,35.45,0.0,,VOLATILE_CONTROL
bybit,BRUSDT,2026-04-02,BRUSDT_2026-04-02_klines.csv,2.68,0.0,,VOLATILE_CONTROL
bybit,BRUSDT,2026-04-05,BRUSDT_2026-04-05_klines.csv,9.86,56.33,micro,PUMP
bybit,BRUSDT,2026-04-14,BRUSDT_2026-04-14_klines.csv,5.39,58.95,micro,PUMP
bybit,BRUSDT,2026-04-15,BRUSDT_2026-04-15_klines.csv,8.63,122.75,micro,PUMP
bybit,BRUSDT,2026-04-16,BRUSDT_2026-04-16_klines.csv,2.14,0.0,,VOLATILE_CONTROL
bybit,BRUSDT,2026-04-17,BRUSDT_2026-04-17_klines.csv,2.49,0.0,,VOLATILE_CONTROL
bybit,BRUSDT,2026-04-30,BRUSDT_2026-04-30_klines.csv,6.39,96.24,micro,PUMP
bybit,BRUSDT,2026-05-01,BRUSDT_2026-05-01_klines.csv,9.41,101.09,micro,PUMP
bybit,BRUSDT,2026-05-03,BRUSDT_2026-05-03_klines.csv,2.42,0.0,,VOLATILE_CONTROL
bybit,BSBUSDT,2026-03-04,BSBUSDT_2026-03-04_klines.csv,380.53,28.18,,VOLATILE_CONTROL
bybit,BSBUSDT,2026-03-18,BSBUSDT_2026-03-18_klines.csv,5.06,0.0,,VOLATILE_CONTROL
bybit,BSBUSDT,2026-03-25,BSBUSDT_2026-03-25_klines.csv,1.58,0.0,,VOLATILE_CONTROL
bybit,BSBUSDT,2026-03-27,BSBUSDT_2026-03-27_klines.csv,6.27,86.29,micro,PUMP
bybit,BSBUSDT,2026-03-28,BSBUSDT_2026-03-28_klines.csv,9.51,268.53,micro,PUMP
bybit,BSBUSDT,2026-04-06,BSBUSDT_2026-04-06_klines.csv,0.24,0.0,,VOLATILE_CONTROL
bybit,BSBUSDT,2026-04-20,BSBUSDT_2026-04-20_klines.csv,2.65,0.0,,VOLATILE_CONTROL
bybit,BSBUSDT,2026-04-22,BSBUSDT_2026-04-22_klines.csv,21.89,56.27,medium,PUMP
bybit,BSBUSDT,2026-04-23,BSBUSDT_2026-04-23_klines.csv,0.73,0.0,,VOLATILE_CONTROL
bybit,BSBUSDT,2026-04-24,BSBUSDT_2026-04-24_klines.csv,3.55,0.0,,VOLATILE_CONTROL
bybit,BSBUSDT,2026-04-25,BSBUSDT_2026-04-25_klines.csv,15.3,68.35,small,PUMP
bybit,BSBUSDT,2026-04-26,BSBUSDT_2026-04-26_klines.csv,5.1,463.51,micro,PUMP
bybit,BSBUSDT,2026-04-27,BSBUSDT_2026-04-27_klines.csv,21.34,10.93,,VOLATILE_CONTROL
bybit,BSBUSDT,2026-04-29,BSBUSDT_2026-04-29_klines.csv,2.27,0.0,,VOLATILE_CONTROL
bybit,BSBUSDT,2026-04-30,BSBUSDT_2026-04-30_klines.csv,7.05,155.86,micro,PUMP
bybit,BSBUSDT,2026-05-02,BSBUSDT_2026-05-02_klines.csv,3.12,0.0,,VOLATILE_CONTROL
bybit,BSBUSDT,2026-05-04,BSBUSDT_2026-05-04_klines.csv,16.85,20.8,,VOLATILE_CONTROL
bybit,C98USDT,2025-10-02,C98USDT_2025-10-02_klines.csv,3.4,0.0,,VOLATILE_CONTROL
bybit,C98USDT,2025-10-10,C98USDT_2025-10-10_klines.csv,0.46,0.0,,VOLATILE_CONTROL
bybit,C98USDT,2025-11-07,C98USDT_2025-11-07_klines.csv,3.99,0.0,,VOLATILE_CONTROL
bybit,C98USDT,2026-01-31,C98USDT_2026-01-31_klines.csv,0.05,0.0,,VOLATILE_CONTROL
bybit,C98USDT,2026-02-01,C98USDT_2026-02-01_klines.csv,13.53,205.66,small,PUMP
bybit,C98USDT,2026-02-05,C98USDT_2026-02-05_klines.csv,1.93,0.0,,VOLATILE_CONTROL
bybit,CAKEUSDT,2025-09-16,CAKEUSDT_2025-09-16_klines.csv,0.2,0.0,,VOLATILE_CONTROL
bybit,CAKEUSDT,2025-10-10,CAKEUSDT_2025-10-10_klines.csv,1.26,0.0,,VOLATILE_CONTROL
bybit,CAMPUSDT,2025-08-27,CAMPUSDT_2025-08-27_klines.csv,1500.75,78.82,extreme,PUMP
bybit,CAMPUSDT,2025-08-29,CAMPUSDT_2025-08-29_klines.csv,0.07,0.0,,VOLATILE_CONTROL
bybit,CAMPUSDT,2025-10-10,CAMPUSDT_2025-10-10_klines.csv,1.05,0.0,,VOLATILE_CONTROL
bybit,CAMPUSDT,2026-02-25,CAMPUSDT_2026-02-25_klines.csv,57.13,1.11,,VOLATILE_CONTROL
bybit,CAMPUSDT,2026-03-02,CAMPUSDT_2026-03-02_klines.csv,0.0,0.0,,VOLATILE_CONTROL
bybit,CARVUSDT,2025-10-10,CARVUSDT_2025-10-10_klines.csv,2.26,0.0,,VOLATILE_CONTROL
bybit,CATIUSDT,2025-05-12,CATIUSDT_2025-05-12_klines.csv,15.05,0.0,,VOLATILE_CONTROL
bybit,CATIUSDT,2025-07-02,CATIUSDT_2025-07-02_klines.csv,0.0,0.0,,VOLATILE_CONTROL
bybit,CATIUSDT,2025-10-10,CATIUSDT_2025-10-10_klines.csv,0.26,0.0,,VOLATILE_CONTROL
bybit,CATIUSDT,2025-10-11,CATIUSDT_2025-10-11_klines.csv,3.01,0.0,,VOLATILE_CONTROL
bybit,CATIUSDT,2025-10-16,CATIUSDT_2025-10-16_klines.csv,1.79,0.0,,VOLATILE_CONTROL
bybit,CATUSDT,2025-07-23,CATUSDT_2025-07-23_klines.csv,62.42,29.58,,VOLATILE_CONTROL
bybit,CATUSDT,2025-07-28,CATUSDT_2025-07-28_klines.csv,5.22,147.8,micro,PUMP
bybit,CATUSDT,2025-10-10,CATUSDT_2025-10-10_klines.csv,2.82,0.0,,VOLATILE_CONTROL
bybit,CBKUSDT,2025-06-14,CBKUSDT_2025-06-14_klines.csv,1.14,0.0,,VOLATILE_CONTROL
bybit,CBKUSDT,2025-07-02,CBKUSDT_2025-07-02_klines.csv,33.5,0.0,,VOLATILE_CONTROL
bybit,CBKUSDT,2025-07-11,CBKUSDT_2025-07-11_klines.csv,0.11,0.0,,VOLATILE_CONTROL
bybit,CBKUSDT,2025-07-15,CBKUSDT_2025-07-15_klines.csv,13.23,83.43,small,PUMP
bybit,CBKUSDT,2025-07-18,CBKUSDT_2025-07-18_klines.csv,0.2,0.0,,VOLATILE_CONTROL
bybit,CBKUSDT,2025-07-21,CBKUSDT_2025-07-21_klines.csv,5.01,127.78,micro,PUMP
bybit,CBKUSDT,2026-01-31,CBKUSDT_2026-01-31_klines.csv,55.9,44.63,extreme,PUMP
bybit,CCUSDT,2025-11-10,CCUSDT_2025-11-10_klines.csv,566.67,38.24,extreme,PUMP
bybit,CCUSDT,2025-11-11,CCUSDT_2025-11-11_klines.csv,2.28,0.0,,VOLATILE_CONTROL
bybit,CELOUSDT,2025-10-03,CELOUSDT_2025-10-03_klines.csv,5.6,13.25,,VOLATILE_CONTROL
bybit,CELOUSDT,2025-10-10,CELOUSDT_2025-10-10_klines.csv,1.95,0.0,,VOLATILE_CONTROL
bybit,CFGUSDT,2025-08-26,CFGUSDT_2025-08-26_klines.csv,64.28,37.65,extreme,PUMP
bybit,CFGUSDT,2025-09-26,CFGUSDT_2025-09-26_klines.csv,5.38,42.96,micro,PUMP
bybit,CFGUSDT,2025-10-10,CFGUSDT_2025-10-10_klines.csv,1.8,0.0,,VOLATILE_CONTROL
bybit,CFGUSDT,2026-02-26,CFGUSDT_2026-02-26_klines.csv,212.95,18.76,,VOLATILE_CONTROL
bybit,CFGUSDT,2026-03-01,CFGUSDT_2026-03-01_klines.csv,20.0,42.33,medium,PUMP
bybit,CFGUSDT,2026-03-16,CFGUSDT_2026-03-16_klines.csv,0.08,0.0,,VOLATILE_CONTROL
bybit,CGPTUSDT,2025-10-10,CGPTUSDT_2025-10-10_klines.csv,0.3,0.0,,VOLATILE_CONTROL
bybit,CHILLGUYUSDT,2025-05-09,CHILLGUYUSDT_2025-05-09_klines.csv,2.71,0.0,,VOLATILE_CONTROL
bybit,CHILLGUYUSDT,2025-05-12,CHILLGUYUSDT_2025-05-12_klines.csv,19.69,23.25,,VOLATILE_CONTROL
bybit,CHILLGUYUSDT,2025-10-10,CHILLGUYUSDT_2025-10-10_klines.csv,1.76,0.0,,VOLATILE_CONTROL
bybit,CHIPUSDT,2026-04-21,CHIPUSDT_2026-04-21_klines.csv,6000.0,93.88,extreme,PUMP
bybit,CHIPUSDT,2026-04-22,CHIPUSDT_2026-04-22_klines.csv,5.41,301.2,micro,PUMP
bybit,CHIPUSDT,2026-04-23,CHIPUSDT_2026-04-23_klines.csv,24.63,92.66,medium,PUMP
bybit,CHZUSDT,2025-10-10,CHZUSDT_2025-10-10_klines.csv,0.12,0.0,,VOLATILE_CONTROL
bybit,CITYUSDT,2025-07-24,CITYUSDT_2025-07-24_klines.csv,0.24,0.0,,VOLATILE_CONTROL
bybit,CITYUSDT,2025-10-10,CITYUSDT_2025-10-10_klines.csv,0.05,0.0,,VOLATILE_CONTROL
bybit,CITYUSDT,2025-12-04,CITYUSDT_2025-12-04_klines.csv,0.36,0.0,,VOLATILE_CONTROL
bybit,CLOUDUSDT,2025-05-09,CLOUDUSDT_2025-05-09_klines.csv,0.61,0.0,,VOLATILE_CONTROL
bybit,CLOUDUSDT,2025-05-15,CLOUDUSDT_2025-05-15_klines.csv,1.18,0.0,,VOLATILE_CONTROL
bybit,CLOUDUSDT,2025-05-29,CLOUDUSDT_2025-05-29_klines.csv,2.02,0.0,,VOLATILE_CONTROL
bybit,CLOUDUSDT,2025-10-10,CLOUDUSDT_2025-10-10_klines.csv,4.2,0.0,,VOLATILE_CONTROL
bybit,CMETHUSDT,2025-10-10,CMETHUSDT_2025-10-10_klines.csv,0.91,0.0,,VOLATILE_CONTROL
bybit,COINXUSDT,2025-06-30,COINXUSDT_2025-06-30_klines.csv,64.31,87.82,extreme,PUMP
bybit,COMPUSDT,2025-05-31,COMPUSDT_2025-05-31_klines.csv,1.1,0.0,,VOLATILE_CONTROL
bybit,COMPUSDT,2025-10-10,COMPUSDT_2025-10-10_klines.csv,0.57,0.0,,VOLATILE_CONTROL
bybit,COMPUSDT,2026-02-13,COMPUSDT_2026-02-13_klines.csv,0.86,0.0,,VOLATILE_CONTROL
bybit,COOKIEUSDT,2025-05-09,COOKIEUSDT_2025-05-09_klines.csv,6.18,102.59,micro,PUMP
bybit,COOKIEUSDT,2025-05-15,COOKIEUSDT_2025-05-15_klines.csv,1.23,0.0,,VOLATILE_CONTROL
bybit,COOKIEUSDT,2025-05-21,COOKIEUSDT_2025-05-21_klines.csv,8.12,10.94,,VOLATILE_CONTROL
bybit,COOKIEUSDT,2025-05-26,COOKIEUSDT_2025-05-26_klines.csv,20.53,17.05,,VOLATILE_CONTROL
bybit,COOKIEUSDT,2025-10-10,COOKIEUSDT_2025-10-10_klines.csv,2.05,0.0,,VOLATILE_CONTROL
bybit,COOKUSDT,2025-07-06,COOKUSDT_2025-07-06_klines.csv,0.24,0.0,,VOLATILE_CONTROL
bybit,COOKUSDT,2025-08-14,COOKUSDT_2025-08-14_klines.csv,0.71,0.0,,VOLATILE_CONTROL
bybit,COOKUSDT,2025-08-22,COOKUSDT_2025-08-22_klines.csv,1.57,0.0,,VOLATILE_CONTROL
bybit,COOKUSDT,2025-09-01,COOKUSDT_2025-09-01_klines.csv,1.32,0.0,,VOLATILE_CONTROL
bybit,COOKUSDT,2025-09-10,COOKUSDT_2025-09-10_klines.csv,0.0,0.0,,VOLATILE_CONTROL
bybit,COOKUSDT,2025-10-02,COOKUSDT_2025-10-02_klines.csv,1.16,0.0,,VOLATILE_CONTROL
bybit,COREUSDT,2025-10-10,COREUSDT_2025-10-10_klines.csv,0.45,0.0,,VOLATILE_CONTROL
bybit,COREUSDT,2025-12-01,COREUSDT_2025-12-01_klines.csv,0.08,0.0,,VOLATILE_CONTROL
bybit,COREUSDT,2025-12-02,COREUSDT_2025-12-02_klines.csv,0.3,0.0,,VOLATILE_CONTROL
bybit,COREUSDT,2026-03-29,COREUSDT_2026-03-29_klines.csv,1.11,0.0,,VOLATILE_CONTROL
bybit,COREUSDT,2026-04-16,COREUSDT_2026-04-16_klines.csv,4.34,0.0,,VOLATILE_CONTROL
bybit,COREUSDT,2026-04-22,COREUSDT_2026-04-22_klines.csv,5.06,152.25,micro,PUMP
bybit,CORNUSDT,2025-05-07,CORNUSDT_2025-05-07_klines.csv,7.51,145.5,micro,PUMP
bybit,CORNUSDT,2025-05-11,CORNUSDT_2025-05-11_klines.csv,12.34,116.28,small,PUMP
bybit,CORNUSDT,2025-06-24,CORNUSDT_2025-06-24_klines.csv,1.04,0.0,,VOLATILE_CONTROL
bybit,CORNUSDT,2025-07-18,CORNUSDT_2025-07-18_klines.csv,22.01,52.69,medium,PUMP
bybit,CORNUSDT,2025-07-22,CORNUSDT_2025-07-22_klines.csv,9.15,17.53,,VOLATILE_CONTROL
bybit,CORNUSDT,2025-11-04,CORNUSDT_2025-11-04_klines.csv,0.93,0.0,,VOLATILE_CONTROL
bybit,CORNUSDT,2026-03-21,CORNUSDT_2026-03-21_klines.csv,4.96,0.0,,VOLATILE_CONTROL
bybit,CPOOLUSDT,2025-06-25,CPOOLUSDT_2025-06-25_klines.csv,1.4,0.0,,VOLATILE_CONTROL
bybit,CPOOLUSDT,2025-10-10,CPOOLUSDT_2025-10-10_klines.csv,0.25,0.0,,VOLATILE_CONTROL
bybit,CPOOLUSDT,2025-10-22,CPOOLUSDT_2025-10-22_klines.csv,4.43,0.0,,VOLATILE_CONTROL
bybit,CPOOLUSDT,2025-11-04,CPOOLUSDT_2025-11-04_klines.csv,37.85,24.43,,VOLATILE_CONTROL
bybit,CPOOLUSDT,2025-11-05,CPOOLUSDT_2025-11-05_klines.csv,32.58,39.67,large,PUMP
bybit,CPOOLUSDT,2025-11-19,CPOOLUSDT_2025-11-19_klines.csv,0.0,0.0,,VOLATILE_CONTROL
bybit,CPOOLUSDT,2025-11-24,CPOOLUSDT_2025-11-24_klines.csv,0.0,0.0,,VOLATILE_CONTROL
bybit,CPOOLUSDT,2025-11-30,CPOOLUSDT_2025-11-30_klines.csv,0.48,0.0,,VOLATILE_CONTROL
bybit,CPOOLUSDT,2025-12-26,CPOOLUSDT_2025-12-26_klines.csv,38.64,27.04,,VOLATILE_CONTROL
bybit,CPOOLUSDT,2026-02-01,CPOOLUSDT_2026-02-01_klines.csv,29.46,48.94,medium,PUMP
bybit,CPOOLUSDT,2026-02-12,CPOOLUSDT_2026-02-12_klines.csv,31.24,54.76,large,PUMP
bybit,CRCLXUSDT,2025-07-01,CRCLXUSDT_2025-07-01_klines.csv,22.58,63.27,medium,PUMP
bybit,CRVUSDT,2025-10-10,CRVUSDT_2025-10-10_klines.csv,0.81,0.0,,VOLATILE_CONTROL
bybit,CSPRUSDT,2025-05-11,CSPRUSDT_2025-05-11_klines.csv,5.84,13.4,,VOLATILE_CONTROL
bybit,CSPRUSDT,2025-12-23,CSPRUSDT_2025-12-23_klines.csv,1.45,0.0,,VOLATILE_CONTROL
bybit,CSPRUSDT,2026-02-11,CSPRUSDT_2026-02-11_klines.csv,0.91,0.0,,VOLATILE_CONTROL
bybit,CSPRUSDT,2026-03-06,CSPRUSDT_2026-03-06_klines.csv,1.08,0.0,,VOLATILE_CONTROL
bybit,CSPRUSDT,2026-03-23,CSPRUSDT_2026-03-23_klines.csv,5.88,81.08,micro,PUMP
bybit,CSPRUSDT,2026-03-24,CSPRUSDT_2026-03-24_klines.csv,10.03,98.31,small,PUMP
bybit,CTAUSDT,2025-06-14,CTAUSDT_2025-06-14_klines.csv,2.77,0.0,,VOLATILE_CONTROL
bybit,CTAUSDT,2025-06-19,CTAUSDT_2025-06-19_klines.csv,0.62,0.0,,VOLATILE_CONTROL
bybit,CTAUSDT,2025-06-20,CTAUSDT_2025-06-20_klines.csv,11.56,155.26,small,PUMP
bybit,CTAUSDT,2025-06-22,CTAUSDT_2025-06-22_klines.csv,12.15,26.48,,VOLATILE_CONTROL
bybit,CTAUSDT,2025-06-26,CTAUSDT_2025-06-26_klines.csv,3.57,0.0,,VOLATILE_CONTROL
bybit,CTAUSDT,2025-06-27,CTAUSDT_2025-06-27_klines.csv,1.24,0.0,,VOLATILE_CONTROL
bybit,CTAUSDT,2025-07-24,CTAUSDT_2025-07-24_klines.csv,13.71,48.87,small,PUMP
bybit,CTAUSDT,2025-08-01,CTAUSDT_2025-08-01_klines.csv,6.4,14.65,,VOLATILE_CONTROL
bybit,CTAUSDT,2025-08-06,CTAUSDT_2025-08-06_klines.csv,0.11,0.0,,VOLATILE_CONTROL
bybit,CTAUSDT,2026-01-06,CTAUSDT_2026-01-06_klines.csv,50.52,16.36,,VOLATILE_CONTROL
bybit,CTAUSDT,2026-01-07,CTAUSDT_2026-01-07_klines.csv,0.21,0.0,,VOLATILE_CONTROL
bybit,CTAUSDT,2026-01-27,CTAUSDT_2026-01-27_klines.csv,15.38,79.17,small,PUMP
bybit,CTAUSDT,2026-01-28,CTAUSDT_2026-01-28_klines.csv,13.88,69.61,small,PUMP
bybit,CTAUSDT,2026-02-23,CTAUSDT_2026-02-23_klines.csv,0.22,0.0,,VOLATILE_CONTROL
bybit,CTAUSDT,2026-03-13,CTAUSDT_2026-03-13_klines.csv,0.64,0.0,,VOLATILE_CONTROL
bybit,CTAUSDT,2026-03-19,CTAUSDT_2026-03-19_klines.csv,4.02,0.0,,VOLATILE_CONTROL
bybit,CTAUSDT,2026-03-26,CTAUSDT_2026-03-26_klines.csv,0.09,0.0,,VOLATILE_CONTROL
bybit,CTCUSDT,2025-10-10,CTCUSDT_2025-10-10_klines.csv,0.73,0.0,,VOLATILE_CONTROL
bybit,CTCUSDT,2025-11-21,CTCUSDT_2025-11-21_klines.csv,0.35,0.0,,VOLATILE_CONTROL
bybit,CTCUSDT,2025-11-23,CTCUSDT_2025-11-23_klines.csv,17.29,56.24,small,PUMP
bybit,CUDISUSDT,2025-06-05,CUDISUSDT_2025-06-05_klines.csv,156.64,45.7,extreme,PUMP
bybit,CUDISUSDT,2025-06-06,CUDISUSDT_2025-06-06_klines.csv,3.88,0.0,,VOLATILE_CONTROL
bybit,CUDISUSDT,2025-07-16,CUDISUSDT_2025-07-16_klines.csv,18.49,159.64,small,PUMP
bybit,CUDISUSDT,2025-08-20,CUDISUSDT_2025-08-20_klines.csv,1.64,0.0,,VOLATILE_CONTROL
bybit,CUDISUSDT,2025-08-22,CUDISUSDT_2025-08-22_klines.csv,9.91,122.76,micro,PUMP
bybit,CUDISUSDT,2025-09-14,CUDISUSDT_2025-09-14_klines.csv,1.61,0.0,,VOLATILE_CONTROL
bybit,CUDISUSDT,2025-09-15,CUDISUSDT_2025-09-15_klines.csv,11.32,109.74,small,PUMP
bybit,CUDISUSDT,2025-09-17,CUDISUSDT_2025-09-17_klines.csv,1.88,0.0,,VOLATILE_CONTROL
bybit,CUDISUSDT,2025-09-26,CUDISUSDT_2025-09-26_klines.csv,3.54,0.0,,VOLATILE_CONTROL
bybit,CUDISUSDT,2025-10-10,CUDISUSDT_2025-10-10_klines.csv,1.45,0.0,,VOLATILE_CONTROL
bybit,CUDISUSDT,2025-10-16,CUDISUSDT_2025-10-16_klines.csv,12.06,34.42,small,PUMP
bybit,CUDISUSDT,2025-10-17,CUDISUSDT_2025-10-17_klines.csv,15.46,269.94,small,PUMP
bybit,CUDISUSDT,2025-11-04,CUDISUSDT_2025-11-04_klines.csv,10.81,38.25,small,PUMP
bybit,CUDISUSDT,2025-11-05,CUDISUSDT_2025-11-05_klines.csv,31.8,91.05,large,PUMP
bybit,CUDISUSDT,2025-11-06,CUDISUSDT_2025-11-06_klines.csv,3.78,0.0,,VOLATILE_CONTROL
bybit,CUDISUSDT,2025-11-16,CUDISUSDT_2025-11-16_klines.csv,3.12,0.0,,VOLATILE_CONTROL
bybit,CUDISUSDT,2026-01-28,CUDISUSDT_2026-01-28_klines.csv,0.0,0.0,,VOLATILE_CONTROL
bybit,CUDISUSDT,2026-01-29,CUDISUSDT_2026-01-29_klines.csv,0.35,0.0,,VOLATILE_CONTROL
bybit,CUDISUSDT,2026-01-30,CUDISUSDT_2026-01-30_klines.csv,1.4,0.0,,VOLATILE_CONTROL
bybit,CUDISUSDT,2026-01-31,CUDISUSDT_2026-01-31_klines.csv,0.12,0.0,,VOLATILE_CONTROL
bybit,CUDISUSDT,2026-02-01,CUDISUSDT_2026-02-01_klines.csv,7.82,246.8,micro,PUMP
bybit,CYBERUSDT,2025-06-23,CYBERUSDT_2025-06-23_klines.csv,2.69,0.0,,VOLATILE_CONTROL
bybit,CYBERUSDT,2025-08-12,CYBERUSDT_2025-08-12_klines.csv,4.55,0.0,,VOLATILE_CONTROL
bybit,CYBERUSDT,2025-10-10,CYBERUSDT_2025-10-10_klines.csv,0.93,0.0,,VOLATILE_CONTROL
bybit,CYBERUSDT,2026-02-06,CYBERUSDT_2026-02-06_klines.csv,3.56,0.0,,VOLATILE_CONTROL
bybit,CYBERUSDT,2026-02-18,CYBERUSDT_2026-02-18_klines.csv,36.39,35.81,large,PUMP
bybit,DBRUSDT,2025-06-10,DBRUSDT_2025-06-10_klines.csv,0.5,0.0,,VOLATILE_CONTROL
bybit,DBRUSDT,2025-06-28,DBRUSDT_2025-06-28_klines.csv,34.27,27.82,,VOLATILE_CONTROL
bybit,DBRUSDT,2025-07-27,DBRUSDT_2025-07-27_klines.csv,12.04,39.94,small,PUMP
bybit,DBRUSDT,2025-08-25,DBRUSDT_2025-08-25_klines.csv,0.08,0.0,,VOLATILE_CONTROL
bybit,DBRUSDT,2025-10-10,DBRUSDT_2025-10-10_klines.csv,0.12,0.0,,VOLATILE_CONTROL
bybit,DEEPUSDT,2025-10-10,DEEPUSDT_2025-10-10_klines.csv,0.63,0.0,,VOLATILE_CONTROL
bybit,DEGENUSDT,2025-05-12,DEGENUSDT_2025-05-12_klines.csv,3.9,0.0,,VOLATILE_CONTROL
bybit,DEGENUSDT,2025-06-23,DEGENUSDT_2025-06-23_klines.csv,1.61,0.0,,VOLATILE_CONTROL
bybit,DEGENUSDT,2025-10-10,DEGENUSDT_2025-10-10_klines.csv,0.81,0.0,,VOLATILE_CONTROL
bybit,DGBUSDT,2025-11-04,DGBUSDT_2025-11-04_klines.csv,8.71,66.2,micro,PUMP
bybit,DOGEUSDT,2025-10-10,DOGEUSDT_2025-10-10_klines.csv,0.63,0.0,,VOLATILE_CONTROL
bybit,DOGSUSDT,2025-05-09,DOGSUSDT_2025-05-09_klines.csv,6.63,54.05,micro,PUMP
bybit,DOGSUSDT,2025-06-23,DOGSUSDT_2025-06-23_klines.csv,1.96,0.0,,VOLATILE_CONTROL
bybit,DOGSUSDT,2025-10-10,DOGSUSDT_2025-10-10_klines.csv,0.6,0.0,,VOLATILE_CONTROL
bybit,DOGSUSDT,2026-03-09,DOGSUSDT_2026-03-09_klines.csv,3.32,0.0,,VOLATILE_CONTROL
bybit,DOGSUSDT,2026-04-19,DOGSUSDT_2026-04-19_klines.csv,0.38,0.0,,VOLATILE_CONTROL
bybit,DOGSUSDT,2026-05-05,DOGSUSDT_2026-05-05_klines.csv,79.38,22.68,,VOLATILE_CONTROL
bybit,DOLOUSDT,2025-06-23,DOLOUSDT_2025-06-23_klines.csv,1.28,0.0,,VOLATILE_CONTROL
bybit,DOLOUSDT,2025-07-11,DOLOUSDT_2025-07-11_klines.csv,57.99,79.88,extreme,PUMP
bybit,DOLOUSDT,2025-07-23,DOLOUSDT_2025-07-23_klines.csv,7.29,19.19,,VOLATILE_CONTROL
bybit,DOLOUSDT,2025-07-27,DOLOUSDT_2025-07-27_klines.csv,11.38,50.07,small,PUMP
bybit,DOLOUSDT,2025-08-07,DOLOUSDT_2025-08-07_klines.csv,4.26,0.0,,VOLATILE_CONTROL
bybit,DOLOUSDT,2025-08-23,DOLOUSDT_2025-08-23_klines.csv,0.05,0.0,,VOLATILE_CONTROL
bybit,DOLOUSDT,2025-08-27,DOLOUSDT_2025-08-27_klines.csv,2.18,0.0,,VOLATILE_CONTROL
bybit,DOLOUSDT,2025-08-30,DOLOUSDT_2025-08-30_klines.csv,2.01,0.0,,VOLATILE_CONTROL
bybit,DOLOUSDT,2025-09-01,DOLOUSDT_2025-09-01_klines.csv,0.91,0.0,,VOLATILE_CONTROL
bybit,DOLOUSDT,2025-10-10,DOLOUSDT_2025-10-10_klines.csv,0.0,0.0,,VOLATILE_CONTROL
bybit,DOLOUSDT,2026-01-12,DOLOUSDT_2026-01-12_klines.csv,4.29,0.0,,VOLATILE_CONTROL
bybit,DOODUSDT,2025-05-09,DOODUSDT_2025-05-09_klines.csv,173.28,80.26,extreme,PUMP
bybit,DOODUSDT,2025-05-12,DOODUSDT_2025-05-12_klines.csv,4.41,0.0,,VOLATILE_CONTROL
bybit,DOODUSDT,2025-06-23,DOODUSDT_2025-06-23_klines.csv,1.22,0.0,,VOLATILE_CONTROL
bybit,DOODUSDT,2025-07-15,DOODUSDT_2025-07-15_klines.csv,13.6,31.53,small,PUMP
bybit,DOODUSDT,2025-07-21,DOODUSDT_2025-07-21_klines.csv,1.56,0.0,,VOLATILE_CONTROL
bybit,DOODUSDT,2025-07-23,DOODUSDT_2025-07-23_klines.csv,0.0,0.0,,VOLATILE_CONTROL
bybit,DOODUSDT,2025-09-28,DOODUSDT_2025-09-28_klines.csv,0.0,0.0,,VOLATILE_CONTROL
bybit,DOODUSDT,2025-10-07,DOODUSDT_2025-10-07_klines.csv,6.01,80.0,micro,PUMP
bybit,DOODUSDT,2025-10-10,DOODUSDT_2025-10-10_klines.csv,1.32,0.0,,VOLATILE_CONTROL
bybit,DOODUSDT,2025-10-25,DOODUSDT_2025-10-25_klines.csv,39.65,4.16,,VOLATILE_CONTROL
bybit,DOTBTC,2025-10-10,DOTBTC_2025-10-10_klines.csv,0.0,0.0,,VOLATILE_CONTROL
bybit,DOTUSDT,2025-07-02,DOTUSDT_2025-07-02_klines.csv,0.82,0.0,,VOLATILE_CONTROL
bybit,DOTUSDT,2025-10-10,DOTUSDT_2025-10-10_klines.csv,0.52,0.0,,VOLATILE_CONTROL
bybit,DOTUSDT,2026-02-25,DOTUSDT_2026-02-25_klines.csv,5.33,43.94,micro,PUMP
bybit,DRIFTUSDT,2025-07-21,DRIFTUSDT_2025-07-21_klines.csv,5.73,55.33,micro,PUMP
bybit,DRIFTUSDT,2025-10-10,DRIFTUSDT_2025-10-10_klines.csv,1.27,0.0,,VOLATILE_CONTROL
bybit,DRIFTUSDT,2026-04-01,DRIFTUSDT_2026-04-01_klines.csv,1.42,0.0,,VOLATILE_CONTROL
bybit,DRIFTUSDT,2026-04-02,DRIFTUSDT_2026-04-02_klines.csv,1.06,0.0,,VOLATILE_CONTROL
bybit,DRIFTUSDT,2026-04-08,DRIFTUSDT_2026-04-08_klines.csv,12.09,26.75,,VOLATILE_CONTROL
bybit,DRIFTUSDT,2026-04-16,DRIFTUSDT_2026-04-16_klines.csv,7.5,27.1,,VOLATILE_CONTROL
bybit,DRIFTUSDT,2026-04-30,DRIFTUSDT_2026-04-30_klines.csv,2.74,0.0,,VOLATILE_CONTROL
bybit,DYDXUSDT,2025-10-10,DYDXUSDT_2025-10-10_klines.csv,0.69,0.0,,VOLATILE_CONTROL
bybit,DYMUSDT,2025-06-23,DYMUSDT_2025-06-23_klines.csv,1.86,0.0,,VOLATILE_CONTROL
bybit,DYMUSDT,2025-10-10,DYMUSDT_2025-10-10_klines.csv,0.0,0.0,,VOLATILE_CONTROL
bybit,DYMUSDT,2025-11-20,DYMUSDT_2025-11-20_klines.csv,1.24,0.0,,VOLATILE_CONTROL
bybit,DYMUSDT,2025-11-21,DYMUSDT_2025-11-21_klines.csv,7.01,276.24,micro,PUMP
bybit,DYMUSDT,2025-11-23,DYMUSDT_2025-11-23_klines.csv,0.94,0.0,,VOLATILE_CONTROL
bybit,DYMUSDT,2026-02-11,DYMUSDT_2026-02-11_klines.csv,0.36,0.0,,VOLATILE_CONTROL
bybit,EATUSDT,2025-10-29,EATUSDT_2025-10-29_klines.csv,411.67,88.81,extreme,PUMP
bybit,EATUSDT,2025-11-08,EATUSDT_2025-11-08_klines.csv,4.92,0.0,,VOLATILE_CONTROL
bybit,EATUSDT,2025-11-09,EATUSDT_2025-11-09_klines.csv,1.12,0.0,,VOLATILE_CONTROL
bybit,EATUSDT,2025-11-11,EATUSDT_2025-11-11_klines.csv,0.13,0.0,,VOLATILE_CONTROL
bybit,EATUSDT,2025-11-12,EATUSDT_2025-11-12_klines.csv,8.09,55.09,micro,PUMP
bybit,EATUSDT,2026-02-07,EATUSDT_2026-02-07_klines.csv,2.63,0.0,,VOLATILE_CONTROL
bybit,EATUSDT,2026-02-08,EATUSDT_2026-02-08_klines.csv,1.52,0.0,,VOLATILE_CONTROL
bybit,EATUSDT,2026-02-20,EATUSDT_2026-02-20_klines.csv,10.82,26.67,,VOLATILE_CONTROL
bybit,EATUSDT,2026-03-10,EATUSDT_2026-03-10_klines.csv,11.86,28.7,,VOLATILE_CONTROL
bybit,EATUSDT,2026-03-16,EATUSDT_2026-03-16_klines.csv,0.33,0.0,,VOLATILE_CONTROL
bybit,EDGEUSDT,2026-03-31,EDGEUSDT_2026-03-31_klines.csv,396.33,14.97,,VOLATILE_CONTROL
bybit,EDGEUSDT,2026-04-03,EDGEUSDT_2026-04-03_klines.csv,1.32,0.0,,VOLATILE_CONTROL
bybit,EGLDUSDT,2025-10-10,EGLDUSDT_2025-10-10_klines.csv,0.15,0.0,,VOLATILE_CONTROL
bybit,EIGENUSDT,2025-05-08,EIGENUSDT_2025-05-08_klines.csv,3.48,0.0,,VOLATILE_CONTROL
bybit,EIGENUSDT,2025-08-02,EIGENUSDT_2025-08-02_klines.csv,0.98,0.0,,VOLATILE_CONTROL
bybit,EIGENUSDT,2025-10-10,EIGENUSDT_2025-10-10_klines.csv,2.06,0.0,,VOLATILE_CONTROL
bybit,ELIZAOSUSDT,2025-11-12,ELIZAOSUSDT_2025-11-12_klines.csv,38.16,70.78,large,PUMP
bybit,ELIZAOSUSDT,2025-11-19,ELIZAOSUSDT_2025-11-19_klines.csv,0.81,0.0,,VOLATILE_CONTROL
bybit,ELIZAOSUSDT,2025-12-29,ELIZAOSUSDT_2025-12-29_klines.csv,3.51,0.0,,VOLATILE_CONTROL
bybit,ELIZAOSUSDT,2025-12-30,ELIZAOSUSDT_2025-12-30_klines.csv,18.03,84.32,small,PUMP
bybit,ELIZAOSUSDT,2025-12-31,ELIZAOSUSDT_2025-12-31_klines.csv,1.66,0.0,,VOLATILE_CONTROL
bybit,ELIZAOSUSDT,2026-01-03,ELIZAOSUSDT_2026-01-03_klines.csv,2.52,0.0,,VOLATILE_CONTROL
bybit,ELIZAOSUSDT,2026-02-01,ELIZAOSUSDT_2026-02-01_klines.csv,2.59,0.0,,VOLATILE_CONTROL
bybit,ELIZAOSUSDT,2026-04-06,ELIZAOSUSDT_2026-04-06_klines.csv,0.15,0.0,,VOLATILE_CONTROL
bybit,ELIZAOSUSDT,2026-05-04,ELIZAOSUSDT_2026-05-04_klines.csv,1.14,0.0,,VOLATILE_CONTROL
bybit,ELONUSDT,2026-02-02,ELONUSDT_2026-02-02_klines.csv,2622.1,101.7,extreme,PUMP
bybit,ELONUSDT,2026-02-03,ELONUSDT_2026-02-03_klines.csv,8.39,642.45,micro,PUMP
bybit,ELONUSDT,2026-02-06,ELONUSDT_2026-02-06_klines.csv,2.9,0.0,,VOLATILE_CONTROL
bybit,ELONUSDT,2026-02-08,ELONUSDT_2026-02-08_klines.csv,9.85,84.36,micro,PUMP
bybit,ELONUSDT,2026-02-09,ELONUSDT_2026-02-09_klines.csv,6.28,192.99,micro,PUMP
bybit,ELONUSDT,2026-02-13,ELONUSDT_2026-02-13_klines.csv,0.49,0.0,,VOLATILE_CONTROL
bybit,ELONUSDT,2026-02-26,ELONUSDT_2026-02-26_klines.csv,11.63,72.86,small,PUMP
bybit,ELONUSDT,2026-03-15,ELONUSDT_2026-03-15_klines.csv,11.64,70.29,small,PUMP
bybit,ELONUSDT,2026-03-28,ELONUSDT_2026-03-28_klines.csv,2.38,0.0,,VOLATILE_CONTROL
bybit,ELSAUSDT,2026-01-20,ELSAUSDT_2026-01-20_klines.csv,305.6,36.99,extreme,PUMP
bybit,ELSAUSDT,2026-01-21,ELSAUSDT_2026-01-21_klines.csv,1.53,0.0,,VOLATILE_CONTROL
bybit,ELSAUSDT,2026-01-22,ELSAUSDT_2026-01-22_klines.csv,5.2,150.42,micro,PUMP
bybit,ELSAUSDT,2026-01-23,ELSAUSDT_2026-01-23_klines.csv,27.22,48.22,medium,PUMP
bybit,ELSAUSDT,2026-02-01,ELSAUSDT_2026-02-01_klines.csv,3.58,0.0,,VOLATILE_CONTROL
bybit,ELSAUSDT,2026-02-06,ELSAUSDT_2026-02-06_klines.csv,1.44,0.0,,VOLATILE_CONTROL
bybit,ENAUSDT,2025-06-23,ENAUSDT_2025-06-23_klines.csv,2.1,0.0,,VOLATILE_CONTROL
bybit,ENAUSDT,2025-10-10,ENAUSDT_2025-10-10_klines.csv,3.82,0.0,,VOLATILE_CONTROL
bybit,ENJUSDT,2025-10-10,ENJUSDT_2025-10-10_klines.csv,0.41,0.0,,VOLATILE_CONTROL
bybit,ENJUSDT,2026-03-18,ENJUSDT_2026-03-18_klines.csv,3.4,0.0,,VOLATILE_CONTROL
bybit,ENJUSDT,2026-04-08,ENJUSDT_2026-04-08_klines.csv,1.35,0.0,,VOLATILE_CONTROL
bybit,ENJUSDT,2026-04-09,ENJUSDT_2026-04-09_klines.csv,53.14,16.87,,VOLATILE_CONTROL
bybit,ENJUSDT,2026-04-12,ENJUSDT_2026-04-12_klines.csv,6.56,96.6,micro,PUMP
bybit,ENJUSDT,2026-04-13,ENJUSDT_2026-04-13_klines.csv,0.0,0.0,,VOLATILE_CONTROL
bybit,ENJUSDT,2026-04-14,ENJUSDT_2026-04-14_klines.csv,6.05,120.9,micro,PUMP
bybit,ENJUSDT,2026-04-15,ENJUSDT_2026-04-15_klines.csv,8.73,27.64,,VOLATILE_CONTROL
bybit,ENJUSDT,2026-04-16,ENJUSDT_2026-04-16_klines.csv,9.73,167.85,micro,PUMP
bybit,ENJUSDT,2026-04-17,ENJUSDT_2026-04-17_klines.csv,6.4,15.91,,VOLATILE_CONTROL
bybit,ENJUSDT,2026-04-24,ENJUSDT_2026-04-24_klines.csv,8.37,23.97,,VOLATILE_CONTROL
bybit,ENSOUSDT,2025-10-14,ENSOUSDT_2025-10-14_klines.csv,350.0,67.51,extreme,PUMP
bybit,ENSOUSDT,2025-10-15,ENSOUSDT_2025-10-15_klines.csv,9.3,286.64,micro,PUMP
bybit,ENSOUSDT,2025-10-29,ENSOUSDT_2025-10-29_klines.csv,2.69,0.0,,VOLATILE_CONTROL
bybit,ENSOUSDT,2025-11-21,ENSOUSDT_2025-11-21_klines.csv,3.32,0.0,,VOLATILE_CONTROL
bybit,ENSOUSDT,2025-11-22,ENSOUSDT_2025-11-22_klines.csv,24.1,95.15,medium,PUMP
bybit,ENSOUSDT,2026-01-23,ENSOUSDT_2026-01-23_klines.csv,9.33,91.64,micro,PUMP
bybit,ENSOUSDT,2026-01-24,ENSOUSDT_2026-01-24_klines.csv,44.76,0.0,,VOLATILE_CONTROL
bybit,ENSOUSDT,2026-01-25,ENSOUSDT_2026-01-25_klines.csv,36.11,68.68,large,PUMP
bybit,ENSOUSDT,2026-01-30,ENSOUSDT_2026-01-30_klines.csv,9.59,104.58,micro,PUMP
bybit,ENSOUSDT,2026-02-01,ENSOUSDT_2026-02-01_klines.csv,19.78,192.59,small,PUMP
bybit,ENSOUSDT,2026-02-19,ENSOUSDT_2026-02-19_klines.csv,1.27,0.0,,VOLATILE_CONTROL
bybit,ENSOUSDT,2026-02-24,ENSOUSDT_2026-02-24_klines.csv,3.59,0.0,,VOLATILE_CONTROL
bybit,ENSOUSDT,2026-02-25,ENSOUSDT_2026-02-25_klines.csv,7.28,101.18,micro,PUMP
bybit,ENSOUSDT,2026-04-26,ENSOUSDT_2026-04-26_klines.csv,4.31,0.0,,VOLATILE_CONTROL
bybit,ENSUSDT,2025-10-10,ENSUSDT_2025-10-10_klines.csv,0.53,0.0,,VOLATILE_CONTROL
bybit,ERAUSDT,2025-07-17,ERAUSDT_2025-07-17_klines.csv,4382.82,18.54,,VOLATILE_CONTROL
bybit,ERAUSDT,2025-10-10,ERAUSDT_2025-10-10_klines.csv,0.46,0.0,,VOLATILE_CONTROL
bybit,ERAUSDT,2025-11-05,ERAUSDT_2025-11-05_klines.csv,0.51,0.0,,VOLATILE_CONTROL
bybit,ERAUSDT,2026-01-25,ERAUSDT_2026-01-25_klines.csv,19.15,50.7,small,PUMP
bybit,ESEUSDT,2025-08-11,ESEUSDT_2025-08-11_klines.csv,1.55,0.0,,VOLATILE_CONTROL
bybit,ESEUSDT,2025-08-14,ESEUSDT_2025-08-14_klines.csv,0.75,0.0,,VOLATILE_CONTROL
bybit,ESEUSDT,2025-09-24,ESEUSDT_2025-09-24_klines.csv,0.63,0.0,,VOLATILE_CONTROL
bybit,ESEUSDT,2025-12-04,ESEUSDT_2025-12-04_klines.csv,1.45,0.0,,VOLATILE_CONTROL
bybit,ESEUSDT,2025-12-09,ESEUSDT_2025-12-09_klines.csv,2.7,0.0,,VOLATILE_CONTROL
bybit,ESEUSDT,2026-01-28,ESEUSDT_2026-01-28_klines.csv,4.2,0.0,,VOLATILE_CONTROL
bybit,ESEUSDT,2026-01-29,ESEUSDT_2026-01-29_klines.csv,2.73,0.0,,VOLATILE_CONTROL
bybit,ESEUSDT,2026-01-30,ESEUSDT_2026-01-30_klines.csv,41.99,103.06,major,PUMP
bybit,ESEUSDT,2026-03-04,ESEUSDT_2026-03-04_klines.csv,8.74,88.46,micro,PUMP
bybit,ESEUSDT,2026-03-05,ESEUSDT_2026-03-05_klines.csv,19.69,52.53,small,PUMP
bybit,ESEUSDT,2026-03-07,ESEUSDT_2026-03-07_klines.csv,0.36,0.0,,VOLATILE_CONTROL
bybit,ESUSDT,2025-07-16,ESUSDT_2025-07-16_klines.csv,433.5,62.49,extreme,PUMP
bybit,ESUSDT,2025-10-10,ESUSDT_2025-10-10_klines.csv,2.85,0.0,,VOLATILE_CONTROL
bybit,ESUSDT,2026-02-26,ESUSDT_2026-02-26_klines.csv,1.04,0.0,,VOLATILE_CONTROL
bybit,ETCUSDT,2025-10-10,ETCUSDT_2025-10-10_klines.csv,3.18,0.0,,VOLATILE_CONTROL
bybit,ETHFIUSDT,2025-05-08,ETHFIUSDT_2025-05-08_klines.csv,6.55,27.78,,VOLATILE_CONTROL
bybit,ETHFIUSDT,2025-05-10,ETHFIUSDT_2025-05-10_klines.csv,4.67,0.0,,VOLATILE_CONTROL
bybit,ETHFIUSDT,2025-05-13,ETHFIUSDT_2025-05-13_klines.csv,0.0,0.0,,VOLATILE_CONTROL
bybit,ETHFIUSDT,2025-06-23,ETHFIUSDT_2025-06-23_klines.csv,2.39,0.0,,VOLATILE_CONTROL
bybit,ETHFIUSDT,2025-10-10,ETHFIUSDT_2025-10-10_klines.csv,0.68,0.0,,VOLATILE_CONTROL
bybit,ETHWUSDT,2025-06-30,ETHWUSDT_2025-06-30_klines.csv,0.28,0.0,,VOLATILE_CONTROL
bybit,ETHWUSDT,2025-08-22,ETHWUSDT_2025-08-22_klines.csv,1.08,0.0,,VOLATILE_CONTROL
bybit,ETHWUSDT,2025-10-10,ETHWUSDT_2025-10-10_klines.csv,1.4,0.0,,VOLATILE_CONTROL
bybit,ETHWUSDT,2026-04-17,ETHWUSDT_2026-04-17_klines.csv,1.23,0.0,,VOLATILE_CONTROL
bybit,FETUSDT,2025-10-10,FETUSDT_2025-10-10_klines.csv,2.24,0.0,,VOLATILE_CONTROL
bybit,FETUSDT,2025-10-20,FETUSDT_2025-10-20_klines.csv,1.38,0.0,,VOLATILE_CONTROL
bybit,FETUSDT,2025-11-07,FETUSDT_2025-11-07_klines.csv,8.23,63.16,micro,PUMP
bybit,FFUSDT,2025-09-29,FFUSDT_2025-09-29_klines.csv,1435.71,74.02,extreme,PUMP
bybit,FFUSDT,2025-09-30,FFUSDT_2025-09-30_klines.csv,1.03,0.0,,VOLATILE_CONTROL
bybit,FFUSDT,2025-10-10,FFUSDT_2025-10-10_klines.csv,0.29,0.0,,VOLATILE_CONTROL
bybit,FFUSDT,2025-10-13,FFUSDT_2025-10-13_klines.csv,2.42,0.0,,VOLATILE_CONTROL
bybit,FFUSDT,2026-04-10,FFUSDT_2026-04-10_klines.csv,0.43,0.0,,VOLATILE_CONTROL
bybit,FHEUSDT,2025-05-30,FHEUSDT_2025-05-30_klines.csv,1.01,0.0,,VOLATILE_CONTROL
bybit,FHEUSDT,2025-07-23,FHEUSDT_2025-07-23_klines.csv,0.02,0.0,,VOLATILE_CONTROL
bybit,FHEUSDT,2025-08-21,FHEUSDT_2025-08-21_klines.csv,1.45,0.0,,VOLATILE_CONTROL
bybit,FHEUSDT,2025-08-22,FHEUSDT_2025-08-22_klines.csv,3.07,0.0,,VOLATILE_CONTROL
bybit,FHEUSDT,2025-08-23,FHEUSDT_2025-08-23_klines.csv,8.62,119.28,micro,PUMP
bybit,FHEUSDT,2025-10-10,FHEUSDT_2025-10-10_klines.csv,0.66,0.0,,VOLATILE_CONTROL
bybit,FHEUSDT,2025-10-17,FHEUSDT_2025-10-17_klines.csv,1.54,0.0,,VOLATILE_CONTROL
bybit,FHEUSDT,2025-10-18,FHEUSDT_2025-10-18_klines.csv,30.61,188.92,large,PUMP
bybit,FHEUSDT,2025-12-07,FHEUSDT_2025-12-07_klines.csv,19.26,20.93,,VOLATILE_CONTROL
bybit,FHEUSDT,2025-12-08,FHEUSDT_2025-12-08_klines.csv,1.93,0.0,,VOLATILE_CONTROL
bybit,FHEUSDT,2025-12-09,FHEUSDT_2025-12-09_klines.csv,35.07,19.83,,VOLATILE_CONTROL
bybit,FHEUSDT,2025-12-10,FHEUSDT_2025-12-10_klines.csv,11.66,57.52,small,PUMP
bybit,FHEUSDT,2025-12-11,FHEUSDT_2025-12-11_klines.csv,12.81,123.56,small,PUMP
bybit,FHEUSDT,2025-12-14,FHEUSDT_2025-12-14_klines.csv,2.74,0.0,,VOLATILE_CONTROL
bybit,FHEUSDT,2025-12-15,FHEUSDT_2025-12-15_klines.csv,14.78,297.73,small,PUMP
bybit,FHEUSDT,2025-12-16,FHEUSDT_2025-12-16_klines.csv,52.61,77.42,extreme,PUMP
bybit,FHEUSDT,2025-12-18,FHEUSDT_2025-12-18_klines.csv,3.92,0.0,,VOLATILE_CONTROL
bybit,FHEUSDT,2025-12-19,FHEUSDT_2025-12-19_klines.csv,0.47,0.0,,VOLATILE_CONTROL
bybit,FHEUSDT,2025-12-20,FHEUSDT_2025-12-20_klines.csv,6.12,238.73,micro,PUMP
bybit,FHEUSDT,2026-01-15,FHEUSDT_2026-01-15_klines.csv,15.66,19.63,,VOLATILE_CONTROL
bybit,FHEUSDT,2026-01-17,FHEUSDT_2026-01-17_klines.csv,5.29,154.89,micro,PUMP
bybit,FHEUSDT,2026-01-18,FHEUSDT_2026-01-18_klines.csv,3.12,0.0,,VOLATILE_CONTROL
bybit,FHEUSDT,2026-01-19,FHEUSDT_2026-01-19_klines.csv,9.69,94.23,micro,PUMP
bybit,FHEUSDT,2026-01-21,FHEUSDT_2026-01-21_klines.csv,2.57,0.0,,VOLATILE_CONTROL
bybit,FHEUSDT,2026-01-22,FHEUSDT_2026-01-22_klines.csv,9.28,90.55,micro,PUMP
bybit,FHEUSDT,2026-02-02,FHEUSDT_2026-02-02_klines.csv,1.37,0.0,,VOLATILE_CONTROL
bybit,FHEUSDT,2026-02-03,FHEUSDT_2026-02-03_klines.csv,3.55,0.0,,VOLATILE_CONTROL
bybit,FHEUSDT,2026-02-04,FHEUSDT_2026-02-04_klines.csv,0.31,0.0,,VOLATILE_CONTROL
bybit,FHEUSDT,2026-02-11,FHEUSDT_2026-02-11_klines.csv,8.79,24.26,,VOLATILE_CONTROL
bybit,FHEUSDT,2026-02-12,FHEUSDT_2026-02-12_klines.csv,4.23,0.0,,VOLATILE_CONTROL
bybit,FHEUSDT,2026-02-16,FHEUSDT_2026-02-16_klines.csv,9.83,14.06,,VOLATILE_CONTROL
bybit,FHEUSDT,2026-03-06,FHEUSDT_2026-03-06_klines.csv,16.07,0.0,,VOLATILE_CONTROL
bybit,FHEUSDT,2026-03-07,FHEUSDT_2026-03-07_klines.csv,0.29,0.0,,VOLATILE_CONTROL
bybit,FHEUSDT,2026-04-18,FHEUSDT_2026-04-18_klines.csv,7.76,0.0,,VOLATILE_CONTROL
bybit,FHEUSDT,2026-05-05,FHEUSDT_2026-05-05_klines.csv,8.96,83.71,micro,PUMP
bybit,FIDAUSDT,2025-06-22,FIDAUSDT_2025-06-22_klines.csv,1.21,0.0,,VOLATILE_CONTROL
bybit,FIDAUSDT,2025-07-21,FIDAUSDT_2025-07-21_klines.csv,10.44,36.63,small,PUMP
bybit,FIDAUSDT,2025-10-10,FIDAUSDT_2025-10-10_klines.csv,0.51,0.0,,VOLATILE_CONTROL
bybit,FIDAUSDT,2026-04-02,FIDAUSDT_2026-04-02_klines.csv,10.95,85.54,small,PUMP
bybit,FIGHTUSDT,2026-01-22,FIGHTUSDT_2026-01-22_klines.csv,454.4,22.53,,VOLATILE_CONTROL
bybit,FIGHTUSDT,2026-01-24,FIGHTUSDT_2026-01-24_klines.csv,3.85,0.0,,VOLATILE_CONTROL
bybit,FIGHTUSDT,2026-01-30,FIGHTUSDT_2026-01-30_klines.csv,5.39,119.52,micro,PUMP
bybit,FIGHTUSDT,2026-01-31,FIGHTUSDT_2026-01-31_klines.csv,2.9,0.0,,VOLATILE_CONTROL
bybit,FIGHTUSDT,2026-02-01,FIGHTUSDT_2026-02-01_klines.csv,16.94,53.56,small,PUMP
bybit,FIGHTUSDT,2026-02-05,FIGHTUSDT_2026-02-05_klines.csv,1.42,0.0,,VOLATILE_CONTROL
bybit,FIGHTUSDT,2026-04-13,FIGHTUSDT_2026-04-13_klines.csv,16.68,80.28,small,PUMP
bybit,FIGHTUSDT,2026-04-21,FIGHTUSDT_2026-04-21_klines.csv,0.43,0.0,,VOLATILE_CONTROL
bybit,FILUSDT,2025-10-10,FILUSDT_2025-10-10_klines.csv,0.7,0.0,,VOLATILE_CONTROL
bybit,FILUSDT,2025-10-20,FILUSDT_2025-10-20_klines.csv,0.2,0.0,,VOLATILE_CONTROL
bybit,FILUSDT,2025-11-06,FILUSDT_2025-11-06_klines.csv,0.0,0.0,,VOLATILE_CONTROL
bybit,FILUSDT,2025-11-07,FILUSDT_2025-11-07_klines.csv,19.55,56.64,small,PUMP
bybit,FLIPUSDT,2025-11-07,FLIPUSDT_2025-11-07_klines.csv,17.58,108.48,small,PUMP
bybit,FLOCKUSDT,2025-05-12,FLOCKUSDT_2025-05-12_klines.csv,9.26,41.75,micro,PUMP
bybit,FLOCKUSDT,2025-05-15,FLOCKUSDT_2025-05-15_klines.csv,1.11,0.0,,VOLATILE_CONTROL
bybit,FLOCKUSDT,2025-05-30,FLOCKUSDT_2025-05-30_klines.csv,40.29,69.12,major,PUMP
bybit,FLOCKUSDT,2025-05-31,FLOCKUSDT_2025-05-31_klines.csv,4.96,0.0,,VOLATILE_CONTROL
bybit,FLOCKUSDT,2025-06-01,FLOCKUSDT_2025-06-01_klines.csv,6.24,196.34,micro,PUMP
bybit,FLOCKUSDT,2025-06-02,FLOCKUSDT_2025-06-02_klines.csv,32.0,59.49,large,PUMP
bybit,FLOCKUSDT,2025-06-03,FLOCKUSDT_2025-06-03_klines.csv,5.4,151.59,micro,PUMP
bybit,FLOCKUSDT,2025-08-25,FLOCKUSDT_2025-08-25_klines.csv,16.32,42.07,small,PUMP
bybit,FLOCKUSDT,2025-08-26,FLOCKUSDT_2025-08-26_klines.csv,3.53,0.0,,VOLATILE_CONTROL
bybit,FLOCKUSDT,2025-09-09,FLOCKUSDT_2025-09-09_klines.csv,135.26,56.07,extreme,PUMP
bybit,FLOCKUSDT,2025-10-10,FLOCKUSDT_2025-10-10_klines.csv,1.01,0.0,,VOLATILE_CONTROL
bybit,FLOKIUSDT,2025-07-16,FLOKIUSDT_2025-07-16_klines.csv,1.66,0.0,,VOLATILE_CONTROL
bybit,FLOKIUSDT,2025-10-10,FLOKIUSDT_2025-10-10_klines.csv,0.69,0.0,,VOLATILE_CONTROL
bybit,FLOWUSDT,2025-12-28,FLOWUSDT_2025-12-28_klines.csv,12.97,118.13,small,PUMP
bybit,FLRUSDT,2025-07-05,FLRUSDT_2025-07-05_klines.csv,0.72,0.0,,VOLATILE_CONTROL
bybit,FOGOUSDT,2026-01-15,FOGOUSDT_2026-01-15_klines.csv,303.38,30.43,extreme,PUMP
bybit,FORTUSDT,2025-06-01,FORTUSDT_2025-06-01_klines.csv,1.01,0.0,,VOLATILE_CONTROL
bybit,FRAXUSDT,2026-01-12,FRAXUSDT_2026-01-12_klines.csv,74.55,51.31,extreme,PUMP
bybit,FTTUSDT,2025-07-01,FTTUSDT_2025-07-01_klines.csv,0.23,0.0,,VOLATILE_CONTROL
bybit,FUELUSDT,2026-01-05,FUELUSDT_2026-01-05_klines.csv,1.34,0.0,,VOLATILE_CONTROL
bybit,FUSDT,2025-08-24,FUSDT_2025-08-24_klines.csv,2.32,0.0,,VOLATILE_CONTROL
bybit,FUSDT,2025-09-11,FUSDT_2025-09-11_klines.csv,2.65,0.0,,VOLATILE_CONTROL
bybit,FUSDT,2025-09-13,FUSDT_2025-09-13_klines.csv,10.57,176.64,small,PUMP
bybit,FUSDT,2025-09-14,FUSDT_2025-09-14_klines.csv,4.84,0.0,,VOLATILE_CONTROL
bybit,FUSDT,2025-09-15,FUSDT_2025-09-15_klines.csv,7.6,127.67,micro,PUMP
bybit,FUSDT,2025-09-16,FUSDT_2025-09-16_klines.csv,3.58,0.0,,VOLATILE_CONTROL
bybit,FUSDT,2025-09-21,FUSDT_2025-09-21_klines.csv,1.81,0.0,,VOLATILE_CONTROL
bybit,FUSDT,2025-10-10,FUSDT_2025-10-10_klines.csv,1.95,0.0,,VOLATILE_CONTROL
bybit,FUSDT,2025-10-21,FUSDT_2025-10-21_klines.csv,0.26,0.0,,VOLATILE_CONTROL
bybit,FUSDT,2025-10-24,FUSDT_2025-10-24_klines.csv,42.91,36.54,major,PUMP
bybit,FUSDT,2025-10-25,FUSDT_2025-10-25_klines.csv,52.23,90.89,extreme,PUMP
bybit,FUSDT,2025-12-19,FUSDT_2025-12-19_klines.csv,34.58,23.2,,VOLATILE_CONTROL
bybit,FUSDT,2026-02-01,FUSDT_2026-02-01_klines.csv,3.8,0.0,,VOLATILE_CONTROL
bybit,FUSDT,2026-02-02,FUSDT_2026-02-02_klines.csv,39.37,76.78,large,PUMP
bybit,FUSDT,2026-02-08,FUSDT_2026-02-08_klines.csv,75.8,81.52,extreme,PUMP
bybit,GAIBUSDT,2025-11-19,GAIBUSDT_2025-11-19_klines.csv,555.87,37.92,extreme,PUMP
bybit,GALAUSDT,2025-07-05,GALAUSDT_2025-07-05_klines.csv,1.08,0.0,,VOLATILE_CONTROL
bybit,GLMRUSDT,2025-11-20,GLMRUSDT_2025-11-20_klines.csv,1.26,0.0,,VOLATILE_CONTROL
bybit,GMTUSDT,2025-12-23,GMTUSDT_2025-12-23_klines.csv,0.76,0.0,,VOLATILE_CONTROL
bybit,GMXUSDT,2025-07-22,GMXUSDT_2025-07-22_klines.csv,0.57,0.0,,VOLATILE_CONTROL
bybit,GOATUSDT,2025-05-09,GOATUSDT_2025-05-09_klines.csv,6.35,100.0,micro,PUMP
bybit,GOATUSDT,2025-06-23,GOATUSDT_2025-06-23_klines.csv,1.75,0.0,,VOLATILE_CONTROL
bybit,GODSUSDT,2025-07-12,GODSUSDT_2025-07-12_klines.csv,1.1,0.0,,VOLATILE_CONTROL
bybit,GPSUSDT,2025-05-31,GPSUSDT_2025-05-31_klines.csv,1.82,0.0,,VOLATILE_CONTROL
bybit,GRASSUSDT,2025-11-02,GRASSUSDT_2025-11-02_klines.csv,0.2,0.0,,VOLATILE_CONTROL
bybit,GTAIUSDT,2025-09-09,GTAIUSDT_2025-09-09_klines.csv,2.79,0.0,,VOLATILE_CONTROL
bybit,GUSDT,2026-01-13,GUSDT_2026-01-13_klines.csv,0.02,0.0,,VOLATILE_CONTROL
bybit,HAEDALUSDT,2025-05-15,HAEDALUSDT_2025-05-15_klines.csv,2.11,0.0,,VOLATILE_CONTROL
bybit,HMSTRUSDT,2025-06-29,HMSTRUSDT_2025-06-29_klines.csv,0.87,0.0,,VOLATILE_CONTROL
bybit,HNTUSDT,2025-07-02,HNTUSDT_2025-07-02_klines.csv,1.06,0.0,,VOLATILE_CONTROL
bybit,HOLOUSDT,2025-09-11,HOLOUSDT_2025-09-11_klines.csv,1395.48,52.26,extreme,PUMP
bybit,HOMEUSDT,2025-06-10,HOMEUSDT_2025-06-10_klines.csv,1999.6,64.16,extreme,PUMP
bybit,HOODXUSDT,2025-07-02,HOODXUSDT_2025-07-02_klines.csv,21.12,6.38,,VOLATILE_CONTROL
bybit,HPOS10IUSDT,2025-05-31,HPOS10IUSDT_2025-05-31_klines.csv,1.32,0.0,,VOLATILE_CONTROL
bybit,HUMAUSDT,2025-05-26,HUMAUSDT_2025-05-26_klines.csv,300.0,61.92,extreme,PUMP
bybit,HUSDT,2025-06-25,HUSDT_2025-06-25_klines.csv,6542.36,78.94,extreme,PUMP
bybit,HYPERUSDT,2025-06-23,HYPERUSDT_2025-06-23_klines.csv,2.09,0.0,,VOLATILE_CONTROL
bybit,HYPEUSDT,2025-07-11,HYPEUSDT_2025-07-11_klines.csv,48.83,5.65,,VOLATILE_CONTROL
bybit,ICNTUSDT,2025-07-03,ICNTUSDT_2025-07-03_klines.csv,443.86,50.08,extreme,PUMP
bybit,ICPUSDT,2025-10-17,ICPUSDT_2025-10-17_klines.csv,1.11,0.0,,VOLATILE_CONTROL
bybit,IDUSDT,2025-12-23,IDUSDT_2025-12-23_klines.csv,0.28,0.0,,VOLATILE_CONTROL
bybit,IMUUSDT,2026-01-22,IMUUSDT_2026-01-22_klines.csv,498.6,63.2,extreme,PUMP
bybit,INITUSDT,2025-06-23,INITUSDT_2025-06-23_klines.csv,1.5,0.0,,VOLATILE_CONTROL
bybit,INJUSDT,2026-04-25,INJUSDT_2026-04-25_klines.csv,1.22,0.0,,VOLATILE_CONTROL
bybit,INSPUSDT,2025-05-26,INSPUSDT_2025-05-26_klines.csv,3.28,0.0,,VOLATILE_CONTROL
bybit,INTERUSDT,2025-07-25,INTERUSDT_2025-07-25_klines.csv,0.26,0.0,,VOLATILE_CONTROL
bybit,IOUSDT,2025-09-05,IOUSDT_2025-09-05_klines.csv,1.18,0.0,,VOLATILE_CONTROL
bybit,IPUSDT,2025-06-24,IPUSDT_2025-06-24_klines.csv,0.34,0.0,,VOLATILE_CONTROL
bybit,JUPUSDT,2025-07-05,JUPUSDT_2025-07-05_klines.csv,2.44,0.0,,VOLATILE_CONTROL
bybit,JUVUSDT,2025-07-09,JUVUSDT_2025-07-09_klines.csv,0.0,0.0,,VOLATILE_CONTROL
bybit,KASUSDT,2025-07-04,KASUSDT_2025-07-04_klines.csv,0.41,0.0,,VOLATILE_CONTROL
bybit,KAVAUSDT,2025-10-31,KAVAUSDT_2025-10-31_klines.csv,1.56,0.0,,VOLATILE_CONTROL
bybit,KILOUSDT,2025-06-21,KILOUSDT_2025-06-21_klines.csv,1.75,0.0,,VOLATILE_CONTROL
bybit,KMNOUSDT,2025-08-31,KMNOUSDT_2025-08-31_klines.csv,1.53,0.0,,VOLATILE_CONTROL
bybit,KSMUSDT,2025-10-21,KSMUSDT_2025-10-21_klines.csv,0.56,0.0,,VOLATILE_CONTROL
bybit,L3USDT,2025-05-15,L3USDT_2025-05-15_klines.csv,1.37,0.0,,VOLATILE_CONTROL
bybit,LAUSDT,2025-06-04,LAUSDT_2025-06-04_klines.csv,9900.0,97.26,extreme,PUMP
bybit,LAVAUSDT,2025-07-24,LAVAUSDT_2025-07-24_klines.csv,2.88,0.0,,VOLATILE_CONTROL
bybit,LAYERUSDT,2025-11-04,LAYERUSDT_2025-11-04_klines.csv,0.75,0.0,,VOLATILE_CONTROL
bybit,LINEAUSDT,2025-09-10,LINEAUSDT_2025-09-10_klines.csv,525.0,59.95,extreme,PUMP
bybit,LINKUSDT,2025-07-05,LINKUSDT_2025-07-05_klines.csv,0.42,0.0,,VOLATILE_CONTROL
bybit,LITUSDT,2026-01-15,LITUSDT_2026-01-15_klines.csv,112.69,66.89,extreme,PUMP
bybit,LMWRUSDT,2025-06-21,LMWRUSDT_2025-06-21_klines.csv,0.14,0.0,,VOLATILE_CONTROL
bybit,LRCUSDT,2025-07-05,LRCUSDT_2025-07-05_klines.csv,0.15,0.0,,VOLATILE_CONTROL
bybit,LUNAIUSDT,2025-05-16,LUNAIUSDT_2025-05-16_klines.csv,2.11,0.0,,VOLATILE_CONTROL
bybit,LUNAUSDT,2025-11-18,LUNAUSDT_2025-11-18_klines.csv,1.0,0.0,,VOLATILE_CONTROL
bybit,LUNCUSDT,2025-11-18,LUNCUSDT_2025-11-18_klines.csv,0.25,0.0,,VOLATILE_CONTROL
bybit,MAGICUSDT,2025-06-06,MAGICUSDT_2025-06-06_klines.csv,1.5,0.0,,VOLATILE_CONTROL
bybit,MAJORUSDT,2025-05-09,MAJORUSDT_2025-05-09_klines.csv,5.15,84.54,micro,PUMP
bybit,MAJORUSDT,2025-05-15,MAJORUSDT_2025-05-15_klines.csv,6.9,57.71,micro,PUMP
bybit,MANTAUSDT,2025-07-05,MANTAUSDT_2025-07-05_klines.csv,1.05,0.0,,VOLATILE_CONTROL
bybit,MANTRAUSDT,2026-03-04,MANTRAUSDT_2026-03-04_klines.csv,130.18,0.0,,VOLATILE_CONTROL
bybit,MASKUSDT,2025-05-11,MASKUSDT_2025-05-11_klines.csv,15.71,76.04,small,PUMP
bybit,MAVIAUSDT,2025-06-27,MAVIAUSDT_2025-06-27_klines.csv,1.61,0.0,,VOLATILE_CONTROL
bybit,MBOXUSDT,2025-06-22,MBOXUSDT_2025-06-22_klines.csv,1.25,0.0,,VOLATILE_CONTROL
bybit,MBXUSDT,2025-06-06,MBXUSDT_2025-06-06_klines.csv,0.51,0.0,,VOLATILE_CONTROL
bybit,MCDXUSDT,2026-03-20,MCDXUSDT_2026-03-20_klines.csv,0.2,0.0,,VOLATILE_CONTROL
bybit,MCRTUSDT,2025-10-23,MCRTUSDT_2025-10-23_klines.csv,4.38,0.0,,VOLATILE_CONTROL
bybit,MEEUSDT,2025-06-30,MEEUSDT_2025-06-30_klines.csv,1.12,0.0,,VOLATILE_CONTROL
bybit,MEGAUSDT,2026-04-30,MEGAUSDT_2026-04-30_klines.csv,320.28,30.35,extreme,PUMP
bybit,MEMEUSDT,2025-07-02,MEMEUSDT_2025-07-02_klines.csv,0.89,0.0,,VOLATILE_CONTROL
bybit,MERLUSDT,2025-05-17,MERLUSDT_2025-05-17_klines.csv,1.06,0.0,,VOLATILE_CONTROL
bybit,METAXUSDT,2025-07-02,METAXUSDT_2025-07-02_klines.csv,19.13,46.06,small,PUMP
bybit,METUSDT,2025-10-23,METUSDT_2025-10-23_klines.csv,255.56,28.52,,VOLATILE_CONTROL
bybit,MEUSDT,2025-12-31,MEUSDT_2025-12-31_klines.csv,2.94,0.0,,VOLATILE_CONTROL
bybit,MEWUSDT,2025-05-17,MEWUSDT_2025-05-17_klines.csv,0.6,0.0,,VOLATILE_CONTROL
bybit,MINAUSDT,2025-10-17,MINAUSDT_2025-10-17_klines.csv,1.94,0.0,,VOLATILE_CONTROL
bybit,MMTUSDT,2025-11-04,MMTUSDT_2025-11-04_klines.csv,800.0,37.6,extreme,PUMP
bybit,MNTBTC,2025-07-25,MNTBTC_2025-07-25_klines.csv,1.09,0.0,,VOLATILE_CONTROL
bybit,MOCAUSDT,2025-06-25,MOCAUSDT_2025-06-25_klines.csv,0.12,0.0,,VOLATILE_CONTROL
bybit,MOGUSDT,2025-05-17,MOGUSDT_2025-05-17_klines.csv,6.62,149.7,micro,PUMP
bybit,MONUSDT,2025-11-24,MONUSDT_2025-11-24_klines.csv,488.8,24.14,,VOLATILE_CONTROL
bybit,MOVEUSDT,2025-06-20,MOVEUSDT_2025-06-20_klines.csv,2.37,0.0,,VOLATILE_CONTROL
bybit,MOVRUSDT,2025-07-05,MOVRUSDT_2025-07-05_klines.csv,1.74,0.0,,VOLATILE_CONTROL
bybit,MPLXUSDT,2025-06-29,MPLXUSDT_2025-06-29_klines.csv,0.19,0.0,,VOLATILE_CONTROL
bybit,NAKAUSDT,2025-09-29,NAKAUSDT_2025-09-29_klines.csv,4.21,0.0,,VOLATILE_CONTROL
bybit,NAVXUSDT,2025-07-09,NAVXUSDT_2025-07-09_klines.csv,1.15,0.0,,VOLATILE_CONTROL
bybit,NEARUSDT,2025-10-31,NEARUSDT_2025-10-31_klines.csv,1.43,0.0,,VOLATILE_CONTROL
bybit,NEIROCTOUSDT,2025-05-09,NEIROCTOUSDT_2025-05-09_klines.csv,25.14,44.83,medium,PUMP
bybit,NEIROCTOUSDT,2025-05-18,NEIROCTOUSDT_2025-05-18_klines.csv,3.36,0.0,,VOLATILE_CONTROL
bybit,NEONUSDT,2025-06-19,NEONUSDT_2025-06-19_klines.csv,0.0,0.0,,VOLATILE_CONTROL
bybit,NEWTUSDT,2025-06-24,NEWTUSDT_2025-06-24_klines.csv,1615.7,36.03,extreme,PUMP
bybit,NIGHTUSDT,2025-12-09,NIGHTUSDT_2025-12-09_klines.csv,900.0,73.87,extreme,PUMP
bybit,NOMUSDT,2025-10-01,NOMUSDT_2025-10-01_klines.csv,128.0,74.58,extreme,PUMP
bybit,NOTUSDT,2026-04-09,NOTUSDT_2026-04-09_klines.csv,0.34,0.0,,VOLATILE_CONTROL
bybit,NSUSDT,2025-08-27,NSUSDT_2025-08-27_klines.csv,0.0,0.0,,VOLATILE_CONTROL
bybit,NXPCUSDT,2025-05-15,NXPCUSDT_2025-05-15_klines.csv,29292.22,86.69,extreme,PUMP
bybit,NYMUSDT,2026-03-05,NYMUSDT_2026-03-05_klines.csv,0.0,0.0,,VOLATILE_CONTROL
bybit,OASUSDT,2025-07-10,OASUSDT_2025-07-10_klines.csv,0.1,0.0,,VOLATILE_CONTROL
bybit,OBOLUSDT,2025-06-15,OBOLUSDT_2025-06-15_klines.csv,10.91,7.21,,VOLATILE_CONTROL
bybit,OBTUSDT,2025-06-14,OBTUSDT_2025-06-14_klines.csv,0.93,0.0,,VOLATILE_CONTROL
bybit,OLUSDT,2025-05-16,OLUSDT_2025-05-16_klines.csv,4.24,0.0,,VOLATILE_CONTROL
bybit,ONDOUSDT,2025-07-05,ONDOUSDT_2025-07-05_klines.csv,0.7,0.0,,VOLATILE_CONTROL
bybit,OPGUSDT,2026-04-21,OPGUSDT_2026-04-21_klines.csv,1311.68,80.34,extreme,PUMP
bybit,OPNUSDT,2026-03-05,OPNUSDT_2026-03-05_klines.csv,269.15,28.87,,VOLATILE_CONTROL
bybit,OPUSDT,2025-07-05,OPUSDT_2025-07-05_klines.csv,1.43,0.0,,VOLATILE_CONTROL
bybit,ORDERUSDT,2025-07-02,ORDERUSDT_2025-07-02_klines.csv,1.09,0.0,,VOLATILE_CONTROL
bybit,PARTIUSDT,2025-07-06,PARTIUSDT_2025-07-06_klines.csv,0.79,0.0,,VOLATILE_CONTROL
bybit,PENGUINUSDT,2026-01-31,PENGUINUSDT_2026-01-31_klines.csv,123.33,69.11,extreme,PUMP
bybit,PEOPLEUSDT,2025-05-09,PEOPLEUSDT_2025-05-09_klines.csv,9.37,55.63,micro,PUMP
bybit,PIEVERSEUSDT,2025-11-15,PIEVERSEUSDT_2025-11-15_klines.csv,8.17,50.55,micro,PUMP
bybit,PIRATEUSDT,2025-05-09,PIRATEUSDT_2025-05-09_klines.csv,12.81,90.69,small,PUMP
bybit,PIRATEUSDT,2025-07-02,PIRATEUSDT_2025-07-02_klines.csv,0.5,0.0,,VOLATILE_CONTROL
bybit,PLUMEUSDT,2025-06-22,PLUMEUSDT_2025-06-22_klines.csv,2.59,0.0,,VOLATILE_CONTROL
bybit,PONKEUSDT,2025-05-09,PONKEUSDT_2025-05-09_klines.csv,8.37,72.81,micro,PUMP
bybit,PORTALSUSDT,2025-09-16,PORTALSUSDT_2025-09-16_klines.csv,960.2,35.52,extreme,PUMP
bybit,PORTALUSDT,2025-05-15,PORTALUSDT_2025-05-15_klines.csv,1.5,0.0,,VOLATILE_CONTROL
bybit,PRCLUSDT,2025-06-22,PRCLUSDT_2025-06-22_klines.csv,4.06,0.0,,VOLATILE_CONTROL
bybit,PRIMEUSDT,2025-06-23,PRIMEUSDT_2025-06-23_klines.csv,1.38,0.0,,VOLATILE_CONTROL
bybit,PROVEUSDT,2025-09-08,PROVEUSDT_2025-09-08_klines.csv,50.38,14.02,,VOLATILE_CONTROL
bybit,PSGUSDT,2026-04-26,PSGUSDT_2026-04-26_klines.csv,0.57,0.0,,VOLATILE_CONTROL
bybit,PUFFERUSDT,2025-07-02,PUFFERUSDT_2025-07-02_klines.csv,1.07,0.0,,VOLATILE_CONTROL
bybit,PUMPUSDT,2025-07-14,PUMPUSDT_2025-07-14_klines.csv,515.0,20.17,,VOLATILE_CONTROL
bybit,PYBOBOUSDT,2026-01-26,PYBOBOUSDT_2026-01-26_klines.csv,130.0,20.34,,VOLATILE_CONTROL
bybit,PYTHUSDT,2025-07-05,PYTHUSDT_2025-07-05_klines.csv,0.41,0.0,,VOLATILE_CONTROL
bybit,QNTUSDT,2025-11-22,QNTUSDT_2025-11-22_klines.csv,2.85,0.0,,VOLATILE_CONTROL
bybit,QORPOUSDT,2025-06-05,QORPOUSDT_2025-06-05_klines.csv,2.46,0.0,,VOLATILE_CONTROL
bybit,RATSUSDT,2025-09-09,RATSUSDT_2025-09-09_klines.csv,3.47,0.0,,VOLATILE_CONTROL
bybit,RECALLUSDT,2025-10-15,RECALLUSDT_2025-10-15_klines.csv,752.6,67.94,extreme,PUMP
bybit,REDUSDT,2025-07-09,REDUSDT_2025-07-09_klines.csv,0.59,0.0,,VOLATILE_CONTROL
bybit,RENDERUSDT,2025-11-05,RENDERUSDT_2025-11-05_klines.csv,0.7,0.0,,VOLATILE_CONTROL
bybit,RESOLVUSDT,2025-06-10,RESOLVUSDT_2025-06-10_klines.csv,350.0,64.68,extreme,PUMP
bybit,ROAMUSDT,2025-05-31,ROAMUSDT_2025-05-31_klines.csv,1.24,0.0,,VOLATILE_CONTROL
bybit,ROBOUSDT,2026-02-27,ROBOUSDT_2026-02-27_klines.csv,342.8,22.37,,VOLATILE_CONTROL
bybit,ROSEUSDT,2025-10-22,ROSEUSDT_2025-10-22_klines.csv,1.53,0.0,,VOLATILE_CONTROL
bybit,RPLUSDT,2025-05-24,RPLUSDT_2025-05-24_klines.csv,1.75,0.0,,VOLATILE_CONTROL
bybit,RVNUSDT,2025-05-18,RVNUSDT_2025-05-18_klines.csv,1.07,0.0,,VOLATILE_CONTROL
bybit,SAFEUSDT,2025-05-16,SAFEUSDT_2025-05-16_klines.csv,2.35,0.0,,VOLATILE_CONTROL
bybit,SAHARAUSDT,2025-06-26,SAHARAUSDT_2025-06-26_klines.csv,275.0,54.68,extreme,PUMP
bybit,SANDUSDT,2026-01-01,SANDUSDT_2026-01-01_klines.csv,1.47,0.0,,VOLATILE_CONTROL
bybit,SAROSUSDT,2025-05-15,SAROSUSDT_2025-05-15_klines.csv,1.33,0.0,,VOLATILE_CONTROL
bybit,SATSUSDT,2025-09-09,SATSUSDT_2025-09-09_klines.csv,3.2,0.0,,VOLATILE_CONTROL
bybit,SCAUSDT,2025-06-14,SCAUSDT_2025-06-14_klines.csv,0.01,0.0,,VOLATILE_CONTROL
bybit,SCORUSDT,2025-12-17,SCORUSDT_2025-12-17_klines.csv,801.33,94.99,extreme,PUMP
bybit,SCRTUSDT,2025-07-05,SCRTUSDT_2025-07-05_klines.csv,1.37,0.0,,VOLATILE_CONTROL
bybit,SDUSDT,2025-05-16,SDUSDT_2025-05-16_klines.csv,0.3,0.0,,VOLATILE_CONTROL
bybit,SEIUSDT,2025-06-07,SEIUSDT_2025-06-07_klines.csv,2.12,0.0,,VOLATILE_CONTROL
bybit,SENTUSDT,2026-01-22,SENTUSDT_2026-01-22_klines.csv,474.6,29.0,,VOLATILE_CONTROL
bybit,SIGNUSDT,2025-09-06,SIGNUSDT_2025-09-06_klines.csv,1.6,0.0,,VOLATILE_CONTROL
bybit,SKRUSDT,2026-01-21,SKRUSDT_2026-01-21_klines.csv,411.84,32.55,extreme,PUMP
bybit,SKYUSDT,2025-09-04,SKYUSDT_2025-09-04_klines.csv,50.32,8.11,,VOLATILE_CONTROL
bybit,SOMIUSDT,2025-09-02,SOMIUSDT_2025-09-02_klines.csv,131.33,69.72,extreme,PUMP
bybit,SONICUSDT,2025-12-24,SONICUSDT_2025-12-24_klines.csv,0.81,0.0,,VOLATILE_CONTROL
bybit,SOSOUSDT,2025-06-07,SOSOUSDT_2025-06-07_klines.csv,4.35,0.0,,VOLATILE_CONTROL
bybit,SPKUSDT,2025-06-17,SPKUSDT_2025-06-17_klines.csv,192.5,61.59,extreme,PUMP
bybit,SPXUSDT,2025-05-15,SPXUSDT_2025-05-15_klines.csv,1.68,0.0,,VOLATILE_CONTROL
bybit,SQDUSDT,2025-07-14,SQDUSDT_2025-07-14_klines.csv,3.87,0.0,,VOLATILE_CONTROL
bybit,STABLEUSDT,2025-12-08,STABLEUSDT_2025-12-08_klines.csv,211.11,50.42,extreme,PUMP
bybit,STRKUSDT,2025-06-23,STRKUSDT_2025-06-23_klines.csv,1.86,0.0,,VOLATILE_CONTROL
bybit,SUNDOGUSDT,2025-05-09,SUNDOGUSDT_2025-05-09_klines.csv,9.39,69.9,micro,PUMP
bybit,SUNDOGUSDT,2025-12-18,SUNDOGUSDT_2025-12-18_klines.csv,2.27,0.0,,VOLATILE_CONTROL
bybit,SUNUSDT,2025-09-02,SUNUSDT_2025-09-02_klines.csv,0.82,0.0,,VOLATILE_CONTROL
bybit,SUPRAUSDT,2025-06-23,SUPRAUSDT_2025-06-23_klines.csv,1.03,0.0,,VOLATILE_CONTROL
bybit,SUSDT,2025-11-04,SUSDT_2025-11-04_klines.csv,1.89,0.0,,VOLATILE_CONTROL
bybit,SVLUSDT,2025-05-18,SVLUSDT_2025-05-18_klines.csv,0.0,0.0,,VOLATILE_CONTROL
bybit,SWELLUSDT,2025-06-29,SWELLUSDT_2025-06-29_klines.csv,2.01,0.0,,VOLATILE_CONTROL
bybit,SYNDUSDT,2025-10-27,SYNDUSDT_2025-10-27_klines.csv,49.91,20.12,,VOLATILE_CONTROL
bybit,TACUSDT,2025-07-15,TACUSDT_2025-07-15_klines.csv,900.0,80.99,extreme,PUMP
bybit,TAIKOUSDT,2025-07-03,TAIKOUSDT_2025-07-03_klines.csv,0.92,0.0,,VOLATILE_CONTROL
bybit,TAIUSDT,2025-05-15,TAIUSDT_2025-05-15_klines.csv,2.69,0.0,,VOLATILE_CONTROL
bybit,TAUSDT,2025-07-21,TAUSDT_2025-07-21_klines.csv,382.71,26.89,,VOLATILE_CONTROL
bybit,TELUSDT,2025-06-27,TELUSDT_2025-06-27_klines.csv,0.95,0.0,,VOLATILE_CONTROL
bybit,THETAUSDT,2026-03-31,THETAUSDT_2026-03-31_klines.csv,1.8,0.0,,VOLATILE_CONTROL
bybit,TIAUSDT,2025-07-05,TIAUSDT_2025-07-05_klines.csv,0.93,0.0,,VOLATILE_CONTROL
bybit,TNSRUSDT,2025-07-06,TNSRUSDT_2025-07-06_klines.csv,0.63,0.0,,VOLATILE_CONTROL
bybit,TOKENUSDT,2025-06-23,TOKENUSDT_2025-06-23_klines.csv,1.42,0.0,,VOLATILE_CONTROL
bybit,TOSHIUSDT,2025-06-23,TOSHIUSDT_2025-06-23_klines.csv,6.47,22.78,,VOLATILE_CONTROL
bybit,TOWNSUSDT,2025-08-05,TOWNSUSDT_2025-08-05_klines.csv,184.41,78.33,extreme,PUMP
bybit,TREEUSDT,2025-07-29,TREEUSDT_2025-07-29_klines.csv,600.0,64.68,extreme,PUMP
bybit,TRIAUSDT,2026-02-03,TRIAUSDT_2026-02-03_klines.csv,400.0,46.87,extreme,PUMP
bybit,TRUMPUSDT,2025-10-18,TRUMPUSDT_2025-10-18_klines.csv,1.39,0.0,,VOLATILE_CONTROL
bybit,TUNAUSDT,2025-07-30,TUNAUSDT_2025-07-30_klines.csv,2653.95,95.29,extreme,PUMP
bybit,TWTUSDT,2025-09-02,TWTUSDT_2025-09-02_klines.csv,1.1,0.0,,VOLATILE_CONTROL
bybit,UMAUSDT,2025-05-22,UMAUSDT_2025-05-22_klines.csv,1.49,0.0,,VOLATILE_CONTROL
bybit,USDYUSDT,2025-08-30,USDYUSDT_2025-08-30_klines.csv,0.0,0.0,,VOLATILE_CONTROL
bybit,USTCUSDT,2025-07-02,USTCUSDT_2025-07-02_klines.csv,1.3,0.0,,VOLATILE_CONTROL
bybit,UUSDT,2025-09-04,UUSDT_2025-09-04_klines.csv,616.0,89.45,extreme,PUMP
bybit,VANAUSDT,2026-02-06,VANAUSDT_2026-02-06_klines.csv,2.13,0.0,,VOLATILE_CONTROL
bybit,VANRYUSDT,2025-06-23,VANRYUSDT_2025-06-23_klines.csv,2.47,0.0,,VOLATILE_CONTROL
bybit,VELOUSDT,2025-07-01,VELOUSDT_2025-07-01_klines.csv,1.05,0.0,,VOLATILE_CONTROL
bybit,VIRTUALUSDT,2025-05-18,VIRTUALUSDT_2025-05-18_klines.csv,0.88,0.0,,VOLATILE_CONTROL
bybit,VOOIUSDT,2025-12-18,VOOIUSDT_2025-12-18_klines.csv,380.0,73.5,extreme,PUMP
bybit,VTHOUSDT,2025-12-19,VTHOUSDT_2025-12-19_klines.csv,0.65,0.0,,VOLATILE_CONTROL
bybit,VVVUSDT,2025-06-06,VVVUSDT_2025-06-06_klines.csv,1.53,0.0,,VOLATILE_CONTROL
bybit,WALUSDT,2025-12-23,WALUSDT_2025-12-23_klines.csv,0.88,0.0,,VOLATILE_CONTROL
bybit,WAXPUSDT,2026-03-02,WAXPUSDT_2026-03-02_klines.csv,1.78,0.0,,VOLATILE_CONTROL
bybit,WCTUSDT,2025-05-15,WCTUSDT_2025-05-15_klines.csv,1.9,0.0,,VOLATILE_CONTROL
bybit,WEMIXUSDT,2025-05-31,WEMIXUSDT_2025-05-31_klines.csv,8.79,158.93,micro,PUMP
bybit,WETUSDT,2025-12-09,WETUSDT_2025-12-09_klines.csv,463.87,5.42,,VOLATILE_CONTROL
bybit,WHITEWHALEUSDT,2026-01-06,WHITEWHALEUSDT_2026-01-06_klines.csv,146.59,19.53,,VOLATILE_CONTROL
bybit,WIFUSDT,2025-06-23,WIFUSDT_2025-06-23_klines.csv,1.37,0.0,,VOLATILE_CONTROL
bybit,WLDUSDT,2025-05-18,WLDUSDT_2025-05-18_klines.csv,0.84,0.0,,VOLATILE_CONTROL
bybit,WLFIUSDT,2025-09-01,WLFIUSDT_2025-09-01_klines.csv,340.99,44.25,extreme,PUMP
bybit,XAIUSDT,2025-06-23,XAIUSDT_2025-06-23_klines.csv,1.77,0.0,,VOLATILE_CONTROL
bybit,XANUSDT,2025-09-29,XANUSDT_2025-09-29_klines.csv,535.56,63.67,extreme,PUMP
bybit,XEMUSDT,2025-06-14,XEMUSDT_2025-06-14_klines.csv,6.47,151.43,micro,PUMP
bybit,XIONUSDT,2025-05-23,XIONUSDT_2025-05-23_klines.csv,2.43,0.0,,VOLATILE_CONTROL
bybit,XLMBTC,2025-06-26,XLMBTC_2025-06-26_klines.csv,0.44,0.0,,VOLATILE_CONTROL
bybit,XPLUSDT,2025-09-25,XPLUSDT_2025-09-25_klines.csv,383.85,5.29,,VOLATILE_CONTROL
bybit,XTERUSDT,2025-08-06,XTERUSDT_2025-08-06_klines.csv,0.63,0.0,,VOLATILE_CONTROL
bybit,XTZUSDT,2025-07-02,XTZUSDT_2025-07-02_klines.csv,0.78,0.0,,VOLATILE_CONTROL
bybit,YBUSDT,2025-10-15,YBUSDT_2025-10-15_klines.csv,180.63,36.1,extreme,PUMP
bybit,ZAMAUSDT,2026-02-02,ZAMAUSDT_2026-02-02_klines.csv,295.0,30.14,extreme,PUMP
bybit,ZBTUSDT,2025-10-17,ZBTUSDT_2025-10-17_klines.csv,940.0,62.45,extreme,PUMP
bybit,ZENTUSDT,2025-08-16,ZENTUSDT_2025-08-16_klines.csv,0.69,0.0,,VOLATILE_CONTROL
bybit,ZENUSDT,2025-09-15,ZENUSDT_2025-09-15_klines.csv,0.8,0.0,,VOLATILE_CONTROL
bybit,ZEREBROUSDT,2025-06-22,ZEREBROUSDT_2025-06-22_klines.csv,0.36,0.0,,VOLATILE_CONTROL
bybit,ZETAUSDT,2026-01-21,ZETAUSDT_2026-01-21_klines.csv,2.75,0.0,,VOLATILE_CONTROL
bybit,ZEXUSDT,2025-05-17,ZEXUSDT_2025-05-17_klines.csv,0.28,0.0,,VOLATILE_CONTROL
bybit,ZIGUSDT,2025-07-06,ZIGUSDT_2025-07-06_klines.csv,0.48,0.0,,VOLATILE_CONTROL
bybit,ZILUSDT,2026-01-20,ZILUSDT_2026-01-20_klines.csv,0.75,0.0,,VOLATILE_CONTROL
bybit,ZKCUSDT,2025-09-15,ZKCUSDT_2025-09-15_klines.csv,787.0,58.5,extreme,PUMP
bybit,ZKJUSDT,2025-06-16,ZKJUSDT_2025-06-16_klines.csv,18.83,62.0,small,PUMP
bybit,ZKPUSDT,2025-12-19,ZKPUSDT_2025-12-19_klines.csv,208.66,42.48,extreme,PUMP
bybit,ZKUSDT,2025-06-23,ZKUSDT_2025-06-23_klines.csv,1.55,0.0,,VOLATILE_CONTROL
bybit,ZORAUSDT,2025-06-26,ZORAUSDT_2025-06-26_klines.csv,4.84,0.0,,VOLATILE_CONTROL
bybit,ZRCUSDT,2025-06-06,ZRCUSDT_2025-06-06_klines.csv,8.75,26.34,,VOLATILE_CONTROL
bybit,ZROUSDT,2025-08-01,ZROUSDT_2025-08-01_klines.csv,0.35,0.0,,VOLATILE_CONTROL
bybit,ZRXUSDT,2025-12-15,ZRXUSDT_2025-12-15_klines.csv,2.91,0.0,,VOLATILE_CONTROL
gateio,0GUSDT,2025-09-22,0GUSDT_2025-09-22_klines.csv,79.38,142.39,extreme,PUMP
gateio,0GUSDT,2025-09-22,0GUSDT_2025-09-22_klines_L2.csv,,,,ERROR
gateio,0GUSDT,2025-09-22,0GUSDT_2025-09-22_klines_market_ctx.csv,,,,ERROR
gateio,0GUSDT,2025-09-22,0GUSDT_2025-09-22_klines_trades.csv,,,,ERROR
gateio,10SETUSDT,2026-02-27,10SETUSDT_2026-02-27_klines.csv,1.83,0.0,,VOLATILE_CONTROL
gateio,1INCHUSDT,2025-06-25,1INCHUSDT_2025-06-25_klines.csv,3.22,0.0,,VOLATILE_CONTROL
gateio,2ZUSDT,2025-11-20,2ZUSDT_2025-11-20_klines.csv,54.22,122.14,extreme,PUMP
gateio,2ZUSDT,2025-11-20,2ZUSDT_2025-11-20_klines_L2.csv,,,,ERROR
gateio,2ZUSDT,2025-11-20,2ZUSDT_2025-11-20_klines_market_ctx.csv,,,,ERROR
gateio,2ZUSDT,2025-11-20,2ZUSDT_2025-11-20_klines_trades.csv,,,,ERROR
gateio,3KDSUSDT,2026-01-27,3KDSUSDT_2026-01-27_klines.csv,1100.0,106.39,extreme,PUMP
gateio,3KDSUSDT,2026-01-27,3KDSUSDT_2026-01-27_klines_L2.csv,,,,ERROR
gateio,3KDSUSDT,2026-01-27,3KDSUSDT_2026-01-27_klines_market_ctx.csv,,,,ERROR
gateio,3KDSUSDT,2026-01-27,3KDSUSDT_2026-01-27_klines_trades.csv,,,,ERROR
gateio,A2ZUSDT,2025-06-24,A2ZUSDT_2025-06-24_klines.csv,8.09,277.88,micro,PUMP
gateio,A2ZUSDT,2025-06-24,A2ZUSDT_2025-06-24_klines_L2.csv,,,,ERROR
gateio,A2ZUSDT,2025-06-24,A2ZUSDT_2025-06-24_klines_market_ctx.csv,,,,ERROR
gateio,A2ZUSDT,2025-06-24,A2ZUSDT_2025-06-24_klines_trades.csv,,,,ERROR
gateio,A47USDT,2025-05-25,A47USDT_2025-05-25_klines.csv,23.38,155.46,medium,PUMP
gateio,A47USDT,2025-05-25,A47USDT_2025-05-25_klines_L2.csv,,,,ERROR
gateio,A47USDT,2025-05-25,A47USDT_2025-05-25_klines_market_ctx.csv,,,,ERROR
gateio,A47USDT,2025-05-25,A47USDT_2025-05-25_klines_trades.csv,,,,ERROR
gateio,A8USDT,2025-06-18,A8USDT_2025-06-18_klines.csv,10.97,178.83,small,PUMP
gateio,A8USDT,2025-06-18,A8USDT_2025-06-18_klines_L2.csv,,,,ERROR
gateio,A8USDT,2025-06-18,A8USDT_2025-06-18_klines_market_ctx.csv,,,,ERROR
gateio,A8USDT,2025-06-18,A8USDT_2025-06-18_klines_trades.csv,,,,ERROR
gateio,AARKUSDT,2025-05-09,AARKUSDT_2025-05-09_klines.csv,29.78,109.57,medium,PUMP
gateio,AARKUSDT,2025-05-09,AARKUSDT_2025-05-09_klines_L2.csv,,,,ERROR
gateio,AARKUSDT,2025-05-09,AARKUSDT_2025-05-09_klines_market_ctx.csv,,,,ERROR
gateio,AARKUSDT,2025-05-09,AARKUSDT_2025-05-09_klines_trades.csv,,,,ERROR
gateio,AARKUSDT,2025-05-15,AARKUSDT_2025-05-15_klines.csv,77.92,80.07,extreme,PUMP
gateio,AARTUSDT,2025-05-09,AARTUSDT_2025-05-09_klines.csv,65.42,67.74,extreme,PUMP
gateio,AARTUSDT,2025-05-09,AARTUSDT_2025-05-09_klines_L2.csv,,,,ERROR
gateio,AARTUSDT,2025-05-09,AARTUSDT_2025-05-09_klines_market_ctx.csv,,,,ERROR
gateio,AARTUSDT,2025-05-09,AARTUSDT_2025-05-09_klines_trades.csv,,,,ERROR
gateio,AARTUSDT,2025-06-14,AARTUSDT_2025-06-14_klines.csv,50.95,101.08,extreme,PUMP
gateio,AAVE3LUSDT,2025-05-09,AAVE3LUSDT_2025-05-09_klines.csv,66.14,58.5,extreme,PUMP
gateio,AAVE3LUSDT,2025-05-09,AAVE3LUSDT_2025-05-09_klines_L2.csv,,,,ERROR
gateio,AAVE3LUSDT,2025-05-09,AAVE3LUSDT_2025-05-09_klines_market_ctx.csv,,,,ERROR
gateio,AAVE3LUSDT,2025-05-09,AAVE3LUSDT_2025-05-09_klines_trades.csv,,,,ERROR
gateio,AAVE3LUSDT,2025-05-15,AAVE3LUSDT_2025-05-15_klines.csv,39.19,89.38,large,PUMP
gateio,AAVE3SUSDT,2025-05-15,AAVE3SUSDT_2025-05-15_klines.csv,107923.17,50.84,extreme,PUMP
gateio,AAVEUSDT,2025-08-06,AAVEUSDT_2025-08-06_klines.csv,33.36,11.07,,VOLATILE_CONTROL
gateio,ABTONUSDT,2025-09-03,ABTONUSDT_2025-09-03_klines.csv,2.29,0.0,,VOLATILE_CONTROL
gateio,ABTUSDT,2025-07-03,ABTUSDT_2025-07-03_klines.csv,4.95,0.0,,VOLATILE_CONTROL
gateio,ABTXUSDT,2025-09-02,ABTXUSDT_2025-09-02_klines.csv,1.43,0.0,,VOLATILE_CONTROL
gateio,ABUSDT,2025-05-09,ABUSDT_2025-05-09_klines.csv,16.98,95.3,small,PUMP
gateio,ABUSDT,2025-05-09,ABUSDT_2025-05-09_klines_L2.csv,,,,ERROR
gateio,ABUSDT,2025-05-09,ABUSDT_2025-05-09_klines_market_ctx.csv,,,,ERROR
gateio,ABUSDT,2025-05-09,ABUSDT_2025-05-09_klines_trades.csv,,,,ERROR
gateio,ABUSDT,2025-05-15,ABUSDT_2025-05-15_klines.csv,6.12,374.89,micro,PUMP
gateio,ACAUSDT,2025-06-27,ACAUSDT_2025-06-27_klines.csv,7.96,98.96,micro,PUMP
gateio,ACAUSDT,2025-06-27,ACAUSDT_2025-06-27_klines_L2.csv,,,,ERROR
gateio,ACAUSDT,2025-06-27,ACAUSDT_2025-06-27_klines_market_ctx.csv,,,,ERROR
gateio,ACAUSDT,2025-06-27,ACAUSDT_2025-06-27_klines_trades.csv,,,,ERROR
gateio,ACEUSDT,2025-06-23,ACEUSDT_2025-06-23_klines.csv,18.93,51.32,small,PUMP
gateio,ACEUSDT,2025-06-23,ACEUSDT_2025-06-23_klines_L2.csv,,,,ERROR
gateio,ACEUSDT,2025-06-23,ACEUSDT_2025-06-23_klines_market_ctx.csv,,,,ERROR
gateio,ACEUSDT,2025-06-23,ACEUSDT_2025-06-23_klines_trades.csv,,,,ERROR
gateio,ACHUSDT,2025-07-02,ACHUSDT_2025-07-02_klines.csv,12.58,0.0,,VOLATILE_CONTROL
gateio,ACMUSDT,2025-05-09,ACMUSDT_2025-05-09_klines.csv,70.19,79.43,extreme,PUMP
gateio,ACMUSDT,2025-05-09,ACMUSDT_2025-05-09_klines_L2.csv,,,,ERROR
gateio,ACMUSDT,2025-05-09,ACMUSDT_2025-05-09_klines_market_ctx.csv,,,,ERROR
gateio,ACMUSDT,2025-05-09,ACMUSDT_2025-05-09_klines_trades.csv,,,,ERROR
gateio,ACMUSDT,2025-05-15,ACMUSDT_2025-05-15_klines.csv,62.52,103.53,extreme,PUMP
gateio,ACN1USDT,2025-05-31,ACN1USDT_2025-05-31_klines.csv,24.57,29.39,,VOLATILE_CONTROL
gateio,ACN3LUSDT,2026-01-27,ACN3LUSDT_2026-01-27_klines.csv,8.7,560.81,micro,PUMP
gateio,ACN3LUSDT,2026-01-27,ACN3LUSDT_2026-01-27_klines_L2.csv,,,,ERROR
gateio,ACN3LUSDT,2026-01-27,ACN3LUSDT_2026-01-27_klines_market_ctx.csv,,,,ERROR
gateio,ACN3LUSDT,2026-01-27,ACN3LUSDT_2026-01-27_klines_trades.csv,,,,ERROR
gateio,ACN3SUSDT,2026-01-27,ACN3SUSDT_2026-01-27_klines.csv,17571.06,99.96,extreme,PUMP
gateio,ACN3SUSDT,2026-01-27,ACN3SUSDT_2026-01-27_klines_L2.csv,,,,ERROR
gateio,ACN3SUSDT,2026-01-27,ACN3SUSDT_2026-01-27_klines_market_ctx.csv,,,,ERROR
gateio,ACN3SUSDT,2026-01-27,ACN3SUSDT_2026-01-27_klines_trades.csv,,,,ERROR
gateio,ACPUSDT,2025-06-01,ACPUSDT_2025-06-01_klines.csv,78.23,129.73,extreme,PUMP
gateio,ACPUSDT,2025-06-01,ACPUSDT_2025-06-01_klines_L2.csv,,,,ERROR
gateio,ACPUSDT,2025-06-01,ACPUSDT_2025-06-01_klines_market_ctx.csv,,,,ERROR
gateio,ACPUSDT,2025-06-01,ACPUSDT_2025-06-01_klines_trades.csv,,,,ERROR
gateio,ACSUSDT,2025-06-19,ACSUSDT_2025-06-19_klines.csv,1.98,0.0,,VOLATILE_CONTROL
gateio,ACTUSDT,2025-10-31,ACTUSDT_2025-10-31_klines.csv,10.35,266.83,small,PUMP
gateio,ACTUSDT,2025-10-31,ACTUSDT_2025-10-31_klines_L2.csv,,,,ERROR
gateio,ACTUSDT,2025-10-31,ACTUSDT_2025-10-31_klines_market_ctx.csv,,,,ERROR
gateio,ACTUSDT,2025-10-31,ACTUSDT_2025-10-31_klines_trades.csv,,,,ERROR
gateio,ACUUSDT,2026-01-20,ACUUSDT_2026-01-20_klines.csv,3438.91,61.33,extreme,PUMP
gateio,ACUUSDT,2026-01-20,ACUUSDT_2026-01-20_klines_L2.csv,,,,ERROR
gateio,ACUUSDT,2026-01-20,ACUUSDT_2026-01-20_klines_market_ctx.csv,,,,ERROR
gateio,ACUUSDT,2026-01-20,ACUUSDT_2026-01-20_klines_trades.csv,,,,ERROR
gateio,ACXUSDT,2025-07-01,ACXUSDT_2025-07-01_klines.csv,5.68,271.65,micro,PUMP
gateio,ACXUSDT,2025-07-01,ACXUSDT_2025-07-01_klines_L2.csv,,,,ERROR
gateio,ACXUSDT,2025-07-01,ACXUSDT_2025-07-01_klines_market_ctx.csv,,,,ERROR
gateio,ACXUSDT,2025-07-01,ACXUSDT_2025-07-01_klines_trades.csv,,,,ERROR
gateio,ADA3LUSDT,2025-06-06,ADA3LUSDT_2025-06-06_klines.csv,59.63,108.01,extreme,PUMP
gateio,ADA3LUSDT,2025-06-06,ADA3LUSDT_2025-06-06_klines_L2.csv,,,,ERROR
gateio,ADA3LUSDT,2025-06-06,ADA3LUSDT_2025-06-06_klines_market_ctx.csv,,,,ERROR
gateio,ADA3LUSDT,2025-06-06,ADA3LUSDT_2025-06-06_klines_trades.csv,,,,ERROR
gateio,ADA3SUSDT,2025-05-14,ADA3SUSDT_2025-05-14_klines.csv,50.06,83.36,extreme,PUMP
gateio,ADA3SUSDT,2025-05-14,ADA3SUSDT_2025-05-14_klines_L2.csv,,,,ERROR
gateio,ADA3SUSDT,2025-05-14,ADA3SUSDT_2025-05-14_klines_market_ctx.csv,,,,ERROR
gateio,ADA3SUSDT,2025-05-14,ADA3SUSDT_2025-05-14_klines_trades.csv,,,,ERROR
gateio,ADA3SUSDT,2025-05-15,ADA3SUSDT_2025-05-15_klines.csv,35.93,150.95,large,PUMP
gateio,ADA5LUSDT,2025-05-09,ADA5LUSDT_2025-05-09_klines.csv,71.28,127.63,extreme,PUMP
gateio,ADA5LUSDT,2025-05-09,ADA5LUSDT_2025-05-09_klines_L2.csv,,,,ERROR
gateio,ADA5LUSDT,2025-05-09,ADA5LUSDT_2025-05-09_klines_market_ctx.csv,,,,ERROR
gateio,ADA5LUSDT,2025-05-09,ADA5LUSDT_2025-05-09_klines_trades.csv,,,,ERROR
gateio,ADA5LUSDT,2025-05-16,ADA5LUSDT_2025-05-16_klines.csv,50.4,138.19,extreme,PUMP
gateio,ADA5SUSDT,2025-05-14,ADA5SUSDT_2025-05-14_klines.csv,91.45,86.83,extreme,PUMP
gateio,ADA5SUSDT,2025-05-14,ADA5SUSDT_2025-05-14_klines_L2.csv,,,,ERROR
gateio,ADA5SUSDT,2025-05-14,ADA5SUSDT_2025-05-14_klines_market_ctx.csv,,,,ERROR
gateio,ADA5SUSDT,2025-05-14,ADA5SUSDT_2025-05-14_klines_trades.csv,,,,ERROR
gateio,ADA5SUSDT,2025-05-15,ADA5SUSDT_2025-05-15_klines.csv,56.58,160.33,extreme,PUMP
gateio,ADAPADUSDT,2025-07-28,ADAPADUSDT_2025-07-28_klines.csv,2.56,0.0,,VOLATILE_CONTROL
gateio,ADPUSDT,2025-11-19,ADPUSDT_2025-11-19_klines.csv,42.99,115.37,major,PUMP
gateio,ADPUSDT,2025-11-19,ADPUSDT_2025-11-19_klines_L2.csv,,,,ERROR
gateio,ADPUSDT,2025-11-19,ADPUSDT_2025-11-19_klines_market_ctx.csv,,,,ERROR
gateio,ADPUSDT,2025-11-19,ADPUSDT_2025-11-19_klines_trades.csv,,,,ERROR
gateio,AEROUSDT,2025-06-01,AEROUSDT_2025-06-01_klines.csv,7.86,193.32,micro,PUMP
gateio,AEROUSDT,2025-06-01,AEROUSDT_2025-06-01_klines_L2.csv,,,,ERROR
gateio,AEROUSDT,2025-06-01,AEROUSDT_2025-06-01_klines_market_ctx.csv,,,,ERROR
gateio,AEROUSDT,2025-06-01,AEROUSDT_2025-06-01_klines_trades.csv,,,,ERROR
gateio,AEUSDT,2025-07-10,AEUSDT_2025-07-10_klines.csv,16.98,125.88,small,PUMP
gateio,AEUSDT,2025-07-10,AEUSDT_2025-07-10_klines_L2.csv,,,,ERROR
gateio,AEUSDT,2025-07-10,AEUSDT_2025-07-10_klines_market_ctx.csv,,,,ERROR
gateio,AEUSDT,2025-07-10,AEUSDT_2025-07-10_klines_trades.csv,,,,ERROR
gateio,AEVOUSDT,2025-06-23,AEVOUSDT_2025-06-23_klines.csv,22.14,46.66,medium,PUMP
gateio,AEVOUSDT,2025-06-23,AEVOUSDT_2025-06-23_klines_L2.csv,,,,ERROR
gateio,AEVOUSDT,2025-06-23,AEVOUSDT_2025-06-23_klines_market_ctx.csv,,,,ERROR
gateio,AEVOUSDT,2025-06-23,AEVOUSDT_2025-06-23_klines_trades.csv,,,,ERROR
gateio,AFCUSDT,2025-07-10,AFCUSDT_2025-07-10_klines.csv,5.76,62.5,micro,PUMP
gateio,AFCUSDT,2025-07-10,AFCUSDT_2025-07-10_klines_L2.csv,,,,ERROR
gateio,AFCUSDT,2025-07-10,AFCUSDT_2025-07-10_klines_market_ctx.csv,,,,ERROR
gateio,AFCUSDT,2025-07-10,AFCUSDT_2025-07-10_klines_trades.csv,,,,ERROR
gateio,AGLDUSDT,2026-01-12,AGLDUSDT_2026-01-12_klines.csv,19.47,99.45,small,PUMP
gateio,AGLDUSDT,2026-01-12,AGLDUSDT_2026-01-12_klines_L2.csv,,,,ERROR
gateio,AGLDUSDT,2026-01-12,AGLDUSDT_2026-01-12_klines_market_ctx.csv,,,,ERROR
gateio,AGLDUSDT,2026-01-12,AGLDUSDT_2026-01-12_klines_trades.csv,,,,ERROR
gateio,AIAUSDT,2025-09-30,AIAUSDT_2025-09-30_klines.csv,869.22,43.7,extreme,PUMP
gateio,AIAUSDT,2025-09-30,AIAUSDT_2025-09-30_klines_L2.csv,,,,ERROR
gateio,AIAUSDT,2025-09-30,AIAUSDT_2025-09-30_klines_market_ctx.csv,,,,ERROR
gateio,AIAUSDT,2025-09-30,AIAUSDT_2025-09-30_klines_trades.csv,,,,ERROR
gateio,AICUSDT,2025-05-22,AICUSDT_2025-05-22_klines.csv,62.57,90.28,extreme,PUMP
gateio,AICUSDT,2025-05-22,AICUSDT_2025-05-22_klines_L2.csv,,,,ERROR
gateio,AICUSDT,2025-05-22,AICUSDT_2025-05-22_klines_market_ctx.csv,,,,ERROR
gateio,AICUSDT,2025-05-22,AICUSDT_2025-05-22_klines_trades.csv,,,,ERROR
gateio,AIDOGEUSDT,2025-06-22,AIDOGEUSDT_2025-06-22_klines.csv,58.86,19.86,,VOLATILE_CONTROL
gateio,AILUSDT,2025-06-12,AILUSDT_2025-06-12_klines.csv,50.63,66.17,extreme,PUMP
gateio,AILUSDT,2025-06-12,AILUSDT_2025-06-12_klines_L2.csv,,,,ERROR
gateio,AILUSDT,2025-06-12,AILUSDT_2025-06-12_klines_market_ctx.csv,,,,ERROR
gateio,AILUSDT,2025-06-12,AILUSDT_2025-06-12_klines_trades.csv,,,,ERROR
gateio,AINNUSDT,2025-05-09,AINNUSDT_2025-05-09_klines.csv,58.81,133.55,extreme,PUMP
gateio,AINNUSDT,2025-05-09,AINNUSDT_2025-05-09_klines_L2.csv,,,,ERROR
gateio,AINNUSDT,2025-05-09,AINNUSDT_2025-05-09_klines_market_ctx.csv,,,,ERROR
gateio,AINNUSDT,2025-05-09,AINNUSDT_2025-05-09_klines_trades.csv,,,,ERROR
gateio,AINNUSDT,2025-07-20,AINNUSDT_2025-07-20_klines.csv,4.52,0.0,,VOLATILE_CONTROL
gateio,AINUSDT,2025-07-05,AINUSDT_2025-07-05_klines.csv,1340.87,55.99,extreme,PUMP
gateio,AINUSDT,2025-07-05,AINUSDT_2025-07-05_klines_L2.csv,,,,ERROR
gateio,AINUSDT,2025-07-05,AINUSDT_2025-07-05_klines_market_ctx.csv,,,,ERROR
gateio,AINUSDT,2025-07-05,AINUSDT_2025-07-05_klines_trades.csv,,,,ERROR
gateio,AIOUSDT,2025-08-21,AIOUSDT_2025-08-21_klines.csv,12.54,82.81,small,PUMP
gateio,AIOUSDT,2025-08-21,AIOUSDT_2025-08-21_klines_L2.csv,,,,ERROR
gateio,AIOUSDT,2025-08-21,AIOUSDT_2025-08-21_klines_market_ctx.csv,,,,ERROR
gateio,AIOUSDT,2025-08-21,AIOUSDT_2025-08-21_klines_trades.csv,,,,ERROR
gateio,AIOZUSDT,2025-06-06,AIOZUSDT_2025-06-06_klines.csv,50.13,78.98,extreme,PUMP
gateio,AIOZUSDT,2025-06-06,AIOZUSDT_2025-06-06_klines_L2.csv,,,,ERROR
gateio,AIOZUSDT,2025-06-06,AIOZUSDT_2025-06-06_klines_market_ctx.csv,,,,ERROR
gateio,AIOZUSDT,2025-06-06,AIOZUSDT_2025-06-06_klines_trades.csv,,,,ERROR
gateio,AIPUMPUSDT,2025-05-09,AIPUMPUSDT_2025-05-09_klines.csv,14.5,440.88,small,PUMP
gateio,AIPUMPUSDT,2025-05-09,AIPUMPUSDT_2025-05-09_klines_L2.csv,,,,ERROR
gateio,AIPUMPUSDT,2025-05-09,AIPUMPUSDT_2025-05-09_klines_market_ctx.csv,,,,ERROR
gateio,AIPUMPUSDT,2025-05-09,AIPUMPUSDT_2025-05-09_klines_trades.csv,,,,ERROR
gateio,AIPUMPUSDT,2025-05-15,AIPUMPUSDT_2025-05-15_klines.csv,266.62,0.0,,VOLATILE_CONTROL
gateio,AIRDROPUSDT,2025-06-20,AIRDROPUSDT_2025-06-20_klines.csv,15.37,32.71,small,PUMP
gateio,AIRDROPUSDT,2025-06-20,AIRDROPUSDT_2025-06-20_klines_L2.csv,,,,ERROR
gateio,AIRDROPUSDT,2025-06-20,AIRDROPUSDT_2025-06-20_klines_market_ctx.csv,,,,ERROR
gateio,AIRDROPUSDT,2025-06-20,AIRDROPUSDT_2025-06-20_klines_trades.csv,,,,ERROR
gateio,AIRUSDT,2025-05-09,AIRUSDT_2025-05-09_klines.csv,1049.09,96.9,extreme,PUMP
gateio,AIRUSDT,2025-05-09,AIRUSDT_2025-05-09_klines_L2.csv,,,,ERROR
gateio,AIRUSDT,2025-05-09,AIRUSDT_2025-05-09_klines_market_ctx.csv,,,,ERROR
gateio,AIRUSDT,2025-05-09,AIRUSDT_2025-05-09_klines_trades.csv,,,,ERROR
gateio,AIRUSDT,2025-05-15,AIRUSDT_2025-05-15_klines.csv,984.42,99.66,extreme,PUMP
gateio,AIUSDT,2025-06-23,AIUSDT_2025-06-23_klines.csv,16.7,65.59,small,PUMP
gateio,AIUSDT,2025-06-23,AIUSDT_2025-06-23_klines_L2.csv,,,,ERROR
gateio,AIUSDT,2025-06-23,AIUSDT_2025-06-23_klines_market_ctx.csv,,,,ERROR
gateio,AIUSDT,2025-06-23,AIUSDT_2025-06-23_klines_trades.csv,,,,ERROR
gateio,AIX9USDT,2025-05-09,AIX9USDT_2025-05-09_klines.csv,59.81,51.59,extreme,PUMP
gateio,AIX9USDT,2025-05-09,AIX9USDT_2025-05-09_klines_L2.csv,,,,ERROR
gateio,AIX9USDT,2025-05-09,AIX9USDT_2025-05-09_klines_market_ctx.csv,,,,ERROR
gateio,AIX9USDT,2025-05-09,AIX9USDT_2025-05-09_klines_trades.csv,,,,ERROR
gateio,AIX9USDT,2025-06-15,AIX9USDT_2025-06-15_klines.csv,0.84,0.0,,VOLATILE_CONTROL
gateio,AIXBTUSDT,2025-05-18,AIXBTUSDT_2025-05-18_klines.csv,31.76,102.32,large,PUMP
gateio,AIXBTUSDT,2025-05-18,AIXBTUSDT_2025-05-18_klines_L2.csv,,,,ERROR
gateio,AIXBTUSDT,2025-05-18,AIXBTUSDT_2025-05-18_klines_market_ctx.csv,,,,ERROR
gateio,AIXBTUSDT,2025-05-18,AIXBTUSDT_2025-05-18_klines_trades.csv,,,,ERROR
gateio,AKEUSDT,2025-09-28,AKEUSDT_2025-09-28_klines.csv,51.54,110.77,extreme,PUMP
gateio,AKEUSDT,2025-09-28,AKEUSDT_2025-09-28_klines_L2.csv,,,,ERROR
gateio,AKEUSDT,2025-09-28,AKEUSDT_2025-09-28_klines_market_ctx.csv,,,,ERROR
gateio,AKEUSDT,2025-09-28,AKEUSDT_2025-09-28_klines_trades.csv,,,,ERROR
gateio,ALAUSDT,2025-06-11,ALAUSDT_2025-06-11_klines.csv,23.67,69.58,medium,PUMP
gateio,ALAUSDT,2025-06-11,ALAUSDT_2025-06-11_klines_L2.csv,,,,ERROR
gateio,ALAUSDT,2025-06-11,ALAUSDT_2025-06-11_klines_market_ctx.csv,,,,ERROR
gateio,ALAUSDT,2025-06-11,ALAUSDT_2025-06-11_klines_trades.csv,,,,ERROR
gateio,ALCHUSDT,2025-09-20,ALCHUSDT_2025-09-20_klines.csv,1.86,0.0,,VOLATILE_CONTROL
gateio,ALCXUSDT,2025-10-11,ALCXUSDT_2025-10-11_klines.csv,14.42,120.84,small,PUMP
gateio,ALCXUSDT,2025-10-11,ALCXUSDT_2025-10-11_klines_L2.csv,,,,ERROR
gateio,ALCXUSDT,2025-10-11,ALCXUSDT_2025-10-11_klines_market_ctx.csv,,,,ERROR
gateio,ALCXUSDT,2025-10-11,ALCXUSDT_2025-10-11_klines_trades.csv,,,,ERROR
gateio,ALDUSDT,2025-05-09,ALDUSDT_2025-05-09_klines.csv,36.97,44.37,large,PUMP
gateio,ALDUSDT,2025-05-09,ALDUSDT_2025-05-09_klines_L2.csv,,,,ERROR
gateio,ALDUSDT,2025-05-09,ALDUSDT_2025-05-09_klines_market_ctx.csv,,,,ERROR
gateio,ALDUSDT,2025-05-09,ALDUSDT_2025-05-09_klines_trades.csv,,,,ERROR
gateio,ALDUSDT,2025-06-01,ALDUSDT_2025-06-01_klines.csv,14.22,74.76,small,PUMP
gateio,ALEOUSDT,2025-07-04,ALEOUSDT_2025-07-04_klines.csv,11.66,167.82,small,PUMP
gateio,ALEOUSDT,2025-07-04,ALEOUSDT_2025-07-04_klines_L2.csv,,,,ERROR
gateio,ALEOUSDT,2025-07-04,ALEOUSDT_2025-07-04_klines_market_ctx.csv,,,,ERROR
gateio,ALEOUSDT,2025-07-04,ALEOUSDT_2025-07-04_klines_trades.csv,,,,ERROR
gateio,ALEPHUSDT,2025-05-31,ALEPHUSDT_2025-05-31_klines.csv,50.89,105.39,extreme,PUMP
gateio,ALEPHUSDT,2025-05-31,ALEPHUSDT_2025-05-31_klines_L2.csv,,,,ERROR
gateio,ALEPHUSDT,2025-05-31,ALEPHUSDT_2025-05-31_klines_market_ctx.csv,,,,ERROR
gateio,ALEPHUSDT,2025-05-31,ALEPHUSDT_2025-05-31_klines_trades.csv,,,,ERROR
gateio,ALEXUSDT,2025-07-14,ALEXUSDT_2025-07-14_klines.csv,52.47,0.0,,VOLATILE_CONTROL
gateio,ALICEUSDT,2025-09-21,ALICEUSDT_2025-09-21_klines.csv,2.07,0.0,,VOLATILE_CONTROL
gateio,ALIUSDT,2025-06-30,ALIUSDT_2025-06-30_klines.csv,2.42,0.0,,VOLATILE_CONTROL
gateio,ALKIMIUSDT,2025-08-28,ALKIMIUSDT_2025-08-28_klines.csv,50.42,139.73,extreme,PUMP
gateio,ALKIMIUSDT,2025-08-28,ALKIMIUSDT_2025-08-28_klines_L2.csv,,,,ERROR
gateio,ALKIMIUSDT,2025-08-28,ALKIMIUSDT_2025-08-28_klines_market_ctx.csv,,,,ERROR
gateio,ALKIMIUSDT,2025-08-28,ALKIMIUSDT_2025-08-28_klines_trades.csv,,,,ERROR
gateio,ALLOUSDT,2025-11-11,ALLOUSDT_2025-11-11_klines.csv,123.43,145.61,extreme,PUMP
gateio,ALLOUSDT,2025-11-11,ALLOUSDT_2025-11-11_klines_L2.csv,,,,ERROR
gateio,ALLOUSDT,2025-11-11,ALLOUSDT_2025-11-11_klines_market_ctx.csv,,,,ERROR
gateio,ALLOUSDT,2025-11-11,ALLOUSDT_2025-11-11_klines_trades.csv,,,,ERROR
gateio,ALMANAKUSDT,2025-12-11,ALMANAKUSDT_2025-12-11_klines.csv,115.18,177.09,extreme,PUMP
gateio,ALMANAKUSDT,2025-12-11,ALMANAKUSDT_2025-12-11_klines_L2.csv,,,,ERROR
gateio,ALMANAKUSDT,2025-12-11,ALMANAKUSDT_2025-12-11_klines_market_ctx.csv,,,,ERROR
gateio,ALMANAKUSDT,2025-12-11,ALMANAKUSDT_2025-12-11_klines_trades.csv,,,,ERROR
gateio,ALPHAUSDT,2025-07-01,ALPHAUSDT_2025-07-01_klines.csv,7.57,294.23,micro,PUMP
gateio,ALPHAUSDT,2025-07-01,ALPHAUSDT_2025-07-01_klines_L2.csv,,,,ERROR
gateio,ALPHAUSDT,2025-07-01,ALPHAUSDT_2025-07-01_klines_market_ctx.csv,,,,ERROR
gateio,ALPHAUSDT,2025-07-01,ALPHAUSDT_2025-07-01_klines_trades.csv,,,,ERROR
gateio,ALPINEUSDT,2025-05-09,ALPINEUSDT_2025-05-09_klines.csv,50.25,101.9,extreme,PUMP
gateio,ALPINEUSDT,2025-05-09,ALPINEUSDT_2025-05-09_klines_L2.csv,,,,ERROR
gateio,ALPINEUSDT,2025-05-09,ALPINEUSDT_2025-05-09_klines_market_ctx.csv,,,,ERROR
gateio,ALPINEUSDT,2025-05-09,ALPINEUSDT_2025-05-09_klines_trades.csv,,,,ERROR
gateio,ALPINEUSDT,2025-06-19,ALPINEUSDT_2025-06-19_klines.csv,3.77,0.0,,VOLATILE_CONTROL
gateio,ALTUSDT,2025-05-29,ALTUSDT_2025-05-29_klines.csv,4.86,0.0,,VOLATILE_CONTROL
gateio,ALUUSDT,2025-05-09,ALUUSDT_2025-05-09_klines.csv,53.25,84.79,extreme,PUMP
gateio,ALUUSDT,2025-05-09,ALUUSDT_2025-05-09_klines_L2.csv,,,,ERROR
gateio,ALUUSDT,2025-05-09,ALUUSDT_2025-05-09_klines_market_ctx.csv,,,,ERROR
gateio,ALUUSDT,2025-05-09,ALUUSDT_2025-05-09_klines_trades.csv,,,,ERROR
gateio,ALUUSDT,2025-07-02,ALUUSDT_2025-07-02_klines.csv,23.22,319.84,medium,PUMP
gateio,AMCUSDT,2025-05-15,AMCUSDT_2025-05-15_klines.csv,50.72,119.67,extreme,PUMP
gateio,AMPUSDT,2025-12-22,AMPUSDT_2025-12-22_klines.csv,3.88,0.0,,VOLATILE_CONTROL
gateio,AMUSDT,2025-07-08,AMUSDT_2025-07-08_klines.csv,15.9,94.07,small,PUMP
gateio,AMUSDT,2025-07-08,AMUSDT_2025-07-08_klines_L2.csv,,,,ERROR
gateio,AMUSDT,2025-07-08,AMUSDT_2025-07-08_klines_market_ctx.csv,,,,ERROR
gateio,AMUSDT,2025-07-08,AMUSDT_2025-07-08_klines_trades.csv,,,,ERROR
gateio,AMZN3LUSDT,2026-02-06,AMZN3LUSDT_2026-02-06_klines.csv,22.31,39.48,medium,PUMP
gateio,AMZN3LUSDT,2026-02-06,AMZN3LUSDT_2026-02-06_klines_L2.csv,,,,ERROR
gateio,AMZN3LUSDT,2026-02-06,AMZN3LUSDT_2026-02-06_klines_market_ctx.csv,,,,ERROR
gateio,AMZN3LUSDT,2026-02-06,AMZN3LUSDT_2026-02-06_klines_trades.csv,,,,ERROR
gateio,AMZN3SUSDT,2026-01-26,AMZN3SUSDT_2026-01-26_klines.csv,1.64,0.0,,VOLATILE_CONTROL
gateio,ANDYETHUSDT,2025-06-06,ANDYETHUSDT_2025-06-06_klines.csv,57.95,78.76,extreme,PUMP
gateio,ANDYETHUSDT,2025-06-06,ANDYETHUSDT_2025-06-06_klines_L2.csv,,,,ERROR
gateio,ANDYETHUSDT,2025-06-06,ANDYETHUSDT_2025-06-06_klines_market_ctx.csv,,,,ERROR
gateio,ANDYETHUSDT,2025-06-06,ANDYETHUSDT_2025-06-06_klines_trades.csv,,,,ERROR
gateio,ANIME3LUSDT,2025-06-09,ANIME3LUSDT_2025-06-09_klines.csv,79.36,201.07,extreme,PUMP
gateio,ANIME3LUSDT,2025-06-09,ANIME3LUSDT_2025-06-09_klines_L2.csv,,,,ERROR
gateio,ANIME3LUSDT,2025-06-09,ANIME3LUSDT_2025-06-09_klines_market_ctx.csv,,,,ERROR
gateio,ANIME3LUSDT,2025-06-09,ANIME3LUSDT_2025-06-09_klines_trades.csv,,,,ERROR
gateio,ANIME3SUSDT,2025-06-09,ANIME3SUSDT_2025-06-09_klines.csv,123.05,44.97,extreme,PUMP
gateio,ANIME3SUSDT,2025-06-09,ANIME3SUSDT_2025-06-09_klines_L2.csv,,,,ERROR
gateio,ANIME3SUSDT,2025-06-09,ANIME3SUSDT_2025-06-09_klines_market_ctx.csv,,,,ERROR
gateio,ANIME3SUSDT,2025-06-09,ANIME3SUSDT_2025-06-09_klines_trades.csv,,,,ERROR
gateio,ANIMEUSDT,2025-05-22,ANIMEUSDT_2025-05-22_klines.csv,31.89,83.33,large,PUMP
gateio,ANIMEUSDT,2025-05-22,ANIMEUSDT_2025-05-22_klines_L2.csv,,,,ERROR
gateio,ANIMEUSDT,2025-05-22,ANIMEUSDT_2025-05-22_klines_market_ctx.csv,,,,ERROR
gateio,ANIMEUSDT,2025-05-22,ANIMEUSDT_2025-05-22_klines_trades.csv,,,,ERROR
gateio,ANKRUSDT,2026-02-28,ANKRUSDT_2026-02-28_klines.csv,3.49,0.0,,VOLATILE_CONTROL
gateio,ANONUSDT,2025-05-09,ANONUSDT_2025-05-09_klines.csv,62.48,69.51,extreme,PUMP
gateio,ANONUSDT,2025-05-09,ANONUSDT_2025-05-09_klines_L2.csv,,,,ERROR
gateio,ANONUSDT,2025-05-09,ANONUSDT_2025-05-09_klines_market_ctx.csv,,,,ERROR
gateio,ANONUSDT,2025-05-09,ANONUSDT_2025-05-09_klines_trades.csv,,,,ERROR
gateio,ANONUSDT,2025-08-11,ANONUSDT_2025-08-11_klines.csv,7.24,240.44,micro,PUMP
gateio,AOGUSDT,2025-11-09,AOGUSDT_2025-11-09_klines.csv,9.13,33.13,micro,PUMP
gateio,AOGUSDT,2025-11-09,AOGUSDT_2025-11-09_klines_L2.csv,,,,ERROR
gateio,AOGUSDT,2025-11-09,AOGUSDT_2025-11-09_klines_market_ctx.csv,,,,ERROR
gateio,AOGUSDT,2025-11-09,AOGUSDT_2025-11-09_klines_trades.csv,,,,ERROR
gateio,AOUSDT,2025-05-22,AOUSDT_2025-05-22_klines.csv,56.54,70.5,extreme,PUMP
gateio,AOUSDT,2025-05-22,AOUSDT_2025-05-22_klines_L2.csv,,,,ERROR
gateio,AOUSDT,2025-05-22,AOUSDT_2025-05-22_klines_market_ctx.csv,,,,ERROR
gateio,AOUSDT,2025-05-22,AOUSDT_2025-05-22_klines_trades.csv,,,,ERROR
gateio,APE3LUSDT,2025-05-09,APE3LUSDT_2025-05-09_klines.csv,94.22,93.9,extreme,PUMP
gateio,APE3LUSDT,2025-05-09,APE3LUSDT_2025-05-09_klines_L2.csv,,,,ERROR
gateio,APE3LUSDT,2025-05-09,APE3LUSDT_2025-05-09_klines_market_ctx.csv,,,,ERROR
gateio,APE3LUSDT,2025-05-09,APE3LUSDT_2025-05-09_klines_trades.csv,,,,ERROR
gateio,APE3LUSDT,2025-05-17,APE3LUSDT_2025-05-17_klines.csv,62.08,86.68,extreme,PUMP
gateio,APE3SUSDT,2025-05-14,APE3SUSDT_2025-05-14_klines.csv,58.94,114.54,extreme,PUMP
gateio,APE3SUSDT,2025-05-14,APE3SUSDT_2025-05-14_klines_L2.csv,,,,ERROR
gateio,APE3SUSDT,2025-05-14,APE3SUSDT_2025-05-14_klines_market_ctx.csv,,,,ERROR
gateio,APE3SUSDT,2025-05-14,APE3SUSDT_2025-05-14_klines_trades.csv,,,,ERROR
gateio,APE3SUSDT,2025-05-29,APE3SUSDT_2025-05-29_klines.csv,57.68,160.19,extreme,PUMP
gateio,APEPEUSDT,2025-06-21,APEPEUSDT_2025-06-21_klines.csv,11.55,137.19,small,PUMP
gateio,APEPEUSDT,2025-06-21,APEPEUSDT_2025-06-21_klines_L2.csv,,,,ERROR
gateio,APEPEUSDT,2025-06-21,APEPEUSDT_2025-06-21_klines_market_ctx.csv,,,,ERROR
gateio,APEPEUSDT,2025-06-21,APEPEUSDT_2025-06-21_klines_trades.csv,,,,ERROR
gateio,APEUSDT,2026-04-06,APEUSDT_2026-04-06_klines.csv,6.82,0.0,,VOLATILE_CONTROL
gateio,API3USDT,2025-07-03,API3USDT_2025-07-03_klines.csv,12.77,27.08,,VOLATILE_CONTROL
gateio,APT3LUSDT,2025-05-18,APT3LUSDT_2025-05-18_klines.csv,57.0,112.06,extreme,PUMP
gateio,APT3LUSDT,2025-05-18,APT3LUSDT_2025-05-18_klines_L2.csv,,,,ERROR
gateio,APT3LUSDT,2025-05-18,APT3LUSDT_2025-05-18_klines_market_ctx.csv,,,,ERROR
gateio,APT3LUSDT,2025-05-18,APT3LUSDT_2025-05-18_klines_trades.csv,,,,ERROR
gateio,APT3SUSDT,2025-05-15,APT3SUSDT_2025-05-15_klines.csv,59.44,131.67,extreme,PUMP
gateio,APT5LUSDT,2025-05-13,APT5LUSDT_2025-05-13_klines.csv,54.91,214.01,extreme,PUMP
gateio,APT5LUSDT,2025-05-13,APT5LUSDT_2025-05-13_klines_L2.csv,,,,ERROR
gateio,APT5LUSDT,2025-05-13,APT5LUSDT_2025-05-13_klines_market_ctx.csv,,,,ERROR
gateio,APT5LUSDT,2025-05-13,APT5LUSDT_2025-05-13_klines_trades.csv,,,,ERROR
gateio,APT5LUSDT,2025-05-17,APT5LUSDT_2025-05-17_klines.csv,52.1,151.46,extreme,PUMP
gateio,APT5SUSDT,2025-05-13,APT5SUSDT_2025-05-13_klines.csv,53.08,85.84,extreme,PUMP
gateio,APT5SUSDT,2025-05-13,APT5SUSDT_2025-05-13_klines_L2.csv,,,,ERROR
gateio,APT5SUSDT,2025-05-13,APT5SUSDT_2025-05-13_klines_market_ctx.csv,,,,ERROR
gateio,APT5SUSDT,2025-05-13,APT5SUSDT_2025-05-13_klines_trades.csv,,,,ERROR
gateio,APT5SUSDT,2025-05-15,APT5SUSDT_2025-05-15_klines.csv,96.64,139.59,extreme,PUMP
gateio,APUUSDT,2025-05-09,APUUSDT_2025-05-09_klines.csv,66.93,79.96,extreme,PUMP
gateio,APUUSDT,2025-05-09,APUUSDT_2025-05-09_klines_L2.csv,,,,ERROR
gateio,APUUSDT,2025-05-09,APUUSDT_2025-05-09_klines_market_ctx.csv,,,,ERROR
gateio,APUUSDT,2025-05-09,APUUSDT_2025-05-09_klines_trades.csv,,,,ERROR
gateio,APUUSDT,2025-06-23,APUUSDT_2025-06-23_klines.csv,51.16,47.61,extreme,PUMP
gateio,APYSUSDT,2025-07-06,APYSUSDT_2025-07-06_klines.csv,7.72,97.3,micro,PUMP
gateio,APYSUSDT,2025-07-06,APYSUSDT_2025-07-06_klines_L2.csv,,,,ERROR
gateio,APYSUSDT,2025-07-06,APYSUSDT_2025-07-06_klines_market_ctx.csv,,,,ERROR
gateio,APYSUSDT,2025-07-06,APYSUSDT_2025-07-06_klines_trades.csv,,,,ERROR
gateio,AQAUSDT,2025-06-07,AQAUSDT_2025-06-07_klines.csv,66.05,77.77,extreme,PUMP
gateio,AQAUSDT,2025-06-07,AQAUSDT_2025-06-07_klines_L2.csv,,,,ERROR
gateio,AQAUSDT,2025-06-07,AQAUSDT_2025-06-07_klines_market_ctx.csv,,,,ERROR
gateio,AQAUSDT,2025-06-07,AQAUSDT_2025-06-07_klines_trades.csv,,,,ERROR
gateio,AR3LUSDT,2025-05-09,AR3LUSDT_2025-05-09_klines.csv,50.53,147.93,extreme,PUMP
gateio,AR3LUSDT,2025-05-09,AR3LUSDT_2025-05-09_klines_L2.csv,,,,ERROR
gateio,AR3LUSDT,2025-05-09,AR3LUSDT_2025-05-09_klines_market_ctx.csv,,,,ERROR
gateio,AR3LUSDT,2025-05-09,AR3LUSDT_2025-05-09_klines_trades.csv,,,,ERROR
gateio,AR3SUSDT,2025-05-13,AR3SUSDT_2025-05-13_klines.csv,36.91,97.48,large,PUMP
gateio,AR3SUSDT,2025-05-13,AR3SUSDT_2025-05-13_klines_L2.csv,,,,ERROR
gateio,AR3SUSDT,2025-05-13,AR3SUSDT_2025-05-13_klines_market_ctx.csv,,,,ERROR
gateio,AR3SUSDT,2025-05-13,AR3SUSDT_2025-05-13_klines_trades.csv,,,,ERROR
gateio,AR3SUSDT,2025-05-15,AR3SUSDT_2025-05-15_klines.csv,48.65,127.06,major,PUMP
gateio,ARB3LUSDT,2025-05-09,ARB3LUSDT_2025-05-09_klines.csv,137.49,101.22,extreme,PUMP
gateio,ARB3LUSDT,2025-05-09,ARB3LUSDT_2025-05-09_klines_L2.csv,,,,ERROR
gateio,ARB3LUSDT,2025-05-09,ARB3LUSDT_2025-05-09_klines_market_ctx.csv,,,,ERROR
gateio,ARB3LUSDT,2025-05-09,ARB3LUSDT_2025-05-09_klines_trades.csv,,,,ERROR
gateio,ARB3LUSDT,2025-05-18,ARB3LUSDT_2025-05-18_klines.csv,59.4,105.82,extreme,PUMP
gateio,ARB3SUSDT,2025-05-13,ARB3SUSDT_2025-05-13_klines.csv,40.31,95.41,major,PUMP
gateio,ARB3SUSDT,2025-05-13,ARB3SUSDT_2025-05-13_klines_L2.csv,,,,ERROR
gateio,ARB3SUSDT,2025-05-13,ARB3SUSDT_2025-05-13_klines_market_ctx.csv,,,,ERROR
gateio,ARB3SUSDT,2025-05-13,ARB3SUSDT_2025-05-13_klines_trades.csv,,,,ERROR
gateio,ARB3SUSDT,2025-05-15,ARB3SUSDT_2025-05-15_klines.csv,49.07,141.98,major,PUMP
gateio,ARC3LUSDT,2026-03-04,ARC3LUSDT_2026-03-04_klines.csv,65.11,101.02,extreme,PUMP
gateio,ARC3LUSDT,2026-03-04,ARC3LUSDT_2026-03-04_klines_L2.csv,,,,ERROR
gateio,ARC3LUSDT,2026-03-04,ARC3LUSDT_2026-03-04_klines_market_ctx.csv,,,,ERROR
gateio,ARC3LUSDT,2026-03-04,ARC3LUSDT_2026-03-04_klines_trades.csv,,,,ERROR
gateio,ARC3SUSDT,2026-03-05,ARC3SUSDT_2026-03-05_klines.csv,25.93,169.85,medium,PUMP
gateio,ARC3SUSDT,2026-03-05,ARC3SUSDT_2026-03-05_klines_L2.csv,,,,ERROR
gateio,ARC3SUSDT,2026-03-05,ARC3SUSDT_2026-03-05_klines_market_ctx.csv,,,,ERROR
gateio,ARC3SUSDT,2026-03-05,ARC3SUSDT_2026-03-05_klines_trades.csv,,,,ERROR
gateio,ARCHAIUSDT,2025-05-09,ARCHAIUSDT_2025-05-09_klines.csv,55.36,95.8,extreme,PUMP
gateio,ARCHAIUSDT,2025-05-09,ARCHAIUSDT_2025-05-09_klines_L2.csv,,,,ERROR
gateio,ARCHAIUSDT,2025-05-09,ARCHAIUSDT_2025-05-09_klines_market_ctx.csv,,,,ERROR
gateio,ARCHAIUSDT,2025-05-09,ARCHAIUSDT_2025-05-09_klines_trades.csv,,,,ERROR
gateio,ARCHAIUSDT,2025-07-12,ARCHAIUSDT_2025-07-12_klines.csv,55.01,15.07,,VOLATILE_CONTROL
gateio,ARCUSDT,2025-05-09,ARCUSDT_2025-05-09_klines.csv,61.85,116.33,extreme,PUMP
gateio,ARCUSDT,2025-05-09,ARCUSDT_2025-05-09_klines_L2.csv,,,,ERROR
gateio,ARCUSDT,2025-05-09,ARCUSDT_2025-05-09_klines_market_ctx.csv,,,,ERROR
gateio,ARCUSDT,2025-05-09,ARCUSDT_2025-05-09_klines_trades.csv,,,,ERROR
gateio,ARCUSDT,2025-06-23,ARCUSDT_2025-06-23_klines.csv,36.13,42.32,large,PUMP
gateio,ARGUSDT,2025-05-09,ARGUSDT_2025-05-09_klines.csv,66.32,36.7,extreme,PUMP
gateio,ARGUSDT,2025-05-09,ARGUSDT_2025-05-09_klines_L2.csv,,,,ERROR
gateio,ARGUSDT,2025-05-09,ARGUSDT_2025-05-09_klines_market_ctx.csv,,,,ERROR
gateio,ARGUSDT,2025-05-09,ARGUSDT_2025-05-09_klines_trades.csv,,,,ERROR
gateio,ARIAIPUSDT,2025-11-07,ARIAIPUSDT_2025-11-07_klines.csv,81.87,124.9,extreme,PUMP
gateio,ARIAIPUSDT,2025-11-07,ARIAIPUSDT_2025-11-07_klines_L2.csv,,,,ERROR
gateio,ARIAIPUSDT,2025-11-07,ARIAIPUSDT_2025-11-07_klines_market_ctx.csv,,,,ERROR
gateio,ARIAIPUSDT,2025-11-07,ARIAIPUSDT_2025-11-07_klines_trades.csv,,,,ERROR
gateio,ARIAUSDT,2025-08-21,ARIAUSDT_2025-08-21_klines.csv,840.0,0.0,,VOLATILE_CONTROL
gateio,ARKMUSDT,2025-09-02,ARKMUSDT_2025-09-02_klines.csv,53.84,41.6,extreme,PUMP
gateio,ARKMUSDT,2025-09-02,ARKMUSDT_2025-09-02_klines_L2.csv,,,,ERROR
gateio,ARKMUSDT,2025-09-02,ARKMUSDT_2025-09-02_klines_market_ctx.csv,,,,ERROR
gateio,ARKMUSDT,2025-09-02,ARKMUSDT_2025-09-02_klines_trades.csv,,,,ERROR
gateio,ARKUSDT,2025-06-24,ARKUSDT_2025-06-24_klines.csv,4.91,0.0,,VOLATILE_CONTROL
gateio,ARPAUSDT,2025-10-11,ARPAUSDT_2025-10-11_klines.csv,60.85,47.58,extreme,PUMP
gateio,ARPAUSDT,2025-10-11,ARPAUSDT_2025-10-11_klines_L2.csv,,,,ERROR
gateio,ARPAUSDT,2025-10-11,ARPAUSDT_2025-10-11_klines_market_ctx.csv,,,,ERROR
gateio,ARPAUSDT,2025-10-11,ARPAUSDT_2025-10-11_klines_trades.csv,,,,ERROR
gateio,ARRRUSDT,2025-07-26,ARRRUSDT_2025-07-26_klines.csv,11.04,124.85,small,PUMP
gateio,ARRRUSDT,2025-07-26,ARRRUSDT_2025-07-26_klines_L2.csv,,,,ERROR
gateio,ARRRUSDT,2025-07-26,ARRRUSDT_2025-07-26_klines_market_ctx.csv,,,,ERROR
gateio,ARRRUSDT,2025-07-26,ARRRUSDT_2025-07-26_klines_trades.csv,,,,ERROR
gateio,ARTFIUSDT,2025-06-04,ARTFIUSDT_2025-06-04_klines.csv,1.31,0.0,,VOLATILE_CONTROL
gateio,ARTUSDT,2025-09-09,ARTUSDT_2025-09-09_klines.csv,890.0,88.28,extreme,PUMP
gateio,ARTUSDT,2025-09-09,ARTUSDT_2025-09-09_klines_L2.csv,,,,ERROR
gateio,ARTUSDT,2025-09-09,ARTUSDT_2025-09-09_klines_market_ctx.csv,,,,ERROR
gateio,ARTUSDT,2025-09-09,ARTUSDT_2025-09-09_klines_trades.csv,,,,ERROR
gateio,ARTYUSDT,2025-06-03,ARTYUSDT_2025-06-03_klines.csv,53.78,62.06,extreme,PUMP
gateio,ARTYUSDT,2025-06-03,ARTYUSDT_2025-06-03_klines_L2.csv,,,,ERROR
gateio,ARTYUSDT,2025-06-03,ARTYUSDT_2025-06-03_klines_market_ctx.csv,,,,ERROR
gateio,ARTYUSDT,2025-06-03,ARTYUSDT_2025-06-03_klines_trades.csv,,,,ERROR
gateio,ARWUSDT,2025-07-02,ARWUSDT_2025-07-02_klines.csv,305.95,94.9,extreme,PUMP
gateio,ARWUSDT,2025-07-02,ARWUSDT_2025-07-02_klines_L2.csv,,,,ERROR
gateio,ARWUSDT,2025-07-02,ARWUSDT_2025-07-02_klines_market_ctx.csv,,,,ERROR
gateio,ARWUSDT,2025-07-02,ARWUSDT_2025-07-02_klines_trades.csv,,,,ERROR
gateio,ASIUSDT,2025-05-09,ASIUSDT_2025-05-09_klines.csv,28.19,159.59,medium,PUMP
gateio,ASIUSDT,2025-05-09,ASIUSDT_2025-05-09_klines_L2.csv,,,,ERROR
gateio,ASIUSDT,2025-05-09,ASIUSDT_2025-05-09_klines_market_ctx.csv,,,,ERROR
gateio,ASIUSDT,2025-05-09,ASIUSDT_2025-05-09_klines_trades.csv,,,,ERROR
gateio,ASIUSDT,2025-05-15,ASIUSDT_2025-05-15_klines.csv,69.29,71.95,extreme,PUMP
gateio,ASKUSDT,2025-05-28,ASKUSDT_2025-05-28_klines.csv,57.2,124.33,extreme,PUMP
gateio,ASKUSDT,2025-05-28,ASKUSDT_2025-05-28_klines_L2.csv,,,,ERROR
gateio,ASKUSDT,2025-05-28,ASKUSDT_2025-05-28_klines_market_ctx.csv,,,,ERROR
gateio,ASKUSDT,2025-05-28,ASKUSDT_2025-05-28_klines_trades.csv,,,,ERROR
gateio,ASMUSDT,2025-06-30,ASMUSDT_2025-06-30_klines.csv,8.91,300.73,micro,PUMP
gateio,ASMUSDT,2025-06-30,ASMUSDT_2025-06-30_klines_L2.csv,,,,ERROR
gateio,ASMUSDT,2025-06-30,ASMUSDT_2025-06-30_klines_market_ctx.csv,,,,ERROR
gateio,ASMUSDT,2025-06-30,ASMUSDT_2025-06-30_klines_trades.csv,,,,ERROR
gateio,ASPUSDT,2025-08-31,ASPUSDT_2025-08-31_klines.csv,5.81,203.57,micro,PUMP
gateio,ASPUSDT,2025-08-31,ASPUSDT_2025-08-31_klines_L2.csv,,,,ERROR
gateio,ASPUSDT,2025-08-31,ASPUSDT_2025-08-31_klines_market_ctx.csv,,,,ERROR
gateio,ASPUSDT,2025-08-31,ASPUSDT_2025-08-31_klines_trades.csv,,,,ERROR
gateio,ASRUSDT,2025-07-09,ASRUSDT_2025-07-09_klines.csv,2.04,0.0,,VOLATILE_CONTROL
gateio,ASTER3LUSDT,2025-10-30,ASTER3LUSDT_2025-10-30_klines.csv,64.12,199.29,extreme,PUMP
gateio,ASTER3LUSDT,2025-10-30,ASTER3LUSDT_2025-10-30_klines_L2.csv,,,,ERROR
gateio,ASTER3LUSDT,2025-10-30,ASTER3LUSDT_2025-10-30_klines_market_ctx.csv,,,,ERROR
gateio,ASTER3LUSDT,2025-10-30,ASTER3LUSDT_2025-10-30_klines_trades.csv,,,,ERROR
gateio,ASTER3SUSDT,2025-10-30,ASTER3SUSDT_2025-10-30_klines.csv,51.76,236.8,extreme,PUMP
gateio,ASTER3SUSDT,2025-10-30,ASTER3SUSDT_2025-10-30_klines_L2.csv,,,,ERROR
gateio,ASTER3SUSDT,2025-10-30,ASTER3SUSDT_2025-10-30_klines_market_ctx.csv,,,,ERROR
gateio,ASTER3SUSDT,2025-10-30,ASTER3SUSDT_2025-10-30_klines_trades.csv,,,,ERROR
gateio,ASTERUSDT,2025-09-19,ASTERUSDT_2025-09-19_klines.csv,252.5,36.99,extreme,PUMP
gateio,ASTERUSDT,2025-09-19,ASTERUSDT_2025-09-19_klines_L2.csv,,,,ERROR
gateio,ASTERUSDT,2025-09-19,ASTERUSDT_2025-09-19_klines_market_ctx.csv,,,,ERROR
gateio,ASTERUSDT,2025-09-19,ASTERUSDT_2025-09-19_klines_trades.csv,,,,ERROR
gateio,ATAUSDT,2026-03-31,ATAUSDT_2026-03-31_klines.csv,0.97,0.0,,VOLATILE_CONTROL
gateio,ATEAMUSDT,2025-06-27,ATEAMUSDT_2025-06-27_klines.csv,18.15,84.76,small,PUMP
gateio,ATEAMUSDT,2025-06-27,ATEAMUSDT_2025-06-27_klines_L2.csv,,,,ERROR
gateio,ATEAMUSDT,2025-06-27,ATEAMUSDT_2025-06-27_klines_market_ctx.csv,,,,ERROR
gateio,ATEAMUSDT,2025-06-27,ATEAMUSDT_2025-06-27_klines_trades.csv,,,,ERROR
gateio,ATHUSDT,2025-05-09,ATHUSDT_2025-05-09_klines.csv,61.95,46.7,extreme,PUMP
gateio,ATHUSDT,2025-05-09,ATHUSDT_2025-05-09_klines_L2.csv,,,,ERROR
gateio,ATHUSDT,2025-05-09,ATHUSDT_2025-05-09_klines_market_ctx.csv,,,,ERROR
gateio,ATHUSDT,2025-05-09,ATHUSDT_2025-05-09_klines_trades.csv,,,,ERROR
gateio,ATHUSDT,2025-08-21,ATHUSDT_2025-08-21_klines.csv,4.1,0.0,,VOLATILE_CONTROL
gateio,ATLASUSDT,2025-07-01,ATLASUSDT_2025-07-01_klines.csv,7.91,183.88,micro,PUMP
gateio,ATLASUSDT,2025-07-01,ATLASUSDT_2025-07-01_klines_L2.csv,,,,ERROR
gateio,ATLASUSDT,2025-07-01,ATLASUSDT_2025-07-01_klines_market_ctx.csv,,,,ERROR
gateio,ATLASUSDT,2025-07-01,ATLASUSDT_2025-07-01_klines_trades.csv,,,,ERROR
gateio,ATMUSDT,2025-07-10,ATMUSDT_2025-07-10_klines.csv,11.08,91.52,small,PUMP
gateio,ATMUSDT,2025-07-10,ATMUSDT_2025-07-10_klines_L2.csv,,,,ERROR
gateio,ATMUSDT,2025-07-10,ATMUSDT_2025-07-10_klines_market_ctx.csv,,,,ERROR
gateio,ATMUSDT,2025-07-10,ATMUSDT_2025-07-10_klines_trades.csv,,,,ERROR
gateio,ATOM3LUSDT,2025-05-09,ATOM3LUSDT_2025-05-09_klines.csv,69.17,91.64,extreme,PUMP
gateio,ATOM3LUSDT,2025-05-09,ATOM3LUSDT_2025-05-09_klines_L2.csv,,,,ERROR
gateio,ATOM3LUSDT,2025-05-09,ATOM3LUSDT_2025-05-09_klines_market_ctx.csv,,,,ERROR
gateio,ATOM3LUSDT,2025-05-09,ATOM3LUSDT_2025-05-09_klines_trades.csv,,,,ERROR
gateio,ATOM3SUSDT,2025-05-13,ATOM3SUSDT_2025-05-13_klines.csv,34.04,100.42,large,PUMP
gateio,ATOM3SUSDT,2025-05-13,ATOM3SUSDT_2025-05-13_klines_L2.csv,,,,ERROR
gateio,ATOM3SUSDT,2025-05-13,ATOM3SUSDT_2025-05-13_klines_market_ctx.csv,,,,ERROR
gateio,ATOM3SUSDT,2025-05-13,ATOM3SUSDT_2025-05-13_klines_trades.csv,,,,ERROR
gateio,ATOM3SUSDT,2025-05-19,ATOM3SUSDT_2025-05-19_klines.csv,18.4,228.27,small,PUMP
gateio,ATOZUSDT,2025-05-22,ATOZUSDT_2025-05-22_klines.csv,23.39,98.22,medium,PUMP
gateio,ATOZUSDT,2025-05-22,ATOZUSDT_2025-05-22_klines_L2.csv,,,,ERROR
gateio,ATOZUSDT,2025-05-22,ATOZUSDT_2025-05-22_klines_market_ctx.csv,,,,ERROR
gateio,ATOZUSDT,2025-05-22,ATOZUSDT_2025-05-22_klines_trades.csv,,,,ERROR
gateio,ATUSDT,2025-10-28,ATUSDT_2025-10-28_klines.csv,58.46,113.72,extreme,PUMP
gateio,ATUSDT,2025-10-28,ATUSDT_2025-10-28_klines_L2.csv,,,,ERROR
gateio,ATUSDT,2025-10-28,ATUSDT_2025-10-28_klines_market_ctx.csv,,,,ERROR
gateio,ATUSDT,2025-10-28,ATUSDT_2025-10-28_klines_trades.csv,,,,ERROR
gateio,AUCTIONUSDT,2025-06-25,AUCTIONUSDT_2025-06-25_klines.csv,1.06,0.0,,VOLATILE_CONTROL
gateio,AUDIOUSDT,2026-03-30,AUDIOUSDT_2026-03-30_klines.csv,4.93,0.0,,VOLATILE_CONTROL
gateio,AURAUSDT,2025-05-16,AURAUSDT_2025-05-16_klines.csv,20.17,9.13,,VOLATILE_CONTROL
gateio,AURORAUSDT,2025-08-09,AURORAUSDT_2025-08-09_klines.csv,3.06,0.0,,VOLATILE_CONTROL
gateio,AUSDT,2025-05-28,AUSDT_2025-05-28_klines.csv,2.21,0.0,,VOLATILE_CONTROL
gateio,AVAAIUSDT,2025-05-20,AVAAIUSDT_2025-05-20_klines.csv,53.5,136.25,extreme,PUMP
gateio,AVAAIUSDT,2025-05-20,AVAAIUSDT_2025-05-20_klines_L2.csv,,,,ERROR
gateio,AVAAIUSDT,2025-05-20,AVAAIUSDT_2025-05-20_klines_market_ctx.csv,,,,ERROR
gateio,AVAAIUSDT,2025-05-20,AVAAIUSDT_2025-05-20_klines_trades.csv,,,,ERROR
gateio,AVAILUSDT,2025-08-27,AVAILUSDT_2025-08-27_klines.csv,22.56,143.36,medium,PUMP
gateio,AVAILUSDT,2025-08-27,AVAILUSDT_2025-08-27_klines_L2.csv,,,,ERROR
gateio,AVAILUSDT,2025-08-27,AVAILUSDT_2025-08-27_klines_market_ctx.csv,,,,ERROR
gateio,AVAILUSDT,2025-08-27,AVAILUSDT_2025-08-27_klines_trades.csv,,,,ERROR
gateio,AVAUSDT,2025-10-11,AVAUSDT_2025-10-11_klines.csv,37.13,76.08,large,PUMP
gateio,AVAUSDT,2025-10-11,AVAUSDT_2025-10-11_klines_L2.csv,,,,ERROR
gateio,AVAUSDT,2025-10-11,AVAUSDT_2025-10-11_klines_market_ctx.csv,,,,ERROR
gateio,AVAUSDT,2025-10-11,AVAUSDT_2025-10-11_klines_trades.csv,,,,ERROR
gateio,AVAX3LUSDT,2025-05-09,AVAX3LUSDT_2025-05-09_klines.csv,67.35,105.36,extreme,PUMP
gateio,AVAX3LUSDT,2025-05-09,AVAX3LUSDT_2025-05-09_klines_L2.csv,,,,ERROR
gateio,AVAX3LUSDT,2025-05-09,AVAX3LUSDT_2025-05-09_klines_market_ctx.csv,,,,ERROR
gateio,AVAX3LUSDT,2025-05-09,AVAX3LUSDT_2025-05-09_klines_trades.csv,,,,ERROR
gateio,AVAX3LUSDT,2025-05-18,AVAX3LUSDT_2025-05-18_klines.csv,50.56,114.62,extreme,PUMP
gateio,AVAX3SUSDT,2025-05-14,AVAX3SUSDT_2025-05-14_klines.csv,52.89,87.01,extreme,PUMP
gateio,AVAX3SUSDT,2025-05-14,AVAX3SUSDT_2025-05-14_klines_L2.csv,,,,ERROR
gateio,AVAX3SUSDT,2025-05-14,AVAX3SUSDT_2025-05-14_klines_market_ctx.csv,,,,ERROR
gateio,AVAX3SUSDT,2025-05-14,AVAX3SUSDT_2025-05-14_klines_trades.csv,,,,ERROR
gateio,AVAX3SUSDT,2025-05-15,AVAX3SUSDT_2025-05-15_klines.csv,40.22,155.06,major,PUMP
gateio,AVAX5LUSDT,2025-05-18,AVAX5LUSDT_2025-05-18_klines.csv,78.39,130.07,extreme,PUMP
gateio,AVAX5LUSDT,2025-05-18,AVAX5LUSDT_2025-05-18_klines_L2.csv,,,,ERROR
gateio,AVAX5LUSDT,2025-05-18,AVAX5LUSDT_2025-05-18_klines_market_ctx.csv,,,,ERROR
gateio,AVAX5LUSDT,2025-05-18,AVAX5LUSDT_2025-05-18_klines_trades.csv,,,,ERROR
gateio,AVAX5SUSDT,2025-05-14,AVAX5SUSDT_2025-05-14_klines.csv,102.45,93.89,extreme,PUMP
gateio,AVAX5SUSDT,2025-05-14,AVAX5SUSDT_2025-05-14_klines_L2.csv,,,,ERROR
gateio,AVAX5SUSDT,2025-05-14,AVAX5SUSDT_2025-05-14_klines_market_ctx.csv,,,,ERROR
gateio,AVAX5SUSDT,2025-05-14,AVAX5SUSDT_2025-05-14_klines_trades.csv,,,,ERROR
gateio,AVAX5SUSDT,2025-05-15,AVAX5SUSDT_2025-05-15_klines.csv,71.31,158.43,extreme,PUMP
gateio,AVCUSDT,2025-06-07,AVCUSDT_2025-06-07_klines.csv,9.19,173.62,micro,PUMP
gateio,AVCUSDT,2025-06-07,AVCUSDT_2025-06-07_klines_L2.csv,,,,ERROR
gateio,AVCUSDT,2025-06-07,AVCUSDT_2025-06-07_klines_market_ctx.csv,,,,ERROR
gateio,AVCUSDT,2025-06-07,AVCUSDT_2025-06-07_klines_trades.csv,,,,ERROR
gateio,AVLUSDT,2025-07-02,AVLUSDT_2025-07-02_klines.csv,7.79,162.5,micro,PUMP
gateio,AVLUSDT,2025-07-02,AVLUSDT_2025-07-02_klines_L2.csv,,,,ERROR
gateio,AVLUSDT,2025-07-02,AVLUSDT_2025-07-02_klines_market_ctx.csv,,,,ERROR
gateio,AVLUSDT,2025-07-02,AVLUSDT_2025-07-02_klines_trades.csv,,,,ERROR
gateio,AVNTUSDT,2025-09-09,AVNTUSDT_2025-09-09_klines.csv,3068.26,43.42,extreme,PUMP
gateio,AVNTUSDT,2025-09-09,AVNTUSDT_2025-09-09_klines_L2.csv,,,,ERROR
gateio,AVNTUSDT,2025-09-09,AVNTUSDT_2025-09-09_klines_market_ctx.csv,,,,ERROR
gateio,AVNTUSDT,2025-09-09,AVNTUSDT_2025-09-09_klines_trades.csv,,,,ERROR
gateio,AVTUSDT,2025-06-30,AVTUSDT_2025-06-30_klines.csv,2.38,0.0,,VOLATILE_CONTROL
gateio,AWEUSDT,2025-06-14,AWEUSDT_2025-06-14_klines.csv,4.68,0.0,,VOLATILE_CONTROL
gateio,AWSUSDT,2025-05-14,AWSUSDT_2025-05-14_klines.csv,14.93,343.96,small,PUMP
gateio,AWSUSDT,2025-05-14,AWSUSDT_2025-05-14_klines_L2.csv,,,,ERROR
gateio,AWSUSDT,2025-05-14,AWSUSDT_2025-05-14_klines_market_ctx.csv,,,,ERROR
gateio,AWSUSDT,2025-05-14,AWSUSDT_2025-05-14_klines_trades.csv,,,,ERROR
gateio,AWSUSDT,2025-05-15,AWSUSDT_2025-05-15_klines.csv,4.79,0.0,,VOLATILE_CONTROL
gateio,AXS5LUSDT,2025-05-09,AXS5LUSDT_2025-05-09_klines.csv,256.56,100.88,extreme,PUMP
gateio,AXS5LUSDT,2025-05-09,AXS5LUSDT_2025-05-09_klines_L2.csv,,,,ERROR
gateio,AXS5LUSDT,2025-05-09,AXS5LUSDT_2025-05-09_klines_market_ctx.csv,,,,ERROR
gateio,AXS5LUSDT,2025-05-09,AXS5LUSDT_2025-05-09_klines_trades.csv,,,,ERROR
gateio,AXS5LUSDT,2025-05-31,AXS5LUSDT_2025-05-31_klines.csv,38.25,208.24,large,PUMP
gateio,AXSUSDT,2025-12-27,AXSUSDT_2025-12-27_klines.csv,18.04,47.76,small,PUMP
gateio,AXSUSDT,2025-12-27,AXSUSDT_2025-12-27_klines_L2.csv,,,,ERROR
gateio,AXSUSDT,2025-12-27,AXSUSDT_2025-12-27_klines_market_ctx.csv,,,,ERROR
gateio,AXSUSDT,2025-12-27,AXSUSDT_2025-12-27_klines_trades.csv,,,,ERROR
gateio,AZNXUSDT,2025-09-19,AZNXUSDT_2025-09-19_klines.csv,1.1,0.0,,VOLATILE_CONTROL
gateio,AZTECUSDT,2026-02-12,AZTECUSDT_2026-02-12_klines.csv,24.65,98.36,medium,PUMP
gateio,AZTECUSDT,2026-02-12,AZTECUSDT_2026-02-12_klines_L2.csv,,,,ERROR
gateio,AZTECUSDT,2026-02-12,AZTECUSDT_2026-02-12_klines_market_ctx.csv,,,,ERROR
gateio,AZTECUSDT,2026-02-12,AZTECUSDT_2026-02-12_klines_trades.csv,,,,ERROR
gateio,AZURUSDT,2025-08-15,AZURUSDT_2025-08-15_klines.csv,40.83,101.08,major,PUMP
gateio,AZURUSDT,2025-08-15,AZURUSDT_2025-08-15_klines_L2.csv,,,,ERROR
gateio,AZURUSDT,2025-08-15,AZURUSDT_2025-08-15_klines_market_ctx.csv,,,,ERROR
gateio,AZURUSDT,2025-08-15,AZURUSDT_2025-08-15_klines_trades.csv,,,,ERROR
gateio,B2USDT,2025-06-13,B2USDT_2025-06-13_klines.csv,0.69,0.0,,VOLATILE_CONTROL
gateio,B3USDT,2025-10-11,B3USDT_2025-10-11_klines.csv,32.19,79.62,large,PUMP
gateio,B3USDT,2025-10-11,B3USDT_2025-10-11_klines_L2.csv,,,,ERROR
gateio,B3USDT,2025-10-11,B3USDT_2025-10-11_klines_market_ctx.csv,,,,ERROR
gateio,B3USDT,2025-10-11,B3USDT_2025-10-11_klines_trades.csv,,,,ERROR
gateio,B3XUSDT,2025-05-14,B3XUSDT_2025-05-14_klines.csv,20.53,38.1,medium,PUMP
gateio,B3XUSDT,2025-05-14,B3XUSDT_2025-05-14_klines_L2.csv,,,,ERROR
gateio,B3XUSDT,2025-05-14,B3XUSDT_2025-05-14_klines_market_ctx.csv,,,,ERROR
gateio,B3XUSDT,2025-05-14,B3XUSDT_2025-05-14_klines_trades.csv,,,,ERROR
gateio,B3XUSDT,2025-05-16,B3XUSDT_2025-05-16_klines.csv,50.82,69.5,extreme,PUMP
gateio,BABA3LUSDT,2026-01-27,BABA3LUSDT_2026-01-27_klines.csv,14.73,252.45,small,PUMP
gateio,BABA3LUSDT,2026-01-27,BABA3LUSDT_2026-01-27_klines_L2.csv,,,,ERROR
gateio,BABA3LUSDT,2026-01-27,BABA3LUSDT_2026-01-27_klines_market_ctx.csv,,,,ERROR
gateio,BABA3LUSDT,2026-01-27,BABA3LUSDT_2026-01-27_klines_trades.csv,,,,ERROR
gateio,BABA3SUSDT,2026-01-27,BABA3SUSDT_2026-01-27_klines.csv,38713.82,99.99,extreme,PUMP
gateio,BABA3SUSDT,2026-01-27,BABA3SUSDT_2026-01-27_klines_L2.csv,,,,ERROR
gateio,BABA3SUSDT,2026-01-27,BABA3SUSDT_2026-01-27_klines_market_ctx.csv,,,,ERROR
gateio,BABA3SUSDT,2026-01-27,BABA3SUSDT_2026-01-27_klines_trades.csv,,,,ERROR
gateio,BABIUSDT,2025-05-17,BABIUSDT_2025-05-17_klines.csv,7.73,297.47,micro,PUMP
gateio,BABIUSDT,2025-05-17,BABIUSDT_2025-05-17_klines_L2.csv,,,,ERROR
gateio,BABIUSDT,2025-05-17,BABIUSDT_2025-05-17_klines_market_ctx.csv,,,,ERROR
gateio,BABIUSDT,2025-05-17,BABIUSDT_2025-05-17_klines_trades.csv,,,,ERROR
gateio,BABYDOGEUSDT,2025-05-09,BABYDOGEUSDT_2025-05-09_klines.csv,51.38,77.72,extreme,PUMP
gateio,BABYDOGEUSDT,2025-05-09,BABYDOGEUSDT_2025-05-09_klines_L2.csv,,,,ERROR
gateio,BABYDOGEUSDT,2025-05-09,BABYDOGEUSDT_2025-05-09_klines_market_ctx.csv,,,,ERROR
gateio,BABYDOGEUSDT,2025-05-09,BABYDOGEUSDT_2025-05-09_klines_trades.csv,,,,ERROR
gateio,BABYUSDT,2025-07-22,BABYUSDT_2025-07-22_klines.csv,22.48,115.86,medium,PUMP
gateio,BABYUSDT,2025-07-22,BABYUSDT_2025-07-22_klines_L2.csv,,,,ERROR
gateio,BABYUSDT,2025-07-22,BABYUSDT_2025-07-22_klines_market_ctx.csv,,,,ERROR
gateio,BABYUSDT,2025-07-22,BABYUSDT_2025-07-22_klines_trades.csv,,,,ERROR
gateio,BACUSDT,2025-05-15,BACUSDT_2025-05-15_klines.csv,71.64,107.19,extreme,PUMP
gateio,BADGERUSDT,2026-02-06,BADGERUSDT_2026-02-06_klines.csv,56.57,76.56,extreme,PUMP
gateio,BADGERUSDT,2026-02-06,BADGERUSDT_2026-02-06_klines_L2.csv,,,,ERROR
gateio,BADGERUSDT,2026-02-06,BADGERUSDT_2026-02-06_klines_market_ctx.csv,,,,ERROR
gateio,BADGERUSDT,2026-02-06,BADGERUSDT_2026-02-06_klines_trades.csv,,,,ERROR
gateio,BADUSDT,2025-06-06,BADUSDT_2025-06-06_klines.csv,11.91,101.32,small,PUMP
gateio,BADUSDT,2025-06-06,BADUSDT_2025-06-06_klines_L2.csv,,,,ERROR
gateio,BADUSDT,2025-06-06,BADUSDT_2025-06-06_klines_market_ctx.csv,,,,ERROR
gateio,BADUSDT,2025-06-06,BADUSDT_2025-06-06_klines_trades.csv,,,,ERROR
gateio,BALLUSDT,2025-05-09,BALLUSDT_2025-05-09_klines.csv,77.57,58.88,extreme,PUMP
gateio,BALLUSDT,2025-05-09,BALLUSDT_2025-05-09_klines_L2.csv,,,,ERROR
gateio,BALLUSDT,2025-05-09,BALLUSDT_2025-05-09_klines_market_ctx.csv,,,,ERROR
gateio,BALLUSDT,2025-05-09,BALLUSDT_2025-05-09_klines_trades.csv,,,,ERROR
gateio,BALLUSDT,2025-05-15,BALLUSDT_2025-05-15_klines.csv,57.63,91.96,extreme,PUMP
gateio,BALUSDT,2025-07-03,BALUSDT_2025-07-03_klines.csv,13.82,29.03,,VOLATILE_CONTROL
gateio,BANANAS31USDT,2025-06-08,BANANAS31USDT_2025-06-08_klines.csv,7.67,124.78,micro,PUMP
gateio,BANANAS31USDT,2025-06-08,BANANAS31USDT_2025-06-08_klines_L2.csv,,,,ERROR
gateio,BANANAS31USDT,2025-06-08,BANANAS31USDT_2025-06-08_klines_market_ctx.csv,,,,ERROR
gateio,BANANAS31USDT,2025-06-08,BANANAS31USDT_2025-06-08_klines_trades.csv,,,,ERROR
gateio,BANANAUSDT,2025-06-26,BANANAUSDT_2025-06-26_klines.csv,12.64,60.58,small,PUMP
gateio,BANANAUSDT,2025-06-26,BANANAUSDT_2025-06-26_klines_L2.csv,,,,ERROR
gateio,BANANAUSDT,2025-06-26,BANANAUSDT_2025-06-26_klines_market_ctx.csv,,,,ERROR
gateio,BANANAUSDT,2025-06-26,BANANAUSDT_2025-06-26_klines_trades.csv,,,,ERROR
gateio,BANDUSDT,2025-08-04,BANDUSDT_2025-08-04_klines.csv,20.03,58.49,medium,PUMP
gateio,BANDUSDT,2025-08-04,BANDUSDT_2025-08-04_klines_L2.csv,,,,ERROR
gateio,BANDUSDT,2025-08-04,BANDUSDT_2025-08-04_klines_market_ctx.csv,,,,ERROR
gateio,BANDUSDT,2025-08-04,BANDUSDT_2025-08-04_klines_trades.csv,,,,ERROR
gateio,BARDUSDT,2025-09-20,BARDUSDT_2025-09-20_klines.csv,64.88,87.55,extreme,PUMP
gateio,BARDUSDT,2025-09-20,BARDUSDT_2025-09-20_klines_L2.csv,,,,ERROR
gateio,BARDUSDT,2025-09-20,BARDUSDT_2025-09-20_klines_market_ctx.csv,,,,ERROR
gateio,BARDUSDT,2025-09-20,BARDUSDT_2025-09-20_klines_trades.csv,,,,ERROR
gateio,BARSIKUSDT,2025-05-09,BARSIKUSDT_2025-05-09_klines.csv,82.51,97.98,extreme,PUMP
gateio,BARSIKUSDT,2025-05-09,BARSIKUSDT_2025-05-09_klines_L2.csv,,,,ERROR
gateio,BARSIKUSDT,2025-05-09,BARSIKUSDT_2025-05-09_klines_market_ctx.csv,,,,ERROR
gateio,BARSIKUSDT,2025-05-09,BARSIKUSDT_2025-05-09_klines_trades.csv,,,,ERROR
gateio,BARSIKUSDT,2025-05-15,BARSIKUSDT_2025-05-15_klines.csv,72.96,0.0,,VOLATILE_CONTROL
gateio,BASUSDT,2025-09-23,BASUSDT_2025-09-23_klines.csv,14.15,107.17,small,PUMP
gateio,BASUSDT,2025-09-23,BASUSDT_2025-09-23_klines_L2.csv,,,,ERROR
gateio,BASUSDT,2025-09-23,BASUSDT_2025-09-23_klines_market_ctx.csv,,,,ERROR
gateio,BASUSDT,2025-09-23,BASUSDT_2025-09-23_klines_trades.csv,,,,ERROR
gateio,BATCHUSDT,2025-05-09,BATCHUSDT_2025-05-09_klines.csv,97.62,108.97,extreme,PUMP
gateio,BATCHUSDT,2025-05-09,BATCHUSDT_2025-05-09_klines_L2.csv,,,,ERROR
gateio,BATCHUSDT,2025-05-09,BATCHUSDT_2025-05-09_klines_market_ctx.csv,,,,ERROR
gateio,BATCHUSDT,2025-05-09,BATCHUSDT_2025-05-09_klines_trades.csv,,,,ERROR
gateio,BATCHUSDT,2025-05-15,BATCHUSDT_2025-05-15_klines.csv,492.67,89.05,extreme,PUMP
gateio,BATUSDT,2025-09-25,BATUSDT_2025-09-25_klines.csv,5.98,34.09,micro,PUMP
gateio,BATUSDT,2025-09-25,BATUSDT_2025-09-25_klines_L2.csv,,,,ERROR
gateio,BATUSDT,2025-09-25,BATUSDT_2025-09-25_klines_market_ctx.csv,,,,ERROR
gateio,BATUSDT,2025-09-25,BATUSDT_2025-09-25_klines_trades.csv,,,,ERROR
gateio,BBTUSDT,2025-05-15,BBTUSDT_2025-05-15_klines.csv,133.85,55.88,extreme,PUMP
gateio,BBUSDT,2025-06-23,BBUSDT_2025-06-23_klines.csv,17.59,86.1,small,PUMP
gateio,BBUSDT,2025-06-23,BBUSDT_2025-06-23_klines_L2.csv,,,,ERROR
gateio,BBUSDT,2025-06-23,BBUSDT_2025-06-23_klines_market_ctx.csv,,,,ERROR
gateio,BBUSDT,2025-06-23,BBUSDT_2025-06-23_klines_trades.csv,,,,ERROR
gateio,BCCOINUSDT,2025-05-10,BCCOINUSDT_2025-05-10_klines.csv,50.21,123.64,extreme,PUMP
gateio,BCCOINUSDT,2025-05-10,BCCOINUSDT_2025-05-10_klines_L2.csv,,,,ERROR
gateio,BCCOINUSDT,2025-05-10,BCCOINUSDT_2025-05-10_klines_market_ctx.csv,,,,ERROR
gateio,BCCOINUSDT,2025-05-10,BCCOINUSDT_2025-05-10_klines_trades.csv,,,,ERROR
gateio,BCCOINUSDT,2025-05-27,BCCOINUSDT_2025-05-27_klines.csv,72.51,123.06,extreme,PUMP
gateio,BCH3LUSDT,2025-05-17,BCH3LUSDT_2025-05-17_klines.csv,51.57,77.59,extreme,PUMP
gateio,BCH3LUSDT,2025-05-17,BCH3LUSDT_2025-05-17_klines_L2.csv,,,,ERROR
gateio,BCH3LUSDT,2025-05-17,BCH3LUSDT_2025-05-17_klines_market_ctx.csv,,,,ERROR
gateio,BCH3LUSDT,2025-05-17,BCH3LUSDT_2025-05-17_klines_trades.csv,,,,ERROR
gateio,BCH5LUSDT,2025-05-12,BCH5LUSDT_2025-05-12_klines.csv,13.24,402.49,small,PUMP
gateio,BCH5LUSDT,2025-05-12,BCH5LUSDT_2025-05-12_klines_L2.csv,,,,ERROR
gateio,BCH5LUSDT,2025-05-12,BCH5LUSDT_2025-05-12_klines_market_ctx.csv,,,,ERROR
gateio,BCH5LUSDT,2025-05-12,BCH5LUSDT_2025-05-12_klines_trades.csv,,,,ERROR
gateio,BCH5LUSDT,2025-05-15,BCH5LUSDT_2025-05-15_klines.csv,68.86,56.14,extreme,PUMP
gateio,BCH5SUSDT,2025-05-23,BCH5SUSDT_2025-05-23_klines.csv,80.08,29.22,,VOLATILE_CONTROL
gateio,BCUTUSDT,2025-05-21,BCUTUSDT_2025-05-21_klines.csv,15.73,124.8,small,PUMP
gateio,BCUTUSDT,2025-05-21,BCUTUSDT_2025-05-21_klines_L2.csv,,,,ERROR
gateio,BCUTUSDT,2025-05-21,BCUTUSDT_2025-05-21_klines_market_ctx.csv,,,,ERROR
gateio,BCUTUSDT,2025-05-21,BCUTUSDT_2025-05-21_klines_trades.csv,,,,ERROR
gateio,BDGUSDT,2025-07-19,BDGUSDT_2025-07-19_klines.csv,129.78,103.55,extreme,PUMP
gateio,BDGUSDT,2025-07-19,BDGUSDT_2025-07-19_klines_L2.csv,,,,ERROR
gateio,BDGUSDT,2025-07-19,BDGUSDT_2025-07-19_klines_market_ctx.csv,,,,ERROR
gateio,BDGUSDT,2025-07-19,BDGUSDT_2025-07-19_klines_trades.csv,,,,ERROR
gateio,BDTUSDT,2025-06-16,BDTUSDT_2025-06-16_klines.csv,0.16,0.0,,VOLATILE_CONTROL
gateio,BDXBTC,2025-05-15,BDXBTC_2025-05-15_klines.csv,4.68,0.0,,VOLATILE_CONTROL
gateio,BDXNUSDT,2025-06-03,BDXNUSDT_2025-06-03_klines.csv,124.5,164.1,extreme,PUMP
gateio,BDXNUSDT,2025-06-03,BDXNUSDT_2025-06-03_klines_L2.csv,,,,ERROR
gateio,BDXNUSDT,2025-06-03,BDXNUSDT_2025-06-03_klines_market_ctx.csv,,,,ERROR
gateio,BDXNUSDT,2025-06-03,BDXNUSDT_2025-06-03_klines_trades.csv,,,,ERROR
gateio,BDXUSDT,2026-02-10,BDXUSDT_2026-02-10_klines.csv,4.9,0.0,,VOLATILE_CONTROL
gateio,BEAMUSDT,2025-09-17,BEAMUSDT_2025-09-17_klines.csv,5.09,580.74,micro,PUMP
gateio,BEAMUSDT,2025-09-17,BEAMUSDT_2025-09-17_klines_L2.csv,,,,ERROR
gateio,BEAMUSDT,2025-09-17,BEAMUSDT_2025-09-17_klines_market_ctx.csv,,,,ERROR
gateio,BEAMUSDT,2025-09-17,BEAMUSDT_2025-09-17_klines_trades.csv,,,,ERROR
gateio,BEAT3LUSDT,2026-01-21,BEAT3LUSDT_2026-01-21_klines.csv,67.74,148.68,extreme,PUMP
gateio,BEAT3LUSDT,2026-01-21,BEAT3LUSDT_2026-01-21_klines_L2.csv,,,,ERROR
gateio,BEAT3LUSDT,2026-01-21,BEAT3LUSDT_2026-01-21_klines_market_ctx.csv,,,,ERROR
gateio,BEAT3LUSDT,2026-01-21,BEAT3LUSDT_2026-01-21_klines_trades.csv,,,,ERROR
gateio,BEATUSDT,2025-11-02,BEATUSDT_2025-11-02_klines.csv,110.47,60.29,extreme,PUMP
gateio,BEATUSDT,2025-11-02,BEATUSDT_2025-11-02_klines_L2.csv,,,,ERROR
gateio,BEATUSDT,2025-11-02,BEATUSDT_2025-11-02_klines_market_ctx.csv,,,,ERROR
gateio,BEATUSDT,2025-11-02,BEATUSDT_2025-11-02_klines_trades.csv,,,,ERROR
gateio,BEEFIUSDT,2025-06-19,BEEFIUSDT_2025-06-19_klines.csv,4.14,0.0,,VOLATILE_CONTROL
gateio,BEERUSDT,2025-07-05,BEERUSDT_2025-07-05_klines.csv,18.37,71.15,small,PUMP
gateio,BEERUSDT,2025-07-05,BEERUSDT_2025-07-05_klines_L2.csv,,,,ERROR
gateio,BEERUSDT,2025-07-05,BEERUSDT_2025-07-05_klines_market_ctx.csv,,,,ERROR
gateio,BEERUSDT,2025-07-05,BEERUSDT_2025-07-05_klines_trades.csv,,,,ERROR
gateio,BEFIUSDT,2025-05-17,BEFIUSDT_2025-05-17_klines.csv,41.39,49.48,major,PUMP
gateio,BELIEVEUSDT,2025-11-13,BELIEVEUSDT_2025-11-13_klines.csv,16.91,286.68,small,PUMP
gateio,BELIEVEUSDT,2025-11-13,BELIEVEUSDT_2025-11-13_klines_L2.csv,,,,ERROR
gateio,BELIEVEUSDT,2025-11-13,BELIEVEUSDT_2025-11-13_klines_market_ctx.csv,,,,ERROR
gateio,BELIEVEUSDT,2025-11-13,BELIEVEUSDT_2025-11-13_klines_trades.csv,,,,ERROR
gateio,BELLSUSDT,2025-05-10,BELLSUSDT_2025-05-10_klines.csv,50.38,81.34,extreme,PUMP
gateio,BELLSUSDT,2025-05-10,BELLSUSDT_2025-05-10_klines_L2.csv,,,,ERROR
gateio,BELLSUSDT,2025-05-10,BELLSUSDT_2025-05-10_klines_market_ctx.csv,,,,ERROR
gateio,BELLSUSDT,2025-05-10,BELLSUSDT_2025-05-10_klines_trades.csv,,,,ERROR
gateio,BELLSUSDT,2025-07-02,BELLSUSDT_2025-07-02_klines.csv,5.67,148.35,micro,PUMP
gateio,BELUSDT,2025-06-23,BELUSDT_2025-06-23_klines.csv,15.84,95.74,small,PUMP
gateio,BELUSDT,2025-06-23,BELUSDT_2025-06-23_klines_L2.csv,,,,ERROR
gateio,BELUSDT,2025-06-23,BELUSDT_2025-06-23_klines_market_ctx.csv,,,,ERROR
gateio,BELUSDT,2025-06-23,BELUSDT_2025-06-23_klines_trades.csv,,,,ERROR
gateio,BENJIUSDT,2025-06-30,BENJIUSDT_2025-06-30_klines.csv,15.59,117.95,small,PUMP
gateio,BENJIUSDT,2025-06-30,BENJIUSDT_2025-06-30_klines_L2.csv,,,,ERROR
gateio,BENJIUSDT,2025-06-30,BENJIUSDT_2025-06-30_klines_market_ctx.csv,,,,ERROR
gateio,BENJIUSDT,2025-06-30,BENJIUSDT_2025-06-30_klines_trades.csv,,,,ERROR
gateio,BENQIUSDT,2025-09-02,BENQIUSDT_2025-09-02_klines.csv,8.78,64.43,micro,PUMP
gateio,BENQIUSDT,2025-09-02,BENQIUSDT_2025-09-02_klines_L2.csv,,,,ERROR
gateio,BENQIUSDT,2025-09-02,BENQIUSDT_2025-09-02_klines_market_ctx.csv,,,,ERROR
gateio,BENQIUSDT,2025-09-02,BENQIUSDT_2025-09-02_klines_trades.csv,,,,ERROR
gateio,BERTUSDT,2025-05-09,BERTUSDT_2025-05-09_klines.csv,74.02,73.43,extreme,PUMP
gateio,BERTUSDT,2025-05-09,BERTUSDT_2025-05-09_klines_L2.csv,,,,ERROR
gateio,BERTUSDT,2025-05-09,BERTUSDT_2025-05-09_klines_market_ctx.csv,,,,ERROR
gateio,BERTUSDT,2025-05-09,BERTUSDT_2025-05-09_klines_trades.csv,,,,ERROR
gateio,BERTUSDT,2025-05-16,BERTUSDT_2025-05-16_klines.csv,76.48,71.77,extreme,PUMP
gateio,BEYONDFIUSDT,2025-05-23,BEYONDFIUSDT_2025-05-23_klines.csv,4.96,0.0,,VOLATILE_CONTROL
gateio,BFCUSDT,2025-05-24,BFCUSDT_2025-05-24_klines.csv,23.78,112.77,medium,PUMP
gateio,BFCUSDT,2025-05-24,BFCUSDT_2025-05-24_klines_L2.csv,,,,ERROR
gateio,BFCUSDT,2025-05-24,BFCUSDT_2025-05-24_klines_market_ctx.csv,,,,ERROR
gateio,BFCUSDT,2025-05-24,BFCUSDT_2025-05-24_klines_trades.csv,,,,ERROR
gateio,BGSCUSDT,2025-07-03,BGSCUSDT_2025-07-03_klines.csv,37.55,91.05,large,PUMP
gateio,BGSCUSDT,2025-07-03,BGSCUSDT_2025-07-03_klines_L2.csv,,,,ERROR
gateio,BGSCUSDT,2025-07-03,BGSCUSDT_2025-07-03_klines_market_ctx.csv,,,,ERROR
gateio,BGSCUSDT,2025-07-03,BGSCUSDT_2025-07-03_klines_trades.csv,,,,ERROR
gateio,BICOUSDT,2026-04-13,BICOUSDT_2026-04-13_klines.csv,2.26,0.0,,VOLATILE_CONTROL
gateio,BIDUSDT,2025-05-22,BIDUSDT_2025-05-22_klines.csv,13.56,198.35,small,PUMP
gateio,BIDUSDT,2025-05-22,BIDUSDT_2025-05-22_klines_L2.csv,,,,ERROR
gateio,BIDUSDT,2025-05-22,BIDUSDT_2025-05-22_klines_market_ctx.csv,,,,ERROR
gateio,BIDUSDT,2025-05-22,BIDUSDT_2025-05-22_klines_trades.csv,,,,ERROR
gateio,BIFIFUSDT,2025-05-25,BIFIFUSDT_2025-05-25_klines.csv,27.0,106.2,medium,PUMP
gateio,BIFIFUSDT,2025-05-25,BIFIFUSDT_2025-05-25_klines_L2.csv,,,,ERROR
gateio,BIFIFUSDT,2025-05-25,BIFIFUSDT_2025-05-25_klines_market_ctx.csv,,,,ERROR
gateio,BIFIFUSDT,2025-05-25,BIFIFUSDT_2025-05-25_klines_trades.csv,,,,ERROR
gateio,BILLYUSDT,2025-05-09,BILLYUSDT_2025-05-09_klines.csv,228.78,75.84,extreme,PUMP
gateio,BILLYUSDT,2025-05-09,BILLYUSDT_2025-05-09_klines_L2.csv,,,,ERROR
gateio,BILLYUSDT,2025-05-09,BILLYUSDT_2025-05-09_klines_market_ctx.csv,,,,ERROR
gateio,BILLYUSDT,2025-05-09,BILLYUSDT_2025-05-09_klines_trades.csv,,,,ERROR
gateio,BILLYUSDT,2025-05-28,BILLYUSDT_2025-05-28_klines.csv,4.47,0.0,,VOLATILE_CONTROL
gateio,BIOUSDT,2025-06-23,BIOUSDT_2025-06-23_klines.csv,24.7,50.0,medium,PUMP
gateio,BIOUSDT,2025-06-23,BIOUSDT_2025-06-23_klines_L2.csv,,,,ERROR
gateio,BIOUSDT,2025-06-23,BIOUSDT_2025-06-23_klines_market_ctx.csv,,,,ERROR
gateio,BIOUSDT,2025-06-23,BIOUSDT_2025-06-23_klines_trades.csv,,,,ERROR
gateio,BIRBUSDT,2026-02-06,BIRBUSDT_2026-02-06_klines.csv,71.23,78.89,extreme,PUMP
gateio,BIRBUSDT,2026-02-06,BIRBUSDT_2026-02-06_klines_L2.csv,,,,ERROR
gateio,BIRBUSDT,2026-02-06,BIRBUSDT_2026-02-06_klines_market_ctx.csv,,,,ERROR
gateio,BIRBUSDT,2026-02-06,BIRBUSDT_2026-02-06_klines_trades.csv,,,,ERROR
gateio,BITBOARDUSDT,2025-05-09,BITBOARDUSDT_2025-05-09_klines.csv,141.51,89.68,extreme,PUMP
gateio,BITBOARDUSDT,2025-05-09,BITBOARDUSDT_2025-05-09_klines_L2.csv,,,,ERROR
gateio,BITBOARDUSDT,2025-05-09,BITBOARDUSDT_2025-05-09_klines_market_ctx.csv,,,,ERROR
gateio,BITBOARDUSDT,2025-05-09,BITBOARDUSDT_2025-05-09_klines_trades.csv,,,,ERROR
gateio,BITBOARDUSDT,2025-05-17,BITBOARDUSDT_2025-05-17_klines.csv,56.95,97.01,extreme,PUMP
gateio,BITCOINFILEUSDT,2025-05-22,BITCOINFILEUSDT_2025-05-22_klines.csv,6.66,138.35,micro,PUMP
gateio,BITCOINFILEUSDT,2025-05-22,BITCOINFILEUSDT_2025-05-22_klines_L2.csv,,,,ERROR
gateio,BITCOINFILEUSDT,2025-05-22,BITCOINFILEUSDT_2025-05-22_klines_market_ctx.csv,,,,ERROR
gateio,BITCOINFILEUSDT,2025-05-22,BITCOINFILEUSDT_2025-05-22_klines_trades.csv,,,,ERROR
gateio,BLASTUSDT,2025-06-29,BLASTUSDT_2025-06-29_klines.csv,39.56,75.45,large,PUMP
gateio,BLASTUSDT,2025-06-29,BLASTUSDT_2025-06-29_klines_L2.csv,,,,ERROR
gateio,BLASTUSDT,2025-06-29,BLASTUSDT_2025-06-29_klines_market_ctx.csv,,,,ERROR
gateio,BLASTUSDT,2025-06-29,BLASTUSDT_2025-06-29_klines_trades.csv,,,,ERROR
gateio,BLDUSDT,2025-05-20,BLDUSDT_2025-05-20_klines.csv,10.69,247.98,small,PUMP
gateio,BLDUSDT,2025-05-20,BLDUSDT_2025-05-20_klines_L2.csv,,,,ERROR
gateio,BLDUSDT,2025-05-20,BLDUSDT_2025-05-20_klines_market_ctx.csv,,,,ERROR
gateio,BLDUSDT,2025-05-20,BLDUSDT_2025-05-20_klines_trades.csv,,,,ERROR
gateio,BLESSUSDT,2025-09-27,BLESSUSDT_2025-09-27_klines.csv,53.25,161.67,extreme,PUMP
gateio,BLESSUSDT,2025-09-27,BLESSUSDT_2025-09-27_klines_L2.csv,,,,ERROR
gateio,BLESSUSDT,2025-09-27,BLESSUSDT_2025-09-27_klines_market_ctx.csv,,,,ERROR
gateio,BLESSUSDT,2025-09-27,BLESSUSDT_2025-09-27_klines_trades.csv,,,,ERROR
gateio,BLOCKSTUSDT,2025-09-03,BLOCKSTUSDT_2025-09-03_klines.csv,56.7,135.2,extreme,PUMP
gateio,BLOCKSTUSDT,2025-09-03,BLOCKSTUSDT_2025-09-03_klines_L2.csv,,,,ERROR
gateio,BLOCKSTUSDT,2025-09-03,BLOCKSTUSDT_2025-09-03_klines_market_ctx.csv,,,,ERROR
gateio,BLOCKSTUSDT,2025-09-03,BLOCKSTUSDT_2025-09-03_klines_trades.csv,,,,ERROR
gateio,BLUAIUSDT,2025-10-21,BLUAIUSDT_2025-10-21_klines.csv,652.6,57.98,extreme,PUMP
gateio,BLUAIUSDT,2025-10-21,BLUAIUSDT_2025-10-21_klines_L2.csv,,,,ERROR
gateio,BLUAIUSDT,2025-10-21,BLUAIUSDT_2025-10-21_klines_market_ctx.csv,,,,ERROR
gateio,BLUAIUSDT,2025-10-21,BLUAIUSDT_2025-10-21_klines_trades.csv,,,,ERROR
gateio,BLUEUSDT,2025-05-18,BLUEUSDT_2025-05-18_klines.csv,55.24,81.54,extreme,PUMP
gateio,BLUEUSDT,2025-05-18,BLUEUSDT_2025-05-18_klines_L2.csv,,,,ERROR
gateio,BLUEUSDT,2025-05-18,BLUEUSDT_2025-05-18_klines_market_ctx.csv,,,,ERROR
gateio,BLUEUSDT,2025-05-18,BLUEUSDT_2025-05-18_klines_trades.csv,,,,ERROR
gateio,BLUMUSDT,2025-05-19,BLUMUSDT_2025-05-19_klines.csv,7.44,491.23,micro,PUMP
gateio,BLUMUSDT,2025-05-19,BLUMUSDT_2025-05-19_klines_L2.csv,,,,ERROR
gateio,BLUMUSDT,2025-05-19,BLUMUSDT_2025-05-19_klines_market_ctx.csv,,,,ERROR
gateio,BLUMUSDT,2025-05-19,BLUMUSDT_2025-05-19_klines_trades.csv,,,,ERROR
gateio,BLURUSDT,2025-07-03,BLURUSDT_2025-07-03_klines.csv,14.9,19.76,,VOLATILE_CONTROL
gateio,BLZUSDT,2025-07-05,BLZUSDT_2025-07-05_klines.csv,11.9,76.88,small,PUMP
gateio,BLZUSDT,2025-07-05,BLZUSDT_2025-07-05_klines_L2.csv,,,,ERROR
gateio,BLZUSDT,2025-07-05,BLZUSDT_2025-07-05_klines_market_ctx.csv,,,,ERROR
gateio,BLZUSDT,2025-07-05,BLZUSDT_2025-07-05_klines_trades.csv,,,,ERROR
gateio,BMEXUSDT,2025-12-24,BMEXUSDT_2025-12-24_klines.csv,44.37,113.88,major,PUMP
gateio,BMEXUSDT,2025-12-24,BMEXUSDT_2025-12-24_klines_L2.csv,,,,ERROR
gateio,BMEXUSDT,2025-12-24,BMEXUSDT_2025-12-24_klines_market_ctx.csv,,,,ERROR
gateio,BMEXUSDT,2025-12-24,BMEXUSDT_2025-12-24_klines_trades.csv,,,,ERROR
gateio,BNB3LUSDT,2025-06-30,BNB3LUSDT_2025-06-30_klines.csv,4.57,0.0,,VOLATILE_CONTROL
gateio,BNB3SUSDT,2025-07-28,BNB3SUSDT_2025-07-28_klines.csv,51.32,44.83,extreme,PUMP
gateio,BNB3SUSDT,2025-07-28,BNB3SUSDT_2025-07-28_klines_L2.csv,,,,ERROR
gateio,BNB3SUSDT,2025-07-28,BNB3SUSDT_2025-07-28_klines_market_ctx.csv,,,,ERROR
gateio,BNB3SUSDT,2025-07-28,BNB3SUSDT_2025-07-28_klines_trades.csv,,,,ERROR
gateio,BNB5SUSDT,2025-05-29,BNB5SUSDT_2025-05-29_klines.csv,51.59,28.12,,VOLATILE_CONTROL
gateio,BNKRUSDT,2025-07-24,BNKRUSDT_2025-07-24_klines.csv,231.2,61.24,extreme,PUMP
gateio,BNKRUSDT,2025-07-24,BNKRUSDT_2025-07-24_klines_L2.csv,,,,ERROR
gateio,BNKRUSDT,2025-07-24,BNKRUSDT_2025-07-24_klines_market_ctx.csv,,,,ERROR
gateio,BNKRUSDT,2025-07-24,BNKRUSDT_2025-07-24_klines_trades.csv,,,,ERROR
gateio,BNTUSDT,2026-04-01,BNTUSDT_2026-04-01_klines.csv,3.22,0.0,,VOLATILE_CONTROL
gateio,BOBAUSDT,2025-05-09,BOBAUSDT_2025-05-09_klines.csv,67.53,52.36,extreme,PUMP
gateio,BOBAUSDT,2025-05-09,BOBAUSDT_2025-05-09_klines_L2.csv,,,,ERROR
gateio,BOBAUSDT,2025-05-09,BOBAUSDT_2025-05-09_klines_market_ctx.csv,,,,ERROR
gateio,BOBAUSDT,2025-05-09,BOBAUSDT_2025-05-09_klines_trades.csv,,,,ERROR
gateio,BOBAUSDT,2025-05-15,BOBAUSDT_2025-05-15_klines.csv,56.81,93.04,extreme,PUMP
gateio,BOBUSDT,2025-11-20,BOBUSDT_2025-11-20_klines.csv,99.99,102.6,extreme,PUMP
gateio,BOBUSDT,2025-11-20,BOBUSDT_2025-11-20_klines_L2.csv,,,,ERROR
gateio,BOBUSDT,2025-11-20,BOBUSDT_2025-11-20_klines_market_ctx.csv,,,,ERROR
gateio,BOBUSDT,2025-11-20,BOBUSDT_2025-11-20_klines_trades.csv,,,,ERROR
gateio,BOME3LUSDT,2025-05-09,BOME3LUSDT_2025-05-09_klines.csv,464.52,89.4,extreme,PUMP
gateio,BOME3LUSDT,2025-05-09,BOME3LUSDT_2025-05-09_klines_L2.csv,,,,ERROR
gateio,BOME3LUSDT,2025-05-09,BOME3LUSDT_2025-05-09_klines_market_ctx.csv,,,,ERROR
gateio,BOME3LUSDT,2025-05-09,BOME3LUSDT_2025-05-09_klines_trades.csv,,,,ERROR
gateio,BOME3LUSDT,2025-05-17,BOME3LUSDT_2025-05-17_klines.csv,74.37,114.37,extreme,PUMP
gateio,BOME3SUSDT,2025-05-14,BOME3SUSDT_2025-05-14_klines.csv,163.37,94.31,extreme,PUMP
gateio,BOME3SUSDT,2025-05-14,BOME3SUSDT_2025-05-14_klines_L2.csv,,,,ERROR
gateio,BOME3SUSDT,2025-05-14,BOME3SUSDT_2025-05-14_klines_market_ctx.csv,,,,ERROR
gateio,BOME3SUSDT,2025-05-14,BOME3SUSDT_2025-05-14_klines_trades.csv,,,,ERROR
gateio,BOME3SUSDT,2025-05-15,BOME3SUSDT_2025-05-15_klines.csv,94.83,139.26,extreme,PUMP
gateio,BOMEUSDT,2025-05-09,BOMEUSDT_2025-05-09_klines.csv,97.6,72.49,extreme,PUMP
gateio,BOMEUSDT,2025-05-09,BOMEUSDT_2025-05-09_klines_L2.csv,,,,ERROR
gateio,BOMEUSDT,2025-05-09,BOMEUSDT_2025-05-09_klines_market_ctx.csv,,,,ERROR
gateio,BOMEUSDT,2025-05-09,BOMEUSDT_2025-05-09_klines_trades.csv,,,,ERROR
gateio,BOMEUSDT,2025-06-23,BOMEUSDT_2025-06-23_klines.csv,27.4,45.77,medium,PUMP
gateio,BONDLYUSDT,2025-11-15,BONDLYUSDT_2025-11-15_klines.csv,59.28,116.01,extreme,PUMP
gateio,BONDLYUSDT,2025-11-15,BONDLYUSDT_2025-11-15_klines_L2.csv,,,,ERROR
gateio,BONDLYUSDT,2025-11-15,BONDLYUSDT_2025-11-15_klines_market_ctx.csv,,,,ERROR
gateio,BONDLYUSDT,2025-11-15,BONDLYUSDT_2025-11-15_klines_trades.csv,,,,ERROR
gateio,BONEBONEUSDT,2025-05-18,BONEBONEUSDT_2025-05-18_klines.csv,4.17,0.0,,VOLATILE_CONTROL
gateio,BONEUSDT,2025-08-25,BONEUSDT_2025-08-25_klines.csv,2.81,0.0,,VOLATILE_CONTROL
gateio,BONK3LUSDT,2025-07-08,BONK3LUSDT_2025-07-08_klines.csv,127.29,12.03,,VOLATILE_CONTROL
gateio,BONK3SUSDT,2025-07-19,BONK3SUSDT_2025-07-19_klines.csv,8.08,636.58,micro,PUMP
gateio,BONK3SUSDT,2025-07-19,BONK3SUSDT_2025-07-19_klines_L2.csv,,,,ERROR
gateio,BONK3SUSDT,2025-07-19,BONK3SUSDT_2025-07-19_klines_market_ctx.csv,,,,ERROR
gateio,BONK3SUSDT,2025-07-19,BONK3SUSDT_2025-07-19_klines_trades.csv,,,,ERROR
gateio,BOOPUSDT,2025-05-22,BOOPUSDT_2025-05-22_klines.csv,47.1,72.32,major,PUMP
gateio,BOOPUSDT,2025-05-22,BOOPUSDT_2025-05-22_klines_L2.csv,,,,ERROR
gateio,BOOPUSDT,2025-05-22,BOOPUSDT_2025-05-22_klines_market_ctx.csv,,,,ERROR
gateio,BOOPUSDT,2025-05-22,BOOPUSDT_2025-05-22_klines_trades.csv,,,,ERROR
gateio,BORAUSDT,2025-05-26,BORAUSDT_2025-05-26_klines.csv,13.65,93.51,small,PUMP
gateio,BORAUSDT,2025-05-26,BORAUSDT_2025-05-26_klines_L2.csv,,,,ERROR
gateio,BORAUSDT,2025-05-26,BORAUSDT_2025-05-26_klines_market_ctx.csv,,,,ERROR
gateio,BORAUSDT,2025-05-26,BORAUSDT_2025-05-26_klines_trades.csv,,,,ERROR
gateio,BOSONUSDT,2025-07-04,BOSONUSDT_2025-07-04_klines.csv,22.13,33.65,medium,PUMP
gateio,BOSONUSDT,2025-07-04,BOSONUSDT_2025-07-04_klines_L2.csv,,,,ERROR
gateio,BOSONUSDT,2025-07-04,BOSONUSDT_2025-07-04_klines_market_ctx.csv,,,,ERROR
gateio,BOSONUSDT,2025-07-04,BOSONUSDT_2025-07-04_klines_trades.csv,,,,ERROR
gateio,BOSUSDT,2025-10-29,BOSUSDT_2025-10-29_klines.csv,186.0,102.97,extreme,PUMP
gateio,BOSUSDT,2025-10-29,BOSUSDT_2025-10-29_klines_L2.csv,,,,ERROR
gateio,BOSUSDT,2025-10-29,BOSUSDT_2025-10-29_klines_market_ctx.csv,,,,ERROR
gateio,BOSUSDT,2025-10-29,BOSUSDT_2025-10-29_klines_trades.csv,,,,ERROR
gateio,BPTUSDT,2025-05-20,BPTUSDT_2025-05-20_klines.csv,72.29,90.48,extreme,PUMP
gateio,BPTUSDT,2025-05-20,BPTUSDT_2025-05-20_klines_L2.csv,,,,ERROR
gateio,BPTUSDT,2025-05-20,BPTUSDT_2025-05-20_klines_market_ctx.csv,,,,ERROR
gateio,BPTUSDT,2025-05-20,BPTUSDT_2025-05-20_klines_trades.csv,,,,ERROR
gateio,BREVUSDT,2026-01-07,BREVUSDT_2026-01-07_klines.csv,57.23,118.44,extreme,PUMP
gateio,BREVUSDT,2026-01-07,BREVUSDT_2026-01-07_klines_L2.csv,,,,ERROR
gateio,BREVUSDT,2026-01-07,BREVUSDT_2026-01-07_klines_market_ctx.csv,,,,ERROR
gateio,BREVUSDT,2026-01-07,BREVUSDT_2026-01-07_klines_trades.csv,,,,ERROR
gateio,BRICUSDT,2025-06-22,BRICUSDT_2025-06-22_klines.csv,88.85,135.94,extreme,PUMP
gateio,BRICUSDT,2025-06-22,BRICUSDT_2025-06-22_klines_L2.csv,,,,ERROR
gateio,BRICUSDT,2025-06-22,BRICUSDT_2025-06-22_klines_market_ctx.csv,,,,ERROR
gateio,BRICUSDT,2025-06-22,BRICUSDT_2025-06-22_klines_trades.csv,,,,ERROR
gateio,BRISEUSDT,2025-07-02,BRISEUSDT_2025-07-02_klines.csv,5.39,177.99,micro,PUMP
gateio,BRISEUSDT,2025-07-02,BRISEUSDT_2025-07-02_klines_L2.csv,,,,ERROR
gateio,BRISEUSDT,2025-07-02,BRISEUSDT_2025-07-02_klines_market_ctx.csv,,,,ERROR
gateio,BRISEUSDT,2025-07-02,BRISEUSDT_2025-07-02_klines_trades.csv,,,,ERROR
gateio,BRIUSDT,2025-05-16,BRIUSDT_2025-05-16_klines.csv,0.06,0.0,,VOLATILE_CONTROL
gateio,BRKLUSDT,2025-09-09,BRKLUSDT_2025-09-09_klines.csv,2.52,0.0,,VOLATILE_CONTROL
gateio,BROCCOLIUSDT,2025-05-09,BROCCOLIUSDT_2025-05-09_klines.csv,55.27,100.82,extreme,PUMP
gateio,BROCCOLIUSDT,2025-05-09,BROCCOLIUSDT_2025-05-09_klines_L2.csv,,,,ERROR
gateio,BROCCOLIUSDT,2025-05-09,BROCCOLIUSDT_2025-05-09_klines_market_ctx.csv,,,,ERROR
gateio,BROCCOLIUSDT,2025-05-09,BROCCOLIUSDT_2025-05-09_klines_trades.csv,,,,ERROR
gateio,BSCSUSDT,2025-12-19,BSCSUSDT_2025-12-19_klines.csv,12.94,127.54,small,PUMP
gateio,BSCSUSDT,2025-12-19,BSCSUSDT_2025-12-19_klines_L2.csv,,,,ERROR
gateio,BSCSUSDT,2025-12-19,BSCSUSDT_2025-12-19_klines_market_ctx.csv,,,,ERROR
gateio,BSCSUSDT,2025-12-19,BSCSUSDT_2025-12-19_klines_trades.csv,,,,ERROR
gateio,BSV3SUSDT,2025-05-15,BSV3SUSDT_2025-05-15_klines.csv,34.18,146.15,large,PUMP
gateio,BSV5LUSDT,2025-05-09,BSV5LUSDT_2025-05-09_klines.csv,53.23,199.14,extreme,PUMP
gateio,BSV5LUSDT,2025-05-09,BSV5LUSDT_2025-05-09_klines_L2.csv,,,,ERROR
gateio,BSV5LUSDT,2025-05-09,BSV5LUSDT_2025-05-09_klines_market_ctx.csv,,,,ERROR
gateio,BSV5LUSDT,2025-05-09,BSV5LUSDT_2025-05-09_klines_trades.csv,,,,ERROR
gateio,BSV5LUSDT,2025-05-18,BSV5LUSDT_2025-05-18_klines.csv,71.03,108.29,extreme,PUMP
gateio,BSVUSDT,2026-02-06,BSVUSDT_2026-02-06_klines.csv,24.92,56.63,medium,PUMP
gateio,BSVUSDT,2026-02-06,BSVUSDT_2026-02-06_klines_L2.csv,,,,ERROR
gateio,BSVUSDT,2026-02-06,BSVUSDT_2026-02-06_klines_market_ctx.csv,,,,ERROR
gateio,BSVUSDT,2026-02-06,BSVUSDT_2026-02-06_klines_trades.csv,,,,ERROR
gateio,BSWUSDT,2025-06-13,BSWUSDT_2025-06-13_klines.csv,2.68,0.0,,VOLATILE_CONTROL
gateio,BTC3LUSDT,2025-07-02,BTC3LUSDT_2025-07-02_klines.csv,16.99,22.45,,VOLATILE_CONTROL
gateio,BTC3SUSDT,2025-10-04,BTC3SUSDT_2025-10-04_klines.csv,41.4,47.94,major,PUMP
gateio,BTC3SUSDT,2025-10-04,BTC3SUSDT_2025-10-04_klines_L2.csv,,,,ERROR
gateio,BTC3SUSDT,2025-10-04,BTC3SUSDT_2025-10-04_klines_market_ctx.csv,,,,ERROR
gateio,BTC3SUSDT,2025-10-04,BTC3SUSDT_2025-10-04_klines_trades.csv,,,,ERROR
gateio,BTC5LUSDT,2025-06-06,BTC5LUSDT_2025-06-06_klines.csv,53.28,82.04,extreme,PUMP
gateio,BTC5LUSDT,2025-06-06,BTC5LUSDT_2025-06-06_klines_L2.csv,,,,ERROR
gateio,BTC5LUSDT,2025-06-06,BTC5LUSDT_2025-06-06_klines_market_ctx.csv,,,,ERROR
gateio,BTC5LUSDT,2025-06-06,BTC5LUSDT_2025-06-06_klines_trades.csv,,,,ERROR
gateio,BTC5SUSDT,2025-05-23,BTC5SUSDT_2025-05-23_klines.csv,42.13,11.84,,VOLATILE_CONTROL
gateio,BTGOONUSDT,2026-02-03,BTGOONUSDT_2026-02-03_klines.csv,2.73,0.0,,VOLATILE_CONTROL
gateio,BTGUSDT,2026-04-10,BTGUSDT_2026-04-10_klines.csv,6.55,117.3,micro,PUMP
gateio,BTGUSDT,2026-04-10,BTGUSDT_2026-04-10_klines_L2.csv,,,,ERROR
gateio,BTGUSDT,2026-04-10,BTGUSDT_2026-04-10_klines_market_ctx.csv,,,,ERROR
gateio,BTGUSDT,2026-04-10,BTGUSDT_2026-04-10_klines_trades.csv,,,,ERROR
gateio,BTRSTUSDT,2025-05-09,BTRSTUSDT_2025-05-09_klines.csv,69.74,95.65,extreme,PUMP
gateio,BTRSTUSDT,2025-05-09,BTRSTUSDT_2025-05-09_klines_L2.csv,,,,ERROR
gateio,BTRSTUSDT,2025-05-09,BTRSTUSDT_2025-05-09_klines_market_ctx.csv,,,,ERROR
gateio,BTRSTUSDT,2025-05-09,BTRSTUSDT_2025-05-09_klines_trades.csv,,,,ERROR
gateio,BTRSTUSDT,2025-05-18,BTRSTUSDT_2025-05-18_klines.csv,2.02,0.0,,VOLATILE_CONTROL
gateio,BTRUSDT,2025-08-28,BTRUSDT_2025-08-28_klines.csv,16.65,316.3,small,PUMP
gateio,BTRUSDT,2025-08-28,BTRUSDT_2025-08-28_klines_L2.csv,,,,ERROR
gateio,BTRUSDT,2025-08-28,BTRUSDT_2025-08-28_klines_market_ctx.csv,,,,ERROR
gateio,BTRUSDT,2025-08-28,BTRUSDT_2025-08-28_klines_trades.csv,,,,ERROR
gateio,BTXUSDT,2025-12-11,BTXUSDT_2025-12-11_klines.csv,172.55,128.83,extreme,PUMP
gateio,BTXUSDT,2025-12-11,BTXUSDT_2025-12-11_klines_L2.csv,,,,ERROR
gateio,BTXUSDT,2025-12-11,BTXUSDT_2025-12-11_klines_market_ctx.csv,,,,ERROR
gateio,BTXUSDT,2025-12-11,BTXUSDT_2025-12-11_klines_trades.csv,,,,ERROR
gateio,BUBBLEUSDT,2025-08-02,BUBBLEUSDT_2025-08-02_klines.csv,58.06,70.64,extreme,PUMP
gateio,BUBBLEUSDT,2025-08-02,BUBBLEUSDT_2025-08-02_klines_L2.csv,,,,ERROR
gateio,BUBBLEUSDT,2025-08-02,BUBBLEUSDT_2025-08-02_klines_market_ctx.csv,,,,ERROR
gateio,BUBBLEUSDT,2025-08-02,BUBBLEUSDT_2025-08-02_klines_trades.csv,,,,ERROR
gateio,BUCKUSDT,2025-05-10,BUCKUSDT_2025-05-10_klines.csv,19.8,195.45,small,PUMP
gateio,BUCKUSDT,2025-05-10,BUCKUSDT_2025-05-10_klines_L2.csv,,,,ERROR
gateio,BUCKUSDT,2025-05-10,BUCKUSDT_2025-05-10_klines_market_ctx.csv,,,,ERROR
gateio,BUCKUSDT,2025-05-10,BUCKUSDT_2025-05-10_klines_trades.csv,,,,ERROR
gateio,BUCKUSDT,2025-05-15,BUCKUSDT_2025-05-15_klines.csv,60.19,34.69,extreme,PUMP
gateio,BUSDT,2025-05-22,BUSDT_2025-05-22_klines.csv,95.14,42.67,extreme,PUMP
gateio,BUSDT,2025-05-22,BUSDT_2025-05-22_klines_L2.csv,,,,ERROR
gateio,BUSDT,2025-05-22,BUSDT_2025-05-22_klines_market_ctx.csv,,,,ERROR
gateio,BUSDT,2025-05-22,BUSDT_2025-05-22_klines_trades.csv,,,,ERROR
gateio,BUSYUSDT,2025-05-15,BUSYUSDT_2025-05-15_klines.csv,130.43,100.43,extreme,PUMP
gateio,BUYUSDT,2025-05-31,BUYUSDT_2025-05-31_klines.csv,52.62,118.92,extreme,PUMP
gateio,BUYUSDT,2025-05-31,BUYUSDT_2025-05-31_klines_L2.csv,,,,ERROR
gateio,BUYUSDT,2025-05-31,BUYUSDT_2025-05-31_klines_market_ctx.csv,,,,ERROR
gateio,BUYUSDT,2025-05-31,BUYUSDT_2025-05-31_klines_trades.csv,,,,ERROR
gateio,BXCUSDT,2025-05-15,BXCUSDT_2025-05-15_klines.csv,22.91,118.27,medium,PUMP
gateio,BXNUSDT,2025-06-09,BXNUSDT_2025-06-09_klines.csv,2.05,0.0,,VOLATILE_CONTROL
gateio,BZZUSDT,2025-06-18,BZZUSDT_2025-06-18_klines.csv,33.71,77.8,large,PUMP
gateio,BZZUSDT,2025-06-18,BZZUSDT_2025-06-18_klines_L2.csv,,,,ERROR
gateio,BZZUSDT,2025-06-18,BZZUSDT_2025-06-18_klines_market_ctx.csv,,,,ERROR
gateio,BZZUSDT,2025-06-18,BZZUSDT_2025-06-18_klines_trades.csv,,,,ERROR
gateio,CADUSDT,2025-06-02,CADUSDT_2025-06-02_klines.csv,50.29,80.47,extreme,PUMP
gateio,CADUSDT,2025-06-02,CADUSDT_2025-06-02_klines_L2.csv,,,,ERROR
gateio,CADUSDT,2025-06-02,CADUSDT_2025-06-02_klines_market_ctx.csv,,,,ERROR
gateio,CADUSDT,2025-06-02,CADUSDT_2025-06-02_klines_trades.csv,,,,ERROR
gateio,CAGAUSDT,2025-05-09,CAGAUSDT_2025-05-09_klines.csv,62.55,104.34,extreme,PUMP
gateio,CAGAUSDT,2025-05-09,CAGAUSDT_2025-05-09_klines_L2.csv,,,,ERROR
gateio,CAGAUSDT,2025-05-09,CAGAUSDT_2025-05-09_klines_market_ctx.csv,,,,ERROR
gateio,CAGAUSDT,2025-05-09,CAGAUSDT_2025-05-09_klines_trades.csv,,,,ERROR
gateio,CAGAUSDT,2025-06-21,CAGAUSDT_2025-06-21_klines.csv,19.89,98.27,small,PUMP
gateio,CAKE3LUSDT,2025-05-10,CAKE3LUSDT_2025-05-10_klines.csv,19.6,262.71,small,PUMP
gateio,CAKE3LUSDT,2025-05-10,CAKE3LUSDT_2025-05-10_klines_L2.csv,,,,ERROR
gateio,CAKE3LUSDT,2025-05-10,CAKE3LUSDT_2025-05-10_klines_market_ctx.csv,,,,ERROR
gateio,CAKE3LUSDT,2025-05-10,CAKE3LUSDT_2025-05-10_klines_trades.csv,,,,ERROR
gateio,CAKE3LUSDT,2025-05-15,CAKE3LUSDT_2025-05-15_klines.csv,17.9,67.98,small,PUMP
gateio,CAKE3SUSDT,2025-05-28,CAKE3SUSDT_2025-05-28_klines.csv,78.24,73.36,extreme,PUMP
gateio,CAKE3SUSDT,2025-05-28,CAKE3SUSDT_2025-05-28_klines_L2.csv,,,,ERROR
gateio,CAKE3SUSDT,2025-05-28,CAKE3SUSDT_2025-05-28_klines_market_ctx.csv,,,,ERROR
gateio,CAKE3SUSDT,2025-05-28,CAKE3SUSDT_2025-05-28_klines_trades.csv,,,,ERROR
gateio,CAKE5LUSDT,2025-05-10,CAKE5LUSDT_2025-05-10_klines.csv,38.34,223.74,large,PUMP
gateio,CAKE5LUSDT,2025-05-10,CAKE5LUSDT_2025-05-10_klines_L2.csv,,,,ERROR
gateio,CAKE5LUSDT,2025-05-10,CAKE5LUSDT_2025-05-10_klines_market_ctx.csv,,,,ERROR
gateio,CAKE5LUSDT,2025-05-10,CAKE5LUSDT_2025-05-10_klines_trades.csv,,,,ERROR
gateio,CAKE5LUSDT,2025-05-15,CAKE5LUSDT_2025-05-15_klines.csv,20.12,97.17,medium,PUMP
gateio,CAKE5SUSDT,2025-05-11,CAKE5SUSDT_2025-05-11_klines.csv,66.76,82.21,extreme,PUMP
gateio,CAKE5SUSDT,2025-05-11,CAKE5SUSDT_2025-05-11_klines_L2.csv,,,,ERROR
gateio,CAKE5SUSDT,2025-05-11,CAKE5SUSDT_2025-05-11_klines_market_ctx.csv,,,,ERROR
gateio,CAKE5SUSDT,2025-05-11,CAKE5SUSDT_2025-05-11_klines_trades.csv,,,,ERROR
gateio,CAKE5SUSDT,2025-05-15,CAKE5SUSDT_2025-05-15_klines.csv,60.97,174.4,extreme,PUMP
gateio,CAKEUSDT,2025-09-16,CAKEUSDT_2025-09-16_klines.csv,28.18,79.8,medium,PUMP
gateio,CAKEUSDT,2025-09-16,CAKEUSDT_2025-09-16_klines_L2.csv,,,,ERROR
gateio,CAKEUSDT,2025-09-16,CAKEUSDT_2025-09-16_klines_market_ctx.csv,,,,ERROR
gateio,CAKEUSDT,2025-09-16,CAKEUSDT_2025-09-16_klines_trades.csv,,,,ERROR
gateio,CAMPUSDT,2025-08-27,CAMPUSDT_2025-08-27_klines.csv,713.85,91.09,extreme,PUMP
gateio,CAMPUSDT,2025-08-27,CAMPUSDT_2025-08-27_klines_L2.csv,,,,ERROR
gateio,CAMPUSDT,2025-08-27,CAMPUSDT_2025-08-27_klines_market_ctx.csv,,,,ERROR
gateio,CAMPUSDT,2025-08-27,CAMPUSDT_2025-08-27_klines_trades.csv,,,,ERROR
gateio,CAMUSDT,2025-09-17,CAMUSDT_2025-09-17_klines.csv,53.86,120.92,extreme,PUMP
gateio,CAMUSDT,2025-09-17,CAMUSDT_2025-09-17_klines_L2.csv,,,,ERROR
gateio,CAMUSDT,2025-09-17,CAMUSDT_2025-09-17_klines_market_ctx.csv,,,,ERROR
gateio,CAMUSDT,2025-09-17,CAMUSDT_2025-09-17_klines_trades.csv,,,,ERROR
gateio,CARATUSDT,2025-06-27,CARATUSDT_2025-06-27_klines.csv,16.99,121.58,small,PUMP
gateio,CARATUSDT,2025-06-27,CARATUSDT_2025-06-27_klines_L2.csv,,,,ERROR
gateio,CARATUSDT,2025-06-27,CARATUSDT_2025-06-27_klines_market_ctx.csv,,,,ERROR
gateio,CARATUSDT,2025-06-27,CARATUSDT_2025-06-27_klines_trades.csv,,,,ERROR
gateio,CATEUSDT,2025-07-06,CATEUSDT_2025-07-06_klines.csv,14.5,46.99,small,PUMP
gateio,CATEUSDT,2025-07-06,CATEUSDT_2025-07-06_klines_L2.csv,,,,ERROR
gateio,CATEUSDT,2025-07-06,CATEUSDT_2025-07-06_klines_market_ctx.csv,,,,ERROR
gateio,CATEUSDT,2025-07-06,CATEUSDT_2025-07-06_klines_trades.csv,,,,ERROR
gateio,CATIUSDT,2025-05-09,CATIUSDT_2025-05-09_klines.csv,76.45,81.63,extreme,PUMP
gateio,CATIUSDT,2025-05-09,CATIUSDT_2025-05-09_klines_L2.csv,,,,ERROR
gateio,CATIUSDT,2025-05-09,CATIUSDT_2025-05-09_klines_market_ctx.csv,,,,ERROR
gateio,CATIUSDT,2025-05-09,CATIUSDT_2025-05-09_klines_trades.csv,,,,ERROR
gateio,CATIUSDT,2025-07-02,CATIUSDT_2025-07-02_klines.csv,19.38,37.36,small,PUMP
gateio,CATUSDT,2025-05-09,CATUSDT_2025-05-09_klines.csv,90.42,76.79,extreme,PUMP
gateio,CATUSDT,2025-05-09,CATUSDT_2025-05-09_klines_L2.csv,,,,ERROR
gateio,CATUSDT,2025-05-09,CATUSDT_2025-05-09_klines_market_ctx.csv,,,,ERROR
gateio,CATUSDT,2025-05-09,CATUSDT_2025-05-09_klines_trades.csv,,,,ERROR
gateio,CATUSDT,2025-06-23,CATUSDT_2025-06-23_klines.csv,50.12,25.99,,VOLATILE_CONTROL
gateio,CAWUSDT,2025-05-26,CAWUSDT_2025-05-26_klines.csv,25.75,119.89,medium,PUMP
gateio,CAWUSDT,2025-05-26,CAWUSDT_2025-05-26_klines_L2.csv,,,,ERROR
gateio,CAWUSDT,2025-05-26,CAWUSDT_2025-05-26_klines_market_ctx.csv,,,,ERROR
gateio,CAWUSDT,2025-05-26,CAWUSDT_2025-05-26_klines_trades.csv,,,,ERROR
gateio,CBKUSDT,2025-06-14,CBKUSDT_2025-06-14_klines.csv,2.5,0.0,,VOLATILE_CONTROL
gateio,CC3LUSDT,2026-01-13,CC3LUSDT_2026-01-13_klines.csv,21.64,387.84,medium,PUMP
gateio,CC3LUSDT,2026-01-13,CC3LUSDT_2026-01-13_klines_L2.csv,,,,ERROR
gateio,CC3LUSDT,2026-01-13,CC3LUSDT_2026-01-13_klines_market_ctx.csv,,,,ERROR
gateio,CC3LUSDT,2026-01-13,CC3LUSDT_2026-01-13_klines_trades.csv,,,,ERROR
gateio,CC3SUSDT,2026-01-08,CC3SUSDT_2026-01-08_klines.csv,43.03,165.08,major,PUMP
gateio,CC3SUSDT,2026-01-08,CC3SUSDT_2026-01-08_klines_L2.csv,,,,ERROR
gateio,CC3SUSDT,2026-01-08,CC3SUSDT_2026-01-08_klines_market_ctx.csv,,,,ERROR
gateio,CC3SUSDT,2026-01-08,CC3SUSDT_2026-01-08_klines_trades.csv,,,,ERROR
gateio,CCDUSDT,2025-06-24,CCDUSDT_2025-06-24_klines.csv,18.67,0.0,,VOLATILE_CONTROL
gateio,CCUSDT,2025-12-03,CCUSDT_2025-12-03_klines.csv,5.45,549.06,micro,PUMP
gateio,CCUSDT,2025-12-03,CCUSDT_2025-12-03_klines_L2.csv,,,,ERROR
gateio,CCUSDT,2025-12-03,CCUSDT_2025-12-03_klines_market_ctx.csv,,,,ERROR
gateio,CCUSDT,2025-12-03,CCUSDT_2025-12-03_klines_trades.csv,,,,ERROR
gateio,CDLUSDT,2025-10-25,CDLUSDT_2025-10-25_klines.csv,751.1,25.62,,VOLATILE_CONTROL
gateio,CELBUSDT,2025-09-03,CELBUSDT_2025-09-03_klines.csv,79.0,67.4,extreme,PUMP
gateio,CELBUSDT,2025-09-03,CELBUSDT_2025-09-03_klines_L2.csv,,,,ERROR
gateio,CELBUSDT,2025-09-03,CELBUSDT_2025-09-03_klines_market_ctx.csv,,,,ERROR
gateio,CELBUSDT,2025-09-03,CELBUSDT_2025-09-03_klines_trades.csv,,,,ERROR
gateio,CELLUSDT,2025-06-16,CELLUSDT_2025-06-16_klines.csv,52.85,108.06,extreme,PUMP
gateio,CELLUSDT,2025-06-16,CELLUSDT_2025-06-16_klines_L2.csv,,,,ERROR
gateio,CELLUSDT,2025-06-16,CELLUSDT_2025-06-16_klines_market_ctx.csv,,,,ERROR
gateio,CELLUSDT,2025-06-16,CELLUSDT_2025-06-16_klines_trades.csv,,,,ERROR
gateio,CELOUSDT,2025-07-05,CELOUSDT_2025-07-05_klines.csv,27.37,31.79,medium,PUMP
gateio,CELOUSDT,2025-07-05,CELOUSDT_2025-07-05_klines_L2.csv,,,,ERROR
gateio,CELOUSDT,2025-07-05,CELOUSDT_2025-07-05_klines_market_ctx.csv,,,,ERROR
gateio,CELOUSDT,2025-07-05,CELOUSDT_2025-07-05_klines_trades.csv,,,,ERROR
gateio,CELUSDT,2025-06-21,CELUSDT_2025-06-21_klines.csv,51.74,98.35,extreme,PUMP
gateio,CELUSDT,2025-06-21,CELUSDT_2025-06-21_klines_L2.csv,,,,ERROR
gateio,CELUSDT,2025-06-21,CELUSDT_2025-06-21_klines_market_ctx.csv,,,,ERROR
gateio,CELUSDT,2025-06-21,CELUSDT_2025-06-21_klines_trades.csv,,,,ERROR
gateio,CEREUSDT,2025-10-11,CEREUSDT_2025-10-11_klines.csv,24.25,43.48,medium,PUMP
gateio,CEREUSDT,2025-10-11,CEREUSDT_2025-10-11_klines_L2.csv,,,,ERROR
gateio,CEREUSDT,2025-10-11,CEREUSDT_2025-10-11_klines_market_ctx.csv,,,,ERROR
gateio,CEREUSDT,2025-10-11,CEREUSDT_2025-10-11_klines_trades.csv,,,,ERROR
gateio,CESSUSDT,2025-06-26,CESSUSDT_2025-06-26_klines.csv,300.8,117.09,extreme,PUMP
gateio,CESSUSDT,2025-06-26,CESSUSDT_2025-06-26_klines_L2.csv,,,,ERROR
gateio,CESSUSDT,2025-06-26,CESSUSDT_2025-06-26_klines_market_ctx.csv,,,,ERROR
gateio,CESSUSDT,2025-06-26,CESSUSDT_2025-06-26_klines_trades.csv,,,,ERROR
gateio,CETUSUSDT,2025-07-02,CETUSUSDT_2025-07-02_klines.csv,19.42,0.0,,VOLATILE_CONTROL
gateio,CFGUSDT,2025-05-09,CFGUSDT_2025-05-09_klines.csv,85.02,74.58,extreme,PUMP
gateio,CFGUSDT,2025-05-09,CFGUSDT_2025-05-09_klines_L2.csv,,,,ERROR
gateio,CFGUSDT,2025-05-09,CFGUSDT_2025-05-09_klines_market_ctx.csv,,,,ERROR
gateio,CFGUSDT,2025-05-09,CFGUSDT_2025-05-09_klines_trades.csv,,,,ERROR
gateio,CFGUSDT,2025-05-15,CFGUSDT_2025-05-15_klines.csv,81.04,88.47,extreme,PUMP
gateio,CFX3LUSDT,2025-05-09,CFX3LUSDT_2025-05-09_klines.csv,87.86,106.64,extreme,PUMP
gateio,CFX3LUSDT,2025-05-09,CFX3LUSDT_2025-05-09_klines_L2.csv,,,,ERROR
gateio,CFX3LUSDT,2025-05-09,CFX3LUSDT_2025-05-09_klines_market_ctx.csv,,,,ERROR
gateio,CFX3LUSDT,2025-05-09,CFX3LUSDT_2025-05-09_klines_trades.csv,,,,ERROR
gateio,CFX3LUSDT,2025-05-18,CFX3LUSDT_2025-05-18_klines.csv,50.58,130.66,extreme,PUMP
gateio,CFX3SUSDT,2025-05-13,CFX3SUSDT_2025-05-13_klines.csv,49.84,74.68,major,PUMP
gateio,CFX3SUSDT,2025-05-13,CFX3SUSDT_2025-05-13_klines_L2.csv,,,,ERROR
gateio,CFX3SUSDT,2025-05-13,CFX3SUSDT_2025-05-13_klines_market_ctx.csv,,,,ERROR
gateio,CFX3SUSDT,2025-05-13,CFX3SUSDT_2025-05-13_klines_trades.csv,,,,ERROR
gateio,CFX3SUSDT,2025-05-15,CFX3SUSDT_2025-05-15_klines.csv,45.49,143.41,major,PUMP
gateio,CGNUSDT,2025-10-23,CGNUSDT_2025-10-23_klines.csv,6369.89,101.46,extreme,PUMP
gateio,CGNUSDT,2025-10-23,CGNUSDT_2025-10-23_klines_L2.csv,,,,ERROR
gateio,CGNUSDT,2025-10-23,CGNUSDT_2025-10-23_klines_market_ctx.csv,,,,ERROR
gateio,CGNUSDT,2025-10-23,CGNUSDT_2025-10-23_klines_trades.csv,,,,ERROR
gateio,CHAINUSDT,2025-06-30,CHAINUSDT_2025-06-30_klines.csv,3.67,0.0,,VOLATILE_CONTROL
gateio,CHATAIUSDT,2025-05-12,CHATAIUSDT_2025-05-12_klines.csv,15.11,131.69,small,PUMP
gateio,CHATAIUSDT,2025-05-12,CHATAIUSDT_2025-05-12_klines_L2.csv,,,,ERROR
gateio,CHATAIUSDT,2025-05-12,CHATAIUSDT_2025-05-12_klines_market_ctx.csv,,,,ERROR
gateio,CHATAIUSDT,2025-05-12,CHATAIUSDT_2025-05-12_klines_trades.csv,,,,ERROR
gateio,CHECKUSDT,2026-04-08,CHECKUSDT_2026-04-08_klines.csv,14.66,367.26,small,PUMP
gateio,CHECKUSDT,2026-04-08,CHECKUSDT_2026-04-08_klines_L2.csv,,,,ERROR
gateio,CHECKUSDT,2026-04-08,CHECKUSDT_2026-04-08_klines_market_ctx.csv,,,,ERROR
gateio,CHECKUSDT,2026-04-08,CHECKUSDT_2026-04-08_klines_trades.csv,,,,ERROR
gateio,CHEELUSDT,2025-12-07,CHEELUSDT_2025-12-07_klines.csv,4.89,0.0,,VOLATILE_CONTROL
gateio,CHEEMSUSDT,2025-09-21,CHEEMSUSDT_2025-09-21_klines.csv,3.06,0.0,,VOLATILE_CONTROL
gateio,CHEQUSDT,2025-08-10,CHEQUSDT_2025-08-10_klines.csv,13.13,168.6,small,PUMP
gateio,CHEQUSDT,2025-08-10,CHEQUSDT_2025-08-10_klines_L2.csv,,,,ERROR
gateio,CHEQUSDT,2025-08-10,CHEQUSDT_2025-08-10_klines_market_ctx.csv,,,,ERROR
gateio,CHEQUSDT,2025-08-10,CHEQUSDT_2025-08-10_klines_trades.csv,,,,ERROR
gateio,CHILLGUYUSDT,2025-05-09,CHILLGUYUSDT_2025-05-09_klines.csv,101.44,80.87,extreme,PUMP
gateio,CHILLGUYUSDT,2025-05-09,CHILLGUYUSDT_2025-05-09_klines_L2.csv,,,,ERROR
gateio,CHILLGUYUSDT,2025-05-09,CHILLGUYUSDT_2025-05-09_klines_market_ctx.csv,,,,ERROR
gateio,CHILLGUYUSDT,2025-05-09,CHILLGUYUSDT_2025-05-09_klines_trades.csv,,,,ERROR
gateio,CHIPUSDT,2026-04-21,CHIPUSDT_2026-04-21_klines.csv,0.0,0.0,,VOLATILE_CONTROL
gateio,CHIRPUSDT,2025-05-15,CHIRPUSDT_2025-05-15_klines.csv,287.49,71.08,extreme,PUMP
gateio,CHOUSDT,2025-07-29,CHOUSDT_2025-07-29_klines.csv,5.37,183.22,micro,PUMP
gateio,CHOUSDT,2025-07-29,CHOUSDT_2025-07-29_klines_L2.csv,,,,ERROR
gateio,CHOUSDT,2025-07-29,CHOUSDT_2025-07-29_klines_market_ctx.csv,,,,ERROR
gateio,CHOUSDT,2025-07-29,CHOUSDT_2025-07-29_klines_trades.csv,,,,ERROR
gateio,CHRUSDT,2026-03-22,CHRUSDT_2026-03-22_klines.csv,4.48,0.0,,VOLATILE_CONTROL
gateio,CITYUSDT,2025-07-25,CITYUSDT_2025-07-25_klines.csv,29.95,85.45,medium,PUMP
gateio,CITYUSDT,2025-07-25,CITYUSDT_2025-07-25_klines_L2.csv,,,,ERROR
gateio,CITYUSDT,2025-07-25,CITYUSDT_2025-07-25_klines_market_ctx.csv,,,,ERROR
gateio,CITYUSDT,2025-07-25,CITYUSDT_2025-07-25_klines_trades.csv,,,,ERROR
gateio,CKBUSDT,2025-07-02,CKBUSDT_2025-07-02_klines.csv,23.6,38.42,medium,PUMP
gateio,CKBUSDT,2025-07-02,CKBUSDT_2025-07-02_klines_L2.csv,,,,ERROR
gateio,CKBUSDT,2025-07-02,CKBUSDT_2025-07-02_klines_market_ctx.csv,,,,ERROR
gateio,CKBUSDT,2025-07-02,CKBUSDT_2025-07-02_klines_trades.csv,,,,ERROR
gateio,CLANKERUSDT,2025-05-09,CLANKERUSDT_2025-05-09_klines.csv,56.74,115.53,extreme,PUMP
gateio,CLANKERUSDT,2025-05-09,CLANKERUSDT_2025-05-09_klines_L2.csv,,,,ERROR
gateio,CLANKERUSDT,2025-05-09,CLANKERUSDT_2025-05-09_klines_market_ctx.csv,,,,ERROR
gateio,CLANKERUSDT,2025-05-09,CLANKERUSDT_2025-05-09_klines_trades.csv,,,,ERROR
gateio,CLNDUSDT,2025-06-07,CLNDUSDT_2025-06-07_klines.csv,2.54,0.0,,VOLATILE_CONTROL
gateio,CLOREUSDT,2025-07-05,CLOREUSDT_2025-07-05_klines.csv,9.51,147.15,micro,PUMP
gateio,CLOREUSDT,2025-07-05,CLOREUSDT_2025-07-05_klines_L2.csv,,,,ERROR
gateio,CLOREUSDT,2025-07-05,CLOREUSDT_2025-07-05_klines_market_ctx.csv,,,,ERROR
gateio,CLOREUSDT,2025-07-05,CLOREUSDT_2025-07-05_klines_trades.csv,,,,ERROR
gateio,CLOUDUSDT,2025-05-09,CLOUDUSDT_2025-05-09_klines.csv,64.09,86.34,extreme,PUMP
gateio,CLOUDUSDT,2025-05-09,CLOUDUSDT_2025-05-09_klines_L2.csv,,,,ERROR
gateio,CLOUDUSDT,2025-05-09,CLOUDUSDT_2025-05-09_klines_market_ctx.csv,,,,ERROR
gateio,CLOUDUSDT,2025-05-09,CLOUDUSDT_2025-05-09_klines_trades.csv,,,,ERROR
gateio,CLOUDUSDT,2025-05-15,CLOUDUSDT_2025-05-15_klines.csv,1.78,0.0,,VOLATILE_CONTROL
gateio,COAI3LUSDT,2025-10-24,COAI3LUSDT_2025-10-24_klines.csv,2.6,0.0,,VOLATILE_CONTROL
gateio,COAI3SUSDT,2025-10-24,COAI3SUSDT_2025-10-24_klines.csv,3865.48,48.43,extreme,PUMP
gateio,COAI3SUSDT,2025-10-24,COAI3SUSDT_2025-10-24_klines_L2.csv,,,,ERROR
gateio,COAI3SUSDT,2025-10-24,COAI3SUSDT_2025-10-24_klines_market_ctx.csv,,,,ERROR
gateio,COAI3SUSDT,2025-10-24,COAI3SUSDT_2025-10-24_klines_trades.csv,,,,ERROR
gateio,COAIUSDT,2025-10-09,COAIUSDT_2025-10-09_klines.csv,350613755.6,87.89,extreme,PUMP
gateio,COAIUSDT,2025-10-09,COAIUSDT_2025-10-09_klines_L2.csv,,,,ERROR
gateio,COAIUSDT,2025-10-09,COAIUSDT_2025-10-09_klines_market_ctx.csv,,,,ERROR
gateio,COAIUSDT,2025-10-09,COAIUSDT_2025-10-09_klines_trades.csv,,,,ERROR
gateio,CODEXUSDT,2026-01-02,CODEXUSDT_2026-01-02_klines.csv,4900.0,56.8,extreme,PUMP
gateio,CODEXUSDT,2026-01-02,CODEXUSDT_2026-01-02_klines_L2.csv,,,,ERROR
gateio,CODEXUSDT,2026-01-02,CODEXUSDT_2026-01-02_klines_market_ctx.csv,,,,ERROR
gateio,CODEXUSDT,2026-01-02,CODEXUSDT_2026-01-02_klines_trades.csv,,,,ERROR
gateio,COINONUSDT,2025-09-03,COINONUSDT_2025-09-03_klines.csv,6.64,65.92,micro,PUMP
gateio,COINONUSDT,2025-09-03,COINONUSDT_2025-09-03_klines_L2.csv,,,,ERROR
gateio,COINONUSDT,2025-09-03,COINONUSDT_2025-09-03_klines_market_ctx.csv,,,,ERROR
gateio,COINONUSDT,2025-09-03,COINONUSDT_2025-09-03_klines_trades.csv,,,,ERROR
gateio,COMMONUSDT,2025-10-27,COMMONUSDT_2025-10-27_klines.csv,1371.43,84.2,extreme,PUMP
gateio,COMMONUSDT,2025-10-27,COMMONUSDT_2025-10-27_klines_L2.csv,,,,ERROR
gateio,COMMONUSDT,2025-10-27,COMMONUSDT_2025-10-27_klines_market_ctx.csv,,,,ERROR
gateio,COMMONUSDT,2025-10-27,COMMONUSDT_2025-10-27_klines_trades.csv,,,,ERROR
gateio,COMPUSDT,2025-05-31,COMPUSDT_2025-05-31_klines.csv,28.52,81.12,medium,PUMP
gateio,COMPUSDT,2025-05-31,COMPUSDT_2025-05-31_klines_L2.csv,,,,ERROR
gateio,COMPUSDT,2025-05-31,COMPUSDT_2025-05-31_klines_market_ctx.csv,,,,ERROR
gateio,COMPUSDT,2025-05-31,COMPUSDT_2025-05-31_klines_trades.csv,,,,ERROR
gateio,COOKIEUSDT,2025-05-09,COOKIEUSDT_2025-05-09_klines.csv,11.4,280.03,small,PUMP
gateio,COOKIEUSDT,2025-05-09,COOKIEUSDT_2025-05-09_klines_L2.csv,,,,ERROR
gateio,COOKIEUSDT,2025-05-09,COOKIEUSDT_2025-05-09_klines_market_ctx.csv,,,,ERROR
gateio,COOKIEUSDT,2025-05-09,COOKIEUSDT_2025-05-09_klines_trades.csv,,,,ERROR
gateio,COOKIEUSDT,2025-05-15,COOKIEUSDT_2025-05-15_klines.csv,65.95,15.03,,VOLATILE_CONTROL
gateio,COOKPROTOCOLUSDT,2025-05-18,COOKPROTOCOLUSDT_2025-05-18_klines.csv,13.08,104.58,small,PUMP
gateio,COOKPROTOCOLUSDT,2025-05-18,COOKPROTOCOLUSDT_2025-05-18_klines_L2.csv,,,,ERROR
gateio,COOKPROTOCOLUSDT,2025-05-18,COOKPROTOCOLUSDT_2025-05-18_klines_market_ctx.csv,,,,ERROR
gateio,COOKPROTOCOLUSDT,2025-05-18,COOKPROTOCOLUSDT_2025-05-18_klines_trades.csv,,,,ERROR
gateio,COQUSDT,2025-05-09,COQUSDT_2025-05-09_klines.csv,59.5,66.26,extreme,PUMP
gateio,COQUSDT,2025-05-09,COQUSDT_2025-05-09_klines_L2.csv,,,,ERROR
gateio,COQUSDT,2025-05-09,COQUSDT_2025-05-09_klines_market_ctx.csv,,,,ERROR
gateio,COQUSDT,2025-05-09,COQUSDT_2025-05-09_klines_trades.csv,,,,ERROR
gateio,COQUSDT,2025-07-04,COQUSDT_2025-07-04_klines.csv,17.16,54.57,small,PUMP
gateio,COREUSDT,2025-12-02,COREUSDT_2025-12-02_klines.csv,38.02,47.55,large,PUMP
gateio,COREUSDT,2025-12-02,COREUSDT_2025-12-02_klines_L2.csv,,,,ERROR
gateio,COREUSDT,2025-12-02,COREUSDT_2025-12-02_klines_market_ctx.csv,,,,ERROR
gateio,COREUSDT,2025-12-02,COREUSDT_2025-12-02_klines_trades.csv,,,,ERROR
gateio,CORLUSDT,2025-10-12,CORLUSDT_2025-10-12_klines.csv,160.9,148.0,extreme,PUMP
gateio,CORNUSDT,2025-09-15,CORNUSDT_2025-09-15_klines.csv,23.94,33.68,medium,PUMP
gateio,CORNUSDT,2025-09-15,CORNUSDT_2025-09-15_klines_L2.csv,,,,ERROR
gateio,CORNUSDT,2025-09-15,CORNUSDT_2025-09-15_klines_market_ctx.csv,,,,ERROR
gateio,CORNUSDT,2025-09-15,CORNUSDT_2025-09-15_klines_trades.csv,,,,ERROR
gateio,COSUSDT,2026-02-24,COSUSDT_2026-02-24_klines.csv,7.35,49.51,micro,PUMP
gateio,COSUSDT,2026-02-24,COSUSDT_2026-02-24_klines_L2.csv,,,,ERROR
gateio,COSUSDT,2026-02-24,COSUSDT_2026-02-24_klines_market_ctx.csv,,,,ERROR
gateio,COSUSDT,2026-02-24,COSUSDT_2026-02-24_klines_trades.csv,,,,ERROR
gateio,COTIUSDT,2025-10-22,COTIUSDT_2025-10-22_klines.csv,8.97,126.85,micro,PUMP
gateio,COTIUSDT,2025-10-22,COTIUSDT_2025-10-22_klines_L2.csv,,,,ERROR
gateio,COTIUSDT,2025-10-22,COTIUSDT_2025-10-22_klines_market_ctx.csv,,,,ERROR
gateio,COTIUSDT,2025-10-22,COTIUSDT_2025-10-22_klines_trades.csv,,,,ERROR
gateio,COWUSDT,2025-05-09,COWUSDT_2025-05-09_klines.csv,35.98,76.97,large,PUMP
gateio,COWUSDT,2025-05-09,COWUSDT_2025-05-09_klines_L2.csv,,,,ERROR
gateio,COWUSDT,2025-05-09,COWUSDT_2025-05-09_klines_market_ctx.csv,,,,ERROR
gateio,COWUSDT,2025-05-09,COWUSDT_2025-05-09_klines_trades.csv,,,,ERROR
gateio,CRCL3LUSDT,2026-02-01,CRCL3LUSDT_2026-02-01_klines.csv,3.86,0.0,,VOLATILE_CONTROL
gateio,CRCL3SUSDT,2026-01-26,CRCL3SUSDT_2026-01-26_klines.csv,37.91,26.59,,VOLATILE_CONTROL
gateio,CRCL3SUSDT,2026-01-26,CRCL3SUSDT_2026-01-26_klines_L2.csv,,,,ERROR
gateio,CRCL3SUSDT,2026-01-26,CRCL3SUSDT_2026-01-26_klines_market_ctx.csv,,,,ERROR
gateio,CRCL3SUSDT,2026-01-26,CRCL3SUSDT_2026-01-26_klines_trades.csv,,,,ERROR
gateio,CREDIUSDT,2025-07-11,CREDIUSDT_2025-07-11_klines.csv,22.73,104.01,medium,PUMP
gateio,CREDIUSDT,2025-07-11,CREDIUSDT_2025-07-11_klines_L2.csv,,,,ERROR
gateio,CREDIUSDT,2025-07-11,CREDIUSDT_2025-07-11_klines_market_ctx.csv,,,,ERROR
gateio,CREDIUSDT,2025-07-11,CREDIUSDT_2025-07-11_klines_trades.csv,,,,ERROR
gateio,CREUSDT,2025-05-29,CREUSDT_2025-05-29_klines.csv,51.0,107.96,extreme,PUMP
gateio,CREUSDT,2025-05-29,CREUSDT_2025-05-29_klines_L2.csv,,,,ERROR
gateio,CREUSDT,2025-05-29,CREUSDT_2025-05-29_klines_market_ctx.csv,,,,ERROR
gateio,CREUSDT,2025-05-29,CREUSDT_2025-05-29_klines_trades.csv,,,,ERROR
gateio,CRFUSDT,2025-05-10,CRFUSDT_2025-05-10_klines.csv,20.69,73.44,medium,PUMP
gateio,CRFUSDT,2025-05-10,CRFUSDT_2025-05-10_klines_L2.csv,,,,ERROR
gateio,CRFUSDT,2025-05-10,CRFUSDT_2025-05-10_klines_market_ctx.csv,,,,ERROR
gateio,CRFUSDT,2025-05-10,CRFUSDT_2025-05-10_klines_trades.csv,,,,ERROR
gateio,CRFUSDT,2025-05-17,CRFUSDT_2025-05-17_klines.csv,17.5,143.67,small,PUMP
gateio,CRMCUSDT,2025-11-04,CRMCUSDT_2025-11-04_klines.csv,20.95,168.7,medium,PUMP
gateio,CRMCUSDT,2025-11-04,CRMCUSDT_2025-11-04_klines_L2.csv,,,,ERROR
gateio,CRMCUSDT,2025-11-04,CRMCUSDT_2025-11-04_klines_market_ctx.csv,,,,ERROR
gateio,CRMCUSDT,2025-11-04,CRMCUSDT_2025-11-04_klines_trades.csv,,,,ERROR
gateio,CRO3LUSDT,2025-05-30,CRO3LUSDT_2025-05-30_klines.csv,50.53,100.82,extreme,PUMP
gateio,CRO3LUSDT,2025-05-30,CRO3LUSDT_2025-05-30_klines_L2.csv,,,,ERROR
gateio,CRO3LUSDT,2025-05-30,CRO3LUSDT_2025-05-30_klines_market_ctx.csv,,,,ERROR
gateio,CRO3LUSDT,2025-05-30,CRO3LUSDT_2025-05-30_klines_trades.csv,,,,ERROR
gateio,CRO3SUSDT,2025-06-01,CRO3SUSDT_2025-06-01_klines.csv,33.45,45.61,large,PUMP
gateio,CRO3SUSDT,2025-06-01,CRO3SUSDT_2025-06-01_klines_L2.csv,,,,ERROR
gateio,CRO3SUSDT,2025-06-01,CRO3SUSDT_2025-06-01_klines_market_ctx.csv,,,,ERROR
gateio,CRO3SUSDT,2025-06-01,CRO3SUSDT_2025-06-01_klines_trades.csv,,,,ERROR
gateio,CROSSUSDT,2025-07-04,CROSSUSDT_2025-07-04_klines.csv,380.27,71.09,extreme,PUMP
gateio,CROSSUSDT,2025-07-04,CROSSUSDT_2025-07-04_klines_L2.csv,,,,ERROR
gateio,CROSSUSDT,2025-07-04,CROSSUSDT_2025-07-04_klines_market_ctx.csv,,,,ERROR
gateio,CROSSUSDT,2025-07-04,CROSSUSDT_2025-07-04_klines_trades.csv,,,,ERROR
gateio,CROWNUSDT,2025-05-09,CROWNUSDT_2025-05-09_klines.csv,7.13,151.35,micro,PUMP
gateio,CROWNUSDT,2025-05-09,CROWNUSDT_2025-05-09_klines_L2.csv,,,,ERROR
gateio,CROWNUSDT,2025-05-09,CROWNUSDT_2025-05-09_klines_market_ctx.csv,,,,ERROR
gateio,CROWNUSDT,2025-05-09,CROWNUSDT_2025-05-09_klines_trades.csv,,,,ERROR
gateio,CROWNUSDT,2025-05-15,CROWNUSDT_2025-05-15_klines.csv,5.71,167.74,micro,PUMP
gateio,CRTSUSDT,2025-06-06,CRTSUSDT_2025-06-06_klines.csv,11.67,124.41,small,PUMP
gateio,CRTSUSDT,2025-06-06,CRTSUSDT_2025-06-06_klines_L2.csv,,,,ERROR
gateio,CRTSUSDT,2025-06-06,CRTSUSDT_2025-06-06_klines_market_ctx.csv,,,,ERROR
gateio,CRTSUSDT,2025-06-06,CRTSUSDT_2025-06-06_klines_trades.csv,,,,ERROR
gateio,CRV3LUSDT,2025-05-15,CRV3LUSDT_2025-05-15_klines.csv,50.2,34.7,extreme,PUMP
gateio,CRV3LUSDT,2025-05-15,CRV3LUSDT_2025-05-15_klines_L2.csv,,,,ERROR
gateio,CRV3LUSDT,2025-05-15,CRV3LUSDT_2025-05-15_klines_market_ctx.csv,,,,ERROR
gateio,CRV3LUSDT,2025-05-15,CRV3LUSDT_2025-05-15_klines_trades.csv,,,,ERROR
gateio,CRV3SUSDT,2025-05-23,CRV3SUSDT_2025-05-23_klines.csv,83.2,8.77,,VOLATILE_CONTROL
gateio,CRVUSDUSDT,2025-06-18,CRVUSDUSDT_2025-06-18_klines.csv,4.23,0.0,,VOLATILE_CONTROL
gateio,CRWDXUSDT,2025-10-30,CRWDXUSDT_2025-10-30_klines.csv,2.79,0.0,,VOLATILE_CONTROL
gateio,CRWNUSDT,2025-05-09,CRWNUSDT_2025-05-09_klines.csv,86.83,103.0,extreme,PUMP
gateio,CRWNUSDT,2025-05-09,CRWNUSDT_2025-05-09_klines_L2.csv,,,,ERROR
gateio,CRWNUSDT,2025-05-09,CRWNUSDT_2025-05-09_klines_market_ctx.csv,,,,ERROR
gateio,CRWNUSDT,2025-05-09,CRWNUSDT_2025-05-09_klines_trades.csv,,,,ERROR
gateio,CRWNUSDT,2025-05-15,CRWNUSDT_2025-05-15_klines.csv,11.85,268.21,small,PUMP
gateio,CRYPTOBURGUSDT,2026-02-25,CRYPTOBURGUSDT_2026-02-25_klines.csv,314.0,32.87,extreme,PUMP
gateio,CRYPTOBURGUSDT,2026-02-25,CRYPTOBURGUSDT_2026-02-25_klines_L2.csv,,,,ERROR
gateio,CRYPTOBURGUSDT,2026-02-25,CRYPTOBURGUSDT_2026-02-25_klines_market_ctx.csv,,,,ERROR
gateio,CRYPTOBURGUSDT,2026-02-25,CRYPTOBURGUSDT_2026-02-25_klines_trades.csv,,,,ERROR
gateio,CSPRUSDT,2025-05-09,CSPRUSDT_2025-05-09_klines.csv,93.3,93.38,extreme,PUMP
gateio,CSPRUSDT,2025-05-09,CSPRUSDT_2025-05-09_klines_L2.csv,,,,ERROR
gateio,CSPRUSDT,2025-05-09,CSPRUSDT_2025-05-09_klines_market_ctx.csv,,,,ERROR
gateio,CSPRUSDT,2025-05-09,CSPRUSDT_2025-05-09_klines_trades.csv,,,,ERROR
gateio,CSPRUSDT,2026-01-01,CSPRUSDT_2026-01-01_klines.csv,50.67,72.85,extreme,PUMP
gateio,CTCUSDT,2025-11-21,CTCUSDT_2025-11-21_klines.csv,52.71,106.6,extreme,PUMP
gateio,CTCUSDT,2025-11-21,CTCUSDT_2025-11-21_klines_L2.csv,,,,ERROR
gateio,CTCUSDT,2025-11-21,CTCUSDT_2025-11-21_klines_market_ctx.csv,,,,ERROR
gateio,CTCUSDT,2025-11-21,CTCUSDT_2025-11-21_klines_trades.csv,,,,ERROR
gateio,CTKUSDT,2025-06-13,CTKUSDT_2025-06-13_klines.csv,0.04,0.0,,VOLATILE_CONTROL
gateio,CTSIUSDT,2025-07-05,CTSIUSDT_2025-07-05_klines.csv,27.28,30.95,medium,PUMP
gateio,CTSIUSDT,2025-07-05,CTSIUSDT_2025-07-05_klines_L2.csv,,,,ERROR
gateio,CTSIUSDT,2025-07-05,CTSIUSDT_2025-07-05_klines_market_ctx.csv,,,,ERROR
gateio,CTSIUSDT,2025-07-05,CTSIUSDT_2025-07-05_klines_trades.csv,,,,ERROR
gateio,CUDISUSDT,2025-08-28,CUDISUSDT_2025-08-28_klines.csv,13.93,116.05,small,PUMP
gateio,CUDISUSDT,2025-08-28,CUDISUSDT_2025-08-28_klines_L2.csv,,,,ERROR
gateio,CUDISUSDT,2025-08-28,CUDISUSDT_2025-08-28_klines_market_ctx.csv,,,,ERROR
gateio,CUDISUSDT,2025-08-28,CUDISUSDT_2025-08-28_klines_trades.csv,,,,ERROR
gateio,CUMMIESUSDT,2025-11-04,CUMMIESUSDT_2025-11-04_klines.csv,52.41,110.79,extreme,PUMP
gateio,CUMMIESUSDT,2025-11-04,CUMMIESUSDT_2025-11-04_klines_L2.csv,,,,ERROR
gateio,CUMMIESUSDT,2025-11-04,CUMMIESUSDT_2025-11-04_klines_market_ctx.csv,,,,ERROR
gateio,CUMMIESUSDT,2025-11-04,CUMMIESUSDT_2025-11-04_klines_trades.csv,,,,ERROR
gateio,CUSDT,2025-07-19,CUSDT_2025-07-19_klines.csv,53.03,100.79,extreme,PUMP
gateio,CUSDT,2025-07-19,CUSDT_2025-07-19_klines_L2.csv,,,,ERROR
gateio,CUSDT,2025-07-19,CUSDT_2025-07-19_klines_market_ctx.csv,,,,ERROR
gateio,CUSDT,2025-07-19,CUSDT_2025-07-19_klines_trades.csv,,,,ERROR
gateio,CUSDUSDT,2025-05-19,CUSDUSDT_2025-05-19_klines.csv,1.17,0.0,,VOLATILE_CONTROL
gateio,CVAULTCOREUSDT,2025-06-06,CVAULTCOREUSDT_2025-06-06_klines.csv,50.63,127.45,extreme,PUMP
gateio,CVCUSDT,2025-10-31,CVCUSDT_2025-10-31_klines.csv,3.95,0.0,,VOLATILE_CONTROL
gateio,CVXUSDT,2025-06-29,CVXUSDT_2025-06-29_klines.csv,2.93,0.0,,VOLATILE_CONTROL
gateio,CWARUSDT,2025-07-07,CWARUSDT_2025-07-07_klines.csv,29.81,41.34,medium,PUMP
gateio,CWARUSDT,2025-07-07,CWARUSDT_2025-07-07_klines_L2.csv,,,,ERROR
gateio,CWARUSDT,2025-07-07,CWARUSDT_2025-07-07_klines_market_ctx.csv,,,,ERROR
gateio,CWARUSDT,2025-07-07,CWARUSDT_2025-07-07_klines_trades.csv,,,,ERROR
gateio,CWEBUSDT,2025-05-09,CWEBUSDT_2025-05-09_klines.csv,20.31,91.33,medium,PUMP
gateio,CWEBUSDT,2025-05-09,CWEBUSDT_2025-05-09_klines_L2.csv,,,,ERROR
gateio,CWEBUSDT,2025-05-09,CWEBUSDT_2025-05-09_klines_market_ctx.csv,,,,ERROR
gateio,CWEBUSDT,2025-05-09,CWEBUSDT_2025-05-09_klines_trades.csv,,,,ERROR
gateio,CWEBUSDT,2025-05-15,CWEBUSDT_2025-05-15_klines.csv,35.11,18.03,,VOLATILE_CONTROL
gateio,CWIFUSDT,2025-11-01,CWIFUSDT_2025-11-01_klines.csv,50.89,106.7,extreme,PUMP
gateio,CWIFUSDT,2025-11-01,CWIFUSDT_2025-11-01_klines_L2.csv,,,,ERROR
gateio,CWIFUSDT,2025-11-01,CWIFUSDT_2025-11-01_klines_market_ctx.csv,,,,ERROR
gateio,CWIFUSDT,2025-11-01,CWIFUSDT_2025-11-01_klines_trades.csv,,,,ERROR
gateio,CXTUSDT,2025-05-09,CXTUSDT_2025-05-09_klines.csv,43.51,110.95,major,PUMP
gateio,CXTUSDT,2025-05-09,CXTUSDT_2025-05-09_klines_L2.csv,,,,ERROR
gateio,CXTUSDT,2025-05-09,CXTUSDT_2025-05-09_klines_market_ctx.csv,,,,ERROR
gateio,CXTUSDT,2025-05-09,CXTUSDT_2025-05-09_klines_trades.csv,,,,ERROR
gateio,CXTUSDT,2025-05-15,CXTUSDT_2025-05-15_klines.csv,102.68,47.53,extreme,PUMP
gateio,CYBERUSDT,2025-06-23,CYBERUSDT_2025-06-23_klines.csv,14.47,91.31,small,PUMP
gateio,CYBERUSDT,2025-06-23,CYBERUSDT_2025-06-23_klines_L2.csv,,,,ERROR
gateio,CYBERUSDT,2025-06-23,CYBERUSDT_2025-06-23_klines_market_ctx.csv,,,,ERROR
gateio,CYBERUSDT,2025-06-23,CYBERUSDT_2025-06-23_klines_trades.csv,,,,ERROR
gateio,CYBROUSDT,2025-06-25,CYBROUSDT_2025-06-25_klines.csv,29.0,71.54,medium,PUMP
gateio,CYBROUSDT,2025-06-25,CYBROUSDT_2025-06-25_klines_L2.csv,,,,ERROR
gateio,CYBROUSDT,2025-06-25,CYBROUSDT_2025-06-25_klines_market_ctx.csv,,,,ERROR
gateio,CYBROUSDT,2025-06-25,CYBROUSDT_2025-06-25_klines_trades.csv,,,,ERROR
gateio,CYRUSUSDT,2025-05-09,CYRUSUSDT_2025-05-09_klines.csv,15.6,231.69,small,PUMP
gateio,CYRUSUSDT,2025-05-09,CYRUSUSDT_2025-05-09_klines_L2.csv,,,,ERROR
gateio,CYRUSUSDT,2025-05-09,CYRUSUSDT_2025-05-09_klines_market_ctx.csv,,,,ERROR
gateio,CYRUSUSDT,2025-05-09,CYRUSUSDT_2025-05-09_klines_trades.csv,,,,ERROR
gateio,CYRUSUSDT,2025-05-15,CYRUSUSDT_2025-05-15_klines.csv,215.46,107.47,extreme,PUMP
gateio,CYSUSDT,2025-12-11,CYSUSDT_2025-12-11_klines.csv,44.68,151.08,major,PUMP
gateio,CYSUSDT,2025-12-11,CYSUSDT_2025-12-11_klines_L2.csv,,,,ERROR
gateio,CYSUSDT,2025-12-11,CYSUSDT_2025-12-11_klines_market_ctx.csv,,,,ERROR
gateio,CYSUSDT,2025-12-11,CYSUSDT_2025-12-11_klines_trades.csv,,,,ERROR
gateio,D2TUSDT,2025-05-09,D2TUSDT_2025-05-09_klines.csv,145.69,76.22,extreme,PUMP
gateio,D2TUSDT,2025-05-09,D2TUSDT_2025-05-09_klines_L2.csv,,,,ERROR
gateio,D2TUSDT,2025-05-09,D2TUSDT_2025-05-09_klines_market_ctx.csv,,,,ERROR
gateio,D2TUSDT,2025-05-09,D2TUSDT_2025-05-09_klines_trades.csv,,,,ERROR
gateio,D2TUSDT,2025-05-15,D2TUSDT_2025-05-15_klines.csv,97.44,122.41,extreme,PUMP
gateio,DADDYUSDT,2025-07-11,DADDYUSDT_2025-07-11_klines.csv,6.37,382.95,micro,PUMP
gateio,DADDYUSDT,2025-07-11,DADDYUSDT_2025-07-11_klines_L2.csv,,,,ERROR
gateio,DADDYUSDT,2025-07-11,DADDYUSDT_2025-07-11_klines_market_ctx.csv,,,,ERROR
gateio,DADDYUSDT,2025-07-11,DADDYUSDT_2025-07-11_klines_trades.csv,,,,ERROR
gateio,DAGUSDT,2025-07-04,DAGUSDT_2025-07-04_klines.csv,14.41,131.29,small,PUMP
gateio,DAGUSDT,2025-07-04,DAGUSDT_2025-07-04_klines_L2.csv,,,,ERROR
gateio,DAGUSDT,2025-07-04,DAGUSDT_2025-07-04_klines_market_ctx.csv,,,,ERROR
gateio,DAGUSDT,2025-07-04,DAGUSDT_2025-07-04_klines_trades.csv,,,,ERROR
gateio,DAOUSDT,2026-02-19,DAOUSDT_2026-02-19_klines.csv,1.92,0.0,,VOLATILE_CONTROL
gateio,DASH3LUSDT,2026-01-03,DASH3LUSDT_2026-01-03_klines.csv,0.0,0.0,,VOLATILE_CONTROL
gateio,DASHUSDT,2025-09-14,DASHUSDT_2025-09-14_klines.csv,1.84,0.0,,VOLATILE_CONTROL
gateio,DATAUSDT,2025-06-06,DATAUSDT_2025-06-06_klines.csv,14.7,132.29,small,PUMP
gateio,DATAUSDT,2025-06-06,DATAUSDT_2025-06-06_klines_L2.csv,,,,ERROR
gateio,DATAUSDT,2025-06-06,DATAUSDT_2025-06-06_klines_market_ctx.csv,,,,ERROR
gateio,DATAUSDT,2025-06-06,DATAUSDT_2025-06-06_klines_trades.csv,,,,ERROR
gateio,DBCUSDT,2025-05-09,DBCUSDT_2025-05-09_klines.csv,106.16,94.4,extreme,PUMP
gateio,DBCUSDT,2025-05-09,DBCUSDT_2025-05-09_klines_L2.csv,,,,ERROR
gateio,DBCUSDT,2025-05-09,DBCUSDT_2025-05-09_klines_market_ctx.csv,,,,ERROR
gateio,DBCUSDT,2025-05-09,DBCUSDT_2025-05-09_klines_trades.csv,,,,ERROR
gateio,DBCUSDT,2025-07-06,DBCUSDT_2025-07-06_klines.csv,0.0,0.0,,VOLATILE_CONTROL
gateio,DBRUSDT,2025-06-10,DBRUSDT_2025-06-10_klines.csv,3.82,0.0,,VOLATILE_CONTROL
gateio,DCKUSDT,2025-05-09,DCKUSDT_2025-05-09_klines.csv,56.05,68.53,extreme,PUMP
gateio,DCKUSDT,2025-05-09,DCKUSDT_2025-05-09_klines_L2.csv,,,,ERROR
gateio,DCKUSDT,2025-05-09,DCKUSDT_2025-05-09_klines_market_ctx.csv,,,,ERROR
gateio,DCKUSDT,2025-05-09,DCKUSDT_2025-05-09_klines_trades.csv,,,,ERROR
gateio,DCKUSDT,2026-03-19,DCKUSDT_2026-03-19_klines.csv,7.5,140.59,micro,PUMP
gateio,DCRUSDT,2025-09-26,DCRUSDT_2025-09-26_klines.csv,51.22,74.45,extreme,PUMP
gateio,DCRUSDT,2025-09-26,DCRUSDT_2025-09-26_klines_L2.csv,,,,ERROR
gateio,DCRUSDT,2025-09-26,DCRUSDT_2025-09-26_klines_market_ctx.csv,,,,ERROR
gateio,DCRUSDT,2025-09-26,DCRUSDT_2025-09-26_klines_trades.csv,,,,ERROR
gateio,DEEPLINKUSDT,2025-05-09,DEEPLINKUSDT_2025-05-09_klines.csv,55.74,112.08,extreme,PUMP
gateio,DEEPLINKUSDT,2025-05-09,DEEPLINKUSDT_2025-05-09_klines_L2.csv,,,,ERROR
gateio,DEEPLINKUSDT,2025-05-09,DEEPLINKUSDT_2025-05-09_klines_market_ctx.csv,,,,ERROR
gateio,DEEPLINKUSDT,2025-05-09,DEEPLINKUSDT_2025-05-09_klines_trades.csv,,,,ERROR
gateio,DEEPLINKUSDT,2025-08-25,DEEPLINKUSDT_2025-08-25_klines.csv,9.03,268.68,micro,PUMP
gateio,DEEPSEEKUSDT,2025-05-17,DEEPSEEKUSDT_2025-05-17_klines.csv,3.51,0.0,,VOLATILE_CONTROL
gateio,DEFIBOXUSDT,2025-07-03,DEFIBOXUSDT_2025-07-03_klines.csv,14.34,123.63,small,PUMP
gateio,DEGENUSDT,2025-05-09,DEGENUSDT_2025-05-09_klines.csv,157.32,75.62,extreme,PUMP
gateio,DEGENUSDT,2025-05-09,DEGENUSDT_2025-05-09_klines_L2.csv,,,,ERROR
gateio,DEGENUSDT,2025-05-09,DEGENUSDT_2025-05-09_klines_market_ctx.csv,,,,ERROR
gateio,DEGENUSDT,2025-05-09,DEGENUSDT_2025-05-09_klines_trades.csv,,,,ERROR
gateio,DEGENUSDT,2025-06-23,DEGENUSDT_2025-06-23_klines.csv,21.51,60.36,medium,PUMP
gateio,DELABSUSDT,2025-07-28,DELABSUSDT_2025-07-28_klines.csv,5.28,720.0,micro,PUMP
gateio,DELABSUSDT,2025-07-28,DELABSUSDT_2025-07-28_klines_L2.csv,,,,ERROR
gateio,DELABSUSDT,2025-07-28,DELABSUSDT_2025-07-28_klines_market_ctx.csv,,,,ERROR
gateio,DELABSUSDT,2025-07-28,DELABSUSDT_2025-07-28_klines_trades.csv,,,,ERROR
gateio,DENTUSDT,2025-06-23,DENTUSDT_2025-06-23_klines.csv,18.23,40.66,small,PUMP
gateio,DENTUSDT,2025-06-23,DENTUSDT_2025-06-23_klines_L2.csv,,,,ERROR
gateio,DENTUSDT,2025-06-23,DENTUSDT_2025-06-23_klines_market_ctx.csv,,,,ERROR
gateio,DENTUSDT,2025-06-23,DENTUSDT_2025-06-23_klines_trades.csv,,,,ERROR
gateio,DEPUSDT,2025-07-01,DEPUSDT_2025-07-01_klines.csv,51.05,87.41,extreme,PUMP
gateio,DEPUSDT,2025-07-01,DEPUSDT_2025-07-01_klines_L2.csv,,,,ERROR
gateio,DEPUSDT,2025-07-01,DEPUSDT_2025-07-01_klines_market_ctx.csv,,,,ERROR
gateio,DEPUSDT,2025-07-01,DEPUSDT_2025-07-01_klines_trades.csv,,,,ERROR
gateio,DERIUSDT,2025-05-09,DERIUSDT_2025-05-09_klines.csv,51.15,41.65,extreme,PUMP
gateio,DERIUSDT,2025-05-09,DERIUSDT_2025-05-09_klines_L2.csv,,,,ERROR
gateio,DERIUSDT,2025-05-09,DERIUSDT_2025-05-09_klines_market_ctx.csv,,,,ERROR
gateio,DERIUSDT,2025-05-09,DERIUSDT_2025-05-09_klines_trades.csv,,,,ERROR
gateio,DERIUSDT,2025-05-15,DERIUSDT_2025-05-15_klines.csv,71.12,66.83,extreme,PUMP
gateio,DEVVEUSDT,2025-06-22,DEVVEUSDT_2025-06-22_klines.csv,42.58,22.53,,VOLATILE_CONTROL
gateio,DEXEUSDT,2025-09-03,DEXEUSDT_2025-09-03_klines.csv,1.79,0.0,,VOLATILE_CONTROL
gateio,DFDVXUSDT,2025-07-09,DFDVXUSDT_2025-07-09_klines.csv,47.43,12.96,,VOLATILE_CONTROL
gateio,DGBUSDT,2025-10-19,DGBUSDT_2025-10-19_klines.csv,7.14,216.77,micro,PUMP
gateio,DGBUSDT,2025-10-19,DGBUSDT_2025-10-19_klines_L2.csv,,,,ERROR
gateio,DGBUSDT,2025-10-19,DGBUSDT_2025-10-19_klines_market_ctx.csv,,,,ERROR
gateio,DGBUSDT,2025-10-19,DGBUSDT_2025-10-19_klines_trades.csv,,,,ERROR
gateio,DGMAUSDT,2025-09-25,DGMAUSDT_2025-09-25_klines.csv,389.29,75.23,extreme,PUMP
gateio,DGMAUSDT,2025-09-25,DGMAUSDT_2025-09-25_klines_L2.csv,,,,ERROR
gateio,DGMAUSDT,2025-09-25,DGMAUSDT_2025-09-25_klines_market_ctx.csv,,,,ERROR
gateio,DGMAUSDT,2025-09-25,DGMAUSDT_2025-09-25_klines_trades.csv,,,,ERROR
gateio,DHRXUSDT,2025-11-08,DHRXUSDT_2025-11-08_klines.csv,8.05,55.17,micro,PUMP
gateio,DHRXUSDT,2025-11-08,DHRXUSDT_2025-11-08_klines_L2.csv,,,,ERROR
gateio,DHRXUSDT,2025-11-08,DHRXUSDT_2025-11-08_klines_market_ctx.csv,,,,ERROR
gateio,DHRXUSDT,2025-11-08,DHRXUSDT_2025-11-08_klines_trades.csv,,,,ERROR
gateio,DHVUSDT,2025-05-21,DHVUSDT_2025-05-21_klines.csv,7.86,145.42,micro,PUMP
gateio,DHVUSDT,2025-05-21,DHVUSDT_2025-05-21_klines_L2.csv,,,,ERROR
gateio,DHVUSDT,2025-05-21,DHVUSDT_2025-05-21_klines_market_ctx.csv,,,,ERROR
gateio,DHVUSDT,2025-05-21,DHVUSDT_2025-05-21_klines_trades.csv,,,,ERROR
gateio,DIAUSDT,2025-07-04,DIAUSDT_2025-07-04_klines.csv,16.54,0.0,,VOLATILE_CONTROL
gateio,DIMOUSDT,2025-06-24,DIMOUSDT_2025-06-24_klines.csv,5.44,451.75,micro,PUMP
gateio,DIMOUSDT,2025-06-24,DIMOUSDT_2025-06-24_klines_L2.csv,,,,ERROR
gateio,DIMOUSDT,2025-06-24,DIMOUSDT_2025-06-24_klines_market_ctx.csv,,,,ERROR
gateio,DIMOUSDT,2025-06-24,DIMOUSDT_2025-06-24_klines_trades.csv,,,,ERROR
gateio,DINUSDT,2025-05-09,DINUSDT_2025-05-09_klines.csv,63.84,133.38,extreme,PUMP
gateio,DINUSDT,2025-05-09,DINUSDT_2025-05-09_klines_L2.csv,,,,ERROR
gateio,DINUSDT,2025-05-09,DINUSDT_2025-05-09_klines_market_ctx.csv,,,,ERROR
gateio,DINUSDT,2025-05-09,DINUSDT_2025-05-09_klines_trades.csv,,,,ERROR
gateio,DINUSDT,2025-05-18,DINUSDT_2025-05-18_klines.csv,38.78,95.4,large,PUMP
gateio,DIOUSDT,2025-07-02,DIOUSDT_2025-07-02_klines.csv,50.04,56.41,extreme,PUMP
gateio,DIOUSDT,2025-07-02,DIOUSDT_2025-07-02_klines_L2.csv,,,,ERROR
gateio,DIOUSDT,2025-07-02,DIOUSDT_2025-07-02_klines_market_ctx.csv,,,,ERROR
gateio,DIOUSDT,2025-07-02,DIOUSDT_2025-07-02_klines_trades.csv,,,,ERROR
gateio,DIVERUSDT,2025-06-12,DIVERUSDT_2025-06-12_klines.csv,0.08,0.0,,VOLATILE_CONTROL
gateio,DKAUSDT,2026-01-02,DKAUSDT_2026-01-02_klines.csv,25.01,67.45,medium,PUMP
gateio,DKAUSDT,2026-01-02,DKAUSDT_2026-01-02_klines_L2.csv,,,,ERROR
gateio,DKAUSDT,2026-01-02,DKAUSDT_2026-01-02_klines_market_ctx.csv,,,,ERROR
gateio,DKAUSDT,2026-01-02,DKAUSDT_2026-01-02_klines_trades.csv,,,,ERROR
gateio,DLUSDT,2025-09-19,DLUSDT_2025-09-19_klines.csv,1925.0,54.6,extreme,PUMP
gateio,DLUSDT,2025-09-19,DLUSDT_2025-09-19_klines_L2.csv,,,,ERROR
gateio,DLUSDT,2025-09-19,DLUSDT_2025-09-19_klines_market_ctx.csv,,,,ERROR
gateio,DLUSDT,2025-09-19,DLUSDT_2025-09-19_klines_trades.csv,,,,ERROR
gateio,DMCUSDT,2025-06-24,DMCUSDT_2025-06-24_klines.csv,366.73,93.82,extreme,PUMP
gateio,DMCUSDT,2025-06-24,DMCUSDT_2025-06-24_klines_L2.csv,,,,ERROR
gateio,DMCUSDT,2025-06-24,DMCUSDT_2025-06-24_klines_market_ctx.csv,,,,ERROR
gateio,DMCUSDT,2025-06-24,DMCUSDT_2025-06-24_klines_trades.csv,,,,ERROR
gateio,DNUSDT,2026-01-09,DNUSDT_2026-01-09_klines.csv,388.52,116.62,extreme,PUMP
gateio,DNUSDT,2026-01-09,DNUSDT_2026-01-09_klines_L2.csv,,,,ERROR
gateio,DNUSDT,2026-01-09,DNUSDT_2026-01-09_klines_market_ctx.csv,,,,ERROR
gateio,DNUSDT,2026-01-09,DNUSDT_2026-01-09_klines_trades.csv,,,,ERROR
gateio,DNXUSDT,2025-05-16,DNXUSDT_2025-05-16_klines.csv,33.68,54.03,large,PUMP
gateio,DODOUSDT,2025-07-02,DODOUSDT_2025-07-02_klines.csv,13.24,0.0,,VOLATILE_CONTROL
gateio,DOGE3LUSDT,2025-05-09,DOGE3LUSDT_2025-05-09_klines.csv,110.34,79.37,extreme,PUMP
gateio,DOGE3LUSDT,2025-05-09,DOGE3LUSDT_2025-05-09_klines_L2.csv,,,,ERROR
gateio,DOGE3LUSDT,2025-05-09,DOGE3LUSDT_2025-05-09_klines_market_ctx.csv,,,,ERROR
gateio,DOGE3LUSDT,2025-05-09,DOGE3LUSDT_2025-05-09_klines_trades.csv,,,,ERROR
gateio,DOGE3LUSDT,2025-05-18,DOGE3LUSDT_2025-05-18_klines.csv,55.09,103.39,extreme,PUMP
gateio,DOGE3SUSDT,2025-05-15,DOGE3SUSDT_2025-05-15_klines.csv,35.17,178.08,large,PUMP
gateio,DOGE5LUSDT,2025-05-09,DOGE5LUSDT_2025-05-09_klines.csv,203.29,86.22,extreme,PUMP
gateio,DOGE5LUSDT,2025-05-09,DOGE5LUSDT_2025-05-09_klines_L2.csv,,,,ERROR
gateio,DOGE5LUSDT,2025-05-09,DOGE5LUSDT_2025-05-09_klines_market_ctx.csv,,,,ERROR
gateio,DOGE5LUSDT,2025-05-09,DOGE5LUSDT_2025-05-09_klines_trades.csv,,,,ERROR
gateio,DOGE5LUSDT,2025-05-16,DOGE5LUSDT_2025-05-16_klines.csv,56.42,126.15,extreme,PUMP
gateio,DOGEGOVUSDT,2025-05-09,DOGEGOVUSDT_2025-05-09_klines.csv,248.18,35.62,extreme,PUMP
gateio,DOGEGOVUSDT,2025-05-09,DOGEGOVUSDT_2025-05-09_klines_L2.csv,,,,ERROR
gateio,DOGEGOVUSDT,2025-05-09,DOGEGOVUSDT_2025-05-09_klines_market_ctx.csv,,,,ERROR
gateio,DOGEGOVUSDT,2025-05-09,DOGEGOVUSDT_2025-05-09_klines_trades.csv,,,,ERROR
gateio,DOGEGOVUSDT,2025-05-15,DOGEGOVUSDT_2025-05-15_klines.csv,86.05,77.51,extreme,PUMP
gateio,DOGELONMARSUSDT,2026-01-15,DOGELONMARSUSDT_2026-01-15_klines.csv,2.68,0.0,,VOLATILE_CONTROL
gateio,DOGINMEUSDT,2025-05-16,DOGINMEUSDT_2025-05-16_klines.csv,112.21,120.24,extreme,PUMP
gateio,DOGINMEUSDT,2025-05-16,DOGINMEUSDT_2025-05-16_klines_L2.csv,,,,ERROR
gateio,DOGINMEUSDT,2025-05-16,DOGINMEUSDT_2025-05-16_klines_market_ctx.csv,,,,ERROR
gateio,DOGINMEUSDT,2025-05-16,DOGINMEUSDT_2025-05-16_klines_trades.csv,,,,ERROR
gateio,DOGSUSDT,2025-05-09,DOGSUSDT_2025-05-09_klines.csv,50.79,96.53,extreme,PUMP
gateio,DOGSUSDT,2025-05-09,DOGSUSDT_2025-05-09_klines_L2.csv,,,,ERROR
gateio,DOGSUSDT,2025-05-09,DOGSUSDT_2025-05-09_klines_market_ctx.csv,,,,ERROR
gateio,DOGSUSDT,2025-05-09,DOGSUSDT_2025-05-09_klines_trades.csv,,,,ERROR
gateio,DOGSUSDT,2026-03-30,DOGSUSDT_2026-03-30_klines.csv,12.64,45.43,small,PUMP
gateio,DOGUSDT,2025-05-09,DOGUSDT_2025-05-09_klines.csv,27.51,103.47,medium,PUMP
gateio,DOGUSDT,2025-05-09,DOGUSDT_2025-05-09_klines_L2.csv,,,,ERROR
gateio,DOGUSDT,2025-05-09,DOGUSDT_2025-05-09_klines_market_ctx.csv,,,,ERROR
gateio,DOGUSDT,2025-05-09,DOGUSDT_2025-05-09_klines_trades.csv,,,,ERROR
gateio,DOGUSDT,2025-05-15,DOGUSDT_2025-05-15_klines.csv,52.63,23.89,,VOLATILE_CONTROL
gateio,DOLOUSDT,2025-06-23,DOLOUSDT_2025-06-23_klines.csv,29.09,16.4,,VOLATILE_CONTROL
gateio,DOMEUSDT,2025-05-25,DOMEUSDT_2025-05-25_klines.csv,1.5,0.0,,VOLATILE_CONTROL
gateio,DONUSDT,2025-05-24,DONUSDT_2025-05-24_klines.csv,46.07,117.48,major,PUMP
gateio,DONUSDT,2025-05-24,DONUSDT_2025-05-24_klines_L2.csv,,,,ERROR
gateio,DONUSDT,2025-05-24,DONUSDT_2025-05-24_klines_market_ctx.csv,,,,ERROR
gateio,DONUSDT,2025-05-24,DONUSDT_2025-05-24_klines_trades.csv,,,,ERROR
gateio,DOODUSDT,2025-05-09,DOODUSDT_2025-05-09_klines.csv,120.32,121.1,extreme,PUMP
gateio,DOODUSDT,2025-05-09,DOODUSDT_2025-05-09_klines_L2.csv,,,,ERROR
gateio,DOODUSDT,2025-05-09,DOODUSDT_2025-05-09_klines_market_ctx.csv,,,,ERROR
gateio,DOODUSDT,2025-05-09,DOODUSDT_2025-05-09_klines_trades.csv,,,,ERROR
gateio,DOODUSDT,2025-06-23,DOODUSDT_2025-06-23_klines.csv,27.43,58.57,medium,PUMP
gateio,DORAUSDT,2025-05-09,DORAUSDT_2025-05-09_klines.csv,25.03,110.05,medium,PUMP
gateio,DORAUSDT,2025-05-09,DORAUSDT_2025-05-09_klines_L2.csv,,,,ERROR
gateio,DORAUSDT,2025-05-09,DORAUSDT_2025-05-09_klines_market_ctx.csv,,,,ERROR
gateio,DORAUSDT,2025-05-09,DORAUSDT_2025-05-09_klines_trades.csv,,,,ERROR
gateio,DORAUSDT,2025-05-15,DORAUSDT_2025-05-15_klines.csv,80.5,71.9,extreme,PUMP
gateio,DOT3LUSDT,2025-05-09,DOT3LUSDT_2025-05-09_klines.csv,69.27,90.5,extreme,PUMP
gateio,DOT3LUSDT,2025-05-09,DOT3LUSDT_2025-05-09_klines_L2.csv,,,,ERROR
gateio,DOT3LUSDT,2025-05-09,DOT3LUSDT_2025-05-09_klines_market_ctx.csv,,,,ERROR
gateio,DOT3LUSDT,2025-05-09,DOT3LUSDT_2025-05-09_klines_trades.csv,,,,ERROR
gateio,DOT3SUSDT,2025-05-15,DOT3SUSDT_2025-05-15_klines.csv,33.51,141.27,large,PUMP
gateio,DOT5LUSDT,2025-05-09,DOT5LUSDT_2025-05-09_klines.csv,128.09,96.26,extreme,PUMP
gateio,DOT5LUSDT,2025-05-09,DOT5LUSDT_2025-05-09_klines_L2.csv,,,,ERROR
gateio,DOT5LUSDT,2025-05-09,DOT5LUSDT_2025-05-09_klines_market_ctx.csv,,,,ERROR
gateio,DOT5LUSDT,2025-05-09,DOT5LUSDT_2025-05-09_klines_trades.csv,,,,ERROR
gateio,DOT5LUSDT,2025-05-20,DOT5LUSDT_2025-05-20_klines.csv,64.01,140.9,extreme,PUMP
gateio,DOT5SUSDT,2025-05-15,DOT5SUSDT_2025-05-15_klines.csv,46.2,166.01,major,PUMP
gateio,DPRUSDT,2025-08-02,DPRUSDT_2025-08-02_klines.csv,2.87,0.0,,VOLATILE_CONTROL
gateio,DRESSUSDT,2025-09-09,DRESSUSDT_2025-09-09_klines.csv,1279.6,66.51,extreme,PUMP
gateio,DRESSUSDT,2025-09-09,DRESSUSDT_2025-09-09_klines_L2.csv,,,,ERROR
gateio,DRESSUSDT,2025-09-09,DRESSUSDT_2025-09-09_klines_market_ctx.csv,,,,ERROR
gateio,DRESSUSDT,2025-09-09,DRESSUSDT_2025-09-09_klines_trades.csv,,,,ERROR
gateio,DRVUSDT,2025-05-27,DRVUSDT_2025-05-27_klines.csv,2.76,0.0,,VOLATILE_CONTROL
gateio,DSYNCUSDT,2025-06-23,DSYNCUSDT_2025-06-23_klines.csv,53.0,26.07,,VOLATILE_CONTROL
gateio,DTECUSDT,2025-05-09,DTECUSDT_2025-05-09_klines.csv,52.98,79.46,extreme,PUMP
gateio,DTECUSDT,2025-05-09,DTECUSDT_2025-05-09_klines_L2.csv,,,,ERROR
gateio,DTECUSDT,2025-05-09,DTECUSDT_2025-05-09_klines_market_ctx.csv,,,,ERROR
gateio,DTECUSDT,2025-05-09,DTECUSDT_2025-05-09_klines_trades.csv,,,,ERROR
gateio,DTECUSDT,2025-05-18,DTECUSDT_2025-05-18_klines.csv,64.56,78.8,extreme,PUMP
gateio,DUCKUSDT,2025-06-06,DUCKUSDT_2025-06-06_klines.csv,9.9,99.19,micro,PUMP
gateio,DUCKUSDT,2025-06-06,DUCKUSDT_2025-06-06_klines_L2.csv,,,,ERROR
gateio,DUCKUSDT,2025-06-06,DUCKUSDT_2025-06-06_klines_market_ctx.csv,,,,ERROR
gateio,DUCKUSDT,2025-06-06,DUCKUSDT_2025-06-06_klines_trades.csv,,,,ERROR
gateio,DUREVUSDT,2025-06-26,DUREVUSDT_2025-06-26_klines.csv,0.95,0.0,,VOLATILE_CONTROL
gateio,DUSDT,2025-06-23,DUSDT_2025-06-23_klines.csv,25.67,79.6,medium,PUMP
gateio,DUSDT,2025-06-23,DUSDT_2025-06-23_klines_L2.csv,,,,ERROR
gateio,DUSDT,2025-06-23,DUSDT_2025-06-23_klines_market_ctx.csv,,,,ERROR
gateio,DUSDT,2025-06-23,DUSDT_2025-06-23_klines_trades.csv,,,,ERROR
gateio,DXCTUSDT,2025-09-19,DXCTUSDT_2025-09-19_klines.csv,9.54,96.86,micro,PUMP
gateio,DXCTUSDT,2025-09-19,DXCTUSDT_2025-09-19_klines_L2.csv,,,,ERROR
gateio,DXCTUSDT,2025-09-19,DXCTUSDT_2025-09-19_klines_market_ctx.csv,,,,ERROR
gateio,DXCTUSDT,2025-09-19,DXCTUSDT_2025-09-19_klines_trades.csv,,,,ERROR
gateio,DXGMUSDT,2025-05-22,DXGMUSDT_2025-05-22_klines.csv,51.13,79.61,extreme,PUMP
gateio,DXGMUSDT,2025-05-22,DXGMUSDT_2025-05-22_klines_L2.csv,,,,ERROR
gateio,DXGMUSDT,2025-05-22,DXGMUSDT_2025-05-22_klines_market_ctx.csv,,,,ERROR
gateio,DXGMUSDT,2025-05-22,DXGMUSDT_2025-05-22_klines_trades.csv,,,,ERROR
gateio,DYDX3LUSDT,2025-05-09,DYDX3LUSDT_2025-05-09_klines.csv,63.52,116.71,extreme,PUMP
gateio,DYDX3LUSDT,2025-05-09,DYDX3LUSDT_2025-05-09_klines_L2.csv,,,,ERROR
gateio,DYDX3LUSDT,2025-05-09,DYDX3LUSDT_2025-05-09_klines_market_ctx.csv,,,,ERROR
gateio,DYDX3LUSDT,2025-05-09,DYDX3LUSDT_2025-05-09_klines_trades.csv,,,,ERROR
gateio,DYDX3LUSDT,2025-06-06,DYDX3LUSDT_2025-06-06_klines.csv,69.57,125.84,extreme,PUMP
gateio,DYDX3SUSDT,2025-05-13,DYDX3SUSDT_2025-05-13_klines.csv,47.28,91.16,major,PUMP
gateio,DYDX3SUSDT,2025-05-13,DYDX3SUSDT_2025-05-13_klines_L2.csv,,,,ERROR
gateio,DYDX3SUSDT,2025-05-13,DYDX3SUSDT_2025-05-13_klines_market_ctx.csv,,,,ERROR
gateio,DYDX3SUSDT,2025-05-13,DYDX3SUSDT_2025-05-13_klines_trades.csv,,,,ERROR
gateio,DYDX3SUSDT,2025-05-15,DYDX3SUSDT_2025-05-15_klines.csv,39.39,154.56,large,PUMP
gateio,DYDXUSDT,2026-04-01,DYDXUSDT_2026-04-01_klines.csv,5.57,216.16,micro,PUMP
gateio,DYDXUSDT,2026-04-01,DYDXUSDT_2026-04-01_klines_L2.csv,,,,ERROR
gateio,DYDXUSDT,2026-04-01,DYDXUSDT_2026-04-01_klines_market_ctx.csv,,,,ERROR
gateio,DYDXUSDT,2026-04-01,DYDXUSDT_2026-04-01_klines_trades.csv,,,,ERROR
gateio,DYMUSDT,2025-05-09,DYMUSDT_2025-05-09_klines.csv,64.67,85.87,extreme,PUMP
gateio,DYMUSDT,2025-05-09,DYMUSDT_2025-05-09_klines_L2.csv,,,,ERROR
gateio,DYMUSDT,2025-05-09,DYMUSDT_2025-05-09_klines_market_ctx.csv,,,,ERROR
gateio,DYMUSDT,2025-05-09,DYMUSDT_2025-05-09_klines_trades.csv,,,,ERROR
gateio,DYMUSDT,2025-06-23,DYMUSDT_2025-06-23_klines.csv,20.98,60.51,medium,PUMP
gateio,DYORUSDT,2025-07-01,DYORUSDT_2025-07-01_klines.csv,103.19,108.3,extreme,PUMP
gateio,DYORUSDT,2025-07-01,DYORUSDT_2025-07-01_klines_L2.csv,,,,ERROR
gateio,DYORUSDT,2025-07-01,DYORUSDT_2025-07-01_klines_market_ctx.csv,,,,ERROR
gateio,DYORUSDT,2025-07-01,DYORUSDT_2025-07-01_klines_trades.csv,,,,ERROR
gateio,ECHOUSDT,2025-07-02,ECHOUSDT_2025-07-02_klines.csv,201.04,59.97,extreme,PUMP
gateio,ECHOUSDT,2025-07-02,ECHOUSDT_2025-07-02_klines_L2.csv,,,,ERROR
gateio,ECHOUSDT,2025-07-02,ECHOUSDT_2025-07-02_klines_market_ctx.csv,,,,ERROR
gateio,ECHOUSDT,2025-07-02,ECHOUSDT_2025-07-02_klines_trades.csv,,,,ERROR
gateio,EDENUSDT,2025-09-30,EDENUSDT_2025-09-30_klines.csv,344.92,93.81,extreme,PUMP
gateio,EDENUSDT,2025-09-30,EDENUSDT_2025-09-30_klines_L2.csv,,,,ERROR
gateio,EDENUSDT,2025-09-30,EDENUSDT_2025-09-30_klines_market_ctx.csv,,,,ERROR
gateio,EDENUSDT,2025-09-30,EDENUSDT_2025-09-30_klines_trades.csv,,,,ERROR
gateio,EDGENUSDT,2025-06-02,EDGENUSDT_2025-06-02_klines.csv,1639.13,90.25,extreme,PUMP
gateio,EDGENUSDT,2025-06-02,EDGENUSDT_2025-06-02_klines_L2.csv,,,,ERROR
gateio,EDGENUSDT,2025-06-02,EDGENUSDT_2025-06-02_klines_market_ctx.csv,,,,ERROR
gateio,EDGENUSDT,2025-06-02,EDGENUSDT_2025-06-02_klines_trades.csv,,,,ERROR
gateio,EDGEUSDT,2025-05-09,EDGEUSDT_2025-05-09_klines.csv,109.15,67.6,extreme,PUMP
gateio,EDGEUSDT,2025-05-09,EDGEUSDT_2025-05-09_klines_L2.csv,,,,ERROR
gateio,EDGEUSDT,2025-05-09,EDGEUSDT_2025-05-09_klines_market_ctx.csv,,,,ERROR
gateio,EDGEUSDT,2025-05-09,EDGEUSDT_2025-05-09_klines_trades.csv,,,,ERROR
gateio,EDGEUSDT,2025-05-15,EDGEUSDT_2025-05-15_klines.csv,78.51,72.29,extreme,PUMP
gateio,EDUUSDT,2025-08-08,EDUUSDT_2025-08-08_klines.csv,34.52,104.16,large,PUMP
gateio,EDUUSDT,2025-08-08,EDUUSDT_2025-08-08_klines_L2.csv,,,,ERROR
gateio,EDUUSDT,2025-08-08,EDUUSDT_2025-08-08_klines_market_ctx.csv,,,,ERROR
gateio,EDUUSDT,2025-08-08,EDUUSDT_2025-08-08_klines_trades.csv,,,,ERROR
gateio,EGAMEUSDT,2025-05-17,EGAMEUSDT_2025-05-17_klines.csv,51.27,134.86,extreme,PUMP
gateio,EGAMEUSDT,2025-05-17,EGAMEUSDT_2025-05-17_klines_L2.csv,,,,ERROR
gateio,EGAMEUSDT,2025-05-17,EGAMEUSDT_2025-05-17_klines_market_ctx.csv,,,,ERROR
gateio,EGAMEUSDT,2025-05-17,EGAMEUSDT_2025-05-17_klines_trades.csv,,,,ERROR
gateio,EGL1USDT,2025-06-27,EGL1USDT_2025-06-27_klines.csv,31.47,50.94,large,PUMP
gateio,EGL1USDT,2025-06-27,EGL1USDT_2025-06-27_klines_L2.csv,,,,ERROR
gateio,EGL1USDT,2025-06-27,EGL1USDT_2025-06-27_klines_market_ctx.csv,,,,ERROR
gateio,EGL1USDT,2025-06-27,EGL1USDT_2025-06-27_klines_trades.csv,,,,ERROR
gateio,EIGEN3LUSDT,2025-05-16,EIGEN3LUSDT_2025-05-16_klines.csv,50.35,136.84,extreme,PUMP
gateio,EIGEN3LUSDT,2025-05-16,EIGEN3LUSDT_2025-05-16_klines_L2.csv,,,,ERROR
gateio,EIGEN3LUSDT,2025-05-16,EIGEN3LUSDT_2025-05-16_klines_market_ctx.csv,,,,ERROR
gateio,EIGEN3LUSDT,2025-05-16,EIGEN3LUSDT_2025-05-16_klines_trades.csv,,,,ERROR
gateio,EIGEN3SUSDT,2025-05-14,EIGEN3SUSDT_2025-05-14_klines.csv,80.64,144.41,extreme,PUMP
gateio,EIGEN3SUSDT,2025-05-14,EIGEN3SUSDT_2025-05-14_klines_L2.csv,,,,ERROR
gateio,EIGEN3SUSDT,2025-05-14,EIGEN3SUSDT_2025-05-14_klines_market_ctx.csv,,,,ERROR
gateio,EIGEN3SUSDT,2025-05-14,EIGEN3SUSDT_2025-05-14_klines_trades.csv,,,,ERROR
gateio,EIGEN3SUSDT,2025-05-15,EIGEN3SUSDT_2025-05-15_klines.csv,57.38,196.05,extreme,PUMP
gateio,EIGENUSDT,2025-05-09,EIGENUSDT_2025-05-09_klines.csv,44.53,81.26,major,PUMP
gateio,EIGENUSDT,2025-05-09,EIGENUSDT_2025-05-09_klines_L2.csv,,,,ERROR
gateio,EIGENUSDT,2025-05-09,EIGENUSDT_2025-05-09_klines_market_ctx.csv,,,,ERROR
gateio,EIGENUSDT,2025-05-09,EIGENUSDT_2025-05-09_klines_trades.csv,,,,ERROR
gateio,EIGENUSDT,2025-08-02,EIGENUSDT_2025-08-02_klines.csv,32.3,26.19,,VOLATILE_CONTROL
gateio,ELAUSDT,2025-05-09,ELAUSDT_2025-05-09_klines.csv,49.56,95.97,major,PUMP
gateio,ELAUSDT,2025-05-09,ELAUSDT_2025-05-09_klines_L2.csv,,,,ERROR
gateio,ELAUSDT,2025-05-09,ELAUSDT_2025-05-09_klines_market_ctx.csv,,,,ERROR
gateio,ELAUSDT,2025-05-09,ELAUSDT_2025-05-09_klines_trades.csv,,,,ERROR
gateio,ELAUSDT,2025-05-18,ELAUSDT_2025-05-18_klines.csv,50.11,84.11,extreme,PUMP
gateio,ELFUSDT,2025-07-04,ELFUSDT_2025-07-04_klines.csv,15.3,0.0,,VOLATILE_CONTROL
gateio,ELIZAOSUSDT,2025-11-15,ELIZAOSUSDT_2025-11-15_klines.csv,69.04,107.14,extreme,PUMP
gateio,ELIZAOSUSDT,2025-11-15,ELIZAOSUSDT_2025-11-15_klines_L2.csv,,,,ERROR
gateio,ELIZAOSUSDT,2025-11-15,ELIZAOSUSDT_2025-11-15_klines_market_ctx.csv,,,,ERROR
gateio,ELIZAOSUSDT,2025-11-15,ELIZAOSUSDT_2025-11-15_klines_trades.csv,,,,ERROR
gateio,ELONUSDT,2026-02-05,ELONUSDT_2026-02-05_klines.csv,6.32,574.26,micro,PUMP
gateio,ELONUSDT,2026-02-05,ELONUSDT_2026-02-05_klines_L2.csv,,,,ERROR
gateio,ELONUSDT,2026-02-05,ELONUSDT_2026-02-05_klines_market_ctx.csv,,,,ERROR
gateio,ELONUSDT,2026-02-05,ELONUSDT_2026-02-05_klines_trades.csv,,,,ERROR
gateio,ELPUSDT,2025-08-04,ELPUSDT_2025-08-04_klines.csv,59.54,113.67,extreme,PUMP
gateio,ELPUSDT,2025-08-04,ELPUSDT_2025-08-04_klines_L2.csv,,,,ERROR
gateio,ELPUSDT,2025-08-04,ELPUSDT_2025-08-04_klines_market_ctx.csv,,,,ERROR
gateio,ELPUSDT,2025-08-04,ELPUSDT_2025-08-04_klines_trades.csv,,,,ERROR
gateio,ELUSDT,2025-07-03,ELUSDT_2025-07-03_klines.csv,23.34,86.05,medium,PUMP
gateio,ELUSDT,2025-07-03,ELUSDT_2025-07-03_klines_L2.csv,,,,ERROR
gateio,ELUSDT,2025-07-03,ELUSDT_2025-07-03_klines_market_ctx.csv,,,,ERROR
gateio,ELUSDT,2025-07-03,ELUSDT_2025-07-03_klines_trades.csv,,,,ERROR
gateio,ELXUSDT,2025-06-05,ELXUSDT_2025-06-05_klines.csv,9.16,235.44,micro,PUMP
gateio,ELXUSDT,2025-06-05,ELXUSDT_2025-06-05_klines_L2.csv,,,,ERROR
gateio,ELXUSDT,2025-06-05,ELXUSDT_2025-06-05_klines_market_ctx.csv,,,,ERROR
gateio,ELXUSDT,2025-06-05,ELXUSDT_2025-06-05_klines_trades.csv,,,,ERROR
gateio,EMCUSDT,2025-05-18,EMCUSDT_2025-05-18_klines.csv,51.19,90.27,extreme,PUMP
gateio,EMCUSDT,2025-05-18,EMCUSDT_2025-05-18_klines_L2.csv,,,,ERROR
gateio,EMCUSDT,2025-05-18,EMCUSDT_2025-05-18_klines_market_ctx.csv,,,,ERROR
gateio,EMCUSDT,2025-05-18,EMCUSDT_2025-05-18_klines_trades.csv,,,,ERROR
gateio,EMTUSDT,2025-07-19,EMTUSDT_2025-07-19_klines.csv,20.07,118.57,medium,PUMP
gateio,EMTUSDT,2025-07-19,EMTUSDT_2025-07-19_klines_L2.csv,,,,ERROR
gateio,EMTUSDT,2025-07-19,EMTUSDT_2025-07-19_klines_market_ctx.csv,,,,ERROR
gateio,EMTUSDT,2025-07-19,EMTUSDT_2025-07-19_klines_trades.csv,,,,ERROR
gateio,EMYCUSDT,2025-07-03,EMYCUSDT_2025-07-03_klines.csv,6.3,185.86,micro,PUMP
gateio,EMYCUSDT,2025-07-03,EMYCUSDT_2025-07-03_klines_L2.csv,,,,ERROR
gateio,EMYCUSDT,2025-07-03,EMYCUSDT_2025-07-03_klines_market_ctx.csv,,,,ERROR
gateio,EMYCUSDT,2025-07-03,EMYCUSDT_2025-07-03_klines_trades.csv,,,,ERROR
gateio,ENA3LUSDT,2025-05-09,ENA3LUSDT_2025-05-09_klines.csv,125.83,88.71,extreme,PUMP
gateio,ENA3LUSDT,2025-05-09,ENA3LUSDT_2025-05-09_klines_L2.csv,,,,ERROR
gateio,ENA3LUSDT,2025-05-09,ENA3LUSDT_2025-05-09_klines_market_ctx.csv,,,,ERROR
gateio,ENA3LUSDT,2025-05-09,ENA3LUSDT_2025-05-09_klines_trades.csv,,,,ERROR
gateio,ENA3LUSDT,2025-05-16,ENA3LUSDT_2025-05-16_klines.csv,59.01,121.26,extreme,PUMP
gateio,ENA3SUSDT,2025-05-14,ENA3SUSDT_2025-05-14_klines.csv,103.27,99.12,extreme,PUMP
gateio,ENA3SUSDT,2025-05-14,ENA3SUSDT_2025-05-14_klines_L2.csv,,,,ERROR
gateio,ENA3SUSDT,2025-05-14,ENA3SUSDT_2025-05-14_klines_market_ctx.csv,,,,ERROR
gateio,ENA3SUSDT,2025-05-14,ENA3SUSDT_2025-05-14_klines_trades.csv,,,,ERROR
gateio,ENA3SUSDT,2025-05-15,ENA3SUSDT_2025-05-15_klines.csv,57.78,165.78,extreme,PUMP
gateio,ENAUSDT,2025-06-23,ENAUSDT_2025-06-23_klines.csv,20.29,50.31,medium,PUMP
gateio,ENAUSDT,2025-06-23,ENAUSDT_2025-06-23_klines_L2.csv,,,,ERROR
gateio,ENAUSDT,2025-06-23,ENAUSDT_2025-06-23_klines_market_ctx.csv,,,,ERROR
gateio,ENAUSDT,2025-06-23,ENAUSDT_2025-06-23_klines_trades.csv,,,,ERROR
gateio,ENERGYWEBUSDT,2025-05-15,ENERGYWEBUSDT_2025-05-15_klines.csv,47.97,55.97,major,PUMP
gateio,ENJUSDT,2026-02-28,ENJUSDT_2026-02-28_klines.csv,1.96,0.0,,VOLATILE_CONTROL
gateio,ENSOUSDT,2025-10-18,ENSOUSDT_2025-10-18_klines.csv,10.49,322.86,small,PUMP
gateio,ENSOUSDT,2025-10-18,ENSOUSDT_2025-10-18_klines_L2.csv,,,,ERROR
gateio,ENSOUSDT,2025-10-18,ENSOUSDT_2025-10-18_klines_market_ctx.csv,,,,ERROR
gateio,ENSOUSDT,2025-10-18,ENSOUSDT_2025-10-18_klines_trades.csv,,,,ERROR
gateio,EPICUSDT,2025-06-30,EPICUSDT_2025-06-30_klines.csv,1.84,0.0,,VOLATILE_CONTROL
gateio,EPTUSDT,2025-08-24,EPTUSDT_2025-08-24_klines.csv,29.43,138.76,medium,PUMP
gateio,EPTUSDT,2025-08-24,EPTUSDT_2025-08-24_klines_L2.csv,,,,ERROR
gateio,EPTUSDT,2025-08-24,EPTUSDT_2025-08-24_klines_market_ctx.csv,,,,ERROR
gateio,EPTUSDT,2025-08-24,EPTUSDT_2025-08-24_klines_trades.csv,,,,ERROR
gateio,EQTYUSDT,2025-11-14,EQTYUSDT_2025-11-14_klines.csv,60.77,131.53,extreme,PUMP
gateio,EQTYUSDT,2025-11-14,EQTYUSDT_2025-11-14_klines_L2.csv,,,,ERROR
gateio,EQTYUSDT,2025-11-14,EQTYUSDT_2025-11-14_klines_market_ctx.csv,,,,ERROR
gateio,EQTYUSDT,2025-11-14,EQTYUSDT_2025-11-14_klines_trades.csv,,,,ERROR
gateio,ERAUSDT,2025-07-17,ERAUSDT_2025-07-17_klines.csv,516.46,43.63,extreme,PUMP
gateio,ERAUSDT,2025-07-17,ERAUSDT_2025-07-17_klines_L2.csv,,,,ERROR
gateio,ERAUSDT,2025-07-17,ERAUSDT_2025-07-17_klines_market_ctx.csv,,,,ERROR
gateio,ERAUSDT,2025-07-17,ERAUSDT_2025-07-17_klines_trades.csv,,,,ERROR
gateio,ESEUSDT,2025-09-24,ESEUSDT_2025-09-24_klines.csv,51.33,23.69,,VOLATILE_CONTROL
gateio,ESPORTSUSDT,2025-07-19,ESPORTSUSDT_2025-07-19_klines.csv,4414.5,42.92,extreme,PUMP
gateio,ESPORTSUSDT,2025-07-19,ESPORTSUSDT_2025-07-19_klines_L2.csv,,,,ERROR
gateio,ESPORTSUSDT,2025-07-19,ESPORTSUSDT_2025-07-19_klines_market_ctx.csv,,,,ERROR
gateio,ESPORTSUSDT,2025-07-19,ESPORTSUSDT_2025-07-19_klines_trades.csv,,,,ERROR
gateio,ESPUSDT,2026-02-12,ESPUSDT_2026-02-12_klines.csv,21.74,185.98,medium,PUMP
gateio,ESPUSDT,2026-02-12,ESPUSDT_2026-02-12_klines_L2.csv,,,,ERROR
gateio,ESPUSDT,2026-02-12,ESPUSDT_2026-02-12_klines_market_ctx.csv,,,,ERROR
gateio,ESPUSDT,2026-02-12,ESPUSDT_2026-02-12_klines_trades.csv,,,,ERROR
gateio,ESUSDT,2025-10-11,ESUSDT_2025-10-11_klines.csv,42.22,35.38,major,PUMP
gateio,ESUSDT,2025-10-11,ESUSDT_2025-10-11_klines_L2.csv,,,,ERROR
gateio,ESUSDT,2025-10-11,ESUSDT_2025-10-11_klines_market_ctx.csv,,,,ERROR
gateio,ESUSDT,2025-10-11,ESUSDT_2025-10-11_klines_trades.csv,,,,ERROR
gateio,ETC3LUSDT,2025-06-06,ETC3LUSDT_2025-06-06_klines.csv,50.38,116.1,extreme,PUMP
gateio,ETC3LUSDT,2025-06-06,ETC3LUSDT_2025-06-06_klines_L2.csv,,,,ERROR
gateio,ETC3LUSDT,2025-06-06,ETC3LUSDT_2025-06-06_klines_market_ctx.csv,,,,ERROR
gateio,ETC3LUSDT,2025-06-06,ETC3LUSDT_2025-06-06_klines_trades.csv,,,,ERROR
gateio,ETC3SUSDT,2025-05-14,ETC3SUSDT_2025-05-14_klines.csv,55.93,80.01,extreme,PUMP
gateio,ETC3SUSDT,2025-05-14,ETC3SUSDT_2025-05-14_klines_L2.csv,,,,ERROR
gateio,ETC3SUSDT,2025-05-14,ETC3SUSDT_2025-05-14_klines_market_ctx.csv,,,,ERROR
gateio,ETC3SUSDT,2025-05-14,ETC3SUSDT_2025-05-14_klines_trades.csv,,,,ERROR
gateio,ETC3SUSDT,2025-05-15,ETC3SUSDT_2025-05-15_klines.csv,37.9,124.91,large,PUMP
gateio,ETH3LUSDT,2025-05-09,ETH3LUSDT_2025-05-09_klines.csv,86.79,59.43,extreme,PUMP
gateio,ETH3LUSDT,2025-05-09,ETH3LUSDT_2025-05-09_klines_L2.csv,,,,ERROR
gateio,ETH3LUSDT,2025-05-09,ETH3LUSDT_2025-05-09_klines_market_ctx.csv,,,,ERROR
gateio,ETH3LUSDT,2025-05-09,ETH3LUSDT_2025-05-09_klines_trades.csv,,,,ERROR
gateio,ETH3LUSDT,2025-06-06,ETH3LUSDT_2025-06-06_klines.csv,66.16,98.22,extreme,PUMP
gateio,ETH5LUSDT,2025-05-09,ETH5LUSDT_2025-05-09_klines.csv,159.7,64.03,extreme,PUMP
gateio,ETH5LUSDT,2025-05-09,ETH5LUSDT_2025-05-09_klines_L2.csv,,,,ERROR
gateio,ETH5LUSDT,2025-05-09,ETH5LUSDT_2025-05-09_klines_market_ctx.csv,,,,ERROR
gateio,ETH5LUSDT,2025-05-09,ETH5LUSDT_2025-05-09_klines_trades.csv,,,,ERROR
gateio,ETH5LUSDT,2025-05-19,ETH5LUSDT_2025-05-19_klines.csv,57.84,114.8,extreme,PUMP
gateio,ETH5SUSDT,2025-05-15,ETH5SUSDT_2025-05-15_klines.csv,148248.94,52.99,extreme,PUMP
gateio,ETHFI3LUSDT,2025-05-19,ETHFI3LUSDT_2025-05-19_klines.csv,61.15,132.38,extreme,PUMP
gateio,ETHFI3LUSDT,2025-05-19,ETHFI3LUSDT_2025-05-19_klines_L2.csv,,,,ERROR
gateio,ETHFI3LUSDT,2025-05-19,ETHFI3LUSDT_2025-05-19_klines_market_ctx.csv,,,,ERROR
gateio,ETHFI3LUSDT,2025-05-19,ETHFI3LUSDT_2025-05-19_klines_trades.csv,,,,ERROR
gateio,ETHFI3SUSDT,2025-05-23,ETHFI3SUSDT_2025-05-23_klines.csv,53.34,190.76,extreme,PUMP
gateio,ETHFI3SUSDT,2025-05-23,ETHFI3SUSDT_2025-05-23_klines_L2.csv,,,,ERROR
gateio,ETHFI3SUSDT,2025-05-23,ETHFI3SUSDT_2025-05-23_klines_market_ctx.csv,,,,ERROR
gateio,ETHFI3SUSDT,2025-05-23,ETHFI3SUSDT_2025-05-23_klines_trades.csv,,,,ERROR
gateio,ETHFIUSDT,2025-05-09,ETHFIUSDT_2025-05-09_klines.csv,132.2,40.24,extreme,PUMP
gateio,ETHFIUSDT,2025-05-09,ETHFIUSDT_2025-05-09_klines_L2.csv,,,,ERROR
gateio,ETHFIUSDT,2025-05-09,ETHFIUSDT_2025-05-09_klines_market_ctx.csv,,,,ERROR
gateio,ETHFIUSDT,2025-05-09,ETHFIUSDT_2025-05-09_klines_trades.csv,,,,ERROR
gateio,ETHFIUSDT,2025-06-23,ETHFIUSDT_2025-06-23_klines.csv,26.77,61.2,medium,PUMP
gateio,ETHWUSDT,2025-06-30,ETHWUSDT_2025-06-30_klines.csv,0.15,0.0,,VOLATILE_CONTROL
gateio,ETNUSDT,2025-07-08,ETNUSDT_2025-07-08_klines.csv,11.73,126.13,small,PUMP
gateio,ETNUSDT,2025-07-08,ETNUSDT_2025-07-08_klines_L2.csv,,,,ERROR
gateio,ETNUSDT,2025-07-08,ETNUSDT_2025-07-08_klines_market_ctx.csv,,,,ERROR
gateio,ETNUSDT,2025-07-08,ETNUSDT_2025-07-08_klines_trades.csv,,,,ERROR
gateio,EVAAUSDT,2025-10-09,EVAAUSDT_2025-10-09_klines.csv,44.29,126.17,major,PUMP
gateio,EVAAUSDT,2025-10-09,EVAAUSDT_2025-10-09_klines_L2.csv,,,,ERROR
gateio,EVAAUSDT,2025-10-09,EVAAUSDT_2025-10-09_klines_market_ctx.csv,,,,ERROR
gateio,EVAAUSDT,2025-10-09,EVAAUSDT_2025-10-09_klines_trades.csv,,,,ERROR
gateio,EVERUSDT,2025-05-28,EVERUSDT_2025-05-28_klines.csv,0.59,0.0,,VOLATILE_CONTROL
gateio,EVOUSDT,2025-05-09,EVOUSDT_2025-05-09_klines.csv,20.02,57.06,medium,PUMP
gateio,EVOUSDT,2025-05-09,EVOUSDT_2025-05-09_klines_L2.csv,,,,ERROR
gateio,EVOUSDT,2025-05-09,EVOUSDT_2025-05-09_klines_market_ctx.csv,,,,ERROR
gateio,EVOUSDT,2025-05-09,EVOUSDT_2025-05-09_klines_trades.csv,,,,ERROR
gateio,EVOUSDT,2025-05-15,EVOUSDT_2025-05-15_klines.csv,128.12,88.49,extreme,PUMP
gateio,EZSWAPUSDT,2025-05-16,EZSWAPUSDT_2025-05-16_klines.csv,22.15,135.16,medium,PUMP
gateio,EZSWAPUSDT,2025-05-16,EZSWAPUSDT_2025-05-16_klines_L2.csv,,,,ERROR
gateio,EZSWAPUSDT,2025-05-16,EZSWAPUSDT_2025-05-16_klines_market_ctx.csv,,,,ERROR
gateio,EZSWAPUSDT,2025-05-16,EZSWAPUSDT_2025-05-16_klines_trades.csv,,,,ERROR
gateio,FAIR3USDT,2025-09-08,FAIR3USDT_2025-09-08_klines.csv,1166.67,29.49,,VOLATILE_CONTROL
gateio,FAIUSDT,2025-05-09,FAIUSDT_2025-05-09_klines.csv,71.84,77.31,extreme,PUMP
gateio,FAIUSDT,2025-05-09,FAIUSDT_2025-05-09_klines_L2.csv,,,,ERROR
gateio,FAIUSDT,2025-05-09,FAIUSDT_2025-05-09_klines_market_ctx.csv,,,,ERROR
gateio,FAIUSDT,2025-05-09,FAIUSDT_2025-05-09_klines_trades.csv,,,,ERROR
gateio,FAIUSDT,2025-05-31,FAIUSDT_2025-05-31_klines.csv,18.81,98.75,small,PUMP
gateio,FARMUSDT,2025-10-19,FARMUSDT_2025-10-19_klines.csv,25.79,120.27,medium,PUMP
gateio,FARMUSDT,2025-10-19,FARMUSDT_2025-10-19_klines_L2.csv,,,,ERROR
gateio,FARMUSDT,2025-10-19,FARMUSDT_2025-10-19_klines_market_ctx.csv,,,,ERROR
gateio,FARMUSDT,2025-10-19,FARMUSDT_2025-10-19_klines_trades.csv,,,,ERROR
gateio,FARTCOIN3LUSDT,2025-05-09,FARTCOIN3LUSDT_2025-05-09_klines.csv,59.29,146.41,extreme,PUMP
gateio,FARTCOIN3LUSDT,2025-05-09,FARTCOIN3LUSDT_2025-05-09_klines_L2.csv,,,,ERROR
gateio,FARTCOIN3LUSDT,2025-05-09,FARTCOIN3LUSDT_2025-05-09_klines_market_ctx.csv,,,,ERROR
gateio,FARTCOIN3LUSDT,2025-05-09,FARTCOIN3LUSDT_2025-05-09_klines_trades.csv,,,,ERROR
gateio,FARTCOIN3LUSDT,2025-05-15,FARTCOIN3LUSDT_2025-05-15_klines.csv,48.99,38.18,major,PUMP
gateio,FARTCOIN3SUSDT,2025-05-11,FARTCOIN3SUSDT_2025-05-11_klines.csv,58.05,102.98,extreme,PUMP
gateio,FARTCOIN3SUSDT,2025-05-11,FARTCOIN3SUSDT_2025-05-11_klines_L2.csv,,,,ERROR
gateio,FARTCOIN3SUSDT,2025-05-11,FARTCOIN3SUSDT_2025-05-11_klines_market_ctx.csv,,,,ERROR
gateio,FARTCOIN3SUSDT,2025-05-11,FARTCOIN3SUSDT_2025-05-11_klines_trades.csv,,,,ERROR
gateio,FARTCOIN3SUSDT,2025-05-19,FARTCOIN3SUSDT_2025-05-19_klines.csv,48.04,206.79,major,PUMP
gateio,FARTCOIN5LUSDT,2025-05-13,FARTCOIN5LUSDT_2025-05-13_klines.csv,75.66,183.42,extreme,PUMP
gateio,FARTCOIN5LUSDT,2025-05-13,FARTCOIN5LUSDT_2025-05-13_klines_L2.csv,,,,ERROR
gateio,FARTCOIN5LUSDT,2025-05-13,FARTCOIN5LUSDT_2025-05-13_klines_market_ctx.csv,,,,ERROR
gateio,FARTCOIN5LUSDT,2025-05-13,FARTCOIN5LUSDT_2025-05-13_klines_trades.csv,,,,ERROR
gateio,FARTCOIN5LUSDT,2025-05-15,FARTCOIN5LUSDT_2025-05-15_klines.csv,55.51,54.59,extreme,PUMP
gateio,FARTCOIN5SUSDT,2025-05-14,FARTCOIN5SUSDT_2025-05-14_klines.csv,144.87,138.3,extreme,PUMP
gateio,FARTCOIN5SUSDT,2025-05-14,FARTCOIN5SUSDT_2025-05-14_klines_L2.csv,,,,ERROR
gateio,FARTCOIN5SUSDT,2025-05-14,FARTCOIN5SUSDT_2025-05-14_klines_market_ctx.csv,,,,ERROR
gateio,FARTCOIN5SUSDT,2025-05-14,FARTCOIN5SUSDT_2025-05-14_klines_trades.csv,,,,ERROR
gateio,FARTCOIN5SUSDT,2025-05-15,FARTCOIN5SUSDT_2025-05-15_klines.csv,71.61,212.58,extreme,PUMP
gateio,FARTCOINUSDT,2025-06-05,FARTCOINUSDT_2025-06-05_klines.csv,63.02,76.54,extreme,PUMP
gateio,FARTCOINUSDT,2025-06-05,FARTCOINUSDT_2025-06-05_klines_L2.csv,,,,ERROR
gateio,FARTCOINUSDT,2025-06-05,FARTCOINUSDT_2025-06-05_klines_market_ctx.csv,,,,ERROR
gateio,FARTCOINUSDT,2025-06-05,FARTCOINUSDT_2025-06-05_klines_trades.csv,,,,ERROR
gateio,FARUSDT,2025-05-09,FARUSDT_2025-05-09_klines.csv,68.17,92.11,extreme,PUMP
gateio,FARUSDT,2025-05-09,FARUSDT_2025-05-09_klines_L2.csv,,,,ERROR
gateio,FARUSDT,2025-05-09,FARUSDT_2025-05-09_klines_market_ctx.csv,,,,ERROR
gateio,FARUSDT,2025-05-09,FARUSDT_2025-05-09_klines_trades.csv,,,,ERROR
gateio,FARUSDT,2025-05-31,FARUSDT_2025-05-31_klines.csv,30.2,165.94,large,PUMP
gateio,FASTUSDT,2025-06-04,FASTUSDT_2025-06-04_klines.csv,48.71,65.17,major,PUMP
gateio,FASTUSDT,2025-06-04,FASTUSDT_2025-06-04_klines_L2.csv,,,,ERROR
gateio,FASTUSDT,2025-06-04,FASTUSDT_2025-06-04_klines_market_ctx.csv,,,,ERROR
gateio,FASTUSDT,2025-06-04,FASTUSDT_2025-06-04_klines_trades.csv,,,,ERROR
gateio,FBUSDT,2026-01-09,FBUSDT_2026-01-09_klines.csv,3.51,0.0,,VOLATILE_CONTROL
gateio,FEARNOTUSDT,2025-05-09,FEARNOTUSDT_2025-05-09_klines.csv,25.14,64.04,medium,PUMP
gateio,FEARNOTUSDT,2025-05-09,FEARNOTUSDT_2025-05-09_klines_L2.csv,,,,ERROR
gateio,FEARNOTUSDT,2025-05-09,FEARNOTUSDT_2025-05-09_klines_market_ctx.csv,,,,ERROR
gateio,FEARNOTUSDT,2025-05-09,FEARNOTUSDT_2025-05-09_klines_trades.csv,,,,ERROR
gateio,FEARNOTUSDT,2025-05-15,FEARNOTUSDT_2025-05-15_klines.csv,97.03,98.63,extreme,PUMP
gateio,FEGUSDT,2026-04-10,FEGUSDT_2026-04-10_klines.csv,0.54,0.0,,VOLATILE_CONTROL
gateio,FET3LUSDT,2025-11-15,FET3LUSDT_2025-11-15_klines.csv,83.33,118.75,extreme,PUMP
gateio,FET3LUSDT,2025-11-15,FET3LUSDT_2025-11-15_klines_L2.csv,,,,ERROR
gateio,FET3LUSDT,2025-11-15,FET3LUSDT_2025-11-15_klines_market_ctx.csv,,,,ERROR
gateio,FET3LUSDT,2025-11-15,FET3LUSDT_2025-11-15_klines_trades.csv,,,,ERROR
gateio,FET3SUSDT,2025-11-12,FET3SUSDT_2025-11-12_klines.csv,110.83,109.44,extreme,PUMP
gateio,FET3SUSDT,2025-11-12,FET3SUSDT_2025-11-12_klines_L2.csv,,,,ERROR
gateio,FET3SUSDT,2025-11-12,FET3SUSDT_2025-11-12_klines_market_ctx.csv,,,,ERROR
gateio,FET3SUSDT,2025-11-12,FET3SUSDT_2025-11-12_klines_trades.csv,,,,ERROR
gateio,FETUSDT,2025-10-20,FETUSDT_2025-10-20_klines.csv,3.66,0.0,,VOLATILE_CONTROL
gateio,FFUSDT,2025-09-29,FFUSDT_2025-09-29_klines.csv,325.0,105.91,extreme,PUMP
gateio,FFUSDT,2025-09-29,FFUSDT_2025-09-29_klines_L2.csv,,,,ERROR
gateio,FFUSDT,2025-09-29,FFUSDT_2025-09-29_klines_market_ctx.csv,,,,ERROR
gateio,FFUSDT,2025-09-29,FFUSDT_2025-09-29_klines_trades.csv,,,,ERROR
gateio,FHEUSDT,2025-07-23,FHEUSDT_2025-07-23_klines.csv,10.75,131.5,small,PUMP
gateio,FHEUSDT,2025-07-23,FHEUSDT_2025-07-23_klines_L2.csv,,,,ERROR
gateio,FHEUSDT,2025-07-23,FHEUSDT_2025-07-23_klines_market_ctx.csv,,,,ERROR
gateio,FHEUSDT,2025-07-23,FHEUSDT_2025-07-23_klines_trades.csv,,,,ERROR
gateio,FIDAUSDT,2025-05-09,FIDAUSDT_2025-05-09_klines.csv,60.74,77.2,extreme,PUMP
gateio,FIDAUSDT,2025-05-09,FIDAUSDT_2025-05-09_klines_L2.csv,,,,ERROR
gateio,FIDAUSDT,2025-05-09,FIDAUSDT_2025-05-09_klines_market_ctx.csv,,,,ERROR
gateio,FIDAUSDT,2025-05-09,FIDAUSDT_2025-05-09_klines_trades.csv,,,,ERROR
gateio,FIDAUSDT,2025-06-22,FIDAUSDT_2025-06-22_klines.csv,19.03,19.89,,VOLATILE_CONTROL
gateio,FIL3LUSDT,2025-06-06,FIL3LUSDT_2025-06-06_klines.csv,59.39,109.84,extreme,PUMP
gateio,FIL3LUSDT,2025-06-06,FIL3LUSDT_2025-06-06_klines_L2.csv,,,,ERROR
gateio,FIL3LUSDT,2025-06-06,FIL3LUSDT_2025-06-06_klines_market_ctx.csv,,,,ERROR
gateio,FIL3LUSDT,2025-06-06,FIL3LUSDT_2025-06-06_klines_trades.csv,,,,ERROR
gateio,FIL3SUSDT,2025-05-13,FIL3SUSDT_2025-05-13_klines.csv,45.07,72.23,major,PUMP
gateio,FIL3SUSDT,2025-05-13,FIL3SUSDT_2025-05-13_klines_L2.csv,,,,ERROR
gateio,FIL3SUSDT,2025-05-13,FIL3SUSDT_2025-05-13_klines_market_ctx.csv,,,,ERROR
gateio,FIL3SUSDT,2025-05-13,FIL3SUSDT_2025-05-13_klines_trades.csv,,,,ERROR
gateio,FIL3SUSDT,2025-05-15,FIL3SUSDT_2025-05-15_klines.csv,33.76,143.49,large,PUMP
gateio,FIL5LUSDT,2025-05-18,FIL5LUSDT_2025-05-18_klines.csv,70.61,122.95,extreme,PUMP
gateio,FIL5LUSDT,2025-05-18,FIL5LUSDT_2025-05-18_klines_L2.csv,,,,ERROR
gateio,FIL5LUSDT,2025-05-18,FIL5LUSDT_2025-05-18_klines_market_ctx.csv,,,,ERROR
gateio,FIL5LUSDT,2025-05-18,FIL5LUSDT_2025-05-18_klines_trades.csv,,,,ERROR
gateio,FIL5SUSDT,2025-05-13,FIL5SUSDT_2025-05-13_klines.csv,49.1,111.04,major,PUMP
gateio,FIL5SUSDT,2025-05-13,FIL5SUSDT_2025-05-13_klines_L2.csv,,,,ERROR
gateio,FIL5SUSDT,2025-05-13,FIL5SUSDT_2025-05-13_klines_market_ctx.csv,,,,ERROR
gateio,FIL5SUSDT,2025-05-13,FIL5SUSDT_2025-05-13_klines_trades.csv,,,,ERROR
gateio,FIL5SUSDT,2025-05-15,FIL5SUSDT_2025-05-15_klines.csv,60.01,150.29,extreme,PUMP
gateio,FILBTC,2025-10-20,FILBTC_2025-10-20_klines.csv,4.04,0.0,,VOLATILE_CONTROL
gateio,FILUSDT,2025-10-20,FILUSDT_2025-10-20_klines.csv,9.92,45.39,micro,PUMP
gateio,FILUSDT,2025-10-20,FILUSDT_2025-10-20_klines_L2.csv,,,,ERROR
gateio,FILUSDT,2025-10-20,FILUSDT_2025-10-20_klines_market_ctx.csv,,,,ERROR
gateio,FILUSDT,2025-10-20,FILUSDT_2025-10-20_klines_trades.csv,,,,ERROR
gateio,FIOUSDT,2025-07-05,FIOUSDT_2025-07-05_klines.csv,35.7,69.21,large,PUMP
gateio,FIOUSDT,2025-07-05,FIOUSDT_2025-07-05_klines_L2.csv,,,,ERROR
gateio,FIOUSDT,2025-07-05,FIOUSDT_2025-07-05_klines_market_ctx.csv,,,,ERROR
gateio,FIOUSDT,2025-07-05,FIOUSDT_2025-07-05_klines_trades.csv,,,,ERROR
gateio,FIREUSDT,2025-05-09,FIREUSDT_2025-05-09_klines.csv,18.44,76.11,small,PUMP
gateio,FIREUSDT,2025-05-09,FIREUSDT_2025-05-09_klines_L2.csv,,,,ERROR
gateio,FIREUSDT,2025-05-09,FIREUSDT_2025-05-09_klines_market_ctx.csv,,,,ERROR
gateio,FIREUSDT,2025-05-09,FIREUSDT_2025-05-09_klines_trades.csv,,,,ERROR
gateio,FIREUSDT,2025-05-15,FIREUSDT_2025-05-15_klines.csv,119.0,105.88,extreme,PUMP
gateio,FIRUSDT,2025-08-08,FIRUSDT_2025-08-08_klines.csv,172.44,14.16,,VOLATILE_CONTROL
gateio,FISHWUSDT,2025-06-06,FISHWUSDT_2025-06-06_klines.csv,76.72,128.39,extreme,PUMP
gateio,FISHWUSDT,2025-06-06,FISHWUSDT_2025-06-06_klines_L2.csv,,,,ERROR
gateio,FISHWUSDT,2025-06-06,FISHWUSDT_2025-06-06_klines_market_ctx.csv,,,,ERROR
gateio,FISHWUSDT,2025-06-06,FISHWUSDT_2025-06-06_klines_trades.csv,,,,ERROR
gateio,FISUSDT,2025-06-20,FISUSDT_2025-06-20_klines.csv,2.76,0.0,,VOLATILE_CONTROL
gateio,FITFIUSDT,2025-06-06,FITFIUSDT_2025-06-06_klines.csv,50.07,84.77,extreme,PUMP
gateio,FITFIUSDT,2025-06-06,FITFIUSDT_2025-06-06_klines_L2.csv,,,,ERROR
gateio,FITFIUSDT,2025-06-06,FITFIUSDT_2025-06-06_klines_market_ctx.csv,,,,ERROR
gateio,FITFIUSDT,2025-06-06,FITFIUSDT_2025-06-06_klines_trades.csv,,,,ERROR
gateio,FIWAUSDT,2025-09-17,FIWAUSDT_2025-09-17_klines.csv,29.52,66.21,medium,PUMP
gateio,FLKUSDT,2025-10-31,FLKUSDT_2025-10-31_klines.csv,21.46,222.67,medium,PUMP
gateio,FLKUSDT,2025-10-31,FLKUSDT_2025-10-31_klines_L2.csv,,,,ERROR
gateio,FLKUSDT,2025-10-31,FLKUSDT_2025-10-31_klines_market_ctx.csv,,,,ERROR
gateio,FLKUSDT,2025-10-31,FLKUSDT_2025-10-31_klines_trades.csv,,,,ERROR
gateio,FLMUSDT,2025-05-10,FLMUSDT_2025-05-10_klines.csv,24.52,144.49,medium,PUMP
gateio,FLMUSDT,2025-05-10,FLMUSDT_2025-05-10_klines_L2.csv,,,,ERROR
gateio,FLMUSDT,2025-05-10,FLMUSDT_2025-05-10_klines_market_ctx.csv,,,,ERROR
gateio,FLMUSDT,2025-05-10,FLMUSDT_2025-05-10_klines_trades.csv,,,,ERROR
gateio,FLMUSDT,2025-05-15,FLMUSDT_2025-05-15_klines.csv,6.26,139.09,micro,PUMP
gateio,FLOCK3LUSDT,2025-05-30,FLOCK3LUSDT_2025-05-30_klines.csv,305.94,104.58,extreme,PUMP
gateio,FLOCK3LUSDT,2025-05-30,FLOCK3LUSDT_2025-05-30_klines_L2.csv,,,,ERROR
gateio,FLOCK3LUSDT,2025-05-30,FLOCK3LUSDT_2025-05-30_klines_market_ctx.csv,,,,ERROR
gateio,FLOCK3LUSDT,2025-05-30,FLOCK3LUSDT_2025-05-30_klines_trades.csv,,,,ERROR
gateio,FLOCK3SUSDT,2025-05-30,FLOCK3SUSDT_2025-05-30_klines.csv,99.44,196.31,extreme,PUMP
gateio,FLOCK3SUSDT,2025-05-30,FLOCK3SUSDT_2025-05-30_klines_L2.csv,,,,ERROR
gateio,FLOCK3SUSDT,2025-05-30,FLOCK3SUSDT_2025-05-30_klines_market_ctx.csv,,,,ERROR
gateio,FLOCK3SUSDT,2025-05-30,FLOCK3SUSDT_2025-05-30_klines_trades.csv,,,,ERROR
gateio,FLOCKUSDT,2025-05-09,FLOCKUSDT_2025-05-09_klines.csv,50.58,108.01,extreme,PUMP
gateio,FLOCKUSDT,2025-05-09,FLOCKUSDT_2025-05-09_klines_L2.csv,,,,ERROR
gateio,FLOCKUSDT,2025-05-09,FLOCKUSDT_2025-05-09_klines_market_ctx.csv,,,,ERROR
gateio,FLOCKUSDT,2025-05-09,FLOCKUSDT_2025-05-09_klines_trades.csv,,,,ERROR
gateio,FLOCKUSDT,2025-05-15,FLOCKUSDT_2025-05-15_klines.csv,8.61,77.05,micro,PUMP
gateio,FLOWUSDT,2026-01-30,FLOWUSDT_2026-01-30_klines.csv,53.53,135.98,extreme,PUMP
gateio,FLOWUSDT,2026-01-30,FLOWUSDT_2026-01-30_klines_L2.csv,,,,ERROR
gateio,FLOWUSDT,2026-01-30,FLOWUSDT_2026-01-30_klines_market_ctx.csv,,,,ERROR
gateio,FLOWUSDT,2026-01-30,FLOWUSDT_2026-01-30_klines_trades.csv,,,,ERROR
gateio,FLRUSDT,2025-07-05,FLRUSDT_2025-07-05_klines.csv,7.39,95.93,micro,PUMP
gateio,FLRUSDT,2025-07-05,FLRUSDT_2025-07-05_klines_L2.csv,,,,ERROR
gateio,FLRUSDT,2025-07-05,FLRUSDT_2025-07-05_klines_market_ctx.csv,,,,ERROR
gateio,FLRUSDT,2025-07-05,FLRUSDT_2025-07-05_klines_trades.csv,,,,ERROR
gateio,FLYUSDT,2025-06-06,FLYUSDT_2025-06-06_klines.csv,342.5,120.94,extreme,PUMP
gateio,FLYUSDT,2025-06-06,FLYUSDT_2025-06-06_klines_L2.csv,,,,ERROR
gateio,FLYUSDT,2025-06-06,FLYUSDT_2025-06-06_klines_market_ctx.csv,,,,ERROR
gateio,FLYUSDT,2025-06-06,FLYUSDT_2025-06-06_klines_trades.csv,,,,ERROR
gateio,FOGOUSDT,2026-01-20,FOGOUSDT_2026-01-20_klines.csv,57.3,26.03,,VOLATILE_CONTROL
gateio,FORESTUSDT,2025-09-01,FORESTUSDT_2025-09-01_klines.csv,206.05,73.16,extreme,PUMP
gateio,FORESTUSDT,2025-09-01,FORESTUSDT_2025-09-01_klines_L2.csv,,,,ERROR
gateio,FORESTUSDT,2025-09-01,FORESTUSDT_2025-09-01_klines_market_ctx.csv,,,,ERROR
gateio,FORESTUSDT,2025-09-01,FORESTUSDT_2025-09-01_klines_trades.csv,,,,ERROR
gateio,FORMUSDT,2025-06-23,FORMUSDT_2025-06-23_klines.csv,27.07,29.91,,VOLATILE_CONTROL
gateio,FORTHUSDT,2025-08-03,FORTHUSDT_2025-08-03_klines.csv,19.29,28.73,,VOLATILE_CONTROL
gateio,FORTUSDT,2025-06-01,FORTUSDT_2025-06-01_klines.csv,30.15,98.49,large,PUMP
gateio,FOURCOINUSDT,2025-05-09,FOURCOINUSDT_2025-05-09_klines.csv,303.83,99.38,extreme,PUMP
gateio,FOURCOINUSDT,2025-05-09,FOURCOINUSDT_2025-05-09_klines_L2.csv,,,,ERROR
gateio,FOURCOINUSDT,2025-05-09,FOURCOINUSDT_2025-05-09_klines_market_ctx.csv,,,,ERROR
gateio,FOURCOINUSDT,2025-05-09,FOURCOINUSDT_2025-05-09_klines_trades.csv,,,,ERROR
gateio,FOURCOINUSDT,2025-06-30,FOURCOINUSDT_2025-06-30_klines.csv,9.58,124.82,micro,PUMP
gateio,FOXSYUSDT,2025-05-15,FOXSYUSDT_2025-05-15_klines.csv,0.47,0.0,,VOLATILE_CONTROL
gateio,FOXYUSDT,2025-07-01,FOXYUSDT_2025-07-01_klines.csv,6.95,95.12,micro,PUMP
gateio,FOXYUSDT,2025-07-01,FOXYUSDT_2025-07-01_klines_L2.csv,,,,ERROR
gateio,FOXYUSDT,2025-07-01,FOXYUSDT_2025-07-01_klines_market_ctx.csv,,,,ERROR
gateio,FOXYUSDT,2025-07-01,FOXYUSDT_2025-07-01_klines_trades.csv,,,,ERROR
gateio,FPSUSDT,2025-07-15,FPSUSDT_2025-07-15_klines.csv,2.13,0.0,,VOLATILE_CONTROL
gateio,FRAGUSDT,2025-07-16,FRAGUSDT_2025-07-16_klines.csv,68.39,75.03,extreme,PUMP
gateio,FRAGUSDT,2025-07-16,FRAGUSDT_2025-07-16_klines_L2.csv,,,,ERROR
gateio,FRAGUSDT,2025-07-16,FRAGUSDT_2025-07-16_klines_market_ctx.csv,,,,ERROR
gateio,FRAGUSDT,2025-07-16,FRAGUSDT_2025-07-16_klines_trades.csv,,,,ERROR
gateio,FRAXUSDT,2025-05-09,FRAXUSDT_2025-05-09_klines.csv,41.13,50.26,major,PUMP
gateio,FRAXUSDT,2025-05-09,FRAXUSDT_2025-05-09_klines_L2.csv,,,,ERROR
gateio,FRAXUSDT,2025-05-09,FRAXUSDT_2025-05-09_klines_market_ctx.csv,,,,ERROR
gateio,FRAXUSDT,2025-05-09,FRAXUSDT_2025-05-09_klines_trades.csv,,,,ERROR
gateio,FRAXUSDT,2025-05-16,FRAXUSDT_2025-05-16_klines.csv,53.85,92.14,extreme,PUMP
gateio,FREEUSDT,2025-06-08,FREEUSDT_2025-06-08_klines.csv,3.96,0.0,,VOLATILE_CONTROL
gateio,FRONTIERSUSDT,2025-05-15,FRONTIERSUSDT_2025-05-15_klines.csv,50.79,12.5,,VOLATILE_CONTROL
gateio,FTTUSDT,2025-07-01,FTTUSDT_2025-07-01_klines.csv,12.15,108.69,small,PUMP
gateio,FTTUSDT,2025-07-01,FTTUSDT_2025-07-01_klines_L2.csv,,,,ERROR
gateio,FTTUSDT,2025-07-01,FTTUSDT_2025-07-01_klines_market_ctx.csv,,,,ERROR
gateio,FTTUSDT,2025-07-01,FTTUSDT_2025-07-01_klines_trades.csv,,,,ERROR
gateio,FUELUSDT,2026-01-06,FUELUSDT_2026-01-06_klines.csv,20.31,120.43,medium,PUMP
gateio,FUELUSDT,2026-01-06,FUELUSDT_2026-01-06_klines_L2.csv,,,,ERROR
gateio,FUELUSDT,2026-01-06,FUELUSDT_2026-01-06_klines_market_ctx.csv,,,,ERROR
gateio,FUELUSDT,2026-01-06,FUELUSDT_2026-01-06_klines_trades.csv,,,,ERROR
gateio,FUNTOKENUSDT,2025-06-01,FUNTOKENUSDT_2025-06-01_klines.csv,18.87,81.55,small,PUMP
gateio,FUNTOKENUSDT,2025-06-01,FUNTOKENUSDT_2025-06-01_klines_L2.csv,,,,ERROR
gateio,FUNTOKENUSDT,2025-06-01,FUNTOKENUSDT_2025-06-01_klines_market_ctx.csv,,,,ERROR
gateio,FUNTOKENUSDT,2025-06-01,FUNTOKENUSDT_2025-06-01_klines_trades.csv,,,,ERROR
gateio,FUNUSDT,2026-01-15,FUNUSDT_2026-01-15_klines.csv,86.93,111.44,extreme,PUMP
gateio,FUNUSDT,2026-01-15,FUNUSDT_2026-01-15_klines_L2.csv,,,,ERROR
gateio,FUNUSDT,2026-01-15,FUNUSDT_2026-01-15_klines_market_ctx.csv,,,,ERROR
gateio,FUNUSDT,2026-01-15,FUNUSDT_2026-01-15_klines_trades.csv,,,,ERROR
gateio,FUSDT,2025-08-24,FUSDT_2025-08-24_klines.csv,5.84,308.39,micro,PUMP
gateio,FUSDT,2025-08-24,FUSDT_2025-08-24_klines_L2.csv,,,,ERROR
gateio,FUSDT,2025-08-24,FUSDT_2025-08-24_klines_market_ctx.csv,,,,ERROR
gateio,FUSDT,2025-08-24,FUSDT_2025-08-24_klines_trades.csv,,,,ERROR
gateio,FUSEUSDT,2025-06-04,FUSEUSDT_2025-06-04_klines.csv,5.8,166.13,micro,PUMP
gateio,FUSEUSDT,2025-06-04,FUSEUSDT_2025-06-04_klines_L2.csv,,,,ERROR
gateio,FUSEUSDT,2025-06-04,FUSEUSDT_2025-06-04_klines_market_ctx.csv,,,,ERROR
gateio,FUSEUSDT,2025-06-04,FUSEUSDT_2025-06-04_klines_trades.csv,,,,ERROR
gateio,FYNUSDT,2025-07-28,FYNUSDT_2025-07-28_klines.csv,1.99,0.0,,VOLATILE_CONTROL
gateio,G3USDT,2025-05-09,G3USDT_2025-05-09_klines.csv,82.58,103.16,extreme,PUMP
gateio,G3USDT,2025-05-09,G3USDT_2025-05-09_klines_L2.csv,,,,ERROR
gateio,G3USDT,2025-05-09,G3USDT_2025-05-09_klines_market_ctx.csv,,,,ERROR
gateio,G3USDT,2025-05-09,G3USDT_2025-05-09_klines_trades.csv,,,,ERROR
gateio,G3USDT,2025-07-09,G3USDT_2025-07-09_klines.csv,4.33,0.0,,VOLATILE_CONTROL
gateio,GAFIUSDT,2026-01-12,GAFIUSDT_2026-01-12_klines.csv,13.41,198.56,small,PUMP
gateio,GAINUSDT,2025-09-24,GAINUSDT_2025-09-24_klines.csv,399.94,120.0,extreme,PUMP
gateio,GAINUSDT,2025-09-24,GAINUSDT_2025-09-24_klines_L2.csv,,,,ERROR
gateio,GAINUSDT,2025-09-24,GAINUSDT_2025-09-24_klines_market_ctx.csv,,,,ERROR
gateio,GAINUSDT,2025-09-24,GAINUSDT_2025-09-24_klines_trades.csv,,,,ERROR
gateio,GAIXUSDT,2025-12-30,GAIXUSDT_2025-12-30_klines.csv,51.94,35.24,extreme,PUMP
gateio,GAIXUSDT,2025-12-30,GAIXUSDT_2025-12-30_klines_L2.csv,,,,ERROR
gateio,GAIXUSDT,2025-12-30,GAIXUSDT_2025-12-30_klines_market_ctx.csv,,,,ERROR
gateio,GAIXUSDT,2025-12-30,GAIXUSDT_2025-12-30_klines_trades.csv,,,,ERROR
gateio,GALA3LUSDT,2025-05-09,GALA3LUSDT_2025-05-09_klines.csv,111.17,98.96,extreme,PUMP
gateio,GALA3LUSDT,2025-05-09,GALA3LUSDT_2025-05-09_klines_L2.csv,,,,ERROR
gateio,GALA3LUSDT,2025-05-09,GALA3LUSDT_2025-05-09_klines_market_ctx.csv,,,,ERROR
gateio,GALA3LUSDT,2025-05-09,GALA3LUSDT_2025-05-09_klines_trades.csv,,,,ERROR
gateio,GALA3LUSDT,2025-06-06,GALA3LUSDT_2025-06-06_klines.csv,68.57,129.46,extreme,PUMP
gateio,GALA3SUSDT,2025-05-13,GALA3SUSDT_2025-05-13_klines.csv,54.96,87.05,extreme,PUMP
gateio,GALA3SUSDT,2025-05-13,GALA3SUSDT_2025-05-13_klines_L2.csv,,,,ERROR
gateio,GALA3SUSDT,2025-05-13,GALA3SUSDT_2025-05-13_klines_market_ctx.csv,,,,ERROR
gateio,GALA3SUSDT,2025-05-13,GALA3SUSDT_2025-05-13_klines_trades.csv,,,,ERROR
gateio,GALA3SUSDT,2025-05-15,GALA3SUSDT_2025-05-15_klines.csv,53.66,134.5,extreme,PUMP
gateio,GALA5LUSDT,2025-05-09,GALA5LUSDT_2025-05-09_klines.csv,220.69,109.41,extreme,PUMP
gateio,GALA5LUSDT,2025-05-09,GALA5LUSDT_2025-05-09_klines_L2.csv,,,,ERROR
gateio,GALA5LUSDT,2025-05-09,GALA5LUSDT_2025-05-09_klines_market_ctx.csv,,,,ERROR
gateio,GALA5LUSDT,2025-05-09,GALA5LUSDT_2025-05-09_klines_trades.csv,,,,ERROR
gateio,GALA5LUSDT,2025-05-18,GALA5LUSDT_2025-05-18_klines.csv,88.8,138.1,extreme,PUMP
gateio,GALA5SUSDT,2025-05-13,GALA5SUSDT_2025-05-13_klines.csv,96.51,95.11,extreme,PUMP
gateio,GALA5SUSDT,2025-05-13,GALA5SUSDT_2025-05-13_klines_L2.csv,,,,ERROR
gateio,GALA5SUSDT,2025-05-13,GALA5SUSDT_2025-05-13_klines_market_ctx.csv,,,,ERROR
gateio,GALA5SUSDT,2025-05-13,GALA5SUSDT_2025-05-13_klines_trades.csv,,,,ERROR
gateio,GALA5SUSDT,2025-05-15,GALA5SUSDT_2025-05-15_klines.csv,98.46,137.9,extreme,PUMP
gateio,GALAUSDT,2025-07-05,GALAUSDT_2025-07-05_klines.csv,29.03,40.45,medium,PUMP
gateio,GALAUSDT,2025-07-05,GALAUSDT_2025-07-05_klines_L2.csv,,,,ERROR
gateio,GALAUSDT,2025-07-05,GALAUSDT_2025-07-05_klines_market_ctx.csv,,,,ERROR
gateio,GALAUSDT,2025-07-05,GALAUSDT_2025-07-05_klines_trades.csv,,,,ERROR
gateio,GALFANUSDT,2026-02-03,GALFANUSDT_2026-02-03_klines.csv,2.01,0.0,,VOLATILE_CONTROL
gateio,GALOUSDT,2025-06-22,GALOUSDT_2025-06-22_klines.csv,13.39,91.71,small,PUMP
gateio,GALOUSDT,2025-06-22,GALOUSDT_2025-06-22_klines_L2.csv,,,,ERROR
gateio,GALOUSDT,2025-06-22,GALOUSDT_2025-06-22_klines_market_ctx.csv,,,,ERROR
gateio,GALOUSDT,2025-06-22,GALOUSDT_2025-06-22_klines_trades.csv,,,,ERROR
gateio,GAME2USDT,2025-06-23,GAME2USDT_2025-06-23_klines.csv,38.36,28.05,,VOLATILE_CONTROL
gateio,GAMESUSDT,2025-05-21,GAMESUSDT_2025-05-21_klines.csv,50.14,99.43,extreme,PUMP
gateio,GAMESUSDT,2025-05-21,GAMESUSDT_2025-05-21_klines_L2.csv,,,,ERROR
gateio,GAMESUSDT,2025-05-21,GAMESUSDT_2025-05-21_klines_market_ctx.csv,,,,ERROR
gateio,GAMESUSDT,2025-05-21,GAMESUSDT_2025-05-21_klines_trades.csv,,,,ERROR
gateio,GAMEVIRTUALUSDT,2025-06-02,GAMEVIRTUALUSDT_2025-06-02_klines.csv,6.76,467.62,micro,PUMP
gateio,GAMEVIRTUALUSDT,2025-06-02,GAMEVIRTUALUSDT_2025-06-02_klines_L2.csv,,,,ERROR
gateio,GAMEVIRTUALUSDT,2025-06-02,GAMEVIRTUALUSDT_2025-06-02_klines_market_ctx.csv,,,,ERROR
gateio,GAMEVIRTUALUSDT,2025-06-02,GAMEVIRTUALUSDT_2025-06-02_klines_trades.csv,,,,ERROR
gateio,GATAUSDT,2025-09-04,GATAUSDT_2025-09-04_klines.csv,415.0,0.0,,VOLATILE_CONTROL
gateio,GATUSDT,2025-05-15,GATUSDT_2025-05-15_klines.csv,112.43,35.77,extreme,PUMP
gateio,GCOINUSDT,2025-06-22,GCOINUSDT_2025-06-22_klines.csv,14.97,65.61,small,PUMP
gateio,GCOINUSDT,2025-06-22,GCOINUSDT_2025-06-22_klines_L2.csv,,,,ERROR
gateio,GCOINUSDT,2025-06-22,GCOINUSDT_2025-06-22_klines_market_ctx.csv,,,,ERROR
gateio,GCOINUSDT,2025-06-22,GCOINUSDT_2025-06-22_klines_trades.csv,,,,ERROR
gateio,GENIUS3LUSDT,2026-04-21,GENIUS3LUSDT_2026-04-21_klines.csv,2.17,0.0,,VOLATILE_CONTROL
gateio,GENIUS3SUSDT,2026-04-21,GENIUS3SUSDT_2026-04-21_klines.csv,24.82,74.64,medium,PUMP
gateio,GENIUS3SUSDT,2026-04-21,GENIUS3SUSDT_2026-04-21_klines_L2.csv,,,,ERROR
gateio,GENIUS3SUSDT,2026-04-21,GENIUS3SUSDT_2026-04-21_klines_market_ctx.csv,,,,ERROR
gateio,GENIUS3SUSDT,2026-04-21,GENIUS3SUSDT_2026-04-21_klines_trades.csv,,,,ERROR
gateio,GENIUSUSDT,2026-04-15,GENIUSUSDT_2026-04-15_klines.csv,9.37,361.17,micro,PUMP
gateio,GENIUSUSDT,2026-04-15,GENIUSUSDT_2026-04-15_klines_L2.csv,,,,ERROR
gateio,GENIUSUSDT,2026-04-15,GENIUSUSDT_2026-04-15_klines_market_ctx.csv,,,,ERROR
gateio,GENIUSUSDT,2026-04-15,GENIUSUSDT_2026-04-15_klines_trades.csv,,,,ERROR
gateio,GETAUSDT,2025-05-09,GETAUSDT_2025-05-09_klines.csv,12.44,75.57,small,PUMP
gateio,GETAUSDT,2025-05-09,GETAUSDT_2025-05-09_klines_L2.csv,,,,ERROR
gateio,GETAUSDT,2025-05-09,GETAUSDT_2025-05-09_klines_market_ctx.csv,,,,ERROR
gateio,GETAUSDT,2025-05-09,GETAUSDT_2025-05-09_klines_trades.csv,,,,ERROR
gateio,GETAUSDT,2025-05-15,GETAUSDT_2025-05-15_klines.csv,41.12,0.0,,VOLATILE_CONTROL
gateio,GFIUSDT,2025-12-18,GFIUSDT_2025-12-18_klines.csv,39.65,89.53,large,PUMP
gateio,GFIUSDT,2025-12-18,GFIUSDT_2025-12-18_klines_L2.csv,,,,ERROR
gateio,GFIUSDT,2025-12-18,GFIUSDT_2025-12-18_klines_market_ctx.csv,,,,ERROR
gateio,GFIUSDT,2025-12-18,GFIUSDT_2025-12-18_klines_trades.csv,,,,ERROR
gateio,GFUSDT,2026-03-06,GFUSDT_2026-03-06_klines.csv,791.2,73.86,extreme,PUMP
gateio,GFUSDT,2026-03-06,GFUSDT_2026-03-06_klines_L2.csv,,,,ERROR
gateio,GFUSDT,2026-03-06,GFUSDT_2026-03-06_klines_market_ctx.csv,,,,ERROR
gateio,GFUSDT,2026-03-06,GFUSDT_2026-03-06_klines_trades.csv,,,,ERROR
gateio,GHOUSDT,2025-09-30,GHOUSDT_2025-09-30_klines.csv,60.05,100.4,extreme,PUMP
gateio,GHOUSDT,2025-09-30,GHOUSDT_2025-09-30_klines_L2.csv,,,,ERROR
gateio,GHOUSDT,2025-09-30,GHOUSDT_2025-09-30_klines_market_ctx.csv,,,,ERROR
gateio,GHOUSDT,2025-09-30,GHOUSDT_2025-09-30_klines_trades.csv,,,,ERROR
gateio,GHSTUSDT,2025-06-28,GHSTUSDT_2025-06-28_klines.csv,11.31,83.29,small,PUMP
gateio,GHSTUSDT,2025-06-28,GHSTUSDT_2025-06-28_klines_L2.csv,,,,ERROR
gateio,GHSTUSDT,2025-06-28,GHSTUSDT_2025-06-28_klines_market_ctx.csv,,,,ERROR
gateio,GHSTUSDT,2025-06-28,GHSTUSDT_2025-06-28_klines_trades.csv,,,,ERROR
gateio,GHXUSDT,2025-09-26,GHXUSDT_2025-09-26_klines.csv,47.65,71.68,major,PUMP
gateio,GHXUSDT,2025-09-26,GHXUSDT_2025-09-26_klines_L2.csv,,,,ERROR
gateio,GHXUSDT,2025-09-26,GHXUSDT_2025-09-26_klines_market_ctx.csv,,,,ERROR
gateio,GHXUSDT,2025-09-26,GHXUSDT_2025-09-26_klines_trades.csv,,,,ERROR
gateio,GIGAUSDT,2025-05-09,GIGAUSDT_2025-05-09_klines.csv,60.72,79.37,extreme,PUMP
gateio,GIGAUSDT,2025-05-09,GIGAUSDT_2025-05-09_klines_L2.csv,,,,ERROR
gateio,GIGAUSDT,2025-05-09,GIGAUSDT_2025-05-09_klines_market_ctx.csv,,,,ERROR
gateio,GIGAUSDT,2025-05-09,GIGAUSDT_2025-05-09_klines_trades.csv,,,,ERROR
gateio,GIGAUSDT,2025-05-31,GIGAUSDT_2025-05-31_klines.csv,18.95,143.97,small,PUMP
gateio,GIGGLEUSDT,2025-10-16,GIGGLEUSDT_2025-10-16_klines.csv,9.52,276.28,micro,PUMP
gateio,GIGGLEUSDT,2025-10-16,GIGGLEUSDT_2025-10-16_klines_L2.csv,,,,ERROR
gateio,GIGGLEUSDT,2025-10-16,GIGGLEUSDT_2025-10-16_klines_market_ctx.csv,,,,ERROR
gateio,GIGGLEUSDT,2025-10-16,GIGGLEUSDT_2025-10-16_klines_trades.csv,,,,ERROR
gateio,GITCOINUSDT,2025-07-05,GITCOINUSDT_2025-07-05_klines.csv,32.33,28.67,,VOLATILE_CONTROL
gateio,GLMRUSDT,2025-11-20,GLMRUSDT_2025-11-20_klines.csv,10.38,179.34,small,PUMP
gateio,GLMUSDT,2025-07-02,GLMUSDT_2025-07-02_klines.csv,39.99,84.25,large,PUMP
gateio,GLMUSDT,2025-07-02,GLMUSDT_2025-07-02_klines_L2.csv,,,,ERROR
gateio,GLMUSDT,2025-07-02,GLMUSDT_2025-07-02_klines_market_ctx.csv,,,,ERROR
gateio,GLMUSDT,2025-07-02,GLMUSDT_2025-07-02_klines_trades.csv,,,,ERROR
gateio,GMEEUSDT,2025-08-02,GMEEUSDT_2025-08-02_klines.csv,14.69,34.55,small,PUMP
gateio,GMEEUSDT,2025-08-02,GMEEUSDT_2025-08-02_klines_L2.csv,,,,ERROR
gateio,GMEEUSDT,2025-08-02,GMEEUSDT_2025-08-02_klines_market_ctx.csv,,,,ERROR
gateio,GMEEUSDT,2025-08-02,GMEEUSDT_2025-08-02_klines_trades.csv,,,,ERROR
gateio,GMEUSDT,2025-05-10,GMEUSDT_2025-05-10_klines.csv,21.28,172.73,medium,PUMP
gateio,GMEUSDT,2025-05-10,GMEUSDT_2025-05-10_klines_L2.csv,,,,ERROR
gateio,GMEUSDT,2025-05-10,GMEUSDT_2025-05-10_klines_market_ctx.csv,,,,ERROR
gateio,GMEUSDT,2025-05-10,GMEUSDT_2025-05-10_klines_trades.csv,,,,ERROR
gateio,GMEUSDT,2025-05-15,GMEUSDT_2025-05-15_klines.csv,18.37,81.73,small,PUMP
gateio,GMMTUSDT,2025-07-27,GMMTUSDT_2025-07-27_klines.csv,6.91,183.47,micro,PUMP
gateio,GMMTUSDT,2025-07-27,GMMTUSDT_2025-07-27_klines_L2.csv,,,,ERROR
gateio,GMMTUSDT,2025-07-27,GMMTUSDT_2025-07-27_klines_market_ctx.csv,,,,ERROR
gateio,GMMTUSDT,2025-07-27,GMMTUSDT_2025-07-27_klines_trades.csv,,,,ERROR
gateio,GMMUSDT,2025-07-21,GMMUSDT_2025-07-21_klines.csv,10.62,263.74,small,PUMP
gateio,GMMUSDT,2025-07-21,GMMUSDT_2025-07-21_klines_L2.csv,,,,ERROR
gateio,GMMUSDT,2025-07-21,GMMUSDT_2025-07-21_klines_market_ctx.csv,,,,ERROR
gateio,GMMUSDT,2025-07-21,GMMUSDT_2025-07-21_klines_trades.csv,,,,ERROR
gateio,GMRTUSDT,2025-06-07,GMRTUSDT_2025-06-07_klines.csv,0.24,0.0,,VOLATILE_CONTROL
gateio,GMRXUSDT,2025-08-19,GMRXUSDT_2025-08-19_klines.csv,52.85,142.36,extreme,PUMP
gateio,GMRXUSDT,2025-08-19,GMRXUSDT_2025-08-19_klines_L2.csv,,,,ERROR
gateio,GMRXUSDT,2025-08-19,GMRXUSDT_2025-08-19_klines_market_ctx.csv,,,,ERROR
gateio,GMRXUSDT,2025-08-19,GMRXUSDT_2025-08-19_klines_trades.csv,,,,ERROR
gateio,GMTUSDT,2025-12-23,GMTUSDT_2025-12-23_klines.csv,31.79,75.38,large,PUMP
gateio,GMTUSDT,2025-12-23,GMTUSDT_2025-12-23_klines_L2.csv,,,,ERROR
gateio,GMTUSDT,2025-12-23,GMTUSDT_2025-12-23_klines_market_ctx.csv,,,,ERROR
gateio,GMTUSDT,2025-12-23,GMTUSDT_2025-12-23_klines_trades.csv,,,,ERROR
gateio,GMUSDT,2025-08-06,GMUSDT_2025-08-06_klines.csv,15.74,85.89,small,PUMP
gateio,GMWAGMIUSDT,2025-05-09,GMWAGMIUSDT_2025-05-09_klines.csv,248.03,92.6,extreme,PUMP
gateio,GMWAGMIUSDT,2025-05-09,GMWAGMIUSDT_2025-05-09_klines_L2.csv,,,,ERROR
gateio,GMWAGMIUSDT,2025-05-09,GMWAGMIUSDT_2025-05-09_klines_market_ctx.csv,,,,ERROR
gateio,GMWAGMIUSDT,2025-05-09,GMWAGMIUSDT_2025-05-09_klines_trades.csv,,,,ERROR
gateio,GMWAGMIUSDT,2025-05-15,GMWAGMIUSDT_2025-05-15_klines.csv,115.55,105.03,extreme,PUMP
gateio,GMXUSDT,2025-07-22,GMXUSDT_2025-07-22_klines.csv,1.22,0.0,,VOLATILE_CONTROL
gateio,GNCUSDT,2025-05-13,GNCUSDT_2025-05-13_klines.csv,16833.8,98.52,extreme,PUMP
gateio,GNCUSDT,2025-05-13,GNCUSDT_2025-05-13_klines_L2.csv,,,,ERROR
gateio,GNCUSDT,2025-05-13,GNCUSDT_2025-05-13_klines_market_ctx.csv,,,,ERROR
gateio,GNCUSDT,2025-05-13,GNCUSDT_2025-05-13_klines_trades.csv,,,,ERROR
gateio,GNCUSDT,2025-05-15,GNCUSDT_2025-05-15_klines.csv,54.57,269.42,extreme,PUMP
gateio,GNOUSDT,2025-09-11,GNOUSDT_2025-09-11_klines.csv,11.79,85.28,small,PUMP
gateio,GNOUSDT,2025-09-11,GNOUSDT_2025-09-11_klines_L2.csv,,,,ERROR
gateio,GNOUSDT,2025-09-11,GNOUSDT_2025-09-11_klines_market_ctx.csv,,,,ERROR
gateio,GNOUSDT,2025-09-11,GNOUSDT_2025-09-11_klines_trades.csv,,,,ERROR
gateio,GNSUSDT,2025-06-04,GNSUSDT_2025-06-04_klines.csv,6.91,94.78,micro,PUMP
gateio,GNSUSDT,2025-06-04,GNSUSDT_2025-06-04_klines_L2.csv,,,,ERROR
gateio,GNSUSDT,2025-06-04,GNSUSDT_2025-06-04_klines_market_ctx.csv,,,,ERROR
gateio,GNSUSDT,2025-06-04,GNSUSDT_2025-06-04_klines_trades.csv,,,,ERROR
gateio,GO4USDT,2025-05-09,GO4USDT_2025-05-09_klines.csv,11.03,75.08,small,PUMP
gateio,GO4USDT,2025-05-09,GO4USDT_2025-05-09_klines_L2.csv,,,,ERROR
gateio,GO4USDT,2025-05-09,GO4USDT_2025-05-09_klines_market_ctx.csv,,,,ERROR
gateio,GO4USDT,2025-05-09,GO4USDT_2025-05-09_klines_trades.csv,,,,ERROR
gateio,GO4USDT,2025-05-15,GO4USDT_2025-05-15_klines.csv,6.72,22.63,,VOLATILE_CONTROL
gateio,GOATEDUSDT,2025-09-27,GOATEDUSDT_2025-09-27_klines.csv,1687.93,71.98,extreme,PUMP
gateio,GOATEDUSDT,2025-09-27,GOATEDUSDT_2025-09-27_klines_L2.csv,,,,ERROR
gateio,GOATEDUSDT,2025-09-27,GOATEDUSDT_2025-09-27_klines_market_ctx.csv,,,,ERROR
gateio,GOATEDUSDT,2025-09-27,GOATEDUSDT_2025-09-27_klines_trades.csv,,,,ERROR
gateio,GOATSUSDT,2025-05-18,GOATSUSDT_2025-05-18_klines.csv,22.1,149.86,medium,PUMP
gateio,GOATUSDT,2025-05-09,GOATUSDT_2025-05-09_klines.csv,177.65,77.71,extreme,PUMP
gateio,GOATUSDT,2025-05-09,GOATUSDT_2025-05-09_klines_L2.csv,,,,ERROR
gateio,GOATUSDT,2025-05-09,GOATUSDT_2025-05-09_klines_market_ctx.csv,,,,ERROR
gateio,GOATUSDT,2025-05-09,GOATUSDT_2025-05-09_klines_trades.csv,,,,ERROR
gateio,GOATUSDT,2025-06-23,GOATUSDT_2025-06-23_klines.csv,23.92,57.92,medium,PUMP
gateio,GOCHUUSDT,2025-05-29,GOCHUUSDT_2025-05-29_klines.csv,1226.74,64.74,extreme,PUMP
gateio,GOCHUUSDT,2025-05-29,GOCHUUSDT_2025-05-29_klines_L2.csv,,,,ERROR
gateio,GOCHUUSDT,2025-05-29,GOCHUUSDT_2025-05-29_klines_market_ctx.csv,,,,ERROR
gateio,GOCHUUSDT,2025-05-29,GOCHUUSDT_2025-05-29_klines_trades.csv,,,,ERROR
gateio,GOGUSDT,2025-05-09,GOGUSDT_2025-05-09_klines.csv,47.57,65.23,major,PUMP
gateio,GOGUSDT,2025-05-09,GOGUSDT_2025-05-09_klines_L2.csv,,,,ERROR
gateio,GOGUSDT,2025-05-09,GOGUSDT_2025-05-09_klines_market_ctx.csv,,,,ERROR
gateio,GOGUSDT,2025-05-09,GOGUSDT_2025-05-09_klines_trades.csv,,,,ERROR
gateio,GOGUSDT,2025-05-15,GOGUSDT_2025-05-15_klines.csv,378.13,56.61,extreme,PUMP
gateio,GOHOMEUSDT,2025-07-04,GOHOMEUSDT_2025-07-04_klines.csv,2.25,0.0,,VOLATILE_CONTROL
gateio,GOMININGUSDT,2025-12-13,GOMININGUSDT_2025-12-13_klines.csv,2.89,0.0,,VOLATILE_CONTROL
gateio,GOOGL3SUSDT,2026-02-03,GOOGL3SUSDT_2026-02-03_klines.csv,27.94,87.7,medium,PUMP
gateio,GOOGL3SUSDT,2026-02-03,GOOGL3SUSDT_2026-02-03_klines_L2.csv,,,,ERROR
gateio,GOOGL3SUSDT,2026-02-03,GOOGL3SUSDT_2026-02-03_klines_market_ctx.csv,,,,ERROR
gateio,GOOGL3SUSDT,2026-02-03,GOOGL3SUSDT_2026-02-03_klines_trades.csv,,,,ERROR
gateio,GOOSEFINANCEUSDT,2025-10-18,GOOSEFINANCEUSDT_2025-10-18_klines.csv,9.42,127.79,micro,PUMP
gateio,GOOSEFINANCEUSDT,2025-10-18,GOOSEFINANCEUSDT_2025-10-18_klines_L2.csv,,,,ERROR
gateio,GOOSEFINANCEUSDT,2025-10-18,GOOSEFINANCEUSDT_2025-10-18_klines_market_ctx.csv,,,,ERROR
gateio,GOOSEFINANCEUSDT,2025-10-18,GOOSEFINANCEUSDT_2025-10-18_klines_trades.csv,,,,ERROR
gateio,GORKUSDT,2025-05-09,GORKUSDT_2025-05-09_klines.csv,114.2,122.24,extreme,PUMP
gateio,GORKUSDT,2025-05-09,GORKUSDT_2025-05-09_klines_L2.csv,,,,ERROR
gateio,GORKUSDT,2025-05-09,GORKUSDT_2025-05-09_klines_market_ctx.csv,,,,ERROR
gateio,GORKUSDT,2025-05-09,GORKUSDT_2025-05-09_klines_trades.csv,,,,ERROR
gateio,GORKUSDT,2025-06-18,GORKUSDT_2025-06-18_klines.csv,3.93,0.0,,VOLATILE_CONTROL
gateio,GOZUSDT,2025-06-06,GOZUSDT_2025-06-06_klines.csv,4.73,0.0,,VOLATILE_CONTROL
gateio,GPSUSDT,2025-05-31,GPSUSDT_2025-05-31_klines.csv,20.22,88.35,medium,PUMP
gateio,GPSUSDT,2025-05-31,GPSUSDT_2025-05-31_klines_L2.csv,,,,ERROR
gateio,GPSUSDT,2025-05-31,GPSUSDT_2025-05-31_klines_market_ctx.csv,,,,ERROR
gateio,GPSUSDT,2025-05-31,GPSUSDT_2025-05-31_klines_trades.csv,,,,ERROR
gateio,GRASSUSDT,2025-05-09,GRASSUSDT_2025-05-09_klines.csv,51.04,69.94,extreme,PUMP
gateio,GRASSUSDT,2025-05-09,GRASSUSDT_2025-05-09_klines_L2.csv,,,,ERROR
gateio,GRASSUSDT,2025-05-09,GRASSUSDT_2025-05-09_klines_market_ctx.csv,,,,ERROR
gateio,GRASSUSDT,2025-05-09,GRASSUSDT_2025-05-09_klines_trades.csv,,,,ERROR
gateio,GRASSUSDT,2025-11-02,GRASSUSDT_2025-11-02_klines.csv,14.39,72.29,small,PUMP
gateio,GRIFFAINUSDT,2025-05-09,GRIFFAINUSDT_2025-05-09_klines.csv,116.16,84.07,extreme,PUMP
gateio,GRIFFAINUSDT,2025-05-09,GRIFFAINUSDT_2025-05-09_klines_L2.csv,,,,ERROR
gateio,GRIFFAINUSDT,2025-05-09,GRIFFAINUSDT_2025-05-09_klines_market_ctx.csv,,,,ERROR
gateio,GRIFFAINUSDT,2025-05-09,GRIFFAINUSDT_2025-05-09_klines_trades.csv,,,,ERROR
gateio,GRIFFAINUSDT,2025-06-23,GRIFFAINUSDT_2025-06-23_klines.csv,41.11,93.96,major,PUMP
gateio,GRNDUSDT,2025-10-11,GRNDUSDT_2025-10-11_klines.csv,16.11,158.39,small,PUMP
gateio,GRNDUSDT,2025-10-11,GRNDUSDT_2025-10-11_klines_L2.csv,,,,ERROR
gateio,GRNDUSDT,2025-10-11,GRNDUSDT_2025-10-11_klines_market_ctx.csv,,,,ERROR
gateio,GRNDUSDT,2025-10-11,GRNDUSDT_2025-10-11_klines_trades.csv,,,,ERROR
gateio,GTAIUSDT,2025-09-09,GTAIUSDT_2025-09-09_klines.csv,60.8,45.39,extreme,PUMP
gateio,GTAIUSDT,2025-09-09,GTAIUSDT_2025-09-09_klines_L2.csv,,,,ERROR
gateio,GTAIUSDT,2025-09-09,GTAIUSDT_2025-09-09_klines_market_ctx.csv,,,,ERROR
gateio,GTAIUSDT,2025-09-09,GTAIUSDT_2025-09-09_klines_trades.csv,,,,ERROR
gateio,GUAUSDT,2025-11-28,GUAUSDT_2025-11-28_klines.csv,196.0,76.02,extreme,PUMP
gateio,GUAUSDT,2025-11-28,GUAUSDT_2025-11-28_klines_L2.csv,,,,ERROR
gateio,GUAUSDT,2025-11-28,GUAUSDT_2025-11-28_klines_market_ctx.csv,,,,ERROR
gateio,GUAUSDT,2025-11-28,GUAUSDT_2025-11-28_klines_trades.csv,,,,ERROR
gateio,GUIUSDT,2025-08-06,GUIUSDT_2025-08-06_klines.csv,28.38,18.4,,VOLATILE_CONTROL
gateio,GUNUSDT,2025-06-18,GUNUSDT_2025-06-18_klines.csv,4.3,0.0,,VOLATILE_CONTROL
gateio,GUSDT,2026-01-13,GUSDT_2026-01-13_klines.csv,9.58,186.43,micro,PUMP
gateio,GUSDT,2026-01-13,GUSDT_2026-01-13_klines_L2.csv,,,,ERROR
gateio,GUSDT,2026-01-13,GUSDT_2026-01-13_klines_market_ctx.csv,,,,ERROR
gateio,GUSDT,2026-01-13,GUSDT_2026-01-13_klines_trades.csv,,,,ERROR
gateio,GWEIUSDT,2026-01-21,GWEIUSDT_2026-01-21_klines.csv,382.5,26.77,,VOLATILE_CONTROL
gateio,GXEUSDT,2025-08-16,GXEUSDT_2025-08-16_klines.csv,7.35,208.43,micro,PUMP
gateio,GXEUSDT,2025-08-16,GXEUSDT_2025-08-16_klines_L2.csv,,,,ERROR
gateio,GXEUSDT,2025-08-16,GXEUSDT_2025-08-16_klines_market_ctx.csv,,,,ERROR
gateio,GXEUSDT,2025-08-16,GXEUSDT_2025-08-16_klines_trades.csv,,,,ERROR
gateio,GZONEUSDT,2025-06-29,GZONEUSDT_2025-06-29_klines.csv,24.15,106.14,medium,PUMP
gateio,GZONEUSDT,2025-06-29,GZONEUSDT_2025-06-29_klines_L2.csv,,,,ERROR
gateio,GZONEUSDT,2025-06-29,GZONEUSDT_2025-06-29_klines_market_ctx.csv,,,,ERROR
gateio,GZONEUSDT,2025-06-29,GZONEUSDT_2025-06-29_klines_trades.csv,,,,ERROR
gateio,H3LUSDT,2025-07-08,H3LUSDT_2025-07-08_klines.csv,86.44,188.14,extreme,PUMP
gateio,H3LUSDT,2025-07-08,H3LUSDT_2025-07-08_klines_L2.csv,,,,ERROR
gateio,H3LUSDT,2025-07-08,H3LUSDT_2025-07-08_klines_market_ctx.csv,,,,ERROR
gateio,H3LUSDT,2025-07-08,H3LUSDT_2025-07-08_klines_trades.csv,,,,ERROR
gateio,H3SUSDT,2025-07-08,H3SUSDT_2025-07-08_klines.csv,104.35,168.7,extreme,PUMP
gateio,H3SUSDT,2025-07-08,H3SUSDT_2025-07-08_klines_L2.csv,,,,ERROR
gateio,H3SUSDT,2025-07-08,H3SUSDT_2025-07-08_klines_market_ctx.csv,,,,ERROR
gateio,H3SUSDT,2025-07-08,H3SUSDT_2025-07-08_klines_trades.csv,,,,ERROR
gateio,HAEDALUSDT,2025-05-09,HAEDALUSDT_2025-05-09_klines.csv,38.61,126.5,large,PUMP
gateio,HAEDALUSDT,2025-05-09,HAEDALUSDT_2025-05-09_klines_L2.csv,,,,ERROR
gateio,HAEDALUSDT,2025-05-09,HAEDALUSDT_2025-05-09_klines_market_ctx.csv,,,,ERROR
gateio,HAEDALUSDT,2025-05-09,HAEDALUSDT_2025-05-09_klines_trades.csv,,,,ERROR
gateio,HAEDALUSDT,2025-05-15,HAEDALUSDT_2025-05-15_klines.csv,50.75,77.34,extreme,PUMP
gateio,HAHAUSDT,2025-07-12,HAHAUSDT_2025-07-12_klines.csv,24.46,26.39,,VOLATILE_CONTROL
gateio,HAMSTERUSDT,2025-06-29,HAMSTERUSDT_2025-06-29_klines.csv,17.9,497.51,small,PUMP
gateio,HAMSTERUSDT,2025-06-29,HAMSTERUSDT_2025-06-29_klines_L2.csv,,,,ERROR
gateio,HAMSTERUSDT,2025-06-29,HAMSTERUSDT_2025-06-29_klines_market_ctx.csv,,,,ERROR
gateio,HAMSTERUSDT,2025-06-29,HAMSTERUSDT_2025-06-29_klines_trades.csv,,,,ERROR
gateio,HANAUSDT,2025-09-26,HANAUSDT_2025-09-26_klines.csv,20.93,307.14,medium,PUMP
gateio,HANAUSDT,2025-09-26,HANAUSDT_2025-09-26_klines_L2.csv,,,,ERROR
gateio,HANAUSDT,2025-09-26,HANAUSDT_2025-09-26_klines_market_ctx.csv,,,,ERROR
gateio,HANAUSDT,2025-09-26,HANAUSDT_2025-09-26_klines_trades.csv,,,,ERROR
gateio,HBAR3LUSDT,2025-05-09,HBAR3LUSDT_2025-05-09_klines.csv,52.59,118.12,extreme,PUMP
gateio,HBAR3LUSDT,2025-05-09,HBAR3LUSDT_2025-05-09_klines_L2.csv,,,,ERROR
gateio,HBAR3LUSDT,2025-05-09,HBAR3LUSDT_2025-05-09_klines_market_ctx.csv,,,,ERROR
gateio,HBAR3LUSDT,2025-05-09,HBAR3LUSDT_2025-05-09_klines_trades.csv,,,,ERROR
gateio,HBAR3LUSDT,2025-06-06,HBAR3LUSDT_2025-06-06_klines.csv,52.22,133.45,extreme,PUMP
gateio,HBAR3SUSDT,2025-05-15,HBAR3SUSDT_2025-05-15_klines.csv,30.1,131.37,large,PUMP
gateio,HEARTUSDT,2026-04-23,HEARTUSDT_2026-04-23_klines.csv,0.68,0.0,,VOLATILE_CONTROL
gateio,HEIUSDT,2025-07-01,HEIUSDT_2025-07-01_klines.csv,8.99,137.55,micro,PUMP
gateio,HEIUSDT,2025-07-01,HEIUSDT_2025-07-01_klines_L2.csv,,,,ERROR
gateio,HEIUSDT,2025-07-01,HEIUSDT_2025-07-01_klines_market_ctx.csv,,,,ERROR
gateio,HEIUSDT,2025-07-01,HEIUSDT_2025-07-01_klines_trades.csv,,,,ERROR
gateio,HELLOUSDT,2025-07-06,HELLOUSDT_2025-07-06_klines.csv,11.08,102.2,small,PUMP
gateio,HELLOUSDT,2025-07-06,HELLOUSDT_2025-07-06_klines_L2.csv,,,,ERROR
gateio,HELLOUSDT,2025-07-06,HELLOUSDT_2025-07-06_klines_market_ctx.csv,,,,ERROR
gateio,HELLOUSDT,2025-07-06,HELLOUSDT_2025-07-06_klines_trades.csv,,,,ERROR
gateio,HEMIUSDT,2025-09-19,HEMIUSDT_2025-09-19_klines.csv,214.26,58.74,extreme,PUMP
gateio,HEMIUSDT,2025-09-19,HEMIUSDT_2025-09-19_klines_L2.csv,,,,ERROR
gateio,HEMIUSDT,2025-09-19,HEMIUSDT_2025-09-19_klines_market_ctx.csv,,,,ERROR
gateio,HEMIUSDT,2025-09-19,HEMIUSDT_2025-09-19_klines_trades.csv,,,,ERROR
gateio,HEROUSDT,2026-03-22,HEROUSDT_2026-03-22_klines.csv,10.22,95.28,small,PUMP
gateio,HEROUSDT,2026-03-22,HEROUSDT_2026-03-22_klines_L2.csv,,,,ERROR
gateio,HEROUSDT,2026-03-22,HEROUSDT_2026-03-22_klines_market_ctx.csv,,,,ERROR
gateio,HEROUSDT,2026-03-22,HEROUSDT_2026-03-22_klines_trades.csv,,,,ERROR
gateio,HEUUSDT,2025-05-22,HEUUSDT_2025-05-22_klines.csv,4.44,0.0,,VOLATILE_CONTROL
gateio,HGETUSDT,2025-07-22,HGETUSDT_2025-07-22_klines.csv,11.29,155.13,small,PUMP
gateio,HGETUSDT,2025-07-22,HGETUSDT_2025-07-22_klines_L2.csv,,,,ERROR
gateio,HGETUSDT,2025-07-22,HGETUSDT_2025-07-22_klines_market_ctx.csv,,,,ERROR
gateio,HGETUSDT,2025-07-22,HGETUSDT_2025-07-22_klines_trades.csv,,,,ERROR
gateio,HGPTUSDT,2025-08-27,HGPTUSDT_2025-08-27_klines.csv,0.78,0.0,,VOLATILE_CONTROL
gateio,HIBSUSDT,2025-05-09,HIBSUSDT_2025-05-09_klines.csv,144.98,115.16,extreme,PUMP
gateio,HIBSUSDT,2025-05-09,HIBSUSDT_2025-05-09_klines_L2.csv,,,,ERROR
gateio,HIBSUSDT,2025-05-09,HIBSUSDT_2025-05-09_klines_market_ctx.csv,,,,ERROR
gateio,HIBSUSDT,2025-05-09,HIBSUSDT_2025-05-09_klines_trades.csv,,,,ERROR
gateio,HIBSUSDT,2025-05-15,HIBSUSDT_2025-05-15_klines.csv,72.6,131.36,extreme,PUMP
gateio,HIGHUSDT,2025-10-29,HIGHUSDT_2025-10-29_klines.csv,5.87,420.69,micro,PUMP
gateio,HIGHUSDT,2025-10-29,HIGHUSDT_2025-10-29_klines_L2.csv,,,,ERROR
gateio,HIGHUSDT,2025-10-29,HIGHUSDT_2025-10-29_klines_market_ctx.csv,,,,ERROR
gateio,HIGHUSDT,2025-10-29,HIGHUSDT_2025-10-29_klines_trades.csv,,,,ERROR
gateio,HINTUSDT,2025-05-09,HINTUSDT_2025-05-09_klines.csv,194.03,49.49,extreme,PUMP
gateio,HINTUSDT,2025-05-09,HINTUSDT_2025-05-09_klines_L2.csv,,,,ERROR
gateio,HINTUSDT,2025-05-09,HINTUSDT_2025-05-09_klines_market_ctx.csv,,,,ERROR
gateio,HINTUSDT,2025-05-09,HINTUSDT_2025-05-09_klines_trades.csv,,,,ERROR
gateio,HINTUSDT,2025-10-11,HINTUSDT_2025-10-11_klines.csv,2.75,0.0,,VOLATILE_CONTROL
gateio,HIPPOUSDT,2025-05-09,HIPPOUSDT_2025-05-09_klines.csv,120.1,90.85,extreme,PUMP
gateio,HIPPOUSDT,2025-05-09,HIPPOUSDT_2025-05-09_klines_L2.csv,,,,ERROR
gateio,HIPPOUSDT,2025-05-09,HIPPOUSDT_2025-05-09_klines_market_ctx.csv,,,,ERROR
gateio,HIPPOUSDT,2025-05-09,HIPPOUSDT_2025-05-09_klines_trades.csv,,,,ERROR
gateio,HIPPOUSDT,2025-06-23,HIPPOUSDT_2025-06-23_klines.csv,35.9,72.96,large,PUMP
gateio,HIVEUSDT,2026-04-17,HIVEUSDT_2026-04-17_klines.csv,2.98,0.0,,VOLATILE_CONTROL
gateio,HLNUSDT,2025-06-23,HLNUSDT_2025-06-23_klines.csv,50.99,98.47,extreme,PUMP
gateio,HMSTRUSDT,2025-06-29,HMSTRUSDT_2025-06-29_klines.csv,5.34,186.92,micro,PUMP
gateio,HMSTRUSDT,2025-06-29,HMSTRUSDT_2025-06-29_klines_L2.csv,,,,ERROR
gateio,HMSTRUSDT,2025-06-29,HMSTRUSDT_2025-06-29_klines_market_ctx.csv,,,,ERROR
gateio,HMSTRUSDT,2025-06-29,HMSTRUSDT_2025-06-29_klines_trades.csv,,,,ERROR
gateio,HNBUSDT,2025-05-09,HNBUSDT_2025-05-09_klines.csv,16.89,158.56,small,PUMP
gateio,HNBUSDT,2025-05-09,HNBUSDT_2025-05-09_klines_L2.csv,,,,ERROR
gateio,HNBUSDT,2025-05-09,HNBUSDT_2025-05-09_klines_market_ctx.csv,,,,ERROR
gateio,HNBUSDT,2025-05-09,HNBUSDT_2025-05-09_klines_trades.csv,,,,ERROR
gateio,HNBUSDT,2025-05-15,HNBUSDT_2025-05-15_klines.csv,76.44,84.32,extreme,PUMP
gateio,HOLDSTATIONUSDT,2025-06-07,HOLDSTATIONUSDT_2025-06-07_klines.csv,11.51,226.77,small,PUMP
gateio,HOLDSTATIONUSDT,2025-06-07,HOLDSTATIONUSDT_2025-06-07_klines_L2.csv,,,,ERROR
gateio,HOLDSTATIONUSDT,2025-06-07,HOLDSTATIONUSDT_2025-06-07_klines_market_ctx.csv,,,,ERROR
gateio,HOLDSTATIONUSDT,2025-06-07,HOLDSTATIONUSDT_2025-06-07_klines_trades.csv,,,,ERROR
gateio,HOLDUSDT,2025-05-09,HOLDUSDT_2025-05-09_klines.csv,59.39,97.2,extreme,PUMP
gateio,HOLDUSDT,2025-05-09,HOLDUSDT_2025-05-09_klines_L2.csv,,,,ERROR
gateio,HOLDUSDT,2025-05-09,HOLDUSDT_2025-05-09_klines_market_ctx.csv,,,,ERROR
gateio,HOLDUSDT,2025-05-09,HOLDUSDT_2025-05-09_klines_trades.csv,,,,ERROR
gateio,HOLDUSDT,2025-05-15,HOLDUSDT_2025-05-15_klines.csv,7.12,253.85,micro,PUMP
gateio,HOLOUSDT,2025-10-01,HOLOUSDT_2025-10-01_klines.csv,52.52,99.74,extreme,PUMP
gateio,HOLOUSDT,2025-10-01,HOLOUSDT_2025-10-01_klines_L2.csv,,,,ERROR
gateio,HOLOUSDT,2025-10-01,HOLOUSDT_2025-10-01_klines_market_ctx.csv,,,,ERROR
gateio,HOLOUSDT,2025-10-01,HOLOUSDT_2025-10-01_klines_trades.csv,,,,ERROR
gateio,HOMEUSDT,2025-07-04,HOMEUSDT_2025-07-04_klines.csv,20.63,37.41,medium,PUMP
gateio,HOMEUSDT,2025-07-04,HOMEUSDT_2025-07-04_klines_L2.csv,,,,ERROR
gateio,HOMEUSDT,2025-07-04,HOMEUSDT_2025-07-04_klines_market_ctx.csv,,,,ERROR
gateio,HOMEUSDT,2025-07-04,HOMEUSDT_2025-07-04_klines_trades.csv,,,,ERROR
gateio,HONEYUSDT,2025-05-09,HONEYUSDT_2025-05-09_klines.csv,52.66,98.49,extreme,PUMP
gateio,HONEYUSDT,2025-05-09,HONEYUSDT_2025-05-09_klines_L2.csv,,,,ERROR
gateio,HONEYUSDT,2025-05-09,HONEYUSDT_2025-05-09_klines_market_ctx.csv,,,,ERROR
gateio,HONEYUSDT,2025-05-09,HONEYUSDT_2025-05-09_klines_trades.csv,,,,ERROR
gateio,HONEYUSDT,2025-07-01,HONEYUSDT_2025-07-01_klines.csv,12.03,178.85,small,PUMP
gateio,HONXUSDT,2026-01-19,HONXUSDT_2026-01-19_klines.csv,7.48,93.26,micro,PUMP
gateio,HONXUSDT,2026-01-19,HONXUSDT_2026-01-19_klines_L2.csv,,,,ERROR
gateio,HONXUSDT,2026-01-19,HONXUSDT_2026-01-19_klines_market_ctx.csv,,,,ERROR
gateio,HONXUSDT,2026-01-19,HONXUSDT_2026-01-19_klines_trades.csv,,,,ERROR
gateio,HOODXUSDT,2025-07-02,HOODXUSDT_2025-07-02_klines.csv,1000.01,100.88,extreme,PUMP
gateio,HOODXUSDT,2025-07-02,HOODXUSDT_2025-07-02_klines_L2.csv,,,,ERROR
gateio,HOODXUSDT,2025-07-02,HOODXUSDT_2025-07-02_klines_market_ctx.csv,,,,ERROR
gateio,HOODXUSDT,2025-07-02,HOODXUSDT_2025-07-02_klines_trades.csv,,,,ERROR
gateio,HOOKUSDT,2025-06-23,HOOKUSDT_2025-06-23_klines.csv,26.07,79.76,medium,PUMP
gateio,HOOKUSDT,2025-06-23,HOOKUSDT_2025-06-23_klines_L2.csv,,,,ERROR
gateio,HOOKUSDT,2025-06-23,HOOKUSDT_2025-06-23_klines_market_ctx.csv,,,,ERROR
gateio,HOOKUSDT,2025-06-23,HOOKUSDT_2025-06-23_klines_trades.csv,,,,ERROR
gateio,HOPPYUSDT,2025-06-22,HOPPYUSDT_2025-06-22_klines.csv,32.32,20.42,,VOLATILE_CONTROL
gateio,HOPRUSDT,2025-06-30,HOPRUSDT_2025-06-30_klines.csv,11.34,185.04,small,PUMP
gateio,HOPRUSDT,2025-06-30,HOPRUSDT_2025-06-30_klines_L2.csv,,,,ERROR
gateio,HOPRUSDT,2025-06-30,HOPRUSDT_2025-06-30_klines_market_ctx.csv,,,,ERROR
gateio,HOPRUSDT,2025-06-30,HOPRUSDT_2025-06-30_klines_trades.csv,,,,ERROR
gateio,HORDUSDT,2025-05-09,HORDUSDT_2025-05-09_klines.csv,10.24,104.81,small,PUMP
gateio,HORDUSDT,2025-05-09,HORDUSDT_2025-05-09_klines_L2.csv,,,,ERROR
gateio,HORDUSDT,2025-05-09,HORDUSDT_2025-05-09_klines_market_ctx.csv,,,,ERROR
gateio,HORDUSDT,2025-05-09,HORDUSDT_2025-05-09_klines_trades.csv,,,,ERROR
gateio,HORDUSDT,2025-05-15,HORDUSDT_2025-05-15_klines.csv,25.46,94.56,medium,PUMP
gateio,HOTUSDT,2025-07-02,HOTUSDT_2025-07-02_klines.csv,10.5,0.0,,VOLATILE_CONTROL
gateio,HPOS10IUSDT,2025-05-31,HPOS10IUSDT_2025-05-31_klines.csv,19.81,135.88,small,PUMP
gateio,HPOS10IUSDT,2025-05-31,HPOS10IUSDT_2025-05-31_klines_L2.csv,,,,ERROR
gateio,HPOS10IUSDT,2025-05-31,HPOS10IUSDT_2025-05-31_klines_market_ctx.csv,,,,ERROR
gateio,HPOS10IUSDT,2025-05-31,HPOS10IUSDT_2025-05-31_klines_trades.csv,,,,ERROR
gateio,HQUSDT,2025-05-09,HQUSDT_2025-05-09_klines.csv,383.69,98.26,extreme,PUMP
gateio,HQUSDT,2025-05-09,HQUSDT_2025-05-09_klines_L2.csv,,,,ERROR
gateio,HQUSDT,2025-05-09,HQUSDT_2025-05-09_klines_market_ctx.csv,,,,ERROR
gateio,HQUSDT,2025-05-09,HQUSDT_2025-05-09_klines_trades.csv,,,,ERROR
gateio,HQUSDT,2025-05-17,HQUSDT_2025-05-17_klines.csv,56.49,109.52,extreme,PUMP
gateio,HSKUSDT,2025-06-07,HSKUSDT_2025-06-07_klines.csv,29.56,104.19,medium,PUMP
gateio,HSKUSDT,2025-06-07,HSKUSDT_2025-06-07_klines_L2.csv,,,,ERROR
gateio,HSKUSDT,2025-06-07,HSKUSDT_2025-06-07_klines_market_ctx.csv,,,,ERROR
gateio,HSKUSDT,2025-06-07,HSKUSDT_2025-06-07_klines_trades.csv,,,,ERROR
gateio,HTMUSDT,2025-05-09,HTMUSDT_2025-05-09_klines.csv,283.94,101.21,extreme,PUMP
gateio,HTMUSDT,2025-05-09,HTMUSDT_2025-05-09_klines_L2.csv,,,,ERROR
gateio,HTMUSDT,2025-05-09,HTMUSDT_2025-05-09_klines_market_ctx.csv,,,,ERROR
gateio,HTMUSDT,2025-05-09,HTMUSDT_2025-05-09_klines_trades.csv,,,,ERROR
gateio,HTMUSDT,2025-05-15,HTMUSDT_2025-05-15_klines.csv,242.95,106.29,extreme,PUMP
gateio,HTRUSDT,2025-05-09,HTRUSDT_2025-05-09_klines.csv,55.06,78.63,extreme,PUMP
gateio,HTRUSDT,2025-05-09,HTRUSDT_2025-05-09_klines_L2.csv,,,,ERROR
gateio,HTRUSDT,2025-05-09,HTRUSDT_2025-05-09_klines_market_ctx.csv,,,,ERROR
gateio,HTRUSDT,2025-05-09,HTRUSDT_2025-05-09_klines_trades.csv,,,,ERROR
gateio,HTUSDT,2025-06-19,HTUSDT_2025-06-19_klines.csv,51.49,127.6,extreme,PUMP
gateio,HTUSDT,2025-06-19,HTUSDT_2025-06-19_klines_L2.csv,,,,ERROR
gateio,HTUSDT,2025-06-19,HTUSDT_2025-06-19_klines_market_ctx.csv,,,,ERROR
gateio,HTUSDT,2025-06-19,HTUSDT_2025-06-19_klines_trades.csv,,,,ERROR
gateio,HUMAUSDT,2025-05-31,HUMAUSDT_2025-05-31_klines.csv,53.16,37.11,extreme,PUMP
gateio,HUMAUSDT,2025-05-31,HUMAUSDT_2025-05-31_klines_L2.csv,,,,ERROR
gateio,HUMAUSDT,2025-05-31,HUMAUSDT_2025-05-31_klines_market_ctx.csv,,,,ERROR
gateio,HUMAUSDT,2025-05-31,HUMAUSDT_2025-05-31_klines_trades.csv,,,,ERROR
gateio,HUSDT,2025-06-25,HUSDT_2025-06-25_klines.csv,134.73,154.6,extreme,PUMP
gateio,HUSDT,2025-06-25,HUSDT_2025-06-25_klines_L2.csv,,,,ERROR
gateio,HUSDT,2025-06-25,HUSDT_2025-06-25_klines_market_ctx.csv,,,,ERROR
gateio,HUSDT,2025-06-25,HUSDT_2025-06-25_klines_trades.csv,,,,ERROR
gateio,HVLOUSDT,2025-05-16,HVLOUSDT_2025-05-16_klines.csv,0.4,0.0,,VOLATILE_CONTROL
gateio,HYPE3LUSDT,2025-05-24,HYPE3LUSDT_2025-05-24_klines.csv,72.88,135.19,extreme,PUMP
gateio,HYPE3LUSDT,2025-05-24,HYPE3LUSDT_2025-05-24_klines_L2.csv,,,,ERROR
gateio,HYPE3LUSDT,2025-05-24,HYPE3LUSDT_2025-05-24_klines_market_ctx.csv,,,,ERROR
gateio,HYPE3LUSDT,2025-05-24,HYPE3LUSDT_2025-05-24_klines_trades.csv,,,,ERROR
gateio,HYPE3SUSDT,2025-05-26,HYPE3SUSDT_2025-05-26_klines.csv,90.37,89.97,extreme,PUMP
gateio,HYPE3SUSDT,2025-05-26,HYPE3SUSDT_2025-05-26_klines_L2.csv,,,,ERROR
gateio,HYPE3SUSDT,2025-05-26,HYPE3SUSDT_2025-05-26_klines_market_ctx.csv,,,,ERROR
gateio,HYPE3SUSDT,2025-05-26,HYPE3SUSDT_2025-05-26_klines_trades.csv,,,,ERROR
gateio,HYPERUSDT,2025-05-17,HYPERUSDT_2025-05-17_klines.csv,27.2,81.14,medium,PUMP
gateio,HYPERUSDT,2025-05-17,HYPERUSDT_2025-05-17_klines_L2.csv,,,,ERROR
gateio,HYPERUSDT,2025-05-17,HYPERUSDT_2025-05-17_klines_market_ctx.csv,,,,ERROR
gateio,HYPERUSDT,2025-05-17,HYPERUSDT_2025-05-17_klines_trades.csv,,,,ERROR
gateio,HYPEUSDT,2025-05-09,HYPEUSDT_2025-05-09_klines.csv,22.22,38.93,medium,PUMP
gateio,HYPEUSDT,2025-05-09,HYPEUSDT_2025-05-09_klines_L2.csv,,,,ERROR
gateio,HYPEUSDT,2025-05-09,HYPEUSDT_2025-05-09_klines_market_ctx.csv,,,,ERROR
gateio,HYPEUSDT,2025-05-09,HYPEUSDT_2025-05-09_klines_trades.csv,,,,ERROR
gateio,HYPEUSDT,2025-05-15,HYPEUSDT_2025-05-15_klines.csv,43.55,14.35,,VOLATILE_CONTROL
gateio,IBFKUSDT,2025-06-07,IBFKUSDT_2025-06-07_klines.csv,7.36,256.23,micro,PUMP
gateio,IBFKUSDT,2025-06-07,IBFKUSDT_2025-06-07_klines_L2.csv,,,,ERROR
gateio,IBFKUSDT,2025-06-07,IBFKUSDT_2025-06-07_klines_market_ctx.csv,,,,ERROR
gateio,IBFKUSDT,2025-06-07,IBFKUSDT_2025-06-07_klines_trades.csv,,,,ERROR
gateio,ICNTUSDT,2025-07-25,ICNTUSDT_2025-07-25_klines.csv,22.62,169.74,medium,PUMP
gateio,ICNTUSDT,2025-07-25,ICNTUSDT_2025-07-25_klines_L2.csv,,,,ERROR
gateio,ICNTUSDT,2025-07-25,ICNTUSDT_2025-07-25_klines_market_ctx.csv,,,,ERROR
gateio,ICNTUSDT,2025-07-25,ICNTUSDT_2025-07-25_klines_trades.csv,,,,ERROR
gateio,ICP3LUSDT,2025-05-09,ICP3LUSDT_2025-05-09_klines.csv,57.43,108.45,extreme,PUMP
gateio,ICP3LUSDT,2025-05-09,ICP3LUSDT_2025-05-09_klines_L2.csv,,,,ERROR
gateio,ICP3LUSDT,2025-05-09,ICP3LUSDT_2025-05-09_klines_market_ctx.csv,,,,ERROR
gateio,ICP3LUSDT,2025-05-09,ICP3LUSDT_2025-05-09_klines_trades.csv,,,,ERROR
gateio,ICP3LUSDT,2025-05-24,ICP3LUSDT_2025-05-24_klines.csv,19.86,243.25,small,PUMP
gateio,ICP3SUSDT,2025-05-13,ICP3SUSDT_2025-05-13_klines.csv,43.27,62.65,major,PUMP
gateio,ICP3SUSDT,2025-05-13,ICP3SUSDT_2025-05-13_klines_L2.csv,,,,ERROR
gateio,ICP3SUSDT,2025-05-13,ICP3SUSDT_2025-05-13_klines_market_ctx.csv,,,,ERROR
gateio,ICP3SUSDT,2025-05-13,ICP3SUSDT_2025-05-13_klines_trades.csv,,,,ERROR
gateio,ICP3SUSDT,2025-05-15,ICP3SUSDT_2025-05-15_klines.csv,39.81,132.67,large,PUMP
gateio,ICPUSDT,2025-10-17,ICPUSDT_2025-10-17_klines.csv,4.75,0.0,,VOLATILE_CONTROL
gateio,IDEXUSDT,2025-06-24,IDEXUSDT_2025-06-24_klines.csv,3.57,0.0,,VOLATILE_CONTROL
gateio,IDOLUSDT,2025-06-11,IDOLUSDT_2025-06-11_klines.csv,1029.0,47.96,extreme,PUMP
gateio,IDOLUSDT,2025-06-11,IDOLUSDT_2025-06-11_klines_L2.csv,,,,ERROR
gateio,IDOLUSDT,2025-06-11,IDOLUSDT_2025-06-11_klines_market_ctx.csv,,,,ERROR
gateio,IDOLUSDT,2025-06-11,IDOLUSDT_2025-06-11_klines_trades.csv,,,,ERROR
gateio,IDOSUSDT,2026-04-08,IDOSUSDT_2026-04-08_klines.csv,5.11,180.65,micro,PUMP
gateio,IDOSUSDT,2026-04-08,IDOSUSDT_2026-04-08_klines_L2.csv,,,,ERROR
gateio,IDOSUSDT,2026-04-08,IDOSUSDT_2026-04-08_klines_market_ctx.csv,,,,ERROR
gateio,IDOSUSDT,2026-04-08,IDOSUSDT_2026-04-08_klines_trades.csv,,,,ERROR
gateio,IDUSDT,2025-12-23,IDUSDT_2025-12-23_klines.csv,15.56,0.0,,VOLATILE_CONTROL
gateio,IMPTUSDT,2026-03-19,IMPTUSDT_2026-03-19_klines.csv,1.27,0.0,,VOLATILE_CONTROL
gateio,IMTUSDT,2025-05-09,IMTUSDT_2025-05-09_klines.csv,24.4,171.87,medium,PUMP
gateio,IMTUSDT,2025-05-09,IMTUSDT_2025-05-09_klines_L2.csv,,,,ERROR
gateio,IMTUSDT,2025-05-09,IMTUSDT_2025-05-09_klines_market_ctx.csv,,,,ERROR
gateio,IMTUSDT,2025-05-09,IMTUSDT_2025-05-09_klines_trades.csv,,,,ERROR
gateio,IMTUSDT,2025-05-15,IMTUSDT_2025-05-15_klines.csv,50.0,99.14,extreme,PUMP
gateio,IMUUSDT,2026-02-15,IMUUSDT_2026-02-15_klines.csv,6.79,216.38,micro,PUMP
gateio,IMUUSDT,2026-02-15,IMUUSDT_2026-02-15_klines_L2.csv,,,,ERROR
gateio,IMUUSDT,2026-02-15,IMUUSDT_2026-02-15_klines_market_ctx.csv,,,,ERROR
gateio,IMUUSDT,2026-02-15,IMUUSDT_2026-02-15_klines_trades.csv,,,,ERROR
gateio,INCUSDT,2025-09-30,INCUSDT_2025-09-30_klines.csv,2513.6,64.17,extreme,PUMP
gateio,INCUSDT,2025-09-30,INCUSDT_2025-09-30_klines_L2.csv,,,,ERROR
gateio,INCUSDT,2025-09-30,INCUSDT_2025-09-30_klines_market_ctx.csv,,,,ERROR
gateio,INCUSDT,2025-09-30,INCUSDT_2025-09-30_klines_trades.csv,,,,ERROR
gateio,INFRAUSDT,2025-05-22,INFRAUSDT_2025-05-22_klines.csv,3.88,0.0,,VOLATILE_CONTROL
gateio,INGUSDT,2025-05-16,INGUSDT_2025-05-16_klines.csv,59.41,76.34,extreme,PUMP
gateio,INGUSDT,2025-05-16,INGUSDT_2025-05-16_klines_L2.csv,,,,ERROR
gateio,INGUSDT,2025-05-16,INGUSDT_2025-05-16_klines_market_ctx.csv,,,,ERROR
gateio,INGUSDT,2025-05-16,INGUSDT_2025-05-16_klines_trades.csv,,,,ERROR
gateio,INITUSDT,2025-05-09,INITUSDT_2025-05-09_klines.csv,117.67,53.5,extreme,PUMP
gateio,INITUSDT,2025-05-09,INITUSDT_2025-05-09_klines_L2.csv,,,,ERROR
gateio,INITUSDT,2025-05-09,INITUSDT_2025-05-09_klines_market_ctx.csv,,,,ERROR
gateio,INITUSDT,2025-05-09,INITUSDT_2025-05-09_klines_trades.csv,,,,ERROR
gateio,INITUSDT,2025-06-23,INITUSDT_2025-06-23_klines.csv,18.15,103.66,small,PUMP
gateio,INJUSDT,2026-04-25,INJUSDT_2026-04-25_klines.csv,6.79,32.62,micro,PUMP
gateio,INSPUSDT,2025-06-05,INSPUSDT_2025-06-05_klines.csv,20.2,85.64,medium,PUMP
gateio,INSPUSDT,2025-06-05,INSPUSDT_2025-06-05_klines_L2.csv,,,,ERROR
gateio,INSPUSDT,2025-06-05,INSPUSDT_2025-06-05_klines_market_ctx.csv,,,,ERROR
gateio,INSPUSDT,2025-06-05,INSPUSDT_2025-06-05_klines_trades.csv,,,,ERROR
gateio,INTERUSDT,2025-05-09,INTERUSDT_2025-05-09_klines.csv,52.49,46.68,extreme,PUMP
gateio,INTERUSDT,2025-05-09,INTERUSDT_2025-05-09_klines_L2.csv,,,,ERROR
gateio,INTERUSDT,2025-05-09,INTERUSDT_2025-05-09_klines_market_ctx.csv,,,,ERROR
gateio,INTERUSDT,2025-05-09,INTERUSDT_2025-05-09_klines_trades.csv,,,,ERROR
gateio,INTERUSDT,2025-07-25,INTERUSDT_2025-07-25_klines.csv,24.28,72.34,medium,PUMP
gateio,INUSDT,2025-08-09,INUSDT_2025-08-09_klines.csv,55.56,112.39,extreme,PUMP
gateio,INUSDT,2025-08-09,INUSDT_2025-08-09_klines_L2.csv,,,,ERROR
gateio,INUSDT,2025-08-09,INUSDT_2025-08-09_klines_market_ctx.csv,,,,ERROR
gateio,INUSDT,2025-08-09,INUSDT_2025-08-09_klines_trades.csv,,,,ERROR
gateio,INVITEUSDT,2025-06-17,INVITEUSDT_2025-06-17_klines.csv,16.27,20.65,,VOLATILE_CONTROL
gateio,INXUSDT,2026-03-26,INXUSDT_2026-03-26_klines.csv,0.63,0.0,,VOLATILE_CONTROL
gateio,IOSTUSDT,2025-07-02,IOSTUSDT_2025-07-02_klines.csv,14.77,27.25,,VOLATILE_CONTROL
gateio,IOTABTC,2025-12-24,IOTABTC_2025-12-24_klines.csv,4.22,0.0,,VOLATILE_CONTROL
gateio,IOTXUSDT,2026-02-06,IOTXUSDT_2026-02-06_klines.csv,12.61,43.9,small,PUMP
gateio,IOTXUSDT,2026-02-06,IOTXUSDT_2026-02-06_klines_L2.csv,,,,ERROR
gateio,IOTXUSDT,2026-02-06,IOTXUSDT_2026-02-06_klines_market_ctx.csv,,,,ERROR
gateio,IOTXUSDT,2026-02-06,IOTXUSDT_2026-02-06_klines_trades.csv,,,,ERROR
gateio,IOUSDT,2025-09-05,IOUSDT_2025-09-05_klines.csv,35.29,27.52,,VOLATILE_CONTROL
gateio,IP3LUSDT,2025-05-09,IP3LUSDT_2025-05-09_klines.csv,78.55,96.0,extreme,PUMP
gateio,IP3LUSDT,2025-05-09,IP3LUSDT_2025-05-09_klines_L2.csv,,,,ERROR
gateio,IP3LUSDT,2025-05-09,IP3LUSDT_2025-05-09_klines_market_ctx.csv,,,,ERROR
gateio,IP3LUSDT,2025-05-09,IP3LUSDT_2025-05-09_klines_trades.csv,,,,ERROR
gateio,IP3LUSDT,2025-06-19,IP3LUSDT_2025-06-19_klines.csv,65.72,98.16,extreme,PUMP
gateio,IP3SUSDT,2025-05-13,IP3SUSDT_2025-05-13_klines.csv,19.44,214.98,small,PUMP
gateio,IP3SUSDT,2025-05-13,IP3SUSDT_2025-05-13_klines_L2.csv,,,,ERROR
gateio,IP3SUSDT,2025-05-13,IP3SUSDT_2025-05-13_klines_market_ctx.csv,,,,ERROR
gateio,IP3SUSDT,2025-05-13,IP3SUSDT_2025-05-13_klines_trades.csv,,,,ERROR
gateio,IP3SUSDT,2025-05-15,IP3SUSDT_2025-05-15_klines.csv,17.62,233.6,small,PUMP
gateio,IPUSDT,2025-06-24,IPUSDT_2025-06-24_klines.csv,6.21,319.9,micro,PUMP
gateio,IPUSDT,2025-06-24,IPUSDT_2025-06-24_klines_L2.csv,,,,ERROR
gateio,IPUSDT,2025-06-24,IPUSDT_2025-06-24_klines_market_ctx.csv,,,,ERROR
gateio,IPUSDT,2025-06-24,IPUSDT_2025-06-24_klines_trades.csv,,,,ERROR
gateio,IQUSDT,2025-09-26,IQUSDT_2025-09-26_klines.csv,54.13,90.23,extreme,PUMP
gateio,IQUSDT,2025-09-26,IQUSDT_2025-09-26_klines_L2.csv,,,,ERROR
gateio,IQUSDT,2025-09-26,IQUSDT_2025-09-26_klines_market_ctx.csv,,,,ERROR
gateio,IQUSDT,2025-09-26,IQUSDT_2025-09-26_klines_trades.csv,,,,ERROR
gateio,IRISUSDT,2025-05-09,IRISUSDT_2025-05-09_klines.csv,59.81,64.44,extreme,PUMP
gateio,IRISUSDT,2025-05-09,IRISUSDT_2025-05-09_klines_L2.csv,,,,ERROR
gateio,IRISUSDT,2025-05-09,IRISUSDT_2025-05-09_klines_market_ctx.csv,,,,ERROR
gateio,IRISUSDT,2025-05-09,IRISUSDT_2025-05-09_klines_trades.csv,,,,ERROR
gateio,IRISUSDT,2025-06-23,IRISUSDT_2025-06-23_klines.csv,27.81,124.49,medium,PUMP
gateio,IRUSDT,2025-12-17,IRUSDT_2025-12-17_klines.csv,187.17,93.05,extreme,PUMP
gateio,IRUSDT,2025-12-17,IRUSDT_2025-12-17_klines_L2.csv,,,,ERROR
gateio,IRUSDT,2025-12-17,IRUSDT_2025-12-17_klines_market_ctx.csv,,,,ERROR
gateio,IRUSDT,2025-12-17,IRUSDT_2025-12-17_klines_trades.csv,,,,ERROR
gateio,ISKUSDT,2025-07-07,ISKUSDT_2025-07-07_klines.csv,3.52,0.0,,VOLATILE_CONTROL
gateio,ISLMUSDT,2025-05-14,ISLMUSDT_2025-05-14_klines.csv,52.11,76.41,extreme,PUMP
gateio,ISLMUSDT,2025-05-14,ISLMUSDT_2025-05-14_klines_L2.csv,,,,ERROR
gateio,ISLMUSDT,2025-05-14,ISLMUSDT_2025-05-14_klines_market_ctx.csv,,,,ERROR
gateio,ISLMUSDT,2025-05-14,ISLMUSDT_2025-05-14_klines_trades.csv,,,,ERROR
gateio,ISLMUSDT,2025-12-09,ISLMUSDT_2025-12-09_klines.csv,4.18,0.0,,VOLATILE_CONTROL
gateio,ISPUSDT,2025-07-10,ISPUSDT_2025-07-10_klines.csv,37.82,81.86,large,PUMP
gateio,ISPUSDT,2025-07-10,ISPUSDT_2025-07-10_klines_L2.csv,,,,ERROR
gateio,ISPUSDT,2025-07-10,ISPUSDT_2025-07-10_klines_market_ctx.csv,,,,ERROR
gateio,ISPUSDT,2025-07-10,ISPUSDT_2025-07-10_klines_trades.csv,,,,ERROR
gateio,ITAUSDT,2025-05-09,ITAUSDT_2025-05-09_klines.csv,30.37,52.56,large,PUMP
gateio,ITAUSDT,2025-05-09,ITAUSDT_2025-05-09_klines_L2.csv,,,,ERROR
gateio,ITAUSDT,2025-05-09,ITAUSDT_2025-05-09_klines_market_ctx.csv,,,,ERROR
gateio,ITAUSDT,2025-05-09,ITAUSDT_2025-05-09_klines_trades.csv,,,,ERROR
gateio,ITAUSDT,2025-05-15,ITAUSDT_2025-05-15_klines.csv,18.85,155.34,small,PUMP
gateio,ITHACAUSDT,2025-05-13,ITHACAUSDT_2025-05-13_klines.csv,24.27,128.62,medium,PUMP
gateio,ITHACAUSDT,2025-05-13,ITHACAUSDT_2025-05-13_klines_L2.csv,,,,ERROR
gateio,ITHACAUSDT,2025-05-13,ITHACAUSDT_2025-05-13_klines_market_ctx.csv,,,,ERROR
gateio,ITHACAUSDT,2025-05-13,ITHACAUSDT_2025-05-13_klines_trades.csv,,,,ERROR
gateio,ITHACAUSDT,2025-05-15,ITHACAUSDT_2025-05-15_klines.csv,22.5,169.57,medium,PUMP
gateio,IVPAYUSDT,2025-10-28,IVPAYUSDT_2025-10-28_klines.csv,6.27,411.66,micro,PUMP
gateio,IZIUSDT,2025-05-15,IZIUSDT_2025-05-15_klines.csv,59.38,0.0,,VOLATILE_CONTROL
gateio,JANETUSDT,2025-05-09,JANETUSDT_2025-05-09_klines.csv,94.8,117.77,extreme,PUMP
gateio,JANETUSDT,2025-05-09,JANETUSDT_2025-05-09_klines_L2.csv,,,,ERROR
gateio,JANETUSDT,2025-05-09,JANETUSDT_2025-05-09_klines_market_ctx.csv,,,,ERROR
gateio,JANETUSDT,2025-05-09,JANETUSDT_2025-05-09_klines_trades.csv,,,,ERROR
gateio,JANETUSDT,2025-05-16,JANETUSDT_2025-05-16_klines.csv,25.87,140.6,medium,PUMP
gateio,JELLYJELLYUSDT,2025-05-09,JELLYJELLYUSDT_2025-05-09_klines.csv,88.06,130.48,extreme,PUMP
gateio,JELLYJELLYUSDT,2025-05-09,JELLYJELLYUSDT_2025-05-09_klines_L2.csv,,,,ERROR
gateio,JELLYJELLYUSDT,2025-05-09,JELLYJELLYUSDT_2025-05-09_klines_market_ctx.csv,,,,ERROR
gateio,JELLYJELLYUSDT,2025-05-09,JELLYJELLYUSDT_2025-05-09_klines_trades.csv,,,,ERROR
gateio,JELLYJELLYUSDT,2025-06-13,JELLYJELLYUSDT_2025-06-13_klines.csv,56.97,46.75,extreme,PUMP
gateio,JFIUSDT,2025-10-12,JFIUSDT_2025-10-12_klines.csv,31.35,106.37,large,PUMP
gateio,JFIUSDT,2025-10-12,JFIUSDT_2025-10-12_klines_L2.csv,,,,ERROR
gateio,JFIUSDT,2025-10-12,JFIUSDT_2025-10-12_klines_market_ctx.csv,,,,ERROR
gateio,JFIUSDT,2025-10-12,JFIUSDT_2025-10-12_klines_trades.csv,,,,ERROR
gateio,JOCUSDT,2025-08-15,JOCUSDT_2025-08-15_klines.csv,36.47,73.18,large,PUMP
gateio,JOCUSDT,2025-08-15,JOCUSDT_2025-08-15_klines_L2.csv,,,,ERROR
gateio,JOCUSDT,2025-08-15,JOCUSDT_2025-08-15_klines_market_ctx.csv,,,,ERROR
gateio,JOCUSDT,2025-08-15,JOCUSDT_2025-08-15_klines_trades.csv,,,,ERROR
gateio,JOEUSDT,2026-03-21,JOEUSDT_2026-03-21_klines.csv,0.43,0.0,,VOLATILE_CONTROL
gateio,JUCUSDT,2025-06-27,JUCUSDT_2025-06-27_klines.csv,4.88,0.0,,VOLATILE_CONTROL
gateio,JUPUSDT,2025-07-05,JUPUSDT_2025-07-05_klines.csv,17.66,67.58,small,PUMP
gateio,JUPUSDT,2025-07-05,JUPUSDT_2025-07-05_klines_L2.csv,,,,ERROR
gateio,JUPUSDT,2025-07-05,JUPUSDT_2025-07-05_klines_market_ctx.csv,,,,ERROR
gateio,JUPUSDT,2025-07-05,JUPUSDT_2025-07-05_klines_trades.csv,,,,ERROR
gateio,JUSDT,2025-07-05,JUSDT_2025-07-05_klines.csv,13.58,156.86,small,PUMP
gateio,JUSDT,2025-07-05,JUSDT_2025-07-05_klines_L2.csv,,,,ERROR
gateio,JUSDT,2025-07-05,JUSDT_2025-07-05_klines_market_ctx.csv,,,,ERROR
gateio,JUSDT,2025-07-05,JUSDT_2025-07-05_klines_trades.csv,,,,ERROR
gateio,JUVUSDT,2025-07-23,JUVUSDT_2025-07-23_klines.csv,32.77,88.82,large,PUMP
gateio,JUVUSDT,2025-07-23,JUVUSDT_2025-07-23_klines_L2.csv,,,,ERROR
gateio,JUVUSDT,2025-07-23,JUVUSDT_2025-07-23_klines_market_ctx.csv,,,,ERROR
gateio,JUVUSDT,2025-07-23,JUVUSDT_2025-07-23_klines_trades.csv,,,,ERROR
gateio,K21USDT,2025-05-09,K21USDT_2025-05-09_klines.csv,106.74,94.76,extreme,PUMP
gateio,K21USDT,2025-05-09,K21USDT_2025-05-09_klines_L2.csv,,,,ERROR
gateio,K21USDT,2025-05-09,K21USDT_2025-05-09_klines_market_ctx.csv,,,,ERROR
gateio,K21USDT,2025-05-09,K21USDT_2025-05-09_klines_trades.csv,,,,ERROR
gateio,K21USDT,2025-05-15,K21USDT_2025-05-15_klines.csv,73.89,119.12,extreme,PUMP
gateio,KAIA3SUSDT,2025-05-15,KAIA3SUSDT_2025-05-15_klines.csv,35.9,99.71,large,PUMP
gateio,KAIOUSDT,2026-05-06,KAIOUSDT_2026-05-06_klines.csv,352.35,63.41,extreme,PUMP
gateio,KAITO3LUSDT,2025-05-09,KAITO3LUSDT_2025-05-09_klines.csv,222.42,58.86,extreme,PUMP
gateio,KAITO3LUSDT,2025-05-09,KAITO3LUSDT_2025-05-09_klines_L2.csv,,,,ERROR
gateio,KAITO3LUSDT,2025-05-09,KAITO3LUSDT_2025-05-09_klines_market_ctx.csv,,,,ERROR
gateio,KAITO3LUSDT,2025-05-09,KAITO3LUSDT_2025-05-09_klines_trades.csv,,,,ERROR
gateio,KAITO3LUSDT,2025-05-15,KAITO3LUSDT_2025-05-15_klines.csv,30.05,103.57,large,PUMP
gateio,KAITO3SUSDT,2025-05-17,KAITO3SUSDT_2025-05-17_klines.csv,50.48,190.26,extreme,PUMP
gateio,KAITO3SUSDT,2025-05-17,KAITO3SUSDT_2025-05-17_klines_L2.csv,,,,ERROR
gateio,KAITO3SUSDT,2025-05-17,KAITO3SUSDT_2025-05-17_klines_market_ctx.csv,,,,ERROR
gateio,KAITO3SUSDT,2025-05-17,KAITO3SUSDT_2025-05-17_klines_trades.csv,,,,ERROR
gateio,KAITOUSDT,2025-08-26,KAITOUSDT_2025-08-26_klines.csv,13.74,108.85,small,PUMP
gateio,KAONUSDT,2025-05-09,KAONUSDT_2025-05-09_klines.csv,72.31,69.19,extreme,PUMP
gateio,KAONUSDT,2025-05-09,KAONUSDT_2025-05-09_klines_L2.csv,,,,ERROR
gateio,KAONUSDT,2025-05-09,KAONUSDT_2025-05-09_klines_market_ctx.csv,,,,ERROR
gateio,KAONUSDT,2025-05-09,KAONUSDT_2025-05-09_klines_trades.csv,,,,ERROR
gateio,KAONUSDT,2025-05-15,KAONUSDT_2025-05-15_klines.csv,58.73,98.26,extreme,PUMP
gateio,KARRATUSDT,2025-06-25,KARRATUSDT_2025-06-25_klines.csv,19.97,123.48,small,PUMP
gateio,KARRATUSDT,2025-06-25,KARRATUSDT_2025-06-25_klines_L2.csv,,,,ERROR
gateio,KARRATUSDT,2025-06-25,KARRATUSDT_2025-06-25_klines_market_ctx.csv,,,,ERROR
gateio,KARRATUSDT,2025-06-25,KARRATUSDT_2025-06-25_klines_trades.csv,,,,ERROR
gateio,KAS3LUSDT,2025-05-09,KAS3LUSDT_2025-05-09_klines.csv,107.84,81.99,extreme,PUMP
gateio,KAS3LUSDT,2025-05-09,KAS3LUSDT_2025-05-09_klines_L2.csv,,,,ERROR
gateio,KAS3LUSDT,2025-05-09,KAS3LUSDT_2025-05-09_klines_market_ctx.csv,,,,ERROR
gateio,KAS3LUSDT,2025-05-09,KAS3LUSDT_2025-05-09_klines_trades.csv,,,,ERROR
gateio,KAS3LUSDT,2025-06-23,KAS3LUSDT_2025-06-23_klines.csv,88.91,58.85,extreme,PUMP
gateio,KAS3SUSDT,2025-05-13,KAS3SUSDT_2025-05-13_klines.csv,32.51,93.36,large,PUMP
gateio,KAS3SUSDT,2025-05-13,KAS3SUSDT_2025-05-13_klines_L2.csv,,,,ERROR
gateio,KAS3SUSDT,2025-05-13,KAS3SUSDT_2025-05-13_klines_market_ctx.csv,,,,ERROR
gateio,KAS3SUSDT,2025-05-13,KAS3SUSDT_2025-05-13_klines_trades.csv,,,,ERROR
gateio,KAS3SUSDT,2025-05-15,KAS3SUSDT_2025-05-15_klines.csv,55.44,106.15,extreme,PUMP
gateio,KAS5LUSDT,2025-05-20,KAS5LUSDT_2025-05-20_klines.csv,66.0,153.72,extreme,PUMP
gateio,KAS5LUSDT,2025-05-20,KAS5LUSDT_2025-05-20_klines_L2.csv,,,,ERROR
gateio,KAS5LUSDT,2025-05-20,KAS5LUSDT_2025-05-20_klines_market_ctx.csv,,,,ERROR
gateio,KAS5LUSDT,2025-05-20,KAS5LUSDT_2025-05-20_klines_trades.csv,,,,ERROR
gateio,KAS5SUSDT,2025-05-13,KAS5SUSDT_2025-05-13_klines.csv,62.58,81.85,extreme,PUMP
gateio,KAS5SUSDT,2025-05-13,KAS5SUSDT_2025-05-13_klines_L2.csv,,,,ERROR
gateio,KAS5SUSDT,2025-05-13,KAS5SUSDT_2025-05-13_klines_market_ctx.csv,,,,ERROR
gateio,KAS5SUSDT,2025-05-13,KAS5SUSDT_2025-05-13_klines_trades.csv,,,,ERROR
gateio,KAS5SUSDT,2025-05-15,KAS5SUSDT_2025-05-15_klines.csv,75.89,124.19,extreme,PUMP
gateio,KASUSDT,2025-07-04,KASUSDT_2025-07-04_klines.csv,17.11,54.76,small,PUMP
gateio,KASUSDT,2025-07-04,KASUSDT_2025-07-04_klines_L2.csv,,,,ERROR
gateio,KASUSDT,2025-07-04,KASUSDT_2025-07-04_klines_market_ctx.csv,,,,ERROR
gateio,KASUSDT,2025-07-04,KASUSDT_2025-07-04_klines_trades.csv,,,,ERROR
gateio,KATCUSDT,2026-02-14,KATCUSDT_2026-02-14_klines.csv,6.27,95.59,micro,PUMP
gateio,KATCUSDT,2026-02-14,KATCUSDT_2026-02-14_klines_L2.csv,,,,ERROR
gateio,KATCUSDT,2026-02-14,KATCUSDT_2026-02-14_klines_market_ctx.csv,,,,ERROR
gateio,KATCUSDT,2026-02-14,KATCUSDT_2026-02-14_klines_trades.csv,,,,ERROR
gateio,KATUSDT,2026-03-19,KATUSDT_2026-03-19_klines.csv,2.47,0.0,,VOLATILE_CONTROL
gateio,KAVAUSDT,2025-10-31,KAVAUSDT_2025-10-31_klines.csv,22.8,165.28,medium,PUMP
gateio,KAVAUSDT,2025-10-31,KAVAUSDT_2025-10-31_klines_L2.csv,,,,ERROR
gateio,KAVAUSDT,2025-10-31,KAVAUSDT_2025-10-31_klines_market_ctx.csv,,,,ERROR
gateio,KAVAUSDT,2025-10-31,KAVAUSDT_2025-10-31_klines_trades.csv,,,,ERROR
gateio,KCALUSDT,2025-06-20,KCALUSDT_2025-06-20_klines.csv,4.67,0.0,,VOLATILE_CONTROL
gateio,KDABTC,2025-10-30,KDABTC_2025-10-30_klines.csv,27.95,294.64,medium,PUMP
gateio,KDABTC,2025-10-30,KDABTC_2025-10-30_klines_L2.csv,,,,ERROR
gateio,KDABTC,2025-10-30,KDABTC_2025-10-30_klines_market_ctx.csv,,,,ERROR
gateio,KDABTC,2025-10-30,KDABTC_2025-10-30_klines_trades.csv,,,,ERROR
gateio,KDKUSDT,2025-12-23,KDKUSDT_2025-12-23_klines.csv,136.83,57.99,extreme,PUMP
gateio,KDKUSDT,2025-12-23,KDKUSDT_2025-12-23_klines_L2.csv,,,,ERROR
gateio,KDKUSDT,2025-12-23,KDKUSDT_2025-12-23_klines_market_ctx.csv,,,,ERROR
gateio,KDKUSDT,2025-12-23,KDKUSDT_2025-12-23_klines_trades.csv,,,,ERROR
gateio,KEKIUSUSDT,2025-05-09,KEKIUSUSDT_2025-05-09_klines.csv,159.86,54.86,extreme,PUMP
gateio,KEKIUSUSDT,2025-05-09,KEKIUSUSDT_2025-05-09_klines_L2.csv,,,,ERROR
gateio,KEKIUSUSDT,2025-05-09,KEKIUSUSDT_2025-05-09_klines_market_ctx.csv,,,,ERROR
gateio,KEKIUSUSDT,2025-05-09,KEKIUSUSDT_2025-05-09_klines_trades.csv,,,,ERROR
gateio,KEKIUSUSDT,2025-05-15,KEKIUSUSDT_2025-05-15_klines.csv,128.23,72.43,extreme,PUMP
gateio,KERNELUSDT,2025-05-09,KERNELUSDT_2025-05-09_klines.csv,30.44,106.87,large,PUMP
gateio,KERNELUSDT,2025-05-09,KERNELUSDT_2025-05-09_klines_L2.csv,,,,ERROR
gateio,KERNELUSDT,2025-05-09,KERNELUSDT_2025-05-09_klines_market_ctx.csv,,,,ERROR
gateio,KERNELUSDT,2025-05-09,KERNELUSDT_2025-05-09_klines_trades.csv,,,,ERROR
gateio,KERNELUSDT,2025-05-17,KERNELUSDT_2025-05-17_klines.csv,51.11,83.21,extreme,PUMP
gateio,KFTUSDT,2025-05-23,KFTUSDT_2025-05-23_klines.csv,27.86,100.14,medium,PUMP
gateio,KFTUSDT,2025-05-23,KFTUSDT_2025-05-23_klines_L2.csv,,,,ERROR
gateio,KFTUSDT,2025-05-23,KFTUSDT_2025-05-23_klines_market_ctx.csv,,,,ERROR
gateio,KFTUSDT,2025-05-23,KFTUSDT_2025-05-23_klines_trades.csv,,,,ERROR
gateio,KGENUSDT,2025-10-07,KGENUSDT_2025-10-07_klines.csv,19.4,392.03,small,PUMP
gateio,KGENUSDT,2025-10-07,KGENUSDT_2025-10-07_klines_L2.csv,,,,ERROR
gateio,KGENUSDT,2025-10-07,KGENUSDT_2025-10-07_klines_market_ctx.csv,,,,ERROR
gateio,KGENUSDT,2025-10-07,KGENUSDT_2025-10-07_klines_trades.csv,,,,ERROR
gateio,KILOUSDT,2025-06-21,KILOUSDT_2025-06-21_klines.csv,16.82,30.55,small,PUMP
gateio,KILOUSDT,2025-06-21,KILOUSDT_2025-06-21_klines_L2.csv,,,,ERROR
gateio,KILOUSDT,2025-06-21,KILOUSDT_2025-06-21_klines_market_ctx.csv,,,,ERROR
gateio,KILOUSDT,2025-06-21,KILOUSDT_2025-06-21_klines_trades.csv,,,,ERROR
gateio,KIPUSDT,2025-05-09,KIPUSDT_2025-05-09_klines.csv,56.42,121.29,extreme,PUMP
gateio,KIPUSDT,2025-05-09,KIPUSDT_2025-05-09_klines_L2.csv,,,,ERROR
gateio,KIPUSDT,2025-05-09,KIPUSDT_2025-05-09_klines_market_ctx.csv,,,,ERROR
gateio,KIPUSDT,2025-05-09,KIPUSDT_2025-05-09_klines_trades.csv,,,,ERROR
gateio,KIPUSDT,2025-05-24,KIPUSDT_2025-05-24_klines.csv,20.2,142.86,medium,PUMP
gateio,KITEAIUSDT,2025-05-30,KITEAIUSDT_2025-05-30_klines.csv,5.5,678.08,micro,PUMP
gateio,KITEAIUSDT,2025-05-30,KITEAIUSDT_2025-05-30_klines_L2.csv,,,,ERROR
gateio,KITEAIUSDT,2025-05-30,KITEAIUSDT_2025-05-30_klines_market_ctx.csv,,,,ERROR
gateio,KITEAIUSDT,2025-05-30,KITEAIUSDT_2025-05-30_klines_trades.csv,,,,ERROR
gateio,KITEUSDT,2025-11-04,KITEUSDT_2025-11-04_klines.csv,76.0,114.01,extreme,PUMP
gateio,KITEUSDT,2025-11-04,KITEUSDT_2025-11-04_klines_L2.csv,,,,ERROR
gateio,KITEUSDT,2025-11-04,KITEUSDT_2025-11-04_klines_market_ctx.csv,,,,ERROR
gateio,KITEUSDT,2025-11-04,KITEUSDT_2025-11-04_klines_trades.csv,,,,ERROR
gateio,KLINKUSDT,2025-10-07,KLINKUSDT_2025-10-07_klines.csv,148.0,123.67,extreme,PUMP
gateio,KLINKUSDT,2025-10-07,KLINKUSDT_2025-10-07_klines_L2.csv,,,,ERROR
gateio,KLINKUSDT,2025-10-07,KLINKUSDT_2025-10-07_klines_market_ctx.csv,,,,ERROR
gateio,KLINKUSDT,2025-10-07,KLINKUSDT_2025-10-07_klines_trades.csv,,,,ERROR
gateio,KLOUSDT,2025-05-20,KLOUSDT_2025-05-20_klines.csv,55.7,77.23,extreme,PUMP
gateio,KLOUSDT,2025-05-20,KLOUSDT_2025-05-20_klines_L2.csv,,,,ERROR
gateio,KLOUSDT,2025-05-20,KLOUSDT_2025-05-20_klines_market_ctx.csv,,,,ERROR
gateio,KLOUSDT,2025-05-20,KLOUSDT_2025-05-20_klines_trades.csv,,,,ERROR
gateio,KMNOUSDT,2025-08-31,KMNOUSDT_2025-08-31_klines.csv,5.62,235.94,micro,PUMP
gateio,KMNOUSDT,2025-08-31,KMNOUSDT_2025-08-31_klines_L2.csv,,,,ERROR
gateio,KMNOUSDT,2025-08-31,KMNOUSDT_2025-08-31_klines_market_ctx.csv,,,,ERROR
gateio,KMNOUSDT,2025-08-31,KMNOUSDT_2025-08-31_klines_trades.csv,,,,ERROR
gateio,KNCUSDT,2025-06-24,KNCUSDT_2025-06-24_klines.csv,1.77,0.0,,VOLATILE_CONTROL
gateio,KNINEUSDT,2025-05-09,KNINEUSDT_2025-05-09_klines.csv,52.36,41.03,extreme,PUMP
gateio,KNINEUSDT,2025-05-09,KNINEUSDT_2025-05-09_klines_L2.csv,,,,ERROR
gateio,KNINEUSDT,2025-05-09,KNINEUSDT_2025-05-09_klines_market_ctx.csv,,,,ERROR
gateio,KNINEUSDT,2025-05-09,KNINEUSDT_2025-05-09_klines_trades.csv,,,,ERROR
gateio,KNINEUSDT,2025-07-30,KNINEUSDT_2025-07-30_klines.csv,1.89,0.0,,VOLATILE_CONTROL
gateio,KOMAUSDT,2025-05-09,KOMAUSDT_2025-05-09_klines.csv,60.16,125.59,extreme,PUMP
gateio,KOMAUSDT,2025-05-09,KOMAUSDT_2025-05-09_klines_L2.csv,,,,ERROR
gateio,KOMAUSDT,2025-05-09,KOMAUSDT_2025-05-09_klines_market_ctx.csv,,,,ERROR
gateio,KOMAUSDT,2025-05-09,KOMAUSDT_2025-05-09_klines_trades.csv,,,,ERROR
gateio,KOMAUSDT,2025-06-23,KOMAUSDT_2025-06-23_klines.csv,19.49,93.08,small,PUMP
gateio,KONETUSDT,2025-09-03,KONETUSDT_2025-09-03_klines.csv,11.7,68.68,small,PUMP
gateio,KONETUSDT,2025-09-03,KONETUSDT_2025-09-03_klines_L2.csv,,,,ERROR
gateio,KONETUSDT,2025-09-03,KONETUSDT_2025-09-03_klines_market_ctx.csv,,,,ERROR
gateio,KONETUSDT,2025-09-03,KONETUSDT_2025-09-03_klines_trades.csv,,,,ERROR
gateio,KRLUSDT,2025-06-30,KRLUSDT_2025-06-30_klines.csv,0.09,0.0,,VOLATILE_CONTROL
gateio,KSMUSDT,2025-10-21,KSMUSDT_2025-10-21_klines.csv,4.53,0.0,,VOLATILE_CONTROL
gateio,KTNUSDT,2025-06-12,KTNUSDT_2025-06-12_klines.csv,3.91,0.0,,VOLATILE_CONTROL
gateio,KTUSDT,2025-07-27,KTUSDT_2025-07-27_klines.csv,0.55,0.0,,VOLATILE_CONTROL
gateio,KYOUSDT,2026-03-14,KYOUSDT_2026-03-14_klines.csv,4.96,0.0,,VOLATILE_CONTROL
gateio,KYVEUSDT,2025-05-09,KYVEUSDT_2025-05-09_klines.csv,71.15,38.82,extreme,PUMP
gateio,KYVEUSDT,2025-05-09,KYVEUSDT_2025-05-09_klines_L2.csv,,,,ERROR
gateio,KYVEUSDT,2025-05-09,KYVEUSDT_2025-05-09_klines_market_ctx.csv,,,,ERROR
gateio,KYVEUSDT,2025-05-09,KYVEUSDT_2025-05-09_klines_trades.csv,,,,ERROR
gateio,KYVEUSDT,2025-05-15,KYVEUSDT_2025-05-15_klines.csv,49.69,91.28,major,PUMP
gateio,KZENUSDT,2025-10-20,KZENUSDT_2025-10-20_klines.csv,23.57,93.31,medium,PUMP
gateio,KZENUSDT,2025-10-20,KZENUSDT_2025-10-20_klines_L2.csv,,,,ERROR
gateio,KZENUSDT,2025-10-20,KZENUSDT_2025-10-20_klines_market_ctx.csv,,,,ERROR
gateio,KZENUSDT,2025-10-20,KZENUSDT_2025-10-20_klines_trades.csv,,,,ERROR
gateio,L1USDT,2026-04-24,L1USDT_2026-04-24_klines.csv,6.05,112.6,micro,PUMP
gateio,L3USDT,2025-05-15,L3USDT_2025-05-15_klines.csv,1.44,0.0,,VOLATILE_CONTROL
gateio,LABUBUUSDT,2025-06-15,LABUBUUSDT_2025-06-15_klines.csv,102.36,130.82,extreme,PUMP
gateio,LABUBUUSDT,2025-06-15,LABUBUUSDT_2025-06-15_klines_L2.csv,,,,ERROR
gateio,LABUBUUSDT,2025-06-15,LABUBUUSDT_2025-06-15_klines_market_ctx.csv,,,,ERROR
gateio,LABUBUUSDT,2025-06-15,LABUBUUSDT_2025-06-15_klines_trades.csv,,,,ERROR
gateio,LABUSDT,2025-10-14,LABUSDT_2025-10-14_klines.csv,3763.9,58.25,extreme,PUMP
gateio,LABUSDT,2025-10-14,LABUSDT_2025-10-14_klines_L2.csv,,,,ERROR
gateio,LABUSDT,2025-10-14,LABUSDT_2025-10-14_klines_market_ctx.csv,,,,ERROR
gateio,LABUSDT,2025-10-14,LABUSDT_2025-10-14_klines_trades.csv,,,,ERROR
gateio,LADYSUSDT,2025-10-12,LADYSUSDT_2025-10-12_klines.csv,53.76,81.0,extreme,PUMP
gateio,LADYSUSDT,2025-10-12,LADYSUSDT_2025-10-12_klines_L2.csv,,,,ERROR
gateio,LADYSUSDT,2025-10-12,LADYSUSDT_2025-10-12_klines_market_ctx.csv,,,,ERROR
gateio,LADYSUSDT,2025-10-12,LADYSUSDT_2025-10-12_klines_trades.csv,,,,ERROR
gateio,LAIRUSDT,2025-09-11,LAIRUSDT_2025-09-11_klines.csv,2.43,0.0,,VOLATILE_CONTROL
gateio,LANDSHAREUSDT,2025-09-19,LANDSHAREUSDT_2025-09-19_klines.csv,1.86,0.0,,VOLATILE_CONTROL
gateio,LATUSDT,2025-08-06,LATUSDT_2025-08-06_klines.csv,9.26,91.53,micro,PUMP
gateio,LATUSDT,2025-08-06,LATUSDT_2025-08-06_klines_L2.csv,,,,ERROR
gateio,LATUSDT,2025-08-06,LATUSDT_2025-08-06_klines_market_ctx.csv,,,,ERROR
gateio,LATUSDT,2025-08-06,LATUSDT_2025-08-06_klines_trades.csv,,,,ERROR
gateio,LAUSDT,2025-08-06,LAUSDT_2025-08-06_klines.csv,43.0,46.22,major,PUMP
gateio,LAUSDT,2025-08-06,LAUSDT_2025-08-06_klines_L2.csv,,,,ERROR
gateio,LAUSDT,2025-08-06,LAUSDT_2025-08-06_klines_market_ctx.csv,,,,ERROR
gateio,LAUSDT,2025-08-06,LAUSDT_2025-08-06_klines_trades.csv,,,,ERROR
gateio,LAVAUSDT,2025-07-24,LAVAUSDT_2025-07-24_klines.csv,1.56,0.0,,VOLATILE_CONTROL
gateio,LAYERUSDT,2025-07-30,LAYERUSDT_2025-07-30_klines.csv,0.29,0.0,,VOLATILE_CONTROL
gateio,LAZIOUSDT,2025-09-26,LAZIOUSDT_2025-09-26_klines.csv,53.53,64.52,extreme,PUMP
gateio,LAZIOUSDT,2025-09-26,LAZIOUSDT_2025-09-26_klines_L2.csv,,,,ERROR
gateio,LAZIOUSDT,2025-09-26,LAZIOUSDT_2025-09-26_klines_market_ctx.csv,,,,ERROR
gateio,LAZIOUSDT,2025-09-26,LAZIOUSDT_2025-09-26_klines_trades.csv,,,,ERROR
gateio,LDO3LUSDT,2025-05-09,LDO3LUSDT_2025-05-09_klines.csv,76.24,117.9,extreme,PUMP
gateio,LDO3LUSDT,2025-05-09,LDO3LUSDT_2025-05-09_klines_L2.csv,,,,ERROR
gateio,LDO3LUSDT,2025-05-09,LDO3LUSDT_2025-05-09_klines_market_ctx.csv,,,,ERROR
gateio,LDO3LUSDT,2025-05-09,LDO3LUSDT_2025-05-09_klines_trades.csv,,,,ERROR
gateio,LDO3LUSDT,2025-05-21,LDO3LUSDT_2025-05-21_klines.csv,53.19,124.48,extreme,PUMP
gateio,LDO3SUSDT,2025-05-11,LDO3SUSDT_2025-05-11_klines.csv,98.61,42.95,extreme,PUMP
gateio,LDO3SUSDT,2025-05-11,LDO3SUSDT_2025-05-11_klines_L2.csv,,,,ERROR
gateio,LDO3SUSDT,2025-05-11,LDO3SUSDT_2025-05-11_klines_market_ctx.csv,,,,ERROR
gateio,LDO3SUSDT,2025-05-11,LDO3SUSDT_2025-05-11_klines_trades.csv,,,,ERROR
gateio,LDO3SUSDT,2025-05-15,LDO3SUSDT_2025-05-15_klines.csv,82.5,98.86,extreme,PUMP
gateio,LEGIONUSDT,2025-05-09,LEGIONUSDT_2025-05-09_klines.csv,79.17,110.63,extreme,PUMP
gateio,LEGIONUSDT,2025-05-09,LEGIONUSDT_2025-05-09_klines_L2.csv,,,,ERROR
gateio,LEGIONUSDT,2025-05-09,LEGIONUSDT_2025-05-09_klines_market_ctx.csv,,,,ERROR
gateio,LEGIONUSDT,2025-05-09,LEGIONUSDT_2025-05-09_klines_trades.csv,,,,ERROR
gateio,LEGIONUSDT,2025-05-29,LEGIONUSDT_2025-05-29_klines.csv,6.5,360.11,micro,PUMP
gateio,LFUSDT,2025-05-15,LFUSDT_2025-05-15_klines.csv,7.58,202.33,micro,PUMP
gateio,LFUSDT,2025-05-15,LFUSDT_2025-05-15_klines_L2.csv,,,,ERROR
gateio,LFUSDT,2025-05-15,LFUSDT_2025-05-15_klines_market_ctx.csv,,,,ERROR
gateio,LFUSDT,2025-05-15,LFUSDT_2025-05-15_klines_trades.csv,,,,ERROR
gateio,LIGHTUSDT,2025-09-27,LIGHTUSDT_2025-09-27_klines.csv,599.84,43.71,extreme,PUMP
gateio,LIGHTUSDT,2025-09-27,LIGHTUSDT_2025-09-27_klines_L2.csv,,,,ERROR
gateio,LIGHTUSDT,2025-09-27,LIGHTUSDT_2025-09-27_klines_market_ctx.csv,,,,ERROR
gateio,LIGHTUSDT,2025-09-27,LIGHTUSDT_2025-09-27_klines_trades.csv,,,,ERROR
gateio,LIGOUSDT,2025-05-14,LIGOUSDT_2025-05-14_klines.csv,51.4,96.09,extreme,PUMP
gateio,LIGOUSDT,2025-05-14,LIGOUSDT_2025-05-14_klines_L2.csv,,,,ERROR
gateio,LIGOUSDT,2025-05-14,LIGOUSDT_2025-05-14_klines_market_ctx.csv,,,,ERROR
gateio,LIGOUSDT,2025-05-14,LIGOUSDT_2025-05-14_klines_trades.csv,,,,ERROR
gateio,LIGOUSDT,2025-06-21,LIGOUSDT_2025-06-21_klines.csv,50.86,108.42,extreme,PUMP
gateio,LIKEUSDT,2025-08-03,LIKEUSDT_2025-08-03_klines.csv,30.98,27.0,,VOLATILE_CONTROL
gateio,LINEAUSDT,2025-09-10,LINEAUSDT_2025-09-10_klines.csv,72.8,129.38,extreme,PUMP
gateio,LINEAUSDT,2025-09-10,LINEAUSDT_2025-09-10_klines_L2.csv,,,,ERROR
gateio,LINEAUSDT,2025-09-10,LINEAUSDT_2025-09-10_klines_market_ctx.csv,,,,ERROR
gateio,LINEAUSDT,2025-09-10,LINEAUSDT_2025-09-10_klines_trades.csv,,,,ERROR
gateio,LINGOUSDT,2025-05-09,LINGOUSDT_2025-05-09_klines.csv,53.06,83.68,extreme,PUMP
gateio,LINGOUSDT,2025-05-09,LINGOUSDT_2025-05-09_klines_L2.csv,,,,ERROR
gateio,LINGOUSDT,2025-05-09,LINGOUSDT_2025-05-09_klines_market_ctx.csv,,,,ERROR
gateio,LINGOUSDT,2025-05-09,LINGOUSDT_2025-05-09_klines_trades.csv,,,,ERROR
gateio,LINGOUSDT,2025-11-15,LINGOUSDT_2025-11-15_klines.csv,0.24,0.0,,VOLATILE_CONTROL
gateio,LINK3LUSDT,2025-06-06,LINK3LUSDT_2025-06-06_klines.csv,75.97,109.83,extreme,PUMP
gateio,LINK3LUSDT,2025-06-06,LINK3LUSDT_2025-06-06_klines_L2.csv,,,,ERROR
gateio,LINK3LUSDT,2025-06-06,LINK3LUSDT_2025-06-06_klines_market_ctx.csv,,,,ERROR
gateio,LINK3LUSDT,2025-06-06,LINK3LUSDT_2025-06-06_klines_trades.csv,,,,ERROR
gateio,LINK3SUSDT,2025-05-13,LINK3SUSDT_2025-05-13_klines.csv,27.29,116.35,medium,PUMP
gateio,LINK3SUSDT,2025-05-13,LINK3SUSDT_2025-05-13_klines_L2.csv,,,,ERROR
gateio,LINK3SUSDT,2025-05-13,LINK3SUSDT_2025-05-13_klines_market_ctx.csv,,,,ERROR
gateio,LINK3SUSDT,2025-05-13,LINK3SUSDT_2025-05-13_klines_trades.csv,,,,ERROR
gateio,LINK3SUSDT,2025-05-15,LINK3SUSDT_2025-05-15_klines.csv,41.02,125.9,major,PUMP
gateio,LINK5LUSDT,2025-05-09,LINK5LUSDT_2025-05-09_klines.csv,75.14,125.47,extreme,PUMP
gateio,LINK5LUSDT,2025-05-09,LINK5LUSDT_2025-05-09_klines_L2.csv,,,,ERROR
gateio,LINK5LUSDT,2025-05-09,LINK5LUSDT_2025-05-09_klines_market_ctx.csv,,,,ERROR
gateio,LINK5LUSDT,2025-05-09,LINK5LUSDT_2025-05-09_klines_trades.csv,,,,ERROR
gateio,LINK5LUSDT,2025-05-21,LINK5LUSDT_2025-05-21_klines.csv,50.79,152.1,extreme,PUMP
gateio,LINK5SUSDT,2025-05-13,LINK5SUSDT_2025-05-13_klines.csv,58.28,106.85,extreme,PUMP
gateio,LINK5SUSDT,2025-05-13,LINK5SUSDT_2025-05-13_klines_L2.csv,,,,ERROR
gateio,LINK5SUSDT,2025-05-13,LINK5SUSDT_2025-05-13_klines_market_ctx.csv,,,,ERROR
gateio,LINK5SUSDT,2025-05-13,LINK5SUSDT_2025-05-13_klines_trades.csv,,,,ERROR
gateio,LINK5SUSDT,2025-05-15,LINK5SUSDT_2025-05-15_klines.csv,73.06,132.01,extreme,PUMP
gateio,LINKUSDT,2025-07-05,LINKUSDT_2025-07-05_klines.csv,20.53,38.39,medium,PUMP
gateio,LINKUSDT,2025-07-05,LINKUSDT_2025-07-05_klines_L2.csv,,,,ERROR
gateio,LINKUSDT,2025-07-05,LINKUSDT_2025-07-05_klines_market_ctx.csv,,,,ERROR
gateio,LINKUSDT,2025-07-05,LINKUSDT_2025-07-05_klines_trades.csv,,,,ERROR
gateio,LIONUSDT,2025-08-14,LIONUSDT_2025-08-14_klines.csv,33.54,157.45,large,PUMP
gateio,LIONUSDT,2025-08-14,LIONUSDT_2025-08-14_klines_L2.csv,,,,ERROR
gateio,LIONUSDT,2025-08-14,LIONUSDT_2025-08-14_klines_market_ctx.csv,,,,ERROR
gateio,LIONUSDT,2025-08-14,LIONUSDT_2025-08-14_klines_trades.csv,,,,ERROR
gateio,LIORAUSDT,2025-08-02,LIORAUSDT_2025-08-02_klines.csv,2496.0,92.35,extreme,PUMP
gateio,LIORAUSDT,2025-08-02,LIORAUSDT_2025-08-02_klines_L2.csv,,,,ERROR
gateio,LIORAUSDT,2025-08-02,LIORAUSDT_2025-08-02_klines_market_ctx.csv,,,,ERROR
gateio,LIORAUSDT,2025-08-02,LIORAUSDT_2025-08-02_klines_trades.csv,,,,ERROR
gateio,LIQUIDIUMUSDT,2025-05-09,LIQUIDIUMUSDT_2025-05-09_klines.csv,97.4,36.82,extreme,PUMP
gateio,LIQUIDIUMUSDT,2025-05-09,LIQUIDIUMUSDT_2025-05-09_klines_L2.csv,,,,ERROR
gateio,LIQUIDIUMUSDT,2025-05-09,LIQUIDIUMUSDT_2025-05-09_klines_market_ctx.csv,,,,ERROR
gateio,LIQUIDIUMUSDT,2025-05-09,LIQUIDIUMUSDT_2025-05-09_klines_trades.csv,,,,ERROR
gateio,LIQUIDIUMUSDT,2025-05-15,LIQUIDIUMUSDT_2025-05-15_klines.csv,121.11,44.4,extreme,PUMP
gateio,LISTAUSDT,2025-05-09,LISTAUSDT_2025-05-09_klines.csv,26.04,133.53,medium,PUMP
gateio,LISTAUSDT,2025-05-09,LISTAUSDT_2025-05-09_klines_L2.csv,,,,ERROR
gateio,LISTAUSDT,2025-05-09,LISTAUSDT_2025-05-09_klines_market_ctx.csv,,,,ERROR
gateio,LISTAUSDT,2025-05-09,LISTAUSDT_2025-05-09_klines_trades.csv,,,,ERROR
gateio,LISTAUSDT,2025-05-15,LISTAUSDT_2025-05-15_klines.csv,53.15,49.91,extreme,PUMP
gateio,LIT3LUSDT,2026-01-20,LIT3LUSDT_2026-01-20_klines.csv,61.87,37.09,extreme,PUMP
gateio,LIT3LUSDT,2026-01-20,LIT3LUSDT_2026-01-20_klines_L2.csv,,,,ERROR
gateio,LIT3LUSDT,2026-01-20,LIT3LUSDT_2026-01-20_klines_market_ctx.csv,,,,ERROR
gateio,LIT3LUSDT,2026-01-20,LIT3LUSDT_2026-01-20_klines_trades.csv,,,,ERROR
gateio,LIT3SUSDT,2026-01-16,LIT3SUSDT_2026-01-16_klines.csv,56.21,123.68,extreme,PUMP
gateio,LIT3SUSDT,2026-01-16,LIT3SUSDT_2026-01-16_klines_L2.csv,,,,ERROR
gateio,LIT3SUSDT,2026-01-16,LIT3SUSDT_2026-01-16_klines_market_ctx.csv,,,,ERROR
gateio,LIT3SUSDT,2026-01-16,LIT3SUSDT_2026-01-16_klines_trades.csv,,,,ERROR
gateio,LITUSDT,2026-03-31,LITUSDT_2026-03-31_klines.csv,13.68,54.51,small,PUMP
gateio,LITUSDT,2026-03-31,LITUSDT_2026-03-31_klines_L2.csv,,,,ERROR
gateio,LITUSDT,2026-03-31,LITUSDT_2026-03-31_klines_market_ctx.csv,,,,ERROR
gateio,LITUSDT,2026-03-31,LITUSDT_2026-03-31_klines_trades.csv,,,,ERROR
gateio,LKIUSDT,2025-06-19,LKIUSDT_2025-06-19_klines.csv,51.1,113.12,extreme,PUMP
gateio,LKIUSDT,2025-06-19,LKIUSDT_2025-06-19_klines_L2.csv,,,,ERROR
gateio,LKIUSDT,2025-06-19,LKIUSDT_2025-06-19_klines_market_ctx.csv,,,,ERROR
gateio,LKIUSDT,2025-06-19,LKIUSDT_2025-06-19_klines_trades.csv,,,,ERROR
gateio,LKYUSDT,2025-06-20,LKYUSDT_2025-06-20_klines.csv,57.64,108.2,extreme,PUMP
gateio,LKYUSDT,2025-06-20,LKYUSDT_2025-06-20_klines_L2.csv,,,,ERROR
gateio,LKYUSDT,2025-06-20,LKYUSDT_2025-06-20_klines_market_ctx.csv,,,,ERROR
gateio,LKYUSDT,2025-06-20,LKYUSDT_2025-06-20_klines_trades.csv,,,,ERROR
gateio,LMTSUSDT,2025-10-27,LMTSUSDT_2025-10-27_klines.csv,51.73,139.42,extreme,PUMP
gateio,LMTSUSDT,2025-10-27,LMTSUSDT_2025-10-27_klines_L2.csv,,,,ERROR
gateio,LMTSUSDT,2025-10-27,LMTSUSDT_2025-10-27_klines_market_ctx.csv,,,,ERROR
gateio,LMTSUSDT,2025-10-27,LMTSUSDT_2025-10-27_klines_trades.csv,,,,ERROR
gateio,LMUSDT,2025-05-28,LMUSDT_2025-05-28_klines.csv,2.75,0.0,,VOLATILE_CONTROL
gateio,LMWRUSDT,2025-06-21,LMWRUSDT_2025-06-21_klines.csv,53.21,65.21,extreme,PUMP
gateio,LMWRUSDT,2025-06-21,LMWRUSDT_2025-06-21_klines_L2.csv,,,,ERROR
gateio,LMWRUSDT,2025-06-21,LMWRUSDT_2025-06-21_klines_market_ctx.csv,,,,ERROR
gateio,LMWRUSDT,2025-06-21,LMWRUSDT_2025-06-21_klines_trades.csv,,,,ERROR
gateio,LNDXUSDT,2025-07-27,LNDXUSDT_2025-07-27_klines.csv,7.35,204.69,micro,PUMP
gateio,LNDXUSDT,2025-07-27,LNDXUSDT_2025-07-27_klines_L2.csv,,,,ERROR
gateio,LNDXUSDT,2025-07-27,LNDXUSDT_2025-07-27_klines_market_ctx.csv,,,,ERROR
gateio,LNDXUSDT,2025-07-27,LNDXUSDT_2025-07-27_klines_trades.csv,,,,ERROR
gateio,LNUSDT,2025-08-05,LNUSDT_2025-08-05_klines.csv,50.52,90.86,extreme,PUMP
gateio,LNUSDT,2025-08-05,LNUSDT_2025-08-05_klines_L2.csv,,,,ERROR
gateio,LNUSDT,2025-08-05,LNUSDT_2025-08-05_klines_market_ctx.csv,,,,ERROR
gateio,LNUSDT,2025-08-05,LNUSDT_2025-08-05_klines_trades.csv,,,,ERROR
gateio,LOAUSDT,2025-09-01,LOAUSDT_2025-09-01_klines.csv,3.31,0.0,,VOLATILE_CONTROL
gateio,LOBOUSDT,2025-05-09,LOBOUSDT_2025-05-09_klines.csv,50.98,87.94,extreme,PUMP
gateio,LOBOUSDT,2025-05-09,LOBOUSDT_2025-05-09_klines_L2.csv,,,,ERROR
gateio,LOBOUSDT,2025-05-09,LOBOUSDT_2025-05-09_klines_market_ctx.csv,,,,ERROR
gateio,LOBOUSDT,2025-05-09,LOBOUSDT_2025-05-09_klines_trades.csv,,,,ERROR
gateio,LOEUSDT,2025-05-09,LOEUSDT_2025-05-09_klines.csv,56.91,118.8,extreme,PUMP
gateio,LOEUSDT,2025-05-09,LOEUSDT_2025-05-09_klines_L2.csv,,,,ERROR
gateio,LOEUSDT,2025-05-09,LOEUSDT_2025-05-09_klines_market_ctx.csv,,,,ERROR
gateio,LOEUSDT,2025-05-09,LOEUSDT_2025-05-09_klines_trades.csv,,,,ERROR
gateio,LOEUSDT,2025-06-07,LOEUSDT_2025-06-07_klines.csv,86.6,109.08,extreme,PUMP
gateio,LOFIUSDT,2025-05-09,LOFIUSDT_2025-05-09_klines.csv,94.44,42.38,extreme,PUMP
gateio,LOFIUSDT,2025-05-09,LOFIUSDT_2025-05-09_klines_L2.csv,,,,ERROR
gateio,LOFIUSDT,2025-05-09,LOFIUSDT_2025-05-09_klines_market_ctx.csv,,,,ERROR
gateio,LOFIUSDT,2025-05-09,LOFIUSDT_2025-05-09_klines_trades.csv,,,,ERROR
gateio,LOFIUSDT,2025-06-23,LOFIUSDT_2025-06-23_klines.csv,52.38,73.9,extreme,PUMP
gateio,LOGTUSDT,2025-05-09,LOGTUSDT_2025-05-09_klines.csv,52.14,101.82,extreme,PUMP
gateio,LOGTUSDT,2025-05-09,LOGTUSDT_2025-05-09_klines_L2.csv,,,,ERROR
gateio,LOGTUSDT,2025-05-09,LOGTUSDT_2025-05-09_klines_market_ctx.csv,,,,ERROR
gateio,LOGTUSDT,2025-05-09,LOGTUSDT_2025-05-09_klines_trades.csv,,,,ERROR
gateio,LOGTUSDT,2025-06-13,LOGTUSDT_2025-06-13_klines.csv,51.11,271.36,extreme,PUMP
gateio,LOGXUSDT,2025-05-09,LOGXUSDT_2025-05-09_klines.csv,81.16,57.77,extreme,PUMP
gateio,LOGXUSDT,2025-05-09,LOGXUSDT_2025-05-09_klines_L2.csv,,,,ERROR
gateio,LOGXUSDT,2025-05-09,LOGXUSDT_2025-05-09_klines_market_ctx.csv,,,,ERROR
gateio,LOGXUSDT,2025-05-09,LOGXUSDT_2025-05-09_klines_trades.csv,,,,ERROR
gateio,LONGUSDT,2025-11-06,LONGUSDT_2025-11-06_klines.csv,52.58,213.83,extreme,PUMP
gateio,LONGUSDT,2025-11-06,LONGUSDT_2025-11-06_klines_L2.csv,,,,ERROR
gateio,LONGUSDT,2025-11-06,LONGUSDT_2025-11-06_klines_market_ctx.csv,,,,ERROR
gateio,LONGUSDT,2025-11-06,LONGUSDT_2025-11-06_klines_trades.csv,,,,ERROR
gateio,LONUSDT,2025-12-23,LONUSDT_2025-12-23_klines.csv,1.96,0.0,,VOLATILE_CONTROL
gateio,LOOKSUSDT,2025-05-09,LOOKSUSDT_2025-05-09_klines.csv,69.71,90.23,extreme,PUMP
gateio,LOOKSUSDT,2025-05-09,LOOKSUSDT_2025-05-09_klines_L2.csv,,,,ERROR
gateio,LOOKSUSDT,2025-05-09,LOOKSUSDT_2025-05-09_klines_market_ctx.csv,,,,ERROR
gateio,LOOKSUSDT,2025-05-09,LOOKSUSDT_2025-05-09_klines_trades.csv,,,,ERROR
gateio,LOOKSUSDT,2025-06-23,LOOKSUSDT_2025-06-23_klines.csv,46.2,67.99,major,PUMP
gateio,LOTUSDT,2025-06-20,LOTUSDT_2025-06-20_klines.csv,97.88,133.63,extreme,PUMP
gateio,LOTUSDT,2025-06-20,LOTUSDT_2025-06-20_klines_L2.csv,,,,ERROR
gateio,LOTUSDT,2025-06-20,LOTUSDT_2025-06-20_klines_market_ctx.csv,,,,ERROR
gateio,LOTUSDT,2025-06-20,LOTUSDT_2025-06-20_klines_trades.csv,,,,ERROR
gateio,LOULOUUSDT,2025-06-22,LOULOUUSDT_2025-06-22_klines.csv,33.35,62.5,large,PUMP
gateio,LOULOUUSDT,2025-06-22,LOULOUUSDT_2025-06-22_klines_L2.csv,,,,ERROR
gateio,LOULOUUSDT,2025-06-22,LOULOUUSDT_2025-06-22_klines_market_ctx.csv,,,,ERROR
gateio,LOULOUUSDT,2025-06-22,LOULOUUSDT_2025-06-22_klines_trades.csv,,,,ERROR
gateio,LPT3LUSDT,2025-06-03,LPT3LUSDT_2025-06-03_klines.csv,85.41,148.48,extreme,PUMP
gateio,LPT3LUSDT,2025-06-03,LPT3LUSDT_2025-06-03_klines_L2.csv,,,,ERROR
gateio,LPT3LUSDT,2025-06-03,LPT3LUSDT_2025-06-03_klines_market_ctx.csv,,,,ERROR
gateio,LPT3LUSDT,2025-06-03,LPT3LUSDT_2025-06-03_klines_trades.csv,,,,ERROR
gateio,LPTUSDT,2025-05-12,LPTUSDT_2025-05-12_klines.csv,11.95,220.25,small,PUMP
gateio,LPTUSDT,2025-05-12,LPTUSDT_2025-05-12_klines_L2.csv,,,,ERROR
gateio,LPTUSDT,2025-05-12,LPTUSDT_2025-05-12_klines_market_ctx.csv,,,,ERROR
gateio,LPTUSDT,2025-05-12,LPTUSDT_2025-05-12_klines_trades.csv,,,,ERROR
gateio,LPTUSDT,2025-05-15,LPTUSDT_2025-05-15_klines.csv,1.54,0.0,,VOLATILE_CONTROL
gateio,LQTYUSDT,2025-05-31,LQTYUSDT_2025-05-31_klines.csv,49.38,55.77,major,PUMP
gateio,LQTYUSDT,2025-05-31,LQTYUSDT_2025-05-31_klines_L2.csv,,,,ERROR
gateio,LQTYUSDT,2025-05-31,LQTYUSDT_2025-05-31_klines_market_ctx.csv,,,,ERROR
gateio,LQTYUSDT,2025-05-31,LQTYUSDT_2025-05-31_klines_trades.csv,,,,ERROR
gateio,LRCUSDT,2025-07-05,LRCUSDT_2025-07-05_klines.csv,15.19,51.55,small,PUMP
gateio,LRCUSDT,2025-07-05,LRCUSDT_2025-07-05_klines_L2.csv,,,,ERROR
gateio,LRCUSDT,2025-07-05,LRCUSDT_2025-07-05_klines_market_ctx.csv,,,,ERROR
gateio,LRCUSDT,2025-07-05,LRCUSDT_2025-07-05_klines_trades.csv,,,,ERROR
gateio,LRDSUSDT,2025-07-12,LRDSUSDT_2025-07-12_klines.csv,16.61,159.04,small,PUMP
gateio,LRDSUSDT,2025-07-12,LRDSUSDT_2025-07-12_klines_L2.csv,,,,ERROR
gateio,LRDSUSDT,2025-07-12,LRDSUSDT_2025-07-12_klines_market_ctx.csv,,,,ERROR
gateio,LRDSUSDT,2025-07-12,LRDSUSDT_2025-07-12_klines_trades.csv,,,,ERROR
gateio,LRNUSDT,2025-05-15,LRNUSDT_2025-05-15_klines.csv,40.15,34.95,major,PUMP
gateio,LSKUSDT,2025-07-02,LSKUSDT_2025-07-02_klines.csv,16.31,19.44,,VOLATILE_CONTROL
gateio,LTC3LUSDT,2025-06-23,LTC3LUSDT_2025-06-23_klines.csv,33.0,47.67,large,PUMP
gateio,LTC3LUSDT,2025-06-23,LTC3LUSDT_2025-06-23_klines_L2.csv,,,,ERROR
gateio,LTC3LUSDT,2025-06-23,LTC3LUSDT_2025-06-23_klines_market_ctx.csv,,,,ERROR
gateio,LTC3LUSDT,2025-06-23,LTC3LUSDT_2025-06-23_klines_trades.csv,,,,ERROR
gateio,LTC3SUSDT,2025-05-13,LTC3SUSDT_2025-05-13_klines.csv,38.32,37.27,large,PUMP
gateio,LTC3SUSDT,2025-05-13,LTC3SUSDT_2025-05-13_klines_L2.csv,,,,ERROR
gateio,LTC3SUSDT,2025-05-13,LTC3SUSDT_2025-05-13_klines_market_ctx.csv,,,,ERROR
gateio,LTC3SUSDT,2025-05-13,LTC3SUSDT_2025-05-13_klines_trades.csv,,,,ERROR
gateio,LTC3SUSDT,2025-05-15,LTC3SUSDT_2025-05-15_klines.csv,26.89,123.82,medium,PUMP
gateio,LTC5LUSDT,2025-05-09,LTC5LUSDT_2025-05-09_klines.csv,69.41,102.84,extreme,PUMP
gateio,LTC5LUSDT,2025-05-09,LTC5LUSDT_2025-05-09_klines_L2.csv,,,,ERROR
gateio,LTC5LUSDT,2025-05-09,LTC5LUSDT_2025-05-09_klines_market_ctx.csv,,,,ERROR
gateio,LTC5LUSDT,2025-05-09,LTC5LUSDT_2025-05-09_klines_trades.csv,,,,ERROR
gateio,LTC5LUSDT,2025-05-21,LTC5LUSDT_2025-05-21_klines.csv,51.49,115.32,extreme,PUMP
gateio,LTC5SUSDT,2025-05-13,LTC5SUSDT_2025-05-13_klines.csv,58.88,44.95,extreme,PUMP
gateio,LTC5SUSDT,2025-05-13,LTC5SUSDT_2025-05-13_klines_L2.csv,,,,ERROR
gateio,LTC5SUSDT,2025-05-13,LTC5SUSDT_2025-05-13_klines_market_ctx.csv,,,,ERROR
gateio,LTC5SUSDT,2025-05-13,LTC5SUSDT_2025-05-13_klines_trades.csv,,,,ERROR
gateio,LTC5SUSDT,2025-05-15,LTC5SUSDT_2025-05-15_klines.csv,35.74,154.56,large,PUMP
gateio,LUCEUSDT,2025-06-23,LUCEUSDT_2025-06-23_klines.csv,56.83,57.97,extreme,PUMP
gateio,LUCEUSDT,2025-06-23,LUCEUSDT_2025-06-23_klines_L2.csv,,,,ERROR
gateio,LUCEUSDT,2025-06-23,LUCEUSDT_2025-06-23_klines_market_ctx.csv,,,,ERROR
gateio,LUCEUSDT,2025-06-23,LUCEUSDT_2025-06-23_klines_trades.csv,,,,ERROR
gateio,LUCICUSDT,2025-11-09,LUCICUSDT_2025-11-09_klines.csv,83.75,96.93,extreme,PUMP
gateio,LUCICUSDT,2025-11-09,LUCICUSDT_2025-11-09_klines_L2.csv,,,,ERROR
gateio,LUCICUSDT,2025-11-09,LUCICUSDT_2025-11-09_klines_market_ctx.csv,,,,ERROR
gateio,LUCICUSDT,2025-11-09,LUCICUSDT_2025-11-09_klines_trades.csv,,,,ERROR
gateio,LUMIAUSDT,2025-06-23,LUMIAUSDT_2025-06-23_klines.csv,17.87,43.29,small,PUMP
gateio,LUMIAUSDT,2025-06-23,LUMIAUSDT_2025-06-23_klines_L2.csv,,,,ERROR
gateio,LUMIAUSDT,2025-06-23,LUMIAUSDT_2025-06-23_klines_market_ctx.csv,,,,ERROR
gateio,LUMIAUSDT,2025-06-23,LUMIAUSDT_2025-06-23_klines_trades.csv,,,,ERROR
gateio,LUMINTUSDT,2025-11-13,LUMINTUSDT_2025-11-13_klines.csv,716.2,9.73,,VOLATILE_CONTROL
gateio,LUNAIUSDT,2025-05-16,LUNAIUSDT_2025-05-16_klines.csv,19.42,84.9,small,PUMP
gateio,LUNAIUSDT,2025-05-16,LUNAIUSDT_2025-05-16_klines_L2.csv,,,,ERROR
gateio,LUNAIUSDT,2025-05-16,LUNAIUSDT_2025-05-16_klines_market_ctx.csv,,,,ERROR
gateio,LUNAIUSDT,2025-05-16,LUNAIUSDT_2025-05-16_klines_trades.csv,,,,ERROR
gateio,LUNAUSDT,2025-11-18,LUNAUSDT_2025-11-18_klines.csv,15.84,150.99,small,PUMP
gateio,LUNAUSDT,2025-11-18,LUNAUSDT_2025-11-18_klines_L2.csv,,,,ERROR
gateio,LUNAUSDT,2025-11-18,LUNAUSDT_2025-11-18_klines_market_ctx.csv,,,,ERROR
gateio,LUNAUSDT,2025-11-18,LUNAUSDT_2025-11-18_klines_trades.csv,,,,ERROR
gateio,LUNCUSDT,2025-11-18,LUNCUSDT_2025-11-18_klines.csv,4.96,0.0,,VOLATILE_CONTROL
gateio,LVVAUSDT,2025-06-23,LVVAUSDT_2025-06-23_klines.csv,8.25,320.83,micro,PUMP
gateio,LVVAUSDT,2025-06-23,LVVAUSDT_2025-06-23_klines_L2.csv,,,,ERROR
gateio,LVVAUSDT,2025-06-23,LVVAUSDT_2025-06-23_klines_market_ctx.csv,,,,ERROR
gateio,LVVAUSDT,2025-06-23,LVVAUSDT_2025-06-23_klines_trades.csv,,,,ERROR
gateio,LWPUSDT,2026-04-08,LWPUSDT_2026-04-08_klines.csv,6.59,877.78,micro,PUMP
gateio,LWPUSDT,2026-04-08,LWPUSDT_2026-04-08_klines_L2.csv,,,,ERROR
gateio,LWPUSDT,2026-04-08,LWPUSDT_2026-04-08_klines_market_ctx.csv,,,,ERROR
gateio,LWPUSDT,2026-04-08,LWPUSDT_2026-04-08_klines_trades.csv,,,,ERROR
gateio,LYPUSDT,2025-05-19,LYPUSDT_2025-05-19_klines.csv,33.94,113.6,large,PUMP
gateio,LYPUSDT,2025-05-19,LYPUSDT_2025-05-19_klines_L2.csv,,,,ERROR
gateio,LYPUSDT,2025-05-19,LYPUSDT_2025-05-19_klines_market_ctx.csv,,,,ERROR
gateio,LYPUSDT,2025-05-19,LYPUSDT_2025-05-19_klines_trades.csv,,,,ERROR
gateio,LYXUSDT,2025-07-02,LYXUSDT_2025-07-02_klines.csv,58.53,99.57,extreme,PUMP
gateio,LYXUSDT,2025-07-02,LYXUSDT_2025-07-02_klines_L2.csv,,,,ERROR
gateio,LYXUSDT,2025-07-02,LYXUSDT_2025-07-02_klines_market_ctx.csv,,,,ERROR
gateio,LYXUSDT,2025-07-02,LYXUSDT_2025-07-02_klines_trades.csv,,,,ERROR
gateio,MADUSDT,2025-05-09,MADUSDT_2025-05-09_klines.csv,124.52,67.68,extreme,PUMP
gateio,MADUSDT,2025-05-09,MADUSDT_2025-05-09_klines_L2.csv,,,,ERROR
gateio,MADUSDT,2025-05-09,MADUSDT_2025-05-09_klines_market_ctx.csv,,,,ERROR
gateio,MADUSDT,2025-05-09,MADUSDT_2025-05-09_klines_trades.csv,,,,ERROR
gateio,MADUSDT,2025-05-18,MADUSDT_2025-05-18_klines.csv,55.54,120.13,extreme,PUMP
gateio,MAGATRUMPUSDT,2025-11-04,MAGATRUMPUSDT_2025-11-04_klines.csv,60.85,110.68,extreme,PUMP
gateio,MAGATRUMPUSDT,2025-11-04,MAGATRUMPUSDT_2025-11-04_klines_L2.csv,,,,ERROR
gateio,MAGATRUMPUSDT,2025-11-04,MAGATRUMPUSDT_2025-11-04_klines_market_ctx.csv,,,,ERROR
gateio,MAGATRUMPUSDT,2025-11-04,MAGATRUMPUSDT_2025-11-04_klines_trades.csv,,,,ERROR
gateio,MAGICUSDT,2025-06-06,MAGICUSDT_2025-06-06_klines.csv,19.32,139.66,small,PUMP
gateio,MAGICUSDT,2025-06-06,MAGICUSDT_2025-06-06_klines_L2.csv,,,,ERROR
gateio,MAGICUSDT,2025-06-06,MAGICUSDT_2025-06-06_klines_market_ctx.csv,,,,ERROR
gateio,MAGICUSDT,2025-06-06,MAGICUSDT_2025-06-06_klines_trades.csv,,,,ERROR
gateio,MAGMAUSDT,2026-02-15,MAGMAUSDT_2026-02-15_klines.csv,16.51,100.76,small,PUMP
gateio,MAGMAUSDT,2026-02-15,MAGMAUSDT_2026-02-15_klines_L2.csv,,,,ERROR
gateio,MAGMAUSDT,2026-02-15,MAGMAUSDT_2026-02-15_klines_market_ctx.csv,,,,ERROR
gateio,MAGMAUSDT,2026-02-15,MAGMAUSDT_2026-02-15_klines_trades.csv,,,,ERROR
gateio,MAIGAUSDT,2025-09-17,MAIGAUSDT_2025-09-17_klines.csv,362.48,99.99,extreme,PUMP
gateio,MAIGAUSDT,2025-09-17,MAIGAUSDT_2025-09-17_klines_L2.csv,,,,ERROR
gateio,MAIGAUSDT,2025-09-17,MAIGAUSDT_2025-09-17_klines_market_ctx.csv,,,,ERROR
gateio,MAIGAUSDT,2025-09-17,MAIGAUSDT_2025-09-17_klines_trades.csv,,,,ERROR
gateio,MAJORUSDT,2025-05-09,MAJORUSDT_2025-05-09_klines.csv,122.43,90.36,extreme,PUMP
gateio,MAJORUSDT,2025-05-09,MAJORUSDT_2025-05-09_klines_L2.csv,,,,ERROR
gateio,MAJORUSDT,2025-05-09,MAJORUSDT_2025-05-09_klines_market_ctx.csv,,,,ERROR
gateio,MAJORUSDT,2025-05-09,MAJORUSDT_2025-05-09_klines_trades.csv,,,,ERROR
gateio,MAJORUSDT,2025-05-17,MAJORUSDT_2025-05-17_klines.csv,30.09,91.8,large,PUMP
gateio,MAJOUSDT,2025-05-09,MAJOUSDT_2025-05-09_klines.csv,19.16,122.49,small,PUMP
gateio,MAJOUSDT,2025-05-09,MAJOUSDT_2025-05-09_klines_L2.csv,,,,ERROR
gateio,MAJOUSDT,2025-05-09,MAJOUSDT_2025-05-09_klines_market_ctx.csv,,,,ERROR
gateio,MAJOUSDT,2025-05-09,MAJOUSDT_2025-05-09_klines_trades.csv,,,,ERROR
gateio,MAJOUSDT,2025-05-15,MAJOUSDT_2025-05-15_klines.csv,7.35,249.91,micro,PUMP
gateio,MAKUSDT,2025-05-09,MAKUSDT_2025-05-09_klines.csv,38.4,57.12,large,PUMP
gateio,MAKUSDT,2025-05-09,MAKUSDT_2025-05-09_klines_L2.csv,,,,ERROR
gateio,MAKUSDT,2025-05-09,MAKUSDT_2025-05-09_klines_market_ctx.csv,,,,ERROR
gateio,MAKUSDT,2025-05-09,MAKUSDT_2025-05-09_klines_trades.csv,,,,ERROR
gateio,MAKUSDT,2025-05-15,MAKUSDT_2025-05-15_klines.csv,122.31,73.35,extreme,PUMP
gateio,MANA3USDT,2025-05-15,MANA3USDT_2025-05-15_klines.csv,184.93,4.9,,VOLATILE_CONTROL
gateio,MANEKIUSDT,2025-07-05,MANEKIUSDT_2025-07-05_klines.csv,28.8,80.59,medium,PUMP
gateio,MANEKIUSDT,2025-07-05,MANEKIUSDT_2025-07-05_klines_L2.csv,,,,ERROR
gateio,MANEKIUSDT,2025-07-05,MANEKIUSDT_2025-07-05_klines_market_ctx.csv,,,,ERROR
gateio,MANEKIUSDT,2025-07-05,MANEKIUSDT_2025-07-05_klines_trades.csv,,,,ERROR
gateio,MANTAUSDT,2025-07-05,MANTAUSDT_2025-07-05_klines.csv,35.72,42.08,large,PUMP
gateio,MANTAUSDT,2025-07-05,MANTAUSDT_2025-07-05_klines_L2.csv,,,,ERROR
gateio,MANTAUSDT,2025-07-05,MANTAUSDT_2025-07-05_klines_market_ctx.csv,,,,ERROR
gateio,MANTAUSDT,2025-07-05,MANTAUSDT_2025-07-05_klines_trades.csv,,,,ERROR
gateio,MANTRAUSDT,2026-03-04,MANTRAUSDT_2026-03-04_klines.csv,78.61,58.39,extreme,PUMP
gateio,MANTRAUSDT,2026-03-04,MANTRAUSDT_2026-03-04_klines_L2.csv,,,,ERROR
gateio,MANTRAUSDT,2026-03-04,MANTRAUSDT_2026-03-04_klines_market_ctx.csv,,,,ERROR
gateio,MANTRAUSDT,2026-03-04,MANTRAUSDT_2026-03-04_klines_trades.csv,,,,ERROR
gateio,MAPOUSDT,2025-05-27,MAPOUSDT_2025-05-27_klines.csv,3.94,0.0,,VOLATILE_CONTROL
gateio,MARTUSDT,2025-05-29,MARTUSDT_2025-05-29_klines.csv,9.02,128.33,micro,PUMP
gateio,MARTUSDT,2025-05-29,MARTUSDT_2025-05-29_klines_L2.csv,,,,ERROR
gateio,MARTUSDT,2025-05-29,MARTUSDT_2025-05-29_klines_market_ctx.csv,,,,ERROR
gateio,MARTUSDT,2025-05-29,MARTUSDT_2025-05-29_klines_trades.csv,,,,ERROR
gateio,MASKUSDT,2025-05-11,MASKUSDT_2025-05-11_klines.csv,23.3,65.53,medium,PUMP
gateio,MASKUSDT,2025-05-11,MASKUSDT_2025-05-11_klines_L2.csv,,,,ERROR
gateio,MASKUSDT,2025-05-11,MASKUSDT_2025-05-11_klines_market_ctx.csv,,,,ERROR
gateio,MASKUSDT,2025-05-11,MASKUSDT_2025-05-11_klines_trades.csv,,,,ERROR
gateio,MATCHUSDT,2025-06-12,MATCHUSDT_2025-06-12_klines.csv,11.58,202.04,small,PUMP
gateio,MATCHUSDT,2025-06-12,MATCHUSDT_2025-06-12_klines_L2.csv,,,,ERROR
gateio,MATCHUSDT,2025-06-12,MATCHUSDT_2025-06-12_klines_market_ctx.csv,,,,ERROR
gateio,MATCHUSDT,2025-06-12,MATCHUSDT_2025-06-12_klines_trades.csv,,,,ERROR
gateio,MATHUSDT,2025-07-01,MATHUSDT_2025-07-01_klines.csv,26.31,104.06,medium,PUMP
gateio,MATHUSDT,2025-07-01,MATHUSDT_2025-07-01_klines_L2.csv,,,,ERROR
gateio,MATHUSDT,2025-07-01,MATHUSDT_2025-07-01_klines_market_ctx.csv,,,,ERROR
gateio,MATHUSDT,2025-07-01,MATHUSDT_2025-07-01_klines_trades.csv,,,,ERROR
gateio,MATR1XUSDT,2025-05-09,MATR1XUSDT_2025-05-09_klines.csv,247.74,86.94,extreme,PUMP
gateio,MATR1XUSDT,2025-05-09,MATR1XUSDT_2025-05-09_klines_L2.csv,,,,ERROR
gateio,MATR1XUSDT,2025-05-09,MATR1XUSDT_2025-05-09_klines_market_ctx.csv,,,,ERROR
gateio,MATR1XUSDT,2025-05-09,MATR1XUSDT_2025-05-09_klines_trades.csv,,,,ERROR
gateio,MATR1XUSDT,2025-05-23,MATR1XUSDT_2025-05-23_klines.csv,52.41,56.14,extreme,PUMP
gateio,MATUSDT,2025-06-23,MATUSDT_2025-06-23_klines.csv,64.89,175.58,extreme,PUMP
gateio,MATUSDT,2025-06-23,MATUSDT_2025-06-23_klines_L2.csv,,,,ERROR
gateio,MATUSDT,2025-06-23,MATUSDT_2025-06-23_klines_market_ctx.csv,,,,ERROR
gateio,MATUSDT,2025-06-23,MATUSDT_2025-06-23_klines_trades.csv,,,,ERROR
gateio,MAUSDT,2025-05-09,MAUSDT_2025-05-09_klines.csv,52.57,99.21,extreme,PUMP
gateio,MAUSDT,2025-05-09,MAUSDT_2025-05-09_klines_L2.csv,,,,ERROR
gateio,MAUSDT,2025-05-09,MAUSDT_2025-05-09_klines_market_ctx.csv,,,,ERROR
gateio,MAUSDT,2025-05-09,MAUSDT_2025-05-09_klines_trades.csv,,,,ERROR
gateio,MAUSDT,2025-05-15,MAUSDT_2025-05-15_klines.csv,79.95,64.17,extreme,PUMP
gateio,MAVIAUSDT,2025-06-26,MAVIAUSDT_2025-06-26_klines.csv,10.68,169.54,small,PUMP
gateio,MAVIAUSDT,2025-06-26,MAVIAUSDT_2025-06-26_klines_L2.csv,,,,ERROR
gateio,MAVIAUSDT,2025-06-26,MAVIAUSDT_2025-06-26_klines_market_ctx.csv,,,,ERROR
gateio,MAVIAUSDT,2025-06-26,MAVIAUSDT_2025-06-26_klines_trades.csv,,,,ERROR
gateio,MAVUSDT,2025-06-13,MAVUSDT_2025-06-13_klines.csv,9.4,271.64,micro,PUMP
gateio,MAVUSDT,2025-06-13,MAVUSDT_2025-06-13_klines_L2.csv,,,,ERROR
gateio,MAVUSDT,2025-06-13,MAVUSDT_2025-06-13_klines_market_ctx.csv,,,,ERROR
gateio,MAVUSDT,2025-06-13,MAVUSDT_2025-06-13_klines_trades.csv,,,,ERROR
gateio,MAYUSDT,2025-11-12,MAYUSDT_2025-11-12_klines.csv,12.57,370.18,small,PUMP
gateio,MAYUSDT,2025-11-12,MAYUSDT_2025-11-12_klines_L2.csv,,,,ERROR
gateio,MAYUSDT,2025-11-12,MAYUSDT_2025-11-12_klines_market_ctx.csv,,,,ERROR
gateio,MAYUSDT,2025-11-12,MAYUSDT_2025-11-12_klines_trades.csv,,,,ERROR
gateio,MBGUSDT,2025-07-22,MBGUSDT_2025-07-22_klines.csv,671.46,76.99,extreme,PUMP
gateio,MBGUSDT,2025-07-22,MBGUSDT_2025-07-22_klines_L2.csv,,,,ERROR
gateio,MBGUSDT,2025-07-22,MBGUSDT_2025-07-22_klines_market_ctx.csv,,,,ERROR
gateio,MBGUSDT,2025-07-22,MBGUSDT_2025-07-22_klines_trades.csv,,,,ERROR
gateio,MBLUSDT,2025-09-21,MBLUSDT_2025-09-21_klines.csv,0.42,0.0,,VOLATILE_CONTROL
gateio,MBOXUSDT,2025-05-09,MBOXUSDT_2025-05-09_klines.csv,51.71,93.39,extreme,PUMP
gateio,MBOXUSDT,2025-05-09,MBOXUSDT_2025-05-09_klines_L2.csv,,,,ERROR
gateio,MBOXUSDT,2025-05-09,MBOXUSDT_2025-05-09_klines_market_ctx.csv,,,,ERROR
gateio,MBOXUSDT,2025-05-09,MBOXUSDT_2025-05-09_klines_trades.csv,,,,ERROR
gateio,MBOXUSDT,2025-06-22,MBOXUSDT_2025-06-22_klines.csv,29.3,71.93,medium,PUMP
gateio,MBXUSDT,2025-05-09,MBXUSDT_2025-05-09_klines.csv,58.5,83.79,extreme,PUMP
gateio,MBXUSDT,2025-05-09,MBXUSDT_2025-05-09_klines_L2.csv,,,,ERROR
gateio,MBXUSDT,2025-05-09,MBXUSDT_2025-05-09_klines_market_ctx.csv,,,,ERROR
gateio,MBXUSDT,2025-05-09,MBXUSDT_2025-05-09_klines_trades.csv,,,,ERROR
gateio,MBXUSDT,2026-02-04,MBXUSDT_2026-02-04_klines.csv,0.51,0.0,,VOLATILE_CONTROL
gateio,MCDXUSDT,2026-02-12,MCDXUSDT_2026-02-12_klines.csv,9.98,88.92,micro,PUMP
gateio,MCDXUSDT,2026-02-12,MCDXUSDT_2026-02-12_klines_L2.csv,,,,ERROR
gateio,MCDXUSDT,2026-02-12,MCDXUSDT_2026-02-12_klines_market_ctx.csv,,,,ERROR
gateio,MCDXUSDT,2026-02-12,MCDXUSDT_2026-02-12_klines_trades.csv,,,,ERROR
gateio,MCTPUSDT,2026-02-05,MCTPUSDT_2026-02-05_klines.csv,0.75,0.0,,VOLATILE_CONTROL
gateio,MDAOUSDT,2025-05-09,MDAOUSDT_2025-05-09_klines.csv,95.63,93.98,extreme,PUMP
gateio,MDAOUSDT,2025-05-09,MDAOUSDT_2025-05-09_klines_L2.csv,,,,ERROR
gateio,MDAOUSDT,2025-05-09,MDAOUSDT_2025-05-09_klines_market_ctx.csv,,,,ERROR
gateio,MDAOUSDT,2025-05-09,MDAOUSDT_2025-05-09_klines_trades.csv,,,,ERROR
gateio,MDFUSDT,2025-07-27,MDFUSDT_2025-07-27_klines.csv,1.17,0.0,,VOLATILE_CONTROL
gateio,MDTUSDT,2025-06-24,MDTUSDT_2025-06-24_klines.csv,2.71,0.0,,VOLATILE_CONTROL
gateio,MDUSUSDT,2025-05-23,MDUSUSDT_2025-05-23_klines.csv,9.31,149.88,micro,PUMP
gateio,MDUSUSDT,2025-05-23,MDUSUSDT_2025-05-23_klines_L2.csv,,,,ERROR
gateio,MDUSUSDT,2025-05-23,MDUSUSDT_2025-05-23_klines_market_ctx.csv,,,,ERROR
gateio,MDUSUSDT,2025-05-23,MDUSUSDT_2025-05-23_klines_trades.csv,,,,ERROR
gateio,MDXUSDT,2025-05-10,MDXUSDT_2025-05-10_klines.csv,51.71,100.65,extreme,PUMP
gateio,MDXUSDT,2025-05-10,MDXUSDT_2025-05-10_klines_L2.csv,,,,ERROR
gateio,MDXUSDT,2025-05-10,MDXUSDT_2025-05-10_klines_market_ctx.csv,,,,ERROR
gateio,MDXUSDT,2025-05-10,MDXUSDT_2025-05-10_klines_trades.csv,,,,ERROR
gateio,MDXUSDT,2025-07-30,MDXUSDT_2025-07-30_klines.csv,14.6,138.77,small,PUMP
gateio,MEDUSDT,2025-09-21,MEDUSDT_2025-09-21_klines.csv,0.47,0.0,,VOLATILE_CONTROL
gateio,MELANIAUSDT,2025-07-08,MELANIAUSDT_2025-07-08_klines.csv,17.73,29.79,,VOLATILE_CONTROL
gateio,MELDUSDT,2025-05-09,MELDUSDT_2025-05-09_klines.csv,59.86,30.25,extreme,PUMP
gateio,MELDUSDT,2025-05-09,MELDUSDT_2025-05-09_klines_L2.csv,,,,ERROR
gateio,MELDUSDT,2025-05-09,MELDUSDT_2025-05-09_klines_market_ctx.csv,,,,ERROR
gateio,MELDUSDT,2025-05-09,MELDUSDT_2025-05-09_klines_trades.csv,,,,ERROR
gateio,MELDUSDT,2025-05-15,MELDUSDT_2025-05-15_klines.csv,88.26,90.48,extreme,PUMP
gateio,MEMEFIUSDT,2025-07-08,MEMEFIUSDT_2025-07-08_klines.csv,18.82,79.61,small,PUMP
gateio,MEMEFIUSDT,2025-07-08,MEMEFIUSDT_2025-07-08_klines_L2.csv,,,,ERROR
gateio,MEMEFIUSDT,2025-07-08,MEMEFIUSDT_2025-07-08_klines_market_ctx.csv,,,,ERROR
gateio,MEMEFIUSDT,2025-07-08,MEMEFIUSDT_2025-07-08_klines_trades.csv,,,,ERROR
gateio,MEMEUSDT,2025-07-02,MEMEUSDT_2025-07-02_klines.csv,14.47,11.85,,VOLATILE_CONTROL
gateio,MENGOUSDT,2025-05-09,MENGOUSDT_2025-05-09_klines.csv,29.78,92.49,medium,PUMP
gateio,MENGOUSDT,2025-05-09,MENGOUSDT_2025-05-09_klines_L2.csv,,,,ERROR
gateio,MENGOUSDT,2025-05-09,MENGOUSDT_2025-05-09_klines_market_ctx.csv,,,,ERROR
gateio,MENGOUSDT,2025-05-09,MENGOUSDT_2025-05-09_klines_trades.csv,,,,ERROR
gateio,MENGOUSDT,2025-05-15,MENGOUSDT_2025-05-15_klines.csv,171.75,46.27,extreme,PUMP
gateio,MEPADUSDT,2025-07-27,MEPADUSDT_2025-07-27_klines.csv,7.92,196.51,micro,PUMP
gateio,MEPADUSDT,2025-07-27,MEPADUSDT_2025-07-27_klines_L2.csv,,,,ERROR
gateio,MEPADUSDT,2025-07-27,MEPADUSDT_2025-07-27_klines_market_ctx.csv,,,,ERROR
gateio,MEPADUSDT,2025-07-27,MEPADUSDT_2025-07-27_klines_trades.csv,,,,ERROR
gateio,MERLUSDT,2025-05-09,MERLUSDT_2025-05-09_klines.csv,20.06,139.02,medium,PUMP
gateio,MERLUSDT,2025-05-09,MERLUSDT_2025-05-09_klines_L2.csv,,,,ERROR
gateio,MERLUSDT,2025-05-09,MERLUSDT_2025-05-09_klines_market_ctx.csv,,,,ERROR
gateio,MERLUSDT,2025-05-09,MERLUSDT_2025-05-09_klines_trades.csv,,,,ERROR
gateio,MERLUSDT,2025-05-17,MERLUSDT_2025-05-17_klines.csv,56.01,85.14,extreme,PUMP
gateio,META3LUSDT,2026-01-26,META3LUSDT_2026-01-26_klines.csv,37.3,61.77,large,PUMP
gateio,META3LUSDT,2026-01-26,META3LUSDT_2026-01-26_klines_L2.csv,,,,ERROR
gateio,META3LUSDT,2026-01-26,META3LUSDT_2026-01-26_klines_market_ctx.csv,,,,ERROR
gateio,META3LUSDT,2026-01-26,META3LUSDT_2026-01-26_klines_trades.csv,,,,ERROR
gateio,META3SUSDT,2026-01-26,META3SUSDT_2026-01-26_klines.csv,7.57,514.95,micro,PUMP
gateio,METANUSDT,2025-06-20,METANUSDT_2025-06-20_klines.csv,25.54,28.57,,VOLATILE_CONTROL
gateio,METAONUSDT,2025-09-03,METAONUSDT_2025-09-03_klines.csv,3.62,0.0,,VOLATILE_CONTROL
gateio,METAXUSDT,2025-07-02,METAXUSDT_2025-07-02_klines.csv,300.42,105.49,extreme,PUMP
gateio,METAXUSDT,2025-07-02,METAXUSDT_2025-07-02_klines_L2.csv,,,,ERROR
gateio,METAXUSDT,2025-07-02,METAXUSDT_2025-07-02_klines_market_ctx.csv,,,,ERROR
gateio,METAXUSDT,2025-07-02,METAXUSDT_2025-07-02_klines_trades.csv,,,,ERROR
gateio,METFIUSDT,2025-05-25,METFIUSDT_2025-05-25_klines.csv,9.37,114.73,micro,PUMP
gateio,METFIUSDT,2025-05-25,METFIUSDT_2025-05-25_klines_L2.csv,,,,ERROR
gateio,METFIUSDT,2025-05-25,METFIUSDT_2025-05-25_klines_market_ctx.csv,,,,ERROR
gateio,METFIUSDT,2025-05-25,METFIUSDT_2025-05-25_klines_trades.csv,,,,ERROR
gateio,METISUSDT,2025-11-05,METISUSDT_2025-11-05_klines.csv,55.25,66.75,extreme,PUMP
gateio,METISUSDT,2025-11-05,METISUSDT_2025-11-05_klines_L2.csv,,,,ERROR
gateio,METISUSDT,2025-11-05,METISUSDT_2025-11-05_klines_market_ctx.csv,,,,ERROR
gateio,METISUSDT,2025-11-05,METISUSDT_2025-11-05_klines_trades.csv,,,,ERROR
gateio,METOUSDT,2025-07-09,METOUSDT_2025-07-09_klines.csv,0.13,0.0,,VOLATILE_CONTROL
gateio,METUSDT,2025-11-04,METUSDT_2025-11-04_klines.csv,40.18,27.32,,VOLATILE_CONTROL
gateio,MEUSDT,2025-12-31,MEUSDT_2025-12-31_klines.csv,15.62,54.23,small,PUMP
gateio,MEUSDT,2025-12-31,MEUSDT_2025-12-31_klines_L2.csv,,,,ERROR
gateio,MEUSDT,2025-12-31,MEUSDT_2025-12-31_klines_market_ctx.csv,,,,ERROR
gateio,MEUSDT,2025-12-31,MEUSDT_2025-12-31_klines_trades.csv,,,,ERROR
gateio,MEWUSDT,2025-05-09,MEWUSDT_2025-05-09_klines.csv,42.14,97.6,major,PUMP
gateio,MEWUSDT,2025-05-09,MEWUSDT_2025-05-09_klines_L2.csv,,,,ERROR
gateio,MEWUSDT,2025-05-09,MEWUSDT_2025-05-09_klines_market_ctx.csv,,,,ERROR
gateio,MEWUSDT,2025-05-09,MEWUSDT_2025-05-09_klines_trades.csv,,,,ERROR
gateio,MEWUSDT,2025-05-18,MEWUSDT_2025-05-18_klines.csv,55.59,62.95,extreme,PUMP
gateio,MEZOUSDT,2026-04-01,MEZOUSDT_2026-04-01_klines.csv,29.0,233.22,medium,PUMP
gateio,MEZOUSDT,2026-04-01,MEZOUSDT_2026-04-01_klines_L2.csv,,,,ERROR
gateio,MEZOUSDT,2026-04-01,MEZOUSDT_2026-04-01_klines_market_ctx.csv,,,,ERROR
gateio,MEZOUSDT,2026-04-01,MEZOUSDT_2026-04-01_klines_trades.csv,,,,ERROR
gateio,MFUSDT,2025-10-06,MFUSDT_2025-10-06_klines.csv,118.44,150.64,extreme,PUMP
gateio,MFUSDT,2025-10-06,MFUSDT_2025-10-06_klines_L2.csv,,,,ERROR
gateio,MFUSDT,2025-10-06,MFUSDT_2025-10-06_klines_market_ctx.csv,,,,ERROR
gateio,MFUSDT,2025-10-06,MFUSDT_2025-10-06_klines_trades.csv,,,,ERROR
gateio,MGKLUSDT,2025-08-12,MGKLUSDT_2025-08-12_klines.csv,9.76,116.44,micro,PUMP
gateio,MGKLUSDT,2025-08-12,MGKLUSDT_2025-08-12_klines_L2.csv,,,,ERROR
gateio,MGKLUSDT,2025-08-12,MGKLUSDT_2025-08-12_klines_market_ctx.csv,,,,ERROR
gateio,MGKLUSDT,2025-08-12,MGKLUSDT_2025-08-12_klines_trades.csv,,,,ERROR
gateio,MGOUSDT,2025-06-24,MGOUSDT_2025-06-24_klines.csv,681.2,74.4,extreme,PUMP
gateio,MGOUSDT,2025-06-24,MGOUSDT_2025-06-24_klines_L2.csv,,,,ERROR
gateio,MGOUSDT,2025-06-24,MGOUSDT_2025-06-24_klines_market_ctx.csv,,,,ERROR
gateio,MGOUSDT,2025-06-24,MGOUSDT_2025-06-24_klines_trades.csv,,,,ERROR
gateio,MGTUSDT,2025-05-24,MGTUSDT_2025-05-24_klines.csv,18.45,305.44,small,PUMP
gateio,MGTUSDT,2025-05-24,MGTUSDT_2025-05-24_klines_L2.csv,,,,ERROR
gateio,MGTUSDT,2025-05-24,MGTUSDT_2025-05-24_klines_market_ctx.csv,,,,ERROR
gateio,MGTUSDT,2025-05-24,MGTUSDT_2025-05-24_klines_trades.csv,,,,ERROR
gateio,MIGGLESUSDT,2025-05-09,MIGGLESUSDT_2025-05-09_klines.csv,60.81,99.92,extreme,PUMP
gateio,MIGGLESUSDT,2025-05-09,MIGGLESUSDT_2025-05-09_klines_L2.csv,,,,ERROR
gateio,MIGGLESUSDT,2025-05-09,MIGGLESUSDT_2025-05-09_klines_market_ctx.csv,,,,ERROR
gateio,MIGGLESUSDT,2025-05-09,MIGGLESUSDT_2025-05-09_klines_trades.csv,,,,ERROR
gateio,MIGGLESUSDT,2025-06-23,MIGGLESUSDT_2025-06-23_klines.csv,42.32,21.44,,VOLATILE_CONTROL
gateio,MILADYCULTUSDT,2025-06-23,MILADYCULTUSDT_2025-06-23_klines.csv,14.39,38.07,small,PUMP
gateio,MILADYCULTUSDT,2025-06-23,MILADYCULTUSDT_2025-06-23_klines_L2.csv,,,,ERROR
gateio,MILADYCULTUSDT,2025-06-23,MILADYCULTUSDT_2025-06-23_klines_market_ctx.csv,,,,ERROR
gateio,MILADYCULTUSDT,2025-06-23,MILADYCULTUSDT_2025-06-23_klines_trades.csv,,,,ERROR
gateio,MILOUSDT,2025-08-30,MILOUSDT_2025-08-30_klines.csv,1.17,0.0,,VOLATILE_CONTROL
gateio,MINAUSDT,2025-10-17,MINAUSDT_2025-10-17_klines.csv,1.32,0.0,,VOLATILE_CONTROL
gateio,MIRAIUSDT,2025-05-16,MIRAIUSDT_2025-05-16_klines.csv,163.44,84.24,extreme,PUMP
gateio,MIRAIUSDT,2025-05-16,MIRAIUSDT_2025-05-16_klines_L2.csv,,,,ERROR
gateio,MIRAIUSDT,2025-05-16,MIRAIUSDT_2025-05-16_klines_market_ctx.csv,,,,ERROR
gateio,MIRAIUSDT,2025-05-16,MIRAIUSDT_2025-05-16_klines_trades.csv,,,,ERROR
gateio,MIRAUSDT,2025-09-26,MIRAUSDT_2025-09-26_klines.csv,166.59,127.03,extreme,PUMP
gateio,MIRAUSDT,2025-09-26,MIRAUSDT_2025-09-26_klines_L2.csv,,,,ERROR
gateio,MIRAUSDT,2025-09-26,MIRAUSDT_2025-09-26_klines_market_ctx.csv,,,,ERROR
gateio,MIRAUSDT,2025-09-26,MIRAUSDT_2025-09-26_klines_trades.csv,,,,ERROR
gateio,MIRRORUSDT,2025-09-08,MIRRORUSDT_2025-09-08_klines.csv,95.05,109.37,extreme,PUMP
gateio,MIRRORUSDT,2025-09-08,MIRRORUSDT_2025-09-08_klines_L2.csv,,,,ERROR
gateio,MIRRORUSDT,2025-09-08,MIRRORUSDT_2025-09-08_klines_market_ctx.csv,,,,ERROR
gateio,MIRRORUSDT,2025-09-08,MIRRORUSDT_2025-09-08_klines_trades.csv,,,,ERROR
gateio,MITOUSDT,2025-08-30,MITOUSDT_2025-08-30_klines.csv,46.19,146.39,major,PUMP
gateio,MITOUSDT,2025-08-30,MITOUSDT_2025-08-30_klines_L2.csv,,,,ERROR
gateio,MITOUSDT,2025-08-30,MITOUSDT_2025-08-30_klines_market_ctx.csv,,,,ERROR
gateio,MITOUSDT,2025-08-30,MITOUSDT_2025-08-30_klines_trades.csv,,,,ERROR
gateio,MIXUSDT,2025-05-27,MIXUSDT_2025-05-27_klines.csv,6.17,230.43,micro,PUMP
gateio,MIXUSDT,2025-05-27,MIXUSDT_2025-05-27_klines_L2.csv,,,,ERROR
gateio,MIXUSDT,2025-05-27,MIXUSDT_2025-05-27_klines_market_ctx.csv,,,,ERROR
gateio,MIXUSDT,2025-05-27,MIXUSDT_2025-05-27_klines_trades.csv,,,,ERROR
gateio,MLCUSDT,2025-05-09,MLCUSDT_2025-05-09_klines.csv,26.73,47.75,medium,PUMP
gateio,MLCUSDT,2025-05-09,MLCUSDT_2025-05-09_klines_L2.csv,,,,ERROR
gateio,MLCUSDT,2025-05-09,MLCUSDT_2025-05-09_klines_market_ctx.csv,,,,ERROR
gateio,MLCUSDT,2025-05-09,MLCUSDT_2025-05-09_klines_trades.csv,,,,ERROR
gateio,MLCUSDT,2025-05-15,MLCUSDT_2025-05-15_klines.csv,95.08,75.55,extreme,PUMP
gateio,MLKUSDT,2025-12-16,MLKUSDT_2025-12-16_klines.csv,22.45,124.86,medium,PUMP
gateio,MLKUSDT,2025-12-16,MLKUSDT_2025-12-16_klines_L2.csv,,,,ERROR
gateio,MLKUSDT,2025-12-16,MLKUSDT_2025-12-16_klines_market_ctx.csv,,,,ERROR
gateio,MLKUSDT,2025-12-16,MLKUSDT_2025-12-16_klines_trades.csv,,,,ERROR
gateio,MLNUSDT,2025-06-24,MLNUSDT_2025-06-24_klines.csv,3.55,0.0,,VOLATILE_CONTROL
gateio,MLUSDT,2025-09-17,MLUSDT_2025-09-17_klines.csv,4.18,0.0,,VOLATILE_CONTROL
gateio,MMPROUSDT,2025-05-29,MMPROUSDT_2025-05-29_klines.csv,60.93,112.15,extreme,PUMP
gateio,MMPROUSDT,2025-05-29,MMPROUSDT_2025-05-29_klines_L2.csv,,,,ERROR
gateio,MMPROUSDT,2025-05-29,MMPROUSDT_2025-05-29_klines_market_ctx.csv,,,,ERROR
gateio,MMPROUSDT,2025-05-29,MMPROUSDT_2025-05-29_klines_trades.csv,,,,ERROR
gateio,MMTUSDT,2025-11-04,MMTUSDT_2025-11-04_klines.csv,1219.28,97.74,extreme,PUMP
gateio,MMTUSDT,2025-11-04,MMTUSDT_2025-11-04_klines_L2.csv,,,,ERROR
gateio,MMTUSDT,2025-11-04,MMTUSDT_2025-11-04_klines_market_ctx.csv,,,,ERROR
gateio,MMTUSDT,2025-11-04,MMTUSDT_2025-11-04_klines_trades.csv,,,,ERROR
gateio,MNDEUSDT,2025-05-09,MNDEUSDT_2025-05-09_klines.csv,72.05,92.68,extreme,PUMP
gateio,MNDEUSDT,2025-05-09,MNDEUSDT_2025-05-09_klines_L2.csv,,,,ERROR
gateio,MNDEUSDT,2025-05-09,MNDEUSDT_2025-05-09_klines_market_ctx.csv,,,,ERROR
gateio,MNDEUSDT,2025-05-09,MNDEUSDT_2025-05-09_klines_trades.csv,,,,ERROR
gateio,MNDEUSDT,2025-05-15,MNDEUSDT_2025-05-15_klines.csv,90.99,94.76,extreme,PUMP
gateio,MOBUSDT,2025-07-31,MOBUSDT_2025-07-31_klines.csv,1.64,0.0,,VOLATILE_CONTROL
gateio,MOCAUSDT,2025-06-25,MOCAUSDT_2025-06-25_klines.csv,8.47,189.58,micro,PUMP
gateio,MOCAUSDT,2025-06-25,MOCAUSDT_2025-06-25_klines_L2.csv,,,,ERROR
gateio,MOCAUSDT,2025-06-25,MOCAUSDT_2025-06-25_klines_market_ctx.csv,,,,ERROR
gateio,MOCAUSDT,2025-06-25,MOCAUSDT_2025-06-25_klines_trades.csv,,,,ERROR
gateio,MODEUSDT,2025-06-16,MODEUSDT_2025-06-16_klines.csv,8.99,428.83,micro,PUMP
gateio,MODEUSDT,2025-06-16,MODEUSDT_2025-06-16_klines_L2.csv,,,,ERROR
gateio,MODEUSDT,2025-06-16,MODEUSDT_2025-06-16_klines_market_ctx.csv,,,,ERROR
gateio,MODEUSDT,2025-06-16,MODEUSDT_2025-06-16_klines_trades.csv,,,,ERROR
gateio,MOGUSDT,2025-05-18,MOGUSDT_2025-05-18_klines.csv,51.36,74.26,extreme,PUMP
gateio,MOGUSDT,2025-05-18,MOGUSDT_2025-05-18_klines_L2.csv,,,,ERROR
gateio,MOGUSDT,2025-05-18,MOGUSDT_2025-05-18_klines_market_ctx.csv,,,,ERROR
gateio,MOGUSDT,2025-05-18,MOGUSDT_2025-05-18_klines_trades.csv,,,,ERROR
gateio,MON3LUSDT,2025-12-08,MON3LUSDT_2025-12-08_klines.csv,52.34,214.46,extreme,PUMP
gateio,MON3LUSDT,2025-12-08,MON3LUSDT_2025-12-08_klines_L2.csv,,,,ERROR
gateio,MON3LUSDT,2025-12-08,MON3LUSDT_2025-12-08_klines_market_ctx.csv,,,,ERROR
gateio,MON3LUSDT,2025-12-08,MON3LUSDT_2025-12-08_klines_trades.csv,,,,ERROR
gateio,MON3SUSDT,2025-11-27,MON3SUSDT_2025-11-27_klines.csv,339.37,101.81,extreme,PUMP
gateio,MON3SUSDT,2025-11-27,MON3SUSDT_2025-11-27_klines_L2.csv,,,,ERROR
gateio,MON3SUSDT,2025-11-27,MON3SUSDT_2025-11-27_klines_market_ctx.csv,,,,ERROR
gateio,MON3SUSDT,2025-11-27,MON3SUSDT_2025-11-27_klines_trades.csv,,,,ERROR
gateio,MONKYUSDT,2025-12-19,MONKYUSDT_2025-12-19_klines.csv,12.63,114.63,small,PUMP
gateio,MONKYUSDT,2025-12-19,MONKYUSDT_2025-12-19_klines_L2.csv,,,,ERROR
gateio,MONKYUSDT,2025-12-19,MONKYUSDT_2025-12-19_klines_market_ctx.csv,,,,ERROR
gateio,MONKYUSDT,2025-12-19,MONKYUSDT_2025-12-19_klines_trades.csv,,,,ERROR
gateio,MONPROUSDT,2025-06-14,MONPROUSDT_2025-06-14_klines.csv,0.0,0.0,,VOLATILE_CONTROL
gateio,MONUSDT,2025-11-24,MONUSDT_2025-11-24_klines.csv,142.13,92.71,extreme,PUMP
gateio,MONUSDT,2025-11-24,MONUSDT_2025-11-24_klines_L2.csv,,,,ERROR
gateio,MONUSDT,2025-11-24,MONUSDT_2025-11-24_klines_market_ctx.csv,,,,ERROR
gateio,MONUSDT,2025-11-24,MONUSDT_2025-11-24_klines_trades.csv,,,,ERROR
gateio,MOODENG3LUSDT,2025-05-09,MOODENG3LUSDT_2025-05-09_klines.csv,596.7,103.87,extreme,PUMP
gateio,MOODENG3LUSDT,2025-05-09,MOODENG3LUSDT_2025-05-09_klines_L2.csv,,,,ERROR
gateio,MOODENG3LUSDT,2025-05-09,MOODENG3LUSDT_2025-05-09_klines_market_ctx.csv,,,,ERROR
gateio,MOODENG3LUSDT,2025-05-09,MOODENG3LUSDT_2025-05-09_klines_trades.csv,,,,ERROR
gateio,MOODENG3LUSDT,2025-05-16,MOODENG3LUSDT_2025-05-16_klines.csv,56.53,135.5,extreme,PUMP
gateio,MOODENG3SUSDT,2025-05-11,MOODENG3SUSDT_2025-05-11_klines.csv,51.13,290.93,extreme,PUMP
gateio,MOODENG3SUSDT,2025-05-11,MOODENG3SUSDT_2025-05-11_klines_L2.csv,,,,ERROR
gateio,MOODENG3SUSDT,2025-05-11,MOODENG3SUSDT_2025-05-11_klines_market_ctx.csv,,,,ERROR
gateio,MOODENG3SUSDT,2025-05-11,MOODENG3SUSDT_2025-05-11_klines_trades.csv,,,,ERROR
gateio,MOODENG3SUSDT,2025-05-15,MOODENG3SUSDT_2025-05-15_klines.csv,127.41,163.3,extreme,PUMP
gateio,MOODENGETHUSDT,2025-05-09,MOODENGETHUSDT_2025-05-09_klines.csv,91.57,90.29,extreme,PUMP
gateio,MOODENGETHUSDT,2025-05-09,MOODENGETHUSDT_2025-05-09_klines_L2.csv,,,,ERROR
gateio,MOODENGETHUSDT,2025-05-09,MOODENGETHUSDT_2025-05-09_klines_market_ctx.csv,,,,ERROR
gateio,MOODENGETHUSDT,2025-05-09,MOODENGETHUSDT_2025-05-09_klines_trades.csv,,,,ERROR
gateio,MOODENGETHUSDT,2025-06-23,MOODENGETHUSDT_2025-06-23_klines.csv,28.01,74.23,medium,PUMP
gateio,MOODENGUSDT,2025-05-09,MOODENGUSDT_2025-05-09_klines.csv,354.79,61.76,extreme,PUMP
gateio,MOODENGUSDT,2025-05-09,MOODENGUSDT_2025-05-09_klines_L2.csv,,,,ERROR
gateio,MOODENGUSDT,2025-05-09,MOODENGUSDT_2025-05-09_klines_market_ctx.csv,,,,ERROR
gateio,MOODENGUSDT,2025-05-09,MOODENGUSDT_2025-05-09_klines_trades.csv,,,,ERROR
gateio,MOODENGUSDT,2025-05-17,MOODENGUSDT_2025-05-17_klines.csv,64.76,61.98,extreme,PUMP
gateio,MOOOUSDT,2025-07-27,MOOOUSDT_2025-07-27_klines.csv,0.0,0.0,,VOLATILE_CONTROL
gateio,MOOVUSDT,2025-07-08,MOOVUSDT_2025-07-08_klines.csv,26.29,86.5,medium,PUMP
gateio,MOOVUSDT,2025-07-08,MOOVUSDT_2025-07-08_klines_L2.csv,,,,ERROR
gateio,MOOVUSDT,2025-07-08,MOOVUSDT_2025-07-08_klines_market_ctx.csv,,,,ERROR
gateio,MOOVUSDT,2025-07-08,MOOVUSDT_2025-07-08_klines_trades.csv,,,,ERROR
gateio,MOREUSDT,2025-06-27,MOREUSDT_2025-06-27_klines.csv,633.33,107.24,extreme,PUMP
gateio,MOREUSDT,2025-06-27,MOREUSDT_2025-06-27_klines_L2.csv,,,,ERROR
gateio,MOREUSDT,2025-06-27,MOREUSDT_2025-06-27_klines_market_ctx.csv,,,,ERROR
gateio,MOREUSDT,2025-06-27,MOREUSDT_2025-06-27_klines_trades.csv,,,,ERROR
gateio,MOVEUSDT,2025-06-20,MOVEUSDT_2025-06-20_klines.csv,52.19,39.32,extreme,PUMP
gateio,MOVEUSDT,2025-06-20,MOVEUSDT_2025-06-20_klines_L2.csv,,,,ERROR
gateio,MOVEUSDT,2025-06-20,MOVEUSDT_2025-06-20_klines_market_ctx.csv,,,,ERROR
gateio,MOVEUSDT,2025-06-20,MOVEUSDT_2025-06-20_klines_trades.csv,,,,ERROR
gateio,MOVRUSDT,2026-03-30,MOVRUSDT_2026-03-30_klines.csv,37.1,32.62,large,PUMP
gateio,MOVRUSDT,2026-03-30,MOVRUSDT_2026-03-30_klines_L2.csv,,,,ERROR
gateio,MOVRUSDT,2026-03-30,MOVRUSDT_2026-03-30_klines_market_ctx.csv,,,,ERROR
gateio,MOVRUSDT,2026-03-30,MOVRUSDT_2026-03-30_klines_trades.csv,,,,ERROR
gateio,MPLXUSDT,2025-06-29,MPLXUSDT_2025-06-29_klines.csv,3.42,0.0,,VOLATILE_CONTROL
gateio,MPUSDT,2025-06-09,MPUSDT_2025-06-09_klines.csv,15.68,40.37,small,PUMP
gateio,MPUSDT,2025-06-09,MPUSDT_2025-06-09_klines_L2.csv,,,,ERROR
gateio,MPUSDT,2025-06-09,MPUSDT_2025-06-09_klines_market_ctx.csv,,,,ERROR
gateio,MPUSDT,2025-06-09,MPUSDT_2025-06-09_klines_trades.csv,,,,ERROR
gateio,MRLNUSDT,2025-09-16,MRLNUSDT_2025-09-16_klines.csv,232.08,105.72,extreme,PUMP
gateio,MRLNUSDT,2025-09-16,MRLNUSDT_2025-09-16_klines_L2.csv,,,,ERROR
gateio,MRLNUSDT,2025-09-16,MRLNUSDT_2025-09-16_klines_market_ctx.csv,,,,ERROR
gateio,MRLNUSDT,2025-09-16,MRLNUSDT_2025-09-16_klines_trades.csv,,,,ERROR
gateio,MRSOONUSDT,2025-05-09,MRSOONUSDT_2025-05-09_klines.csv,11.39,239.41,small,PUMP
gateio,MRSOONUSDT,2025-05-09,MRSOONUSDT_2025-05-09_klines_L2.csv,,,,ERROR
gateio,MRSOONUSDT,2025-05-09,MRSOONUSDT_2025-05-09_klines_market_ctx.csv,,,,ERROR
gateio,MRSOONUSDT,2025-05-09,MRSOONUSDT_2025-05-09_klines_trades.csv,,,,ERROR
gateio,MRSOONUSDT,2025-05-15,MRSOONUSDT_2025-05-15_klines.csv,0.8,0.0,,VOLATILE_CONTROL
gateio,MSOLUSDT,2025-06-23,MSOLUSDT_2025-06-23_klines.csv,50.18,76.83,extreme,PUMP
gateio,MSOLUSDT,2025-06-23,MSOLUSDT_2025-06-23_klines_L2.csv,,,,ERROR
gateio,MSOLUSDT,2025-06-23,MSOLUSDT_2025-06-23_klines_market_ctx.csv,,,,ERROR
gateio,MSOLUSDT,2025-06-23,MSOLUSDT_2025-06-23_klines_trades.csv,,,,ERROR
gateio,MSQUSDT,2025-05-09,MSQUSDT_2025-05-09_klines.csv,44.7,80.45,major,PUMP
gateio,MSQUSDT,2025-05-09,MSQUSDT_2025-05-09_klines_L2.csv,,,,ERROR
gateio,MSQUSDT,2025-05-09,MSQUSDT_2025-05-09_klines_market_ctx.csv,,,,ERROR
gateio,MSQUSDT,2025-05-09,MSQUSDT_2025-05-09_klines_trades.csv,,,,ERROR
gateio,MSQUSDT,2025-05-15,MSQUSDT_2025-05-15_klines.csv,54.93,76.38,extreme,PUMP
gateio,MSTARUSDT,2025-05-09,MSTARUSDT_2025-05-09_klines.csv,70.05,118.72,extreme,PUMP
gateio,MSTARUSDT,2025-05-09,MSTARUSDT_2025-05-09_klines_L2.csv,,,,ERROR
gateio,MSTARUSDT,2025-05-09,MSTARUSDT_2025-05-09_klines_market_ctx.csv,,,,ERROR
gateio,MSTARUSDT,2025-05-09,MSTARUSDT_2025-05-09_klines_trades.csv,,,,ERROR
gateio,MSTARUSDT,2025-05-15,MSTARUSDT_2025-05-15_klines.csv,57.2,175.99,extreme,PUMP
gateio,MSTR3LUSDT,2026-02-02,MSTR3LUSDT_2026-02-02_klines.csv,4.81,0.0,,VOLATILE_CONTROL
gateio,MSTR3SUSDT,2026-01-26,MSTR3SUSDT_2026-01-26_klines.csv,43.19,75.62,major,PUMP
gateio,MTOSUSDT,2025-06-08,MTOSUSDT_2025-06-08_klines.csv,16.82,261.24,small,PUMP
gateio,MTOSUSDT,2025-06-08,MTOSUSDT_2025-06-08_klines_L2.csv,,,,ERROR
gateio,MTOSUSDT,2025-06-08,MTOSUSDT_2025-06-08_klines_market_ctx.csv,,,,ERROR
gateio,MTOSUSDT,2025-06-08,MTOSUSDT_2025-06-08_klines_trades.csv,,,,ERROR
gateio,MTRGUSDT,2025-05-16,MTRGUSDT_2025-05-16_klines.csv,16.68,122.05,small,PUMP
gateio,MTRGUSDT,2025-05-16,MTRGUSDT_2025-05-16_klines_L2.csv,,,,ERROR
gateio,MTRGUSDT,2025-05-16,MTRGUSDT_2025-05-16_klines_market_ctx.csv,,,,ERROR
gateio,MTRGUSDT,2025-05-16,MTRGUSDT_2025-05-16_klines_trades.csv,,,,ERROR
gateio,MTVUSDT,2025-07-06,MTVUSDT_2025-07-06_klines.csv,32.85,39.06,large,PUMP
gateio,MTVUSDT,2025-07-06,MTVUSDT_2025-07-06_klines_L2.csv,,,,ERROR
gateio,MTVUSDT,2025-07-06,MTVUSDT_2025-07-06_klines_market_ctx.csv,,,,ERROR
gateio,MTVUSDT,2025-07-06,MTVUSDT_2025-07-06_klines_trades.csv,,,,ERROR
gateio,MUBARAKUSDT,2025-05-09,MUBARAKUSDT_2025-05-09_klines.csv,126.28,74.2,extreme,PUMP
gateio,MUBARAKUSDT,2025-05-09,MUBARAKUSDT_2025-05-09_klines_L2.csv,,,,ERROR
gateio,MUBARAKUSDT,2025-05-09,MUBARAKUSDT_2025-05-09_klines_market_ctx.csv,,,,ERROR
gateio,MUBARAKUSDT,2025-05-09,MUBARAKUSDT_2025-05-09_klines_trades.csv,,,,ERROR
gateio,MUBARAKUSDT,2025-05-18,MUBARAKUSDT_2025-05-18_klines.csv,52.05,70.69,extreme,PUMP
gateio,MULTIUSDT,2025-05-22,MULTIUSDT_2025-05-22_klines.csv,9.23,145.17,micro,PUMP
gateio,MULTIUSDT,2025-05-22,MULTIUSDT_2025-05-22_klines_L2.csv,,,,ERROR
gateio,MULTIUSDT,2025-05-22,MULTIUSDT_2025-05-22_klines_market_ctx.csv,,,,ERROR
gateio,MULTIUSDT,2025-05-22,MULTIUSDT_2025-05-22_klines_trades.csv,,,,ERROR
gateio,MUSDT,2025-09-11,MUSDT_2025-09-11_klines.csv,50.58,46.14,extreme,PUMP
gateio,MUSDT,2025-09-11,MUSDT_2025-09-11_klines_L2.csv,,,,ERROR
gateio,MUSDT,2025-09-11,MUSDT_2025-09-11_klines_market_ctx.csv,,,,ERROR
gateio,MUSDT,2025-09-11,MUSDT_2025-09-11_klines_trades.csv,,,,ERROR
gateio,MUSEUSDT,2025-07-04,MUSEUSDT_2025-07-04_klines.csv,13.97,91.87,small,PUMP
gateio,MUSEUSDT,2025-07-04,MUSEUSDT_2025-07-04_klines_L2.csv,,,,ERROR
gateio,MUSEUSDT,2025-07-04,MUSEUSDT_2025-07-04_klines_market_ctx.csv,,,,ERROR
gateio,MUSEUSDT,2025-07-04,MUSEUSDT_2025-07-04_klines_trades.csv,,,,ERROR
gateio,MVRKUSDT,2025-09-18,MVRKUSDT_2025-09-18_klines.csv,487.2,110.45,extreme,PUMP
gateio,MVRKUSDT,2025-09-18,MVRKUSDT_2025-09-18_klines_L2.csv,,,,ERROR
gateio,MVRKUSDT,2025-09-18,MVRKUSDT_2025-09-18_klines_market_ctx.csv,,,,ERROR
gateio,MVRKUSDT,2025-09-18,MVRKUSDT_2025-09-18_klines_trades.csv,,,,ERROR
gateio,MVUSDT,2025-05-09,MVUSDT_2025-05-09_klines.csv,23.8,41.75,medium,PUMP
gateio,MVUSDT,2025-05-09,MVUSDT_2025-05-09_klines_L2.csv,,,,ERROR
gateio,MVUSDT,2025-05-09,MVUSDT_2025-05-09_klines_market_ctx.csv,,,,ERROR
gateio,MVUSDT,2025-05-09,MVUSDT_2025-05-09_klines_trades.csv,,,,ERROR
gateio,MVUSDT,2026-03-01,MVUSDT_2026-03-01_klines.csv,4.2,0.0,,VOLATILE_CONTROL
gateio,MYROUSDT,2025-05-09,MYROUSDT_2025-05-09_klines.csv,52.96,113.24,extreme,PUMP
gateio,MYROUSDT,2025-05-09,MYROUSDT_2025-05-09_klines_L2.csv,,,,ERROR
gateio,MYROUSDT,2025-05-09,MYROUSDT_2025-05-09_klines_market_ctx.csv,,,,ERROR
gateio,MYROUSDT,2025-05-09,MYROUSDT_2025-05-09_klines_trades.csv,,,,ERROR
gateio,MYROUSDT,2025-06-23,MYROUSDT_2025-06-23_klines.csv,28.56,53.4,medium,PUMP
gateio,MYUSDT,2025-11-05,MYUSDT_2025-11-05_klines.csv,399.97,29.69,,VOLATILE_CONTROL
gateio,MYXUSDT,2025-09-14,MYXUSDT_2025-09-14_klines.csv,50.35,144.84,extreme,PUMP
gateio,MYXUSDT,2025-09-14,MYXUSDT_2025-09-14_klines_L2.csv,,,,ERROR
gateio,MYXUSDT,2025-09-14,MYXUSDT_2025-09-14_klines_market_ctx.csv,,,,ERROR
gateio,MYXUSDT,2025-09-14,MYXUSDT_2025-09-14_klines_trades.csv,,,,ERROR
gateio,NACHOUSDT,2025-05-09,NACHOUSDT_2025-05-09_klines.csv,54.18,38.43,extreme,PUMP
gateio,NACHOUSDT,2025-05-09,NACHOUSDT_2025-05-09_klines_L2.csv,,,,ERROR
gateio,NACHOUSDT,2025-05-09,NACHOUSDT_2025-05-09_klines_market_ctx.csv,,,,ERROR
gateio,NACHOUSDT,2025-05-09,NACHOUSDT_2025-05-09_klines_trades.csv,,,,ERROR
gateio,NACHOUSDT,2025-06-03,NACHOUSDT_2025-06-03_klines.csv,57.3,77.53,extreme,PUMP
gateio,NAFTUSDT,2025-07-31,NAFTUSDT_2025-07-31_klines.csv,7.52,208.73,micro,PUMP
gateio,NAFTUSDT,2025-07-31,NAFTUSDT_2025-07-31_klines_L2.csv,,,,ERROR
gateio,NAFTUSDT,2025-07-31,NAFTUSDT_2025-07-31_klines_market_ctx.csv,,,,ERROR
gateio,NAFTUSDT,2025-07-31,NAFTUSDT_2025-07-31_klines_trades.csv,,,,ERROR
gateio,NAKAUSDT,2025-05-09,NAKAUSDT_2025-05-09_klines.csv,58.14,87.28,extreme,PUMP
gateio,NAKAUSDT,2025-05-09,NAKAUSDT_2025-05-09_klines_L2.csv,,,,ERROR
gateio,NAKAUSDT,2025-05-09,NAKAUSDT_2025-05-09_klines_market_ctx.csv,,,,ERROR
gateio,NAKAUSDT,2025-05-09,NAKAUSDT_2025-05-09_klines_trades.csv,,,,ERROR
gateio,NAKAUSDT,2025-09-29,NAKAUSDT_2025-09-29_klines.csv,64.7,24.89,,VOLATILE_CONTROL
gateio,NANOUSDT,2025-10-18,NANOUSDT_2025-10-18_klines.csv,8.07,140.56,micro,PUMP
gateio,NANOUSDT,2025-10-18,NANOUSDT_2025-10-18_klines_L2.csv,,,,ERROR
gateio,NANOUSDT,2025-10-18,NANOUSDT_2025-10-18_klines_market_ctx.csv,,,,ERROR
gateio,NANOUSDT,2025-10-18,NANOUSDT_2025-10-18_klines_trades.csv,,,,ERROR
gateio,NAORISUSDT,2025-08-23,NAORISUSDT_2025-08-23_klines.csv,18.53,99.79,small,PUMP
gateio,NAORISUSDT,2025-08-23,NAORISUSDT_2025-08-23_klines_L2.csv,,,,ERROR
gateio,NAORISUSDT,2025-08-23,NAORISUSDT_2025-08-23_klines_market_ctx.csv,,,,ERROR
gateio,NAORISUSDT,2025-08-23,NAORISUSDT_2025-08-23_klines_trades.csv,,,,ERROR
gateio,NAPUSDT,2025-05-09,NAPUSDT_2025-05-09_klines.csv,8.48,242.21,micro,PUMP
gateio,NAPUSDT,2025-05-09,NAPUSDT_2025-05-09_klines_L2.csv,,,,ERROR
gateio,NAPUSDT,2025-05-09,NAPUSDT_2025-05-09_klines_market_ctx.csv,,,,ERROR
gateio,NAPUSDT,2025-05-09,NAPUSDT_2025-05-09_klines_trades.csv,,,,ERROR
gateio,NAPUSDT,2025-05-15,NAPUSDT_2025-05-15_klines.csv,72.77,96.8,extreme,PUMP
gateio,NATIXUSDT,2025-05-15,NATIXUSDT_2025-05-15_klines.csv,39.92,4.02,,VOLATILE_CONTROL
gateio,NAVXUSDT,2025-07-09,NAVXUSDT_2025-07-09_klines.csv,27.33,17.79,,VOLATILE_CONTROL
gateio,NAWSUSDT,2025-05-11,NAWSUSDT_2025-05-11_klines.csv,10.94,210.24,small,PUMP
gateio,NAWSUSDT,2025-05-11,NAWSUSDT_2025-05-11_klines_L2.csv,,,,ERROR
gateio,NAWSUSDT,2025-05-11,NAWSUSDT_2025-05-11_klines_market_ctx.csv,,,,ERROR
gateio,NAWSUSDT,2025-05-11,NAWSUSDT_2025-05-11_klines_trades.csv,,,,ERROR
gateio,NAWSUSDT,2025-05-15,NAWSUSDT_2025-05-15_klines.csv,3.43,0.0,,VOLATILE_CONTROL
gateio,NBLUUSDT,2025-11-21,NBLUUSDT_2025-11-21_klines.csv,38.43,112.86,large,PUMP
gateio,NBLUUSDT,2025-11-21,NBLUUSDT_2025-11-21_klines_L2.csv,,,,ERROR
gateio,NBLUUSDT,2025-11-21,NBLUUSDT_2025-11-21_klines_market_ctx.csv,,,,ERROR
gateio,NBLUUSDT,2025-11-21,NBLUUSDT_2025-11-21_klines_trades.csv,,,,ERROR
gateio,NBSUSDT,2025-05-09,NBSUSDT_2025-05-09_klines.csv,82.75,118.22,extreme,PUMP
gateio,NBSUSDT,2025-05-09,NBSUSDT_2025-05-09_klines_L2.csv,,,,ERROR
gateio,NBSUSDT,2025-05-09,NBSUSDT_2025-05-09_klines_market_ctx.csv,,,,ERROR
gateio,NBSUSDT,2025-05-09,NBSUSDT_2025-05-09_klines_trades.csv,,,,ERROR
gateio,NBSUSDT,2025-05-15,NBSUSDT_2025-05-15_klines.csv,85.56,122.1,extreme,PUMP
gateio,NBTUSDT,2025-05-09,NBTUSDT_2025-05-09_klines.csv,53.08,93.11,extreme,PUMP
gateio,NBTUSDT,2025-05-09,NBTUSDT_2025-05-09_klines_L2.csv,,,,ERROR
gateio,NBTUSDT,2025-05-09,NBTUSDT_2025-05-09_klines_market_ctx.csv,,,,ERROR
gateio,NBTUSDT,2025-05-09,NBTUSDT_2025-05-09_klines_trades.csv,,,,ERROR
gateio,NBTUSDT,2025-07-30,NBTUSDT_2025-07-30_klines.csv,5.06,142.97,micro,PUMP
gateio,NCNUSDT,2025-05-15,NCNUSDT_2025-05-15_klines.csv,51.63,128.89,extreme,PUMP
gateio,NCNUSDT,2025-05-15,NCNUSDT_2025-05-15_klines_L2.csv,,,,ERROR
gateio,NCNUSDT,2025-05-15,NCNUSDT_2025-05-15_klines_market_ctx.csv,,,,ERROR
gateio,NCNUSDT,2025-05-15,NCNUSDT_2025-05-15_klines_trades.csv,,,,ERROR
gateio,NCTUSDT,2025-06-22,NCTUSDT_2025-06-22_klines.csv,15.84,119.35,small,PUMP
gateio,NCTUSDT,2025-06-22,NCTUSDT_2025-06-22_klines_L2.csv,,,,ERROR
gateio,NCTUSDT,2025-06-22,NCTUSDT_2025-06-22_klines_market_ctx.csv,,,,ERROR
gateio,NCTUSDT,2025-06-22,NCTUSDT_2025-06-22_klines_trades.csv,,,,ERROR
gateio,NCUSDT,2025-05-09,NCUSDT_2025-05-09_klines.csv,62.8,106.28,extreme,PUMP
gateio,NCUSDT,2025-05-09,NCUSDT_2025-05-09_klines_L2.csv,,,,ERROR
gateio,NCUSDT,2025-05-09,NCUSDT_2025-05-09_klines_market_ctx.csv,,,,ERROR
gateio,NCUSDT,2025-05-09,NCUSDT_2025-05-09_klines_trades.csv,,,,ERROR
gateio,NCUSDT,2025-06-14,NCUSDT_2025-06-14_klines.csv,2.49,0.0,,VOLATILE_CONTROL
gateio,NEAR3LUSDT,2025-05-09,NEAR3LUSDT_2025-05-09_klines.csv,74.9,108.3,extreme,PUMP
gateio,NEAR3LUSDT,2025-05-09,NEAR3LUSDT_2025-05-09_klines_L2.csv,,,,ERROR
gateio,NEAR3LUSDT,2025-05-09,NEAR3LUSDT_2025-05-09_klines_market_ctx.csv,,,,ERROR
gateio,NEAR3LUSDT,2025-05-09,NEAR3LUSDT_2025-05-09_klines_trades.csv,,,,ERROR
gateio,NEAR3LUSDT,2025-05-18,NEAR3LUSDT_2025-05-18_klines.csv,53.18,119.75,extreme,PUMP
gateio,NEAR3SUSDT,2025-05-14,NEAR3SUSDT_2025-05-14_klines.csv,71.4,79.61,extreme,PUMP
gateio,NEAR3SUSDT,2025-05-14,NEAR3SUSDT_2025-05-14_klines_L2.csv,,,,ERROR
gateio,NEAR3SUSDT,2025-05-14,NEAR3SUSDT_2025-05-14_klines_market_ctx.csv,,,,ERROR
gateio,NEAR3SUSDT,2025-05-14,NEAR3SUSDT_2025-05-14_klines_trades.csv,,,,ERROR
gateio,NEAR3SUSDT,2025-05-15,NEAR3SUSDT_2025-05-15_klines.csv,53.66,131.69,extreme,PUMP
gateio,NEAR5LUSDT,2025-05-18,NEAR5LUSDT_2025-05-18_klines.csv,78.52,136.98,extreme,PUMP
gateio,NEAR5LUSDT,2025-05-18,NEAR5LUSDT_2025-05-18_klines_L2.csv,,,,ERROR
gateio,NEAR5LUSDT,2025-05-18,NEAR5LUSDT_2025-05-18_klines_market_ctx.csv,,,,ERROR
gateio,NEAR5LUSDT,2025-05-18,NEAR5LUSDT_2025-05-18_klines_trades.csv,,,,ERROR
gateio,NEAR5SUSDT,2025-05-13,NEAR5SUSDT_2025-05-13_klines.csv,83.86,96.89,extreme,PUMP
gateio,NEAR5SUSDT,2025-05-13,NEAR5SUSDT_2025-05-13_klines_L2.csv,,,,ERROR
gateio,NEAR5SUSDT,2025-05-13,NEAR5SUSDT_2025-05-13_klines_market_ctx.csv,,,,ERROR
gateio,NEAR5SUSDT,2025-05-13,NEAR5SUSDT_2025-05-13_klines_trades.csv,,,,ERROR
gateio,NEAR5SUSDT,2025-05-15,NEAR5SUSDT_2025-05-15_klines.csv,85.75,146.26,extreme,PUMP
gateio,NEARUSDT,2025-10-31,NEARUSDT_2025-10-31_klines.csv,41.38,38.2,major,PUMP
gateio,NEARUSDT,2025-10-31,NEARUSDT_2025-10-31_klines_L2.csv,,,,ERROR
gateio,NEARUSDT,2025-10-31,NEARUSDT_2025-10-31_klines_market_ctx.csv,,,,ERROR
gateio,NEARUSDT,2025-10-31,NEARUSDT_2025-10-31_klines_trades.csv,,,,ERROR
gateio,NEIROUSDT,2025-05-09,NEIROUSDT_2025-05-09_klines.csv,1279.35,96.37,extreme,PUMP
gateio,NEIROUSDT,2025-05-09,NEIROUSDT_2025-05-09_klines_L2.csv,,,,ERROR
gateio,NEIROUSDT,2025-05-09,NEIROUSDT_2025-05-09_klines_market_ctx.csv,,,,ERROR
gateio,NEIROUSDT,2025-05-09,NEIROUSDT_2025-05-09_klines_trades.csv,,,,ERROR
gateio,NEIROUSDT,2025-05-18,NEIROUSDT_2025-05-18_klines.csv,421.06,97.63,extreme,PUMP
gateio,NEKOUSDT,2025-07-22,NEKOUSDT_2025-07-22_klines.csv,10900.0,97.12,extreme,PUMP
gateio,NEKOUSDT,2025-07-22,NEKOUSDT_2025-07-22_klines_L2.csv,,,,ERROR
gateio,NEKOUSDT,2025-07-22,NEKOUSDT_2025-07-22_klines_market_ctx.csv,,,,ERROR
gateio,NEKOUSDT,2025-07-22,NEKOUSDT_2025-07-22_klines_trades.csv,,,,ERROR
gateio,NEONUSDT,2025-05-09,NEONUSDT_2025-05-09_klines.csv,77.28,84.72,extreme,PUMP
gateio,NEONUSDT,2025-05-09,NEONUSDT_2025-05-09_klines_L2.csv,,,,ERROR
gateio,NEONUSDT,2025-05-09,NEONUSDT_2025-05-09_klines_market_ctx.csv,,,,ERROR
gateio,NEONUSDT,2025-05-09,NEONUSDT_2025-05-09_klines_trades.csv,,,,ERROR
gateio,NEONUSDT,2025-06-19,NEONUSDT_2025-06-19_klines.csv,53.85,126.15,extreme,PUMP
gateio,NEROUSDT,2025-07-28,NEROUSDT_2025-07-28_klines.csv,198.88,106.04,extreme,PUMP
gateio,NEROUSDT,2025-07-28,NEROUSDT_2025-07-28_klines_L2.csv,,,,ERROR
gateio,NEROUSDT,2025-07-28,NEROUSDT_2025-07-28_klines_market_ctx.csv,,,,ERROR
gateio,NEROUSDT,2025-07-28,NEROUSDT_2025-07-28_klines_trades.csv,,,,ERROR
gateio,NESSUSDT,2026-01-01,NESSUSDT_2026-01-01_klines.csv,4.67,0.0,,VOLATILE_CONTROL
gateio,NETMINDUSDT,2025-08-19,NETMINDUSDT_2025-08-19_klines.csv,0.72,0.0,,VOLATILE_CONTROL
gateio,NETTUSDT,2025-05-09,NETTUSDT_2025-05-09_klines.csv,314.01,91.88,extreme,PUMP
gateio,NETTUSDT,2025-05-09,NETTUSDT_2025-05-09_klines_L2.csv,,,,ERROR
gateio,NETTUSDT,2025-05-09,NETTUSDT_2025-05-09_klines_market_ctx.csv,,,,ERROR
gateio,NETTUSDT,2025-05-09,NETTUSDT_2025-05-09_klines_trades.csv,,,,ERROR
gateio,NETXUSDT,2025-07-01,NETXUSDT_2025-07-01_klines.csv,28.22,75.25,medium,PUMP
gateio,NETXUSDT,2025-07-01,NETXUSDT_2025-07-01_klines_L2.csv,,,,ERROR
gateio,NETXUSDT,2025-07-01,NETXUSDT_2025-07-01_klines_market_ctx.csv,,,,ERROR
gateio,NETXUSDT,2025-07-01,NETXUSDT_2025-07-01_klines_trades.csv,,,,ERROR
gateio,NEUROUSDT,2025-05-16,NEUROUSDT_2025-05-16_klines.csv,9.55,205.66,micro,PUMP
gateio,NEUROUSDT,2025-05-16,NEUROUSDT_2025-05-16_klines_L2.csv,,,,ERROR
gateio,NEUROUSDT,2025-05-16,NEUROUSDT_2025-05-16_klines_market_ctx.csv,,,,ERROR
gateio,NEUROUSDT,2025-05-16,NEUROUSDT_2025-05-16_klines_trades.csv,,,,ERROR
gateio,NEWTUSDT,2025-06-24,NEWTUSDT_2025-06-24_klines.csv,89.13,128.85,extreme,PUMP
gateio,NEWTUSDT,2025-06-24,NEWTUSDT_2025-06-24_klines_L2.csv,,,,ERROR
gateio,NEWTUSDT,2025-06-24,NEWTUSDT_2025-06-24_klines_market_ctx.csv,,,,ERROR
gateio,NEWTUSDT,2025-06-24,NEWTUSDT_2025-06-24_klines_trades.csv,,,,ERROR
gateio,NEXIUSDT,2026-03-09,NEXIUSDT_2026-03-09_klines.csv,89.39,139.64,extreme,PUMP
gateio,NEXIUSDT,2026-03-09,NEXIUSDT_2026-03-09_klines_L2.csv,,,,ERROR
gateio,NEXIUSDT,2026-03-09,NEXIUSDT_2026-03-09_klines_market_ctx.csv,,,,ERROR
gateio,NEXIUSDT,2026-03-09,NEXIUSDT_2026-03-09_klines_trades.csv,,,,ERROR
gateio,NFEUSDT,2025-05-17,NFEUSDT_2025-05-17_klines.csv,54.66,113.97,extreme,PUMP
gateio,NFEUSDT,2025-05-17,NFEUSDT_2025-05-17_klines_L2.csv,,,,ERROR
gateio,NFEUSDT,2025-05-17,NFEUSDT_2025-05-17_klines_market_ctx.csv,,,,ERROR
gateio,NFEUSDT,2025-05-17,NFEUSDT_2025-05-17_klines_trades.csv,,,,ERROR
gateio,NFLXONUSDT,2025-09-03,NFLXONUSDT_2025-09-03_klines.csv,4.76,0.0,,VOLATILE_CONTROL
gateio,NFPUSDT,2025-06-23,NFPUSDT_2025-06-23_klines.csv,18.4,53.32,small,PUMP
gateio,NFPUSDT,2025-06-23,NFPUSDT_2025-06-23_klines_L2.csv,,,,ERROR
gateio,NFPUSDT,2025-06-23,NFPUSDT_2025-06-23_klines_market_ctx.csv,,,,ERROR
gateio,NFPUSDT,2025-06-23,NFPUSDT_2025-06-23_klines_trades.csv,,,,ERROR
gateio,NIBIUSDT,2025-12-19,NIBIUSDT_2025-12-19_klines.csv,59.65,95.67,extreme,PUMP
gateio,NIBIUSDT,2025-12-19,NIBIUSDT_2025-12-19_klines_L2.csv,,,,ERROR
gateio,NIBIUSDT,2025-12-19,NIBIUSDT_2025-12-19_klines_market_ctx.csv,,,,ERROR
gateio,NIBIUSDT,2025-12-19,NIBIUSDT_2025-12-19_klines_trades.csv,,,,ERROR
gateio,NIGHT3LUSDT,2026-01-19,NIGHT3LUSDT_2026-01-19_klines.csv,56.14,122.43,extreme,PUMP
gateio,NIGHT3LUSDT,2026-01-19,NIGHT3LUSDT_2026-01-19_klines_L2.csv,,,,ERROR
gateio,NIGHT3LUSDT,2026-01-19,NIGHT3LUSDT_2026-01-19_klines_market_ctx.csv,,,,ERROR
gateio,NIGHT3LUSDT,2026-01-19,NIGHT3LUSDT_2026-01-19_klines_trades.csv,,,,ERROR
gateio,NIGHT3SUSDT,2026-01-09,NIGHT3SUSDT_2026-01-09_klines.csv,55.36,58.87,extreme,PUMP
gateio,NIGHT3SUSDT,2026-01-09,NIGHT3SUSDT_2026-01-09_klines_L2.csv,,,,ERROR
gateio,NIGHT3SUSDT,2026-01-09,NIGHT3SUSDT_2026-01-09_klines_market_ctx.csv,,,,ERROR
gateio,NIGHT3SUSDT,2026-01-09,NIGHT3SUSDT_2026-01-09_klines_trades.csv,,,,ERROR
gateio,NIGHTUSDT,2025-12-10,NIGHTUSDT_2025-12-10_klines.csv,120.3,94.78,extreme,PUMP
gateio,NIGHTUSDT,2025-12-10,NIGHTUSDT_2025-12-10_klines_L2.csv,,,,ERROR
gateio,NIGHTUSDT,2025-12-10,NIGHTUSDT_2025-12-10_klines_market_ctx.csv,,,,ERROR
gateio,NIGHTUSDT,2025-12-10,NIGHTUSDT_2025-12-10_klines_trades.csv,,,,ERROR
gateio,NIKOUSDT,2025-05-09,NIKOUSDT_2025-05-09_klines.csv,73.25,61.12,extreme,PUMP
gateio,NIKOUSDT,2025-05-09,NIKOUSDT_2025-05-09_klines_L2.csv,,,,ERROR
gateio,NIKOUSDT,2025-05-09,NIKOUSDT_2025-05-09_klines_market_ctx.csv,,,,ERROR
gateio,NIKOUSDT,2025-05-09,NIKOUSDT_2025-05-09_klines_trades.csv,,,,ERROR
gateio,NIKOUSDT,2025-06-01,NIKOUSDT_2025-06-01_klines.csv,56.79,124.6,extreme,PUMP
gateio,NILUSDT,2025-11-15,NILUSDT_2025-11-15_klines.csv,53.37,182.73,extreme,PUMP
gateio,NILUSDT,2025-11-15,NILUSDT_2025-11-15_klines_L2.csv,,,,ERROR
gateio,NILUSDT,2025-11-15,NILUSDT_2025-11-15_klines_market_ctx.csv,,,,ERROR
gateio,NILUSDT,2025-11-15,NILUSDT_2025-11-15_klines_trades.csv,,,,ERROR
gateio,NIMUSDT,2025-08-11,NIMUSDT_2025-08-11_klines.csv,3.99,0.0,,VOLATILE_CONTROL
gateio,NIZAUSDT,2025-09-23,NIZAUSDT_2025-09-23_klines.csv,36566.6,80.58,extreme,PUMP
gateio,NIZAUSDT,2025-09-23,NIZAUSDT_2025-09-23_klines_L2.csv,,,,ERROR
gateio,NIZAUSDT,2025-09-23,NIZAUSDT_2025-09-23_klines_market_ctx.csv,,,,ERROR
gateio,NIZAUSDT,2025-09-23,NIZAUSDT_2025-09-23_klines_trades.csv,,,,ERROR
gateio,NKNUSDT,2025-07-05,NKNUSDT_2025-07-05_klines.csv,39.3,43.55,large,PUMP
gateio,NKNUSDT,2025-07-05,NKNUSDT_2025-07-05_klines_L2.csv,,,,ERROR
gateio,NKNUSDT,2025-07-05,NKNUSDT_2025-07-05_klines_market_ctx.csv,,,,ERROR
gateio,NKNUSDT,2025-07-05,NKNUSDT_2025-07-05_klines_trades.csv,,,,ERROR
gateio,NMRUSDT,2025-08-09,NMRUSDT_2025-08-09_klines.csv,11.57,0.0,,VOLATILE_CONTROL
gateio,NOBODYUSDT,2025-09-04,NOBODYUSDT_2025-09-04_klines.csv,53.56,59.37,extreme,PUMP
gateio,NOBODYUSDT,2025-09-04,NOBODYUSDT_2025-09-04_klines_L2.csv,,,,ERROR
gateio,NOBODYUSDT,2025-09-04,NOBODYUSDT_2025-09-04_klines_market_ctx.csv,,,,ERROR
gateio,NOBODYUSDT,2025-09-04,NOBODYUSDT_2025-09-04_klines_trades.csv,,,,ERROR
gateio,NODEUSDT,2025-09-26,NODEUSDT_2025-09-26_klines.csv,38.45,95.03,large,PUMP
gateio,NODEUSDT,2025-09-26,NODEUSDT_2025-09-26_klines_L2.csv,,,,ERROR
gateio,NODEUSDT,2025-09-26,NODEUSDT_2025-09-26_klines_market_ctx.csv,,,,ERROR
gateio,NODEUSDT,2025-09-26,NODEUSDT_2025-09-26_klines_trades.csv,,,,ERROR
gateio,NODLUSDT,2025-06-23,NODLUSDT_2025-06-23_klines.csv,2.67,0.0,,VOLATILE_CONTROL
gateio,NOMUSDT,2025-12-19,NOMUSDT_2025-12-19_klines.csv,41.89,51.58,major,PUMP
gateio,NOMUSDT,2025-12-19,NOMUSDT_2025-12-19_klines_L2.csv,,,,ERROR
gateio,NOMUSDT,2025-12-19,NOMUSDT_2025-12-19_klines_market_ctx.csv,,,,ERROR
gateio,NOMUSDT,2025-12-19,NOMUSDT_2025-12-19_klines_trades.csv,,,,ERROR
gateio,NOOTUSDT,2025-05-09,NOOTUSDT_2025-05-09_klines.csv,29.0,113.67,medium,PUMP
gateio,NOOTUSDT,2025-05-09,NOOTUSDT_2025-05-09_klines_L2.csv,,,,ERROR
gateio,NOOTUSDT,2025-05-09,NOOTUSDT_2025-05-09_klines_market_ctx.csv,,,,ERROR
gateio,NOOTUSDT,2025-05-09,NOOTUSDT_2025-05-09_klines_trades.csv,,,,ERROR
gateio,NOOTUSDT,2025-05-16,NOOTUSDT_2025-05-16_klines.csv,32.29,44.76,large,PUMP
gateio,NOSUSDT,2025-08-27,NOSUSDT_2025-08-27_klines.csv,5.08,332.81,micro,PUMP
gateio,NOSUSDT,2025-08-27,NOSUSDT_2025-08-27_klines_L2.csv,,,,ERROR
gateio,NOSUSDT,2025-08-27,NOSUSDT_2025-08-27_klines_market_ctx.csv,,,,ERROR
gateio,NOSUSDT,2025-08-27,NOSUSDT_2025-08-27_klines_trades.csv,,,,ERROR
gateio,NOTUSDT,2026-04-09,NOTUSDT_2026-04-09_klines.csv,6.04,31.28,micro,PUMP
gateio,NRNUSDT,2025-05-09,NRNUSDT_2025-05-09_klines.csv,117.73,37.31,extreme,PUMP
gateio,NRNUSDT,2025-05-09,NRNUSDT_2025-05-09_klines_L2.csv,,,,ERROR
gateio,NRNUSDT,2025-05-09,NRNUSDT_2025-05-09_klines_market_ctx.csv,,,,ERROR
gateio,NRNUSDT,2025-05-09,NRNUSDT_2025-05-09_klines_trades.csv,,,,ERROR
gateio,NRNUSDT,2025-05-15,NRNUSDT_2025-05-15_klines.csv,80.31,62.39,extreme,PUMP
gateio,NSDXUSDT,2025-08-29,NSDXUSDT_2025-08-29_klines.csv,3.55,0.0,,VOLATILE_CONTROL
gateio,NSUSDT,2025-08-27,NSUSDT_2025-08-27_klines.csv,2.28,0.0,,VOLATILE_CONTROL
gateio,NTRNUSDT,2025-08-12,NTRNUSDT_2025-08-12_klines.csv,22.91,98.69,medium,PUMP
gateio,NTRNUSDT,2025-08-12,NTRNUSDT_2025-08-12_klines_L2.csv,,,,ERROR
gateio,NTRNUSDT,2025-08-12,NTRNUSDT_2025-08-12_klines_market_ctx.csv,,,,ERROR
gateio,NTRNUSDT,2025-08-12,NTRNUSDT_2025-08-12_klines_trades.csv,,,,ERROR
gateio,NUMIUSDT,2025-06-30,NUMIUSDT_2025-06-30_klines.csv,2.97,0.0,,VOLATILE_CONTROL
gateio,NUMUSDT,2026-02-13,NUMUSDT_2026-02-13_klines.csv,8.88,125.07,micro,PUMP
gateio,NUMUSDT,2026-02-13,NUMUSDT_2026-02-13_klines_L2.csv,,,,ERROR
gateio,NUMUSDT,2026-02-13,NUMUSDT_2026-02-13_klines_market_ctx.csv,,,,ERROR
gateio,NUMUSDT,2026-02-13,NUMUSDT_2026-02-13_klines_trades.csv,,,,ERROR
gateio,NUTSUSDT,2025-08-09,NUTSUSDT_2025-08-09_klines.csv,2.92,0.0,,VOLATILE_CONTROL
gateio,NUXUSDT,2025-07-09,NUXUSDT_2025-07-09_klines.csv,39.72,68.07,large,PUMP
gateio,NUXUSDT,2025-07-09,NUXUSDT_2025-07-09_klines_L2.csv,,,,ERROR
gateio,NUXUSDT,2025-07-09,NUXUSDT_2025-07-09_klines_market_ctx.csv,,,,ERROR
gateio,NUXUSDT,2025-07-09,NUXUSDT_2025-07-09_klines_trades.csv,,,,ERROR
gateio,NXPCUSDT,2025-05-15,NXPCUSDT_2025-05-15_klines.csv,1825.0,56.45,extreme,PUMP
gateio,NXPCUSDT,2025-05-15,NXPCUSDT_2025-05-15_klines_L2.csv,,,,ERROR
gateio,NXPCUSDT,2025-05-15,NXPCUSDT_2025-05-15_klines_market_ctx.csv,,,,ERROR
gateio,NXPCUSDT,2025-05-15,NXPCUSDT_2025-05-15_klines_trades.csv,,,,ERROR
gateio,NYANUSDT,2025-05-19,NYANUSDT_2025-05-19_klines.csv,25.61,152.13,medium,PUMP
gateio,NYANUSDT,2025-05-19,NYANUSDT_2025-05-19_klines_L2.csv,,,,ERROR
gateio,NYANUSDT,2025-05-19,NYANUSDT_2025-05-19_klines_market_ctx.csv,,,,ERROR
gateio,NYANUSDT,2025-05-19,NYANUSDT_2025-05-19_klines_trades.csv,,,,ERROR
gateio,NYMUSDT,2026-03-05,NYMUSDT_2026-03-05_klines.csv,0.34,0.0,,VOLATILE_CONTROL
gateio,O4DXUSDT,2025-06-30,O4DXUSDT_2025-06-30_klines.csv,28.36,123.41,medium,PUMP
gateio,O4DXUSDT,2025-06-30,O4DXUSDT_2025-06-30_klines_L2.csv,,,,ERROR
gateio,O4DXUSDT,2025-06-30,O4DXUSDT_2025-06-30_klines_market_ctx.csv,,,,ERROR
gateio,O4DXUSDT,2025-06-30,O4DXUSDT_2025-06-30_klines_trades.csv,,,,ERROR
gateio,OASUSDT,2025-10-11,OASUSDT_2025-10-11_klines.csv,73.8,123.47,extreme,PUMP
gateio,OASUSDT,2025-10-11,OASUSDT_2025-10-11_klines_L2.csv,,,,ERROR
gateio,OASUSDT,2025-10-11,OASUSDT_2025-10-11_klines_market_ctx.csv,,,,ERROR
gateio,OASUSDT,2025-10-11,OASUSDT_2025-10-11_klines_trades.csv,,,,ERROR
gateio,OBIUSDT,2025-07-05,OBIUSDT_2025-07-05_klines.csv,8.48,182.2,micro,PUMP
gateio,OBIUSDT,2025-07-05,OBIUSDT_2025-07-05_klines_L2.csv,,,,ERROR
gateio,OBIUSDT,2025-07-05,OBIUSDT_2025-07-05_klines_market_ctx.csv,,,,ERROR
gateio,OBIUSDT,2025-07-05,OBIUSDT_2025-07-05_klines_trades.csv,,,,ERROR
gateio,OBOLUSDT,2025-06-15,OBOLUSDT_2025-06-15_klines.csv,62.18,40.28,extreme,PUMP
gateio,OBOLUSDT,2025-06-15,OBOLUSDT_2025-06-15_klines_L2.csv,,,,ERROR
gateio,OBOLUSDT,2025-06-15,OBOLUSDT_2025-06-15_klines_market_ctx.csv,,,,ERROR
gateio,OBOLUSDT,2025-06-15,OBOLUSDT_2025-06-15_klines_trades.csv,,,,ERROR
gateio,OBTUSDT,2025-06-18,OBTUSDT_2025-06-18_klines.csv,58.24,112.92,extreme,PUMP
gateio,OBTUSDT,2025-06-18,OBTUSDT_2025-06-18_klines_L2.csv,,,,ERROR
gateio,OBTUSDT,2025-06-18,OBTUSDT_2025-06-18_klines_market_ctx.csv,,,,ERROR
gateio,OBTUSDT,2025-06-18,OBTUSDT_2025-06-18_klines_trades.csv,,,,ERROR
gateio,OCTAUSDT,2025-06-29,OCTAUSDT_2025-06-29_klines.csv,1.73,0.0,,VOLATILE_CONTROL
gateio,OFCUSDT,2026-04-10,OFCUSDT_2026-04-10_klines.csv,34.05,101.92,large,PUMP
gateio,OFCUSDT,2026-04-10,OFCUSDT_2026-04-10_klines_L2.csv,,,,ERROR
gateio,OFCUSDT,2026-04-10,OFCUSDT_2026-04-10_klines_market_ctx.csv,,,,ERROR
gateio,OFCUSDT,2026-04-10,OFCUSDT_2026-04-10_klines_trades.csv,,,,ERROR
gateio,OGNUSDT,2025-08-02,OGNUSDT_2025-08-02_klines.csv,18.13,19.64,,VOLATILE_CONTROL
gateio,OGPUUSDT,2025-05-26,OGPUUSDT_2025-05-26_klines.csv,51.11,139.09,extreme,PUMP
gateio,OGPUUSDT,2025-05-26,OGPUUSDT_2025-05-26_klines_L2.csv,,,,ERROR
gateio,OGPUUSDT,2025-05-26,OGPUUSDT_2025-05-26_klines_market_ctx.csv,,,,ERROR
gateio,OGPUUSDT,2025-05-26,OGPUUSDT_2025-05-26_klines_trades.csv,,,,ERROR
gateio,OGUSDT,2025-07-09,OGUSDT_2025-07-09_klines.csv,26.71,40.6,medium,PUMP
gateio,OGUSDT,2025-07-09,OGUSDT_2025-07-09_klines_L2.csv,,,,ERROR
gateio,OGUSDT,2025-07-09,OGUSDT_2025-07-09_klines_market_ctx.csv,,,,ERROR
gateio,OGUSDT,2025-07-09,OGUSDT_2025-07-09_klines_trades.csv,,,,ERROR
gateio,OKBUSDT,2025-07-26,OKBUSDT_2025-07-26_klines.csv,3.81,0.0,,VOLATILE_CONTROL
gateio,OLEUSDT,2025-07-08,OLEUSDT_2025-07-08_klines.csv,40.78,84.43,major,PUMP
gateio,OLEUSDT,2025-07-08,OLEUSDT_2025-07-08_klines_L2.csv,,,,ERROR
gateio,OLEUSDT,2025-07-08,OLEUSDT_2025-07-08_klines_market_ctx.csv,,,,ERROR
gateio,OLEUSDT,2025-07-08,OLEUSDT_2025-07-08_klines_trades.csv,,,,ERROR
gateio,OLUSDT,2025-05-16,OLUSDT_2025-05-16_klines.csv,44.46,14.97,,VOLATILE_CONTROL
gateio,OMIUSDT,2025-08-09,OMIUSDT_2025-08-09_klines.csv,7.32,176.46,micro,PUMP
gateio,OMIUSDT,2025-08-09,OMIUSDT_2025-08-09_klines_L2.csv,,,,ERROR
gateio,OMIUSDT,2025-08-09,OMIUSDT_2025-08-09_klines_market_ctx.csv,,,,ERROR
gateio,OMIUSDT,2025-08-09,OMIUSDT_2025-08-09_klines_trades.csv,,,,ERROR
gateio,ONDO3LUSDT,2025-05-09,ONDO3LUSDT_2025-05-09_klines.csv,52.14,138.25,extreme,PUMP
gateio,ONDO3LUSDT,2025-05-09,ONDO3LUSDT_2025-05-09_klines_L2.csv,,,,ERROR
gateio,ONDO3LUSDT,2025-05-09,ONDO3LUSDT_2025-05-09_klines_market_ctx.csv,,,,ERROR
gateio,ONDO3LUSDT,2025-05-09,ONDO3LUSDT_2025-05-09_klines_trades.csv,,,,ERROR
gateio,ONDO3LUSDT,2025-06-06,ONDO3LUSDT_2025-06-06_klines.csv,65.79,115.44,extreme,PUMP
gateio,ONDO3SUSDT,2025-05-13,ONDO3SUSDT_2025-05-13_klines.csv,33.81,83.43,large,PUMP
gateio,ONDO3SUSDT,2025-05-13,ONDO3SUSDT_2025-05-13_klines_L2.csv,,,,ERROR
gateio,ONDO3SUSDT,2025-05-13,ONDO3SUSDT_2025-05-13_klines_market_ctx.csv,,,,ERROR
gateio,ONDO3SUSDT,2025-05-13,ONDO3SUSDT_2025-05-13_klines_trades.csv,,,,ERROR
gateio,ONDO3SUSDT,2025-05-15,ONDO3SUSDT_2025-05-15_klines.csv,36.88,151.18,large,PUMP
gateio,ONDOUSDT,2025-07-05,ONDOUSDT_2025-07-05_klines.csv,21.14,48.44,medium,PUMP
gateio,ONDOUSDT,2025-07-05,ONDOUSDT_2025-07-05_klines_L2.csv,,,,ERROR
gateio,ONDOUSDT,2025-07-05,ONDOUSDT_2025-07-05_klines_market_ctx.csv,,,,ERROR
gateio,ONDOUSDT,2025-07-05,ONDOUSDT_2025-07-05_klines_trades.csv,,,,ERROR
gateio,ONGUSDT,2026-03-17,ONGUSDT_2026-03-17_klines.csv,2.64,0.0,,VOLATILE_CONTROL
gateio,ONTUSDT,2025-08-07,ONTUSDT_2025-08-07_klines.csv,12.68,98.24,small,PUMP
gateio,ONTUSDT,2025-08-07,ONTUSDT_2025-08-07_klines_L2.csv,,,,ERROR
gateio,ONTUSDT,2025-08-07,ONTUSDT_2025-08-07_klines_market_ctx.csv,,,,ERROR
gateio,ONTUSDT,2025-08-07,ONTUSDT_2025-08-07_klines_trades.csv,,,,ERROR
gateio,ONUSDT,2025-10-24,ONUSDT_2025-10-24_klines.csv,100.0,134.85,extreme,PUMP
gateio,ONUSDT,2025-10-24,ONUSDT_2025-10-24_klines_L2.csv,,,,ERROR
gateio,ONUSDT,2025-10-24,ONUSDT_2025-10-24_klines_market_ctx.csv,,,,ERROR
gateio,ONUSDT,2025-10-24,ONUSDT_2025-10-24_klines_trades.csv,,,,ERROR
gateio,OORTUSDT,2025-08-06,OORTUSDT_2025-08-06_klines.csv,57.41,75.64,extreme,PUMP
gateio,OORTUSDT,2025-08-06,OORTUSDT_2025-08-06_klines_L2.csv,,,,ERROR
gateio,OORTUSDT,2025-08-06,OORTUSDT_2025-08-06_klines_market_ctx.csv,,,,ERROR
gateio,OORTUSDT,2025-08-06,OORTUSDT_2025-08-06_klines_trades.csv,,,,ERROR
gateio,OP3LUSDT,2025-05-09,OP3LUSDT_2025-05-09_klines.csv,130.18,106.18,extreme,PUMP
gateio,OP3LUSDT,2025-05-09,OP3LUSDT_2025-05-09_klines_L2.csv,,,,ERROR
gateio,OP3LUSDT,2025-05-09,OP3LUSDT_2025-05-09_klines_market_ctx.csv,,,,ERROR
gateio,OP3LUSDT,2025-05-09,OP3LUSDT_2025-05-09_klines_trades.csv,,,,ERROR
gateio,OP3LUSDT,2025-05-17,OP3LUSDT_2025-05-17_klines.csv,57.5,98.33,extreme,PUMP
gateio,OP3SUSDT,2025-05-11,OP3SUSDT_2025-05-11_klines.csv,92.11,52.23,extreme,PUMP
gateio,OP3SUSDT,2025-05-11,OP3SUSDT_2025-05-11_klines_L2.csv,,,,ERROR
gateio,OP3SUSDT,2025-05-11,OP3SUSDT_2025-05-11_klines_market_ctx.csv,,,,ERROR
gateio,OP3SUSDT,2025-05-11,OP3SUSDT_2025-05-11_klines_trades.csv,,,,ERROR
gateio,OP3SUSDT,2025-05-15,OP3SUSDT_2025-05-15_klines.csv,59.27,137.36,extreme,PUMP
gateio,OPENUSDT,2025-09-08,OPENUSDT_2025-09-08_klines.csv,244.52,80.25,extreme,PUMP
gateio,OPENUSDT,2025-09-08,OPENUSDT_2025-09-08_klines_L2.csv,,,,ERROR
gateio,OPENUSDT,2025-09-08,OPENUSDT_2025-09-08_klines_market_ctx.csv,,,,ERROR
gateio,OPENUSDT,2025-09-08,OPENUSDT_2025-09-08_klines_trades.csv,,,,ERROR
gateio,OPGUSDT,2026-04-21,OPGUSDT_2026-04-21_klines.csv,281.65,98.51,extreme,PUMP
gateio,OPGUSDT,2026-04-21,OPGUSDT_2026-04-21_klines_L2.csv,,,,ERROR
gateio,OPGUSDT,2026-04-21,OPGUSDT_2026-04-21_klines_market_ctx.csv,,,,ERROR
gateio,OPGUSDT,2026-04-21,OPGUSDT_2026-04-21_klines_trades.csv,,,,ERROR
gateio,OPN1USDT,2025-06-09,OPN1USDT_2025-06-09_klines.csv,55.11,119.36,extreme,PUMP
gateio,OPN1USDT,2025-06-09,OPN1USDT_2025-06-09_klines_L2.csv,,,,ERROR
gateio,OPN1USDT,2025-06-09,OPN1USDT_2025-06-09_klines_market_ctx.csv,,,,ERROR
gateio,OPN1USDT,2025-06-09,OPN1USDT_2025-06-09_klines_trades.csv,,,,ERROR
gateio,OPUSDT,2025-07-05,OPUSDT_2025-07-05_klines.csv,32.18,41.97,large,PUMP
gateio,OPUSDT,2025-07-05,OPUSDT_2025-07-05_klines_L2.csv,,,,ERROR
gateio,OPUSDT,2025-07-05,OPUSDT_2025-07-05_klines_market_ctx.csv,,,,ERROR
gateio,OPUSDT,2025-07-05,OPUSDT_2025-07-05_klines_trades.csv,,,,ERROR
gateio,ORBRUSDT,2025-05-14,ORBRUSDT_2025-05-14_klines.csv,61.71,105.02,extreme,PUMP
gateio,ORBRUSDT,2025-05-14,ORBRUSDT_2025-05-14_klines_L2.csv,,,,ERROR
gateio,ORBRUSDT,2025-05-14,ORBRUSDT_2025-05-14_klines_market_ctx.csv,,,,ERROR
gateio,ORBRUSDT,2025-05-14,ORBRUSDT_2025-05-14_klines_trades.csv,,,,ERROR
gateio,ORBRUSDT,2025-05-17,ORBRUSDT_2025-05-17_klines.csv,56.92,110.5,extreme,PUMP
gateio,ORBSUSDT,2026-02-04,ORBSUSDT_2026-02-04_klines.csv,1.01,0.0,,VOLATILE_CONTROL
gateio,ORCAUSDT,2025-06-26,ORCAUSDT_2025-06-26_klines.csv,11.59,84.63,small,PUMP
gateio,ORCAUSDT,2025-06-26,ORCAUSDT_2025-06-26_klines_L2.csv,,,,ERROR
gateio,ORCAUSDT,2025-06-26,ORCAUSDT_2025-06-26_klines_market_ctx.csv,,,,ERROR
gateio,ORCAUSDT,2025-06-26,ORCAUSDT_2025-06-26_klines_trades.csv,,,,ERROR
gateio,ORDERUSDT,2025-07-02,ORDERUSDT_2025-07-02_klines.csv,8.48,152.42,micro,PUMP
gateio,ORDERUSDT,2025-07-02,ORDERUSDT_2025-07-02_klines_L2.csv,,,,ERROR
gateio,ORDERUSDT,2025-07-02,ORDERUSDT_2025-07-02_klines_market_ctx.csv,,,,ERROR
gateio,ORDERUSDT,2025-07-02,ORDERUSDT_2025-07-02_klines_trades.csv,,,,ERROR
gateio,ORDI3LUSDT,2025-05-09,ORDI3LUSDT_2025-05-09_klines.csv,272.18,93.65,extreme,PUMP
gateio,ORDI3LUSDT,2025-05-09,ORDI3LUSDT_2025-05-09_klines_L2.csv,,,,ERROR
gateio,ORDI3LUSDT,2025-05-09,ORDI3LUSDT_2025-05-09_klines_market_ctx.csv,,,,ERROR
gateio,ORDI3LUSDT,2025-05-09,ORDI3LUSDT_2025-05-09_klines_trades.csv,,,,ERROR
gateio,ORDI3LUSDT,2025-05-17,ORDI3LUSDT_2025-05-17_klines.csv,75.08,92.03,extreme,PUMP
gateio,ORDI3SUSDT,2025-05-14,ORDI3SUSDT_2025-05-14_klines.csv,100.94,105.19,extreme,PUMP
gateio,ORDI3SUSDT,2025-05-14,ORDI3SUSDT_2025-05-14_klines_L2.csv,,,,ERROR
gateio,ORDI3SUSDT,2025-05-14,ORDI3SUSDT_2025-05-14_klines_market_ctx.csv,,,,ERROR
gateio,ORDI3SUSDT,2025-05-14,ORDI3SUSDT_2025-05-14_klines_trades.csv,,,,ERROR
gateio,ORDI3SUSDT,2025-05-15,ORDI3SUSDT_2025-05-15_klines.csv,87.85,131.75,extreme,PUMP
gateio,ORDIUSDT,2025-05-09,ORDIUSDT_2025-05-09_klines.csv,65.27,80.86,extreme,PUMP
gateio,ORDIUSDT,2025-05-09,ORDIUSDT_2025-05-09_klines_L2.csv,,,,ERROR
gateio,ORDIUSDT,2025-05-09,ORDIUSDT_2025-05-09_klines_market_ctx.csv,,,,ERROR
gateio,ORDIUSDT,2025-05-09,ORDIUSDT_2025-05-09_klines_trades.csv,,,,ERROR
gateio,ORIONUSDT,2025-06-18,ORIONUSDT_2025-06-18_klines.csv,51.92,181.45,extreme,PUMP
gateio,ORIONUSDT,2025-06-18,ORIONUSDT_2025-06-18_klines_L2.csv,,,,ERROR
gateio,ORIONUSDT,2025-06-18,ORIONUSDT_2025-06-18_klines_market_ctx.csv,,,,ERROR
gateio,ORIONUSDT,2025-06-18,ORIONUSDT_2025-06-18_klines_trades.csv,,,,ERROR
gateio,ORNGUSDT,2025-05-09,ORNGUSDT_2025-05-09_klines.csv,50.59,59.53,extreme,PUMP
gateio,ORNGUSDT,2025-05-09,ORNGUSDT_2025-05-09_klines_L2.csv,,,,ERROR
gateio,ORNGUSDT,2025-05-09,ORNGUSDT_2025-05-09_klines_market_ctx.csv,,,,ERROR
gateio,ORNGUSDT,2025-05-09,ORNGUSDT_2025-05-09_klines_trades.csv,,,,ERROR
gateio,ORNGUSDT,2025-05-27,ORNGUSDT_2025-05-27_klines.csv,6.69,199.71,micro,PUMP
gateio,OROUSDT,2025-05-22,OROUSDT_2025-05-22_klines.csv,12.88,88.2,small,PUMP
gateio,OROUSDT,2025-05-22,OROUSDT_2025-05-22_klines_L2.csv,,,,ERROR
gateio,OROUSDT,2025-05-22,OROUSDT_2025-05-22_klines_market_ctx.csv,,,,ERROR
gateio,OROUSDT,2025-05-22,OROUSDT_2025-05-22_klines_trades.csv,,,,ERROR
gateio,OSHIUSDT,2025-08-03,OSHIUSDT_2025-08-03_klines.csv,48.88,16.12,,VOLATILE_CONTROL
gateio,OSMOUSDT,2025-07-06,OSMOUSDT_2025-07-06_klines.csv,34.58,4.17,,VOLATILE_CONTROL
gateio,OVLUSDT,2025-08-14,OVLUSDT_2025-08-14_klines.csv,58.73,202.11,extreme,PUMP
gateio,OVLUSDT,2025-08-14,OVLUSDT_2025-08-14_klines_L2.csv,,,,ERROR
gateio,OVLUSDT,2025-08-14,OVLUSDT_2025-08-14_klines_market_ctx.csv,,,,ERROR
gateio,OVLUSDT,2025-08-14,OVLUSDT_2025-08-14_klines_trades.csv,,,,ERROR
gateio,OVOUSDT,2025-05-09,OVOUSDT_2025-05-09_klines.csv,20.1,206.32,medium,PUMP
gateio,OVOUSDT,2025-05-09,OVOUSDT_2025-05-09_klines_L2.csv,,,,ERROR
gateio,OVOUSDT,2025-05-09,OVOUSDT_2025-05-09_klines_market_ctx.csv,,,,ERROR
gateio,OVOUSDT,2025-05-09,OVOUSDT_2025-05-09_klines_trades.csv,,,,ERROR
gateio,OVOUSDT,2025-05-15,OVOUSDT_2025-05-15_klines.csv,309.73,101.3,extreme,PUMP
gateio,OWLUSDT,2026-01-15,OWLUSDT_2026-01-15_klines.csv,107.25,83.4,extreme,PUMP
gateio,OWLUSDT,2026-01-15,OWLUSDT_2026-01-15_klines_L2.csv,,,,ERROR
gateio,OWLUSDT,2026-01-15,OWLUSDT_2026-01-15_klines_market_ctx.csv,,,,ERROR
gateio,OWLUSDT,2026-01-15,OWLUSDT_2026-01-15_klines_trades.csv,,,,ERROR
gateio,OWNUSDT,2025-05-09,OWNUSDT_2025-05-09_klines.csv,59.97,132.07,extreme,PUMP
gateio,OWNUSDT,2025-05-09,OWNUSDT_2025-05-09_klines_L2.csv,,,,ERROR
gateio,OWNUSDT,2025-05-09,OWNUSDT_2025-05-09_klines_market_ctx.csv,,,,ERROR
gateio,OWNUSDT,2025-05-09,OWNUSDT_2025-05-09_klines_trades.csv,,,,ERROR
gateio,OWNUSDT,2025-05-18,OWNUSDT_2025-05-18_klines.csv,32.42,128.32,large,PUMP
gateio,OXTUSDT,2026-03-08,OXTUSDT_2026-03-08_klines.csv,3.96,0.0,,VOLATILE_CONTROL
gateio,OXYUSDT,2025-06-08,OXYUSDT_2025-06-08_klines.csv,32.37,71.93,large,PUMP
gateio,OXYUSDT,2025-06-08,OXYUSDT_2025-06-08_klines_L2.csv,,,,ERROR
gateio,OXYUSDT,2025-06-08,OXYUSDT_2025-06-08_klines_market_ctx.csv,,,,ERROR
gateio,OXYUSDT,2025-06-08,OXYUSDT_2025-06-08_klines_trades.csv,,,,ERROR
gateio,P00LSUSDT,2025-07-02,P00LSUSDT_2025-07-02_klines.csv,14.95,105.88,small,PUMP
gateio,P00LSUSDT,2025-07-02,P00LSUSDT_2025-07-02_klines_L2.csv,,,,ERROR
gateio,P00LSUSDT,2025-07-02,P00LSUSDT_2025-07-02_klines_market_ctx.csv,,,,ERROR
gateio,P00LSUSDT,2025-07-02,P00LSUSDT_2025-07-02_klines_trades.csv,,,,ERROR
gateio,PAALUSDT,2025-07-08,PAALUSDT_2025-07-08_klines.csv,20.06,129.96,medium,PUMP
gateio,PAALUSDT,2025-07-08,PAALUSDT_2025-07-08_klines_L2.csv,,,,ERROR
gateio,PAALUSDT,2025-07-08,PAALUSDT_2025-07-08_klines_market_ctx.csv,,,,ERROR
gateio,PAALUSDT,2025-07-08,PAALUSDT_2025-07-08_klines_trades.csv,,,,ERROR
gateio,PACEUSDT,2025-06-15,PACEUSDT_2025-06-15_klines.csv,53.48,101.23,extreme,PUMP
gateio,PACEUSDT,2025-06-15,PACEUSDT_2025-06-15_klines_L2.csv,,,,ERROR
gateio,PACEUSDT,2025-06-15,PACEUSDT_2025-06-15_klines_market_ctx.csv,,,,ERROR
gateio,PACEUSDT,2025-06-15,PACEUSDT_2025-06-15_klines_trades.csv,,,,ERROR
gateio,PACKUSDT,2025-06-25,PACKUSDT_2025-06-25_klines.csv,5.68,34.31,micro,PUMP
gateio,PACKUSDT,2025-06-25,PACKUSDT_2025-06-25_klines_L2.csv,,,,ERROR
gateio,PACKUSDT,2025-06-25,PACKUSDT_2025-06-25_klines_market_ctx.csv,,,,ERROR
gateio,PACKUSDT,2025-06-25,PACKUSDT_2025-06-25_klines_trades.csv,,,,ERROR
gateio,PACTUSDT,2026-02-26,PACTUSDT_2026-02-26_klines.csv,118.57,164.48,extreme,PUMP
gateio,PACTUSDT,2026-02-26,PACTUSDT_2026-02-26_klines_L2.csv,,,,ERROR
gateio,PACTUSDT,2026-02-26,PACTUSDT_2026-02-26_klines_market_ctx.csv,,,,ERROR
gateio,PACTUSDT,2026-02-26,PACTUSDT_2026-02-26_klines_trades.csv,,,,ERROR
gateio,PALMUSDT,2025-05-09,PALMUSDT_2025-05-09_klines.csv,58.25,95.23,extreme,PUMP
gateio,PALMUSDT,2025-05-09,PALMUSDT_2025-05-09_klines_L2.csv,,,,ERROR
gateio,PALMUSDT,2025-05-09,PALMUSDT_2025-05-09_klines_market_ctx.csv,,,,ERROR
gateio,PALMUSDT,2025-05-09,PALMUSDT_2025-05-09_klines_trades.csv,,,,ERROR
gateio,PALMUSDT,2025-06-15,PALMUSDT_2025-06-15_klines.csv,23.89,162.08,medium,PUMP
gateio,PALUSDT,2025-08-06,PALUSDT_2025-08-06_klines.csv,57.47,84.37,extreme,PUMP
gateio,PALUSDT,2025-08-06,PALUSDT_2025-08-06_klines_L2.csv,,,,ERROR
gateio,PALUSDT,2025-08-06,PALUSDT_2025-08-06_klines_market_ctx.csv,,,,ERROR
gateio,PALUSDT,2025-08-06,PALUSDT_2025-08-06_klines_trades.csv,,,,ERROR
gateio,PANDOUSDT,2025-05-09,PANDOUSDT_2025-05-09_klines.csv,377.56,98.0,extreme,PUMP
gateio,PANDOUSDT,2025-05-09,PANDOUSDT_2025-05-09_klines_L2.csv,,,,ERROR
gateio,PANDOUSDT,2025-05-09,PANDOUSDT_2025-05-09_klines_market_ctx.csv,,,,ERROR
gateio,PANDOUSDT,2025-05-09,PANDOUSDT_2025-05-09_klines_trades.csv,,,,ERROR
gateio,PAPARAZZIUSDT,2025-06-03,PAPARAZZIUSDT_2025-06-03_klines.csv,145.87,112.61,extreme,PUMP
gateio,PAPARAZZIUSDT,2025-06-03,PAPARAZZIUSDT_2025-06-03_klines_L2.csv,,,,ERROR
gateio,PAPARAZZIUSDT,2025-06-03,PAPARAZZIUSDT_2025-06-03_klines_market_ctx.csv,,,,ERROR
gateio,PAPARAZZIUSDT,2025-06-03,PAPARAZZIUSDT_2025-06-03_klines_trades.csv,,,,ERROR
gateio,PARTIUSDT,2025-05-09,PARTIUSDT_2025-05-09_klines.csv,76.83,76.98,extreme,PUMP
gateio,PARTIUSDT,2025-05-09,PARTIUSDT_2025-05-09_klines_L2.csv,,,,ERROR
gateio,PARTIUSDT,2025-05-09,PARTIUSDT_2025-05-09_klines_market_ctx.csv,,,,ERROR
gateio,PARTIUSDT,2025-05-09,PARTIUSDT_2025-05-09_klines_trades.csv,,,,ERROR
gateio,PARTIUSDT,2025-07-06,PARTIUSDT_2025-07-06_klines.csv,31.74,96.29,large,PUMP
gateio,PAXG3SUSDT,2026-01-29,PAXG3SUSDT_2026-01-29_klines.csv,77.35,78.93,extreme,PUMP
gateio,PAXG3SUSDT,2026-01-29,PAXG3SUSDT_2026-01-29_klines_L2.csv,,,,ERROR
gateio,PAXG3SUSDT,2026-01-29,PAXG3SUSDT_2026-01-29_klines_market_ctx.csv,,,,ERROR
gateio,PAXG3SUSDT,2026-01-29,PAXG3SUSDT_2026-01-29_klines_trades.csv,,,,ERROR
gateio,PBTC35AUSDT,2025-08-01,PBTC35AUSDT_2025-08-01_klines.csv,12.3,113.1,small,PUMP
gateio,PBTC35AUSDT,2025-08-01,PBTC35AUSDT_2025-08-01_klines_L2.csv,,,,ERROR
gateio,PBTC35AUSDT,2025-08-01,PBTC35AUSDT_2025-08-01_klines_market_ctx.csv,,,,ERROR
gateio,PBTC35AUSDT,2025-08-01,PBTC35AUSDT_2025-08-01_klines_trades.csv,,,,ERROR
gateio,PEIPEIUSDT,2025-05-09,PEIPEIUSDT_2025-05-09_klines.csv,50.92,93.0,extreme,PUMP
gateio,PEIPEIUSDT,2025-05-09,PEIPEIUSDT_2025-05-09_klines_L2.csv,,,,ERROR
gateio,PEIPEIUSDT,2025-05-09,PEIPEIUSDT_2025-05-09_klines_market_ctx.csv,,,,ERROR
gateio,PEIPEIUSDT,2025-05-09,PEIPEIUSDT_2025-05-09_klines_trades.csv,,,,ERROR
gateio,PELLUSDT,2025-06-06,PELLUSDT_2025-06-06_klines.csv,58.04,87.07,extreme,PUMP
gateio,PELLUSDT,2025-06-06,PELLUSDT_2025-06-06_klines_L2.csv,,,,ERROR
gateio,PELLUSDT,2025-06-06,PELLUSDT_2025-06-06_klines_market_ctx.csv,,,,ERROR
gateio,PELLUSDT,2025-06-06,PELLUSDT_2025-06-06_klines_trades.csv,,,,ERROR
gateio,PENGU3LUSDT,2025-07-18,PENGU3LUSDT_2025-07-18_klines.csv,227.91,79.74,extreme,PUMP
gateio,PENGU3LUSDT,2025-07-18,PENGU3LUSDT_2025-07-18_klines_L2.csv,,,,ERROR
gateio,PENGU3LUSDT,2025-07-18,PENGU3LUSDT_2025-07-18_klines_market_ctx.csv,,,,ERROR
gateio,PENGU3LUSDT,2025-07-18,PENGU3LUSDT_2025-07-18_klines_trades.csv,,,,ERROR
gateio,PENGU3SUSDT,2025-07-23,PENGU3SUSDT_2025-07-23_klines.csv,33.82,220.26,large,PUMP
gateio,PENGU3SUSDT,2025-07-23,PENGU3SUSDT_2025-07-23_klines_L2.csv,,,,ERROR
gateio,PENGU3SUSDT,2025-07-23,PENGU3SUSDT_2025-07-23_klines_market_ctx.csv,,,,ERROR
gateio,PENGU3SUSDT,2025-07-23,PENGU3SUSDT_2025-07-23_klines_trades.csv,,,,ERROR
gateio,PENGUINUSDT,2026-01-24,PENGUINUSDT_2026-01-24_klines.csv,125.94,139.17,extreme,PUMP
gateio,PENGUINUSDT,2026-01-24,PENGUINUSDT_2026-01-24_klines_L2.csv,,,,ERROR
gateio,PENGUINUSDT,2026-01-24,PENGUINUSDT_2026-01-24_klines_market_ctx.csv,,,,ERROR
gateio,PENGUINUSDT,2026-01-24,PENGUINUSDT_2026-01-24_klines_trades.csv,,,,ERROR
gateio,PEOPLE3LUSDT,2025-05-09,PEOPLE3LUSDT_2025-05-09_klines.csv,677.06,94.86,extreme,PUMP
gateio,PEOPLE3LUSDT,2025-05-09,PEOPLE3LUSDT_2025-05-09_klines_L2.csv,,,,ERROR
gateio,PEOPLE3LUSDT,2025-05-09,PEOPLE3LUSDT_2025-05-09_klines_market_ctx.csv,,,,ERROR
gateio,PEOPLE3LUSDT,2025-05-09,PEOPLE3LUSDT_2025-05-09_klines_trades.csv,,,,ERROR
gateio,PEOPLE3LUSDT,2025-05-17,PEOPLE3LUSDT_2025-05-17_klines.csv,64.12,140.65,extreme,PUMP
gateio,PEOPLE3SUSDT,2025-05-15,PEOPLE3SUSDT_2025-05-15_klines.csv,267377.16,70.61,extreme,PUMP
gateio,PEOPLEFBUSDT,2025-05-30,PEOPLEFBUSDT_2025-05-30_klines.csv,59.39,113.41,extreme,PUMP
gateio,PEOPLEFBUSDT,2025-05-30,PEOPLEFBUSDT_2025-05-30_klines_L2.csv,,,,ERROR
gateio,PEOPLEFBUSDT,2025-05-30,PEOPLEFBUSDT_2025-05-30_klines_market_ctx.csv,,,,ERROR
gateio,PEOPLEFBUSDT,2025-05-30,PEOPLEFBUSDT_2025-05-30_klines_trades.csv,,,,ERROR
gateio,PEOPLEUSDT,2025-05-09,PEOPLEUSDT_2025-05-09_klines.csv,143.92,69.09,extreme,PUMP
gateio,PEOPLEUSDT,2025-05-09,PEOPLEUSDT_2025-05-09_klines_L2.csv,,,,ERROR
gateio,PEOPLEUSDT,2025-05-09,PEOPLEUSDT_2025-05-09_klines_market_ctx.csv,,,,ERROR
gateio,PEOPLEUSDT,2025-05-09,PEOPLEUSDT_2025-05-09_klines_trades.csv,,,,ERROR
gateio,PEPE2USDT,2026-04-22,PEPE2USDT_2026-04-22_klines.csv,7.31,37.67,micro,PUMP
gateio,PEPE3LUSDT,2025-05-09,PEPE3LUSDT_2025-05-09_klines.csv,131.97,83.51,extreme,PUMP
gateio,PEPE3LUSDT,2025-05-09,PEPE3LUSDT_2025-05-09_klines_L2.csv,,,,ERROR
gateio,PEPE3LUSDT,2025-05-09,PEPE3LUSDT_2025-05-09_klines_market_ctx.csv,,,,ERROR
gateio,PEPE3LUSDT,2025-05-09,PEPE3LUSDT_2025-05-09_klines_trades.csv,,,,ERROR
gateio,PEPE3LUSDT,2025-05-16,PEPE3LUSDT_2025-05-16_klines.csv,73.39,96.36,extreme,PUMP
gateio,PEPE3SUSDT,2025-05-14,PEPE3SUSDT_2025-05-14_klines.csv,66.05,121.35,extreme,PUMP
gateio,PEPE3SUSDT,2025-05-14,PEPE3SUSDT_2025-05-14_klines_L2.csv,,,,ERROR
gateio,PEPE3SUSDT,2025-05-14,PEPE3SUSDT_2025-05-14_klines_market_ctx.csv,,,,ERROR
gateio,PEPE3SUSDT,2025-05-14,PEPE3SUSDT_2025-05-14_klines_trades.csv,,,,ERROR
gateio,PEPE3SUSDT,2025-05-15,PEPE3SUSDT_2025-05-15_klines.csv,51.35,189.38,extreme,PUMP
gateio,PEPE5LUSDT,2025-05-09,PEPE5LUSDT_2025-05-09_klines.csv,239.1,94.32,extreme,PUMP
gateio,PEPE5LUSDT,2025-05-09,PEPE5LUSDT_2025-05-09_klines_L2.csv,,,,ERROR
gateio,PEPE5LUSDT,2025-05-09,PEPE5LUSDT_2025-05-09_klines_market_ctx.csv,,,,ERROR
gateio,PEPE5LUSDT,2025-05-09,PEPE5LUSDT_2025-05-09_klines_trades.csv,,,,ERROR
gateio,PEPE5LUSDT,2025-05-16,PEPE5LUSDT_2025-05-16_klines.csv,86.93,124.74,extreme,PUMP
gateio,PEPE5SUSDT,2025-05-13,PEPE5SUSDT_2025-05-13_klines.csv,66.94,162.44,extreme,PUMP
gateio,PEPE5SUSDT,2025-05-13,PEPE5SUSDT_2025-05-13_klines_L2.csv,,,,ERROR
gateio,PEPE5SUSDT,2025-05-13,PEPE5SUSDT_2025-05-13_klines_market_ctx.csv,,,,ERROR
gateio,PEPE5SUSDT,2025-05-13,PEPE5SUSDT_2025-05-13_klines_trades.csv,,,,ERROR
gateio,PEPE5SUSDT,2025-05-15,PEPE5SUSDT_2025-05-15_klines.csv,91.53,176.82,extreme,PUMP
gateio,PEPECOINUSDT,2025-05-24,PEPECOINUSDT_2025-05-24_klines.csv,62.11,99.45,extreme,PUMP
gateio,PEPECOINUSDT,2025-05-24,PEPECOINUSDT_2025-05-24_klines_L2.csv,,,,ERROR
gateio,PEPECOINUSDT,2025-05-24,PEPECOINUSDT_2025-05-24_klines_market_ctx.csv,,,,ERROR
gateio,PEPECOINUSDT,2025-05-24,PEPECOINUSDT_2025-05-24_klines_trades.csv,,,,ERROR
gateio,PEPONUSDT,2025-09-03,PEPONUSDT_2025-09-03_klines.csv,0.03,0.0,,VOLATILE_CONTROL
gateio,PERPUSDT,2025-11-12,PERPUSDT_2025-11-12_klines.csv,9.02,407.93,micro,PUMP
gateio,PERPUSDT,2025-11-12,PERPUSDT_2025-11-12_klines_L2.csv,,,,ERROR
gateio,PERPUSDT,2025-11-12,PERPUSDT_2025-11-12_klines_market_ctx.csv,,,,ERROR
gateio,PERPUSDT,2025-11-12,PERPUSDT_2025-11-12_klines_trades.csv,,,,ERROR
gateio,PHAUSDT,2025-10-31,PHAUSDT_2025-10-31_klines.csv,52.43,89.96,extreme,PUMP
gateio,PHAUSDT,2025-10-31,PHAUSDT_2025-10-31_klines_L2.csv,,,,ERROR
gateio,PHAUSDT,2025-10-31,PHAUSDT_2025-10-31_klines_market_ctx.csv,,,,ERROR
gateio,PHAUSDT,2025-10-31,PHAUSDT_2025-10-31_klines_trades.csv,,,,ERROR
gateio,PHBUSDT,2025-06-26,PHBUSDT_2025-06-26_klines.csv,10.78,79.5,small,PUMP
gateio,PHBUSDT,2025-06-26,PHBUSDT_2025-06-26_klines_L2.csv,,,,ERROR
gateio,PHBUSDT,2025-06-26,PHBUSDT_2025-06-26_klines_market_ctx.csv,,,,ERROR
gateio,PHBUSDT,2025-06-26,PHBUSDT_2025-06-26_klines_trades.csv,,,,ERROR
gateio,PIEVERSE3LUSDT,2025-11-27,PIEVERSE3LUSDT_2025-11-27_klines.csv,274.85,110.77,extreme,PUMP
gateio,PIEVERSE3LUSDT,2025-11-27,PIEVERSE3LUSDT_2025-11-27_klines_L2.csv,,,,ERROR
gateio,PIEVERSE3LUSDT,2025-11-27,PIEVERSE3LUSDT_2025-11-27_klines_market_ctx.csv,,,,ERROR
gateio,PIEVERSE3LUSDT,2025-11-27,PIEVERSE3LUSDT_2025-11-27_klines_trades.csv,,,,ERROR
gateio,PIEVERSE3SUSDT,2025-11-27,PIEVERSE3SUSDT_2025-11-27_klines.csv,67.61,240.45,extreme,PUMP
gateio,PIEVERSE3SUSDT,2025-11-27,PIEVERSE3SUSDT_2025-11-27_klines_L2.csv,,,,ERROR
gateio,PIEVERSE3SUSDT,2025-11-27,PIEVERSE3SUSDT_2025-11-27_klines_market_ctx.csv,,,,ERROR
gateio,PIEVERSE3SUSDT,2025-11-27,PIEVERSE3SUSDT_2025-11-27_klines_trades.csv,,,,ERROR
gateio,PIEVERSEUSDT,2025-11-15,PIEVERSEUSDT_2025-11-15_klines.csv,360.62,61.83,extreme,PUMP
gateio,PIEVERSEUSDT,2025-11-15,PIEVERSEUSDT_2025-11-15_klines_L2.csv,,,,ERROR
gateio,PIEVERSEUSDT,2025-11-15,PIEVERSEUSDT_2025-11-15_klines_market_ctx.csv,,,,ERROR
gateio,PIEVERSEUSDT,2025-11-15,PIEVERSEUSDT_2025-11-15_klines_trades.csv,,,,ERROR
gateio,PIGGYUSDT,2025-10-28,PIGGYUSDT_2025-10-28_klines.csv,262.53,60.11,extreme,PUMP
gateio,PIGGYUSDT,2025-10-28,PIGGYUSDT_2025-10-28_klines_L2.csv,,,,ERROR
gateio,PIGGYUSDT,2025-10-28,PIGGYUSDT_2025-10-28_klines_market_ctx.csv,,,,ERROR
gateio,PIGGYUSDT,2025-10-28,PIGGYUSDT_2025-10-28_klines_trades.csv,,,,ERROR
gateio,PINEUSDT,2025-06-03,PINEUSDT_2025-06-03_klines.csv,19.89,100.59,small,PUMP
gateio,PINEUSDT,2025-06-03,PINEUSDT_2025-06-03_klines_L2.csv,,,,ERROR
gateio,PINEUSDT,2025-06-03,PINEUSDT_2025-06-03_klines_market_ctx.csv,,,,ERROR
gateio,PINEUSDT,2025-06-03,PINEUSDT_2025-06-03_klines_trades.csv,,,,ERROR
gateio,PINGOUSDT,2025-05-17,PINGOUSDT_2025-05-17_klines.csv,29.49,50.69,medium,PUMP
gateio,PINUSDT,2025-05-09,PINUSDT_2025-05-09_klines.csv,63.89,119.92,extreme,PUMP
gateio,PINUSDT,2025-05-09,PINUSDT_2025-05-09_klines_L2.csv,,,,ERROR
gateio,PINUSDT,2025-05-09,PINUSDT_2025-05-09_klines_market_ctx.csv,,,,ERROR
gateio,PINUSDT,2025-05-09,PINUSDT_2025-05-09_klines_trades.csv,,,,ERROR
gateio,PINUSDT,2025-06-26,PINUSDT_2025-06-26_klines.csv,9.67,44.9,micro,PUMP
gateio,PIPEUSDT,2025-10-11,PIPEUSDT_2025-10-11_klines.csv,60.95,182.2,extreme,PUMP
gateio,PIPEUSDT,2025-10-11,PIPEUSDT_2025-10-11_klines_L2.csv,,,,ERROR
gateio,PIPEUSDT,2025-10-11,PIPEUSDT_2025-10-11_klines_market_ctx.csv,,,,ERROR
gateio,PIPEUSDT,2025-10-11,PIPEUSDT_2025-10-11_klines_trades.csv,,,,ERROR
gateio,PIPPIN3LUSDT,2026-01-30,PIPPIN3LUSDT_2026-01-30_klines.csv,24.83,434.36,medium,PUMP
gateio,PIPPIN3LUSDT,2026-01-30,PIPPIN3LUSDT_2026-01-30_klines_L2.csv,,,,ERROR
gateio,PIPPIN3LUSDT,2026-01-30,PIPPIN3LUSDT_2026-01-30_klines_market_ctx.csv,,,,ERROR
gateio,PIPPIN3LUSDT,2026-01-30,PIPPIN3LUSDT_2026-01-30_klines_trades.csv,,,,ERROR
gateio,PIPPIN3SUSDT,2026-01-30,PIPPIN3SUSDT_2026-01-30_klines.csv,91.82,137.8,extreme,PUMP
gateio,PIPPINUSDT,2025-05-09,PIPPINUSDT_2025-05-09_klines.csv,164.66,88.61,extreme,PUMP
gateio,PIPPINUSDT,2025-05-09,PIPPINUSDT_2025-05-09_klines_L2.csv,,,,ERROR
gateio,PIPPINUSDT,2025-05-09,PIPPINUSDT_2025-05-09_klines_market_ctx.csv,,,,ERROR
gateio,PIPPINUSDT,2025-05-09,PIPPINUSDT_2025-05-09_klines_trades.csv,,,,ERROR
gateio,PIPPINUSDT,2025-05-18,PIPPINUSDT_2025-05-18_klines.csv,52.86,103.25,extreme,PUMP
gateio,PIRATEUSDT,2025-05-09,PIRATEUSDT_2025-05-09_klines.csv,52.79,105.36,extreme,PUMP
gateio,PIRATEUSDT,2025-05-09,PIRATEUSDT_2025-05-09_klines_L2.csv,,,,ERROR
gateio,PIRATEUSDT,2025-05-09,PIRATEUSDT_2025-05-09_klines_market_ctx.csv,,,,ERROR
gateio,PIRATEUSDT,2025-05-09,PIRATEUSDT_2025-05-09_klines_trades.csv,,,,ERROR
gateio,PIRATEUSDT,2025-05-31,PIRATEUSDT_2025-05-31_klines.csv,23.68,142.76,medium,PUMP
gateio,PITUSDT,2025-09-26,PITUSDT_2025-09-26_klines.csv,29.92,0.0,,VOLATILE_CONTROL
gateio,PIUSDT,2025-05-09,PIUSDT_2025-05-09_klines.csv,158.08,96.07,extreme,PUMP
gateio,PIUSDT,2025-05-09,PIUSDT_2025-05-09_klines_L2.csv,,,,ERROR
gateio,PIUSDT,2025-05-09,PIUSDT_2025-05-09_klines_market_ctx.csv,,,,ERROR
gateio,PIUSDT,2025-05-09,PIUSDT_2025-05-09_klines_trades.csv,,,,ERROR
gateio,PIUSDT,2026-02-11,PIUSDT_2026-02-11_klines.csv,1.04,0.0,,VOLATILE_CONTROL
gateio,PIXELBTC,2025-05-09,PIXELBTC_2025-05-09_klines.csv,59.68,76.7,extreme,PUMP
gateio,PIXELBTC,2025-05-09,PIXELBTC_2025-05-09_klines_L2.csv,,,,ERROR
gateio,PIXELBTC,2025-05-09,PIXELBTC_2025-05-09_klines_market_ctx.csv,,,,ERROR
gateio,PIXELBTC,2025-05-09,PIXELBTC_2025-05-09_klines_trades.csv,,,,ERROR
gateio,PIXELBTC,2025-11-04,PIXELBTC_2025-11-04_klines.csv,44.3,75.75,major,PUMP
gateio,PIXELUSDT,2025-05-09,PIXELUSDT_2025-05-09_klines.csv,59.98,77.32,extreme,PUMP
gateio,PIXELUSDT,2025-05-09,PIXELUSDT_2025-05-09_klines_L2.csv,,,,ERROR
gateio,PIXELUSDT,2025-05-09,PIXELUSDT_2025-05-09_klines_market_ctx.csv,,,,ERROR
gateio,PIXELUSDT,2025-05-09,PIXELUSDT_2025-05-09_klines_trades.csv,,,,ERROR
gateio,PIXELUSDT,2025-06-23,PIXELUSDT_2025-06-23_klines.csv,20.12,55.3,medium,PUMP
gateio,PIXFIUSDT,2025-05-09,PIXFIUSDT_2025-05-09_klines.csv,60.58,100.71,extreme,PUMP
gateio,PIXFIUSDT,2025-05-09,PIXFIUSDT_2025-05-09_klines_L2.csv,,,,ERROR
gateio,PIXFIUSDT,2025-05-09,PIXFIUSDT_2025-05-09_klines_market_ctx.csv,,,,ERROR
gateio,PIXFIUSDT,2025-05-09,PIXFIUSDT_2025-05-09_klines_trades.csv,,,,ERROR
gateio,PIXFIUSDT,2025-07-19,PIXFIUSDT_2025-07-19_klines.csv,25.26,102.23,medium,PUMP
gateio,PLANETUSDT,2025-05-31,PLANETUSDT_2025-05-31_klines.csv,52.09,94.63,extreme,PUMP
gateio,PLANETUSDT,2025-05-31,PLANETUSDT_2025-05-31_klines_L2.csv,,,,ERROR
gateio,PLANETUSDT,2025-05-31,PLANETUSDT_2025-05-31_klines_market_ctx.csv,,,,ERROR
gateio,PLANETUSDT,2025-05-31,PLANETUSDT_2025-05-31_klines_trades.csv,,,,ERROR
gateio,PLAYSOLANAUSDT,2025-11-14,PLAYSOLANAUSDT_2025-11-14_klines.csv,93.92,134.89,extreme,PUMP
gateio,PLAYSOLANAUSDT,2025-11-14,PLAYSOLANAUSDT_2025-11-14_klines_L2.csv,,,,ERROR
gateio,PLAYSOLANAUSDT,2025-11-14,PLAYSOLANAUSDT_2025-11-14_klines_market_ctx.csv,,,,ERROR
gateio,PLAYSOLANAUSDT,2025-11-14,PLAYSOLANAUSDT_2025-11-14_klines_trades.csv,,,,ERROR
gateio,PLIANUSDT,2025-05-18,PLIANUSDT_2025-05-18_klines.csv,17.52,239.45,small,PUMP
gateio,PLIANUSDT,2025-05-18,PLIANUSDT_2025-05-18_klines_L2.csv,,,,ERROR
gateio,PLIANUSDT,2025-05-18,PLIANUSDT_2025-05-18_klines_market_ctx.csv,,,,ERROR
gateio,PLIANUSDT,2025-05-18,PLIANUSDT_2025-05-18_klines_trades.csv,,,,ERROR
gateio,PLSPADUSDT,2025-06-18,PLSPADUSDT_2025-06-18_klines.csv,31.95,125.24,large,PUMP
gateio,PLSPADUSDT,2025-06-18,PLSPADUSDT_2025-06-18_klines_L2.csv,,,,ERROR
gateio,PLSPADUSDT,2025-06-18,PLSPADUSDT_2025-06-18_klines_market_ctx.csv,,,,ERROR
gateio,PLSPADUSDT,2025-06-18,PLSPADUSDT_2025-06-18_klines_trades.csv,,,,ERROR
gateio,PLUMEUSDT,2025-06-21,PLUMEUSDT_2025-06-21_klines.csv,15.08,141.77,small,PUMP
gateio,PLUMEUSDT,2025-06-21,PLUMEUSDT_2025-06-21_klines_L2.csv,,,,ERROR
gateio,PLUMEUSDT,2025-06-21,PLUMEUSDT_2025-06-21_klines_market_ctx.csv,,,,ERROR
gateio,PLUMEUSDT,2025-06-21,PLUMEUSDT_2025-06-21_klines_trades.csv,,,,ERROR
gateio,PNDOUSDT,2025-06-21,PNDOUSDT_2025-06-21_klines.csv,0.0,0.0,,VOLATILE_CONTROL
gateio,PNGUSDT,2025-05-09,PNGUSDT_2025-05-09_klines.csv,54.52,66.58,extreme,PUMP
gateio,PNGUSDT,2025-05-09,PNGUSDT_2025-05-09_klines_L2.csv,,,,ERROR
gateio,PNGUSDT,2025-05-09,PNGUSDT_2025-05-09_klines_market_ctx.csv,,,,ERROR
gateio,PNGUSDT,2025-05-09,PNGUSDT_2025-05-09_klines_trades.csv,,,,ERROR
gateio,PNGUSDT,2025-07-02,PNGUSDT_2025-07-02_klines.csv,20.36,104.35,medium,PUMP
gateio,PNUT3LUSDT,2025-05-09,PNUT3LUSDT_2025-05-09_klines.csv,492.96,99.94,extreme,PUMP
gateio,PNUT3LUSDT,2025-05-09,PNUT3LUSDT_2025-05-09_klines_L2.csv,,,,ERROR
gateio,PNUT3LUSDT,2025-05-09,PNUT3LUSDT_2025-05-09_klines_market_ctx.csv,,,,ERROR
gateio,PNUT3LUSDT,2025-05-09,PNUT3LUSDT_2025-05-09_klines_trades.csv,,,,ERROR
gateio,PNUT3LUSDT,2025-05-17,PNUT3LUSDT_2025-05-17_klines.csv,72.58,117.53,extreme,PUMP
gateio,PNUT3SUSDT,2025-05-12,PNUT3SUSDT_2025-05-12_klines.csv,66.95,129.81,extreme,PUMP
gateio,PNUT3SUSDT,2025-05-12,PNUT3SUSDT_2025-05-12_klines_L2.csv,,,,ERROR
gateio,PNUT3SUSDT,2025-05-12,PNUT3SUSDT_2025-05-12_klines_market_ctx.csv,,,,ERROR
gateio,PNUT3SUSDT,2025-05-12,PNUT3SUSDT_2025-05-12_klines_trades.csv,,,,ERROR
gateio,PNUT3SUSDT,2025-05-15,PNUT3SUSDT_2025-05-15_klines.csv,116.42,133.95,extreme,PUMP
gateio,PNUTUSDT,2025-05-09,PNUTUSDT_2025-05-09_klines.csv,121.42,73.73,extreme,PUMP
gateio,PNUTUSDT,2025-05-09,PNUTUSDT_2025-05-09_klines_L2.csv,,,,ERROR
gateio,PNUTUSDT,2025-05-09,PNUTUSDT_2025-05-09_klines_market_ctx.csv,,,,ERROR
gateio,PNUTUSDT,2025-05-09,PNUTUSDT_2025-05-09_klines_trades.csv,,,,ERROR
gateio,POKTUSDT,2025-05-10,POKTUSDT_2025-05-10_klines.csv,7.61,207.29,micro,PUMP
gateio,POKTUSDT,2025-05-10,POKTUSDT_2025-05-10_klines_L2.csv,,,,ERROR
gateio,POKTUSDT,2025-05-10,POKTUSDT_2025-05-10_klines_market_ctx.csv,,,,ERROR
gateio,POKTUSDT,2025-05-10,POKTUSDT_2025-05-10_klines_trades.csv,,,,ERROR
gateio,POKTUSDT,2025-05-15,POKTUSDT_2025-05-15_klines.csv,53.93,30.93,extreme,PUMP
gateio,POL3LUSDT,2025-05-31,POL3LUSDT_2025-05-31_klines.csv,31.13,79.55,large,PUMP
gateio,POL3LUSDT,2025-05-31,POL3LUSDT_2025-05-31_klines_L2.csv,,,,ERROR
gateio,POL3LUSDT,2025-05-31,POL3LUSDT_2025-05-31_klines_market_ctx.csv,,,,ERROR
gateio,POL3LUSDT,2025-05-31,POL3LUSDT_2025-05-31_klines_trades.csv,,,,ERROR
gateio,POL3SUSDT,2025-05-13,POL3SUSDT_2025-05-13_klines.csv,34.91,38.39,large,PUMP
gateio,POL3SUSDT,2025-05-13,POL3SUSDT_2025-05-13_klines_L2.csv,,,,ERROR
gateio,POL3SUSDT,2025-05-13,POL3SUSDT_2025-05-13_klines_market_ctx.csv,,,,ERROR
gateio,POL3SUSDT,2025-05-13,POL3SUSDT_2025-05-13_klines_trades.csv,,,,ERROR
gateio,POL3SUSDT,2025-05-15,POL3SUSDT_2025-05-15_klines.csv,28.98,151.57,medium,PUMP
gateio,POLCUSDT,2025-05-30,POLCUSDT_2025-05-30_klines.csv,7.14,166.0,micro,PUMP
gateio,POLCUSDT,2025-05-30,POLCUSDT_2025-05-30_klines_L2.csv,,,,ERROR
gateio,POLCUSDT,2025-05-30,POLCUSDT_2025-05-30_klines_market_ctx.csv,,,,ERROR
gateio,POLCUSDT,2025-05-30,POLCUSDT_2025-05-30_klines_trades.csv,,,,ERROR
gateio,POLISUSDT,2025-07-01,POLISUSDT_2025-07-01_klines.csv,13.16,21.07,,VOLATILE_CONTROL
gateio,POLKUSDT,2025-05-09,POLKUSDT_2025-05-09_klines.csv,56.82,89.73,extreme,PUMP
gateio,POLKUSDT,2025-05-09,POLKUSDT_2025-05-09_klines_L2.csv,,,,ERROR
gateio,POLKUSDT,2025-05-09,POLKUSDT_2025-05-09_klines_market_ctx.csv,,,,ERROR
gateio,POLKUSDT,2025-05-09,POLKUSDT_2025-05-09_klines_trades.csv,,,,ERROR
gateio,POLKUSDT,2025-06-26,POLKUSDT_2025-06-26_klines.csv,44.98,75.97,major,PUMP
gateio,POLSUSDT,2025-05-09,POLSUSDT_2025-05-09_klines.csv,70.39,74.27,extreme,PUMP
gateio,POLSUSDT,2025-05-09,POLSUSDT_2025-05-09_klines_L2.csv,,,,ERROR
gateio,POLSUSDT,2025-05-09,POLSUSDT_2025-05-09_klines_market_ctx.csv,,,,ERROR
gateio,POLSUSDT,2025-05-09,POLSUSDT_2025-05-09_klines_trades.csv,,,,ERROR
gateio,POLSUSDT,2025-05-15,POLSUSDT_2025-05-15_klines.csv,56.98,104.63,extreme,PUMP
gateio,POLYXUSDT,2025-12-19,POLYXUSDT_2025-12-19_klines.csv,52.59,88.82,extreme,PUMP
gateio,POLYXUSDT,2025-12-19,POLYXUSDT_2025-12-19_klines_L2.csv,,,,ERROR
gateio,POLYXUSDT,2025-12-19,POLYXUSDT_2025-12-19_klines_market_ctx.csv,,,,ERROR
gateio,POLYXUSDT,2025-12-19,POLYXUSDT_2025-12-19_klines_trades.csv,,,,ERROR
gateio,PONDUSDT,2025-08-01,PONDUSDT_2025-08-01_klines.csv,2.7,0.0,,VOLATILE_CONTROL
gateio,PONKEUSDT,2025-05-09,PONKEUSDT_2025-05-09_klines.csv,68.9,84.61,extreme,PUMP
gateio,PONKEUSDT,2025-05-09,PONKEUSDT_2025-05-09_klines_L2.csv,,,,ERROR
gateio,PONKEUSDT,2025-05-09,PONKEUSDT_2025-05-09_klines_market_ctx.csv,,,,ERROR
gateio,PONKEUSDT,2025-05-09,PONKEUSDT_2025-05-09_klines_trades.csv,,,,ERROR
gateio,POOLUSDT,2025-05-09,POOLUSDT_2025-05-09_klines.csv,56.09,99.4,extreme,PUMP
gateio,POOLUSDT,2025-05-09,POOLUSDT_2025-05-09_klines_L2.csv,,,,ERROR
gateio,POOLUSDT,2025-05-09,POOLUSDT_2025-05-09_klines_market_ctx.csv,,,,ERROR
gateio,POOLUSDT,2025-05-09,POOLUSDT_2025-05-09_klines_trades.csv,,,,ERROR
gateio,POOLUSDT,2025-05-15,POOLUSDT_2025-05-15_klines.csv,50.49,128.59,extreme,PUMP
gateio,POOLXUSDT,2025-05-15,POOLXUSDT_2025-05-15_klines.csv,60.32,66.91,extreme,PUMP
gateio,POPCAT3LUSDT,2025-05-09,POPCAT3LUSDT_2025-05-09_klines.csv,118.68,132.08,extreme,PUMP
gateio,POPCAT3LUSDT,2025-05-09,POPCAT3LUSDT_2025-05-09_klines_L2.csv,,,,ERROR
gateio,POPCAT3LUSDT,2025-05-09,POPCAT3LUSDT_2025-05-09_klines_market_ctx.csv,,,,ERROR
gateio,POPCAT3LUSDT,2025-05-09,POPCAT3LUSDT_2025-05-09_klines_trades.csv,,,,ERROR
gateio,POPCAT3LUSDT,2025-05-17,POPCAT3LUSDT_2025-05-17_klines.csv,120.76,101.51,extreme,PUMP
gateio,POPCAT3SUSDT,2025-05-13,POPCAT3SUSDT_2025-05-13_klines.csv,129.49,68.93,extreme,PUMP
gateio,POPCAT3SUSDT,2025-05-13,POPCAT3SUSDT_2025-05-13_klines_L2.csv,,,,ERROR
gateio,POPCAT3SUSDT,2025-05-13,POPCAT3SUSDT_2025-05-13_klines_market_ctx.csv,,,,ERROR
gateio,POPCAT3SUSDT,2025-05-13,POPCAT3SUSDT_2025-05-13_klines_trades.csv,,,,ERROR
gateio,POPCAT3SUSDT,2025-05-15,POPCAT3SUSDT_2025-05-15_klines.csv,84.09,156.61,extreme,PUMP
gateio,PORT3USDT,2025-05-09,PORT3USDT_2025-05-09_klines.csv,91.69,68.46,extreme,PUMP
gateio,PORT3USDT,2025-05-09,PORT3USDT_2025-05-09_klines_L2.csv,,,,ERROR
gateio,PORT3USDT,2025-05-09,PORT3USDT_2025-05-09_klines_market_ctx.csv,,,,ERROR
gateio,PORT3USDT,2025-05-09,PORT3USDT_2025-05-09_klines_trades.csv,,,,ERROR
gateio,PORT3USDT,2025-05-16,PORT3USDT_2025-05-16_klines.csv,8.02,501.2,micro,PUMP
gateio,PORTALSUSDT,2025-09-16,PORTALSUSDT_2025-09-16_klines.csv,109.53,135.44,extreme,PUMP
gateio,PORTALSUSDT,2025-09-16,PORTALSUSDT_2025-09-16_klines_L2.csv,,,,ERROR
gateio,PORTALSUSDT,2025-09-16,PORTALSUSDT_2025-09-16_klines_market_ctx.csv,,,,ERROR
gateio,PORTALSUSDT,2025-09-16,PORTALSUSDT_2025-09-16_klines_trades.csv,,,,ERROR
gateio,PORTALUSDT,2025-05-09,PORTALUSDT_2025-05-09_klines.csv,18.37,31.87,small,PUMP
gateio,PORTALUSDT,2025-05-09,PORTALUSDT_2025-05-09_klines_L2.csv,,,,ERROR
gateio,PORTALUSDT,2025-05-09,PORTALUSDT_2025-05-09_klines_market_ctx.csv,,,,ERROR
gateio,PORTALUSDT,2025-05-09,PORTALUSDT_2025-05-09_klines_trades.csv,,,,ERROR
gateio,PORTALUSDT,2025-05-15,PORTALUSDT_2025-05-15_klines.csv,53.19,90.81,extreme,PUMP
gateio,PORTOUSDT,2025-07-29,PORTOUSDT_2025-07-29_klines.csv,3.49,0.0,,VOLATILE_CONTROL
gateio,PORTUSDT,2025-05-13,PORTUSDT_2025-05-13_klines.csv,9.36,123.78,micro,PUMP
gateio,PORTUSDT,2025-05-13,PORTUSDT_2025-05-13_klines_L2.csv,,,,ERROR
gateio,PORTUSDT,2025-05-13,PORTUSDT_2025-05-13_klines_market_ctx.csv,,,,ERROR
gateio,PORTUSDT,2025-05-13,PORTUSDT_2025-05-13_klines_trades.csv,,,,ERROR
gateio,PORTUSDT,2025-05-15,PORTUSDT_2025-05-15_klines.csv,4.37,0.0,,VOLATILE_CONTROL
gateio,POWERUSDT,2025-12-11,POWERUSDT_2025-12-11_klines.csv,118.81,94.23,extreme,PUMP
gateio,POWERUSDT,2025-12-11,POWERUSDT_2025-12-11_klines_L2.csv,,,,ERROR
gateio,POWERUSDT,2025-12-11,POWERUSDT_2025-12-11_klines_market_ctx.csv,,,,ERROR
gateio,POWERUSDT,2025-12-11,POWERUSDT_2025-12-11_klines_trades.csv,,,,ERROR
gateio,POWRUSDT,2025-12-16,POWRUSDT_2025-12-16_klines.csv,4.82,0.0,,VOLATILE_CONTROL
gateio,PRAIUSDT,2025-05-14,PRAIUSDT_2025-05-14_klines.csv,372.75,106.42,extreme,PUMP
gateio,PRAIUSDT,2025-05-14,PRAIUSDT_2025-05-14_klines_L2.csv,,,,ERROR
gateio,PRAIUSDT,2025-05-14,PRAIUSDT_2025-05-14_klines_market_ctx.csv,,,,ERROR
gateio,PRAIUSDT,2025-05-14,PRAIUSDT_2025-05-14_klines_trades.csv,,,,ERROR
gateio,PRAIUSDT,2025-07-02,PRAIUSDT_2025-07-02_klines.csv,56.06,116.84,extreme,PUMP
gateio,PRAREUSDT,2025-05-19,PRAREUSDT_2025-05-19_klines.csv,12.24,1.26,,VOLATILE_CONTROL
gateio,PRCLUSDT,2025-06-22,PRCLUSDT_2025-06-22_klines.csv,33.14,39.45,large,PUMP
gateio,PRCLUSDT,2025-06-22,PRCLUSDT_2025-06-22_klines_L2.csv,,,,ERROR
gateio,PRCLUSDT,2025-06-22,PRCLUSDT_2025-06-22_klines_market_ctx.csv,,,,ERROR
gateio,PRCLUSDT,2025-06-22,PRCLUSDT_2025-06-22_klines_trades.csv,,,,ERROR
gateio,PRIMALUSDT,2025-05-13,PRIMALUSDT_2025-05-13_klines.csv,13.29,135.48,small,PUMP
gateio,PRIMALUSDT,2025-05-13,PRIMALUSDT_2025-05-13_klines_L2.csv,,,,ERROR
gateio,PRIMALUSDT,2025-05-13,PRIMALUSDT_2025-05-13_klines_market_ctx.csv,,,,ERROR
gateio,PRIMALUSDT,2025-05-13,PRIMALUSDT_2025-05-13_klines_trades.csv,,,,ERROR
gateio,PRIMALUSDT,2025-05-15,PRIMALUSDT_2025-05-15_klines.csv,4.1,0.0,,VOLATILE_CONTROL
gateio,PRIMEUSDT,2025-06-23,PRIMEUSDT_2025-06-23_klines.csv,37.36,38.01,large,PUMP
gateio,PRIMEUSDT,2025-06-23,PRIMEUSDT_2025-06-23_klines_L2.csv,,,,ERROR
gateio,PRIMEUSDT,2025-06-23,PRIMEUSDT_2025-06-23_klines_market_ctx.csv,,,,ERROR
gateio,PRIMEUSDT,2025-06-23,PRIMEUSDT_2025-06-23_klines_trades.csv,,,,ERROR
gateio,PRIMEXUSDT,2025-07-13,PRIMEXUSDT_2025-07-13_klines.csv,20.33,285.17,medium,PUMP
gateio,PRIMEXUSDT,2025-07-13,PRIMEXUSDT_2025-07-13_klines_L2.csv,,,,ERROR
gateio,PRIMEXUSDT,2025-07-13,PRIMEXUSDT_2025-07-13_klines_market_ctx.csv,,,,ERROR
gateio,PRIMEXUSDT,2025-07-13,PRIMEXUSDT_2025-07-13_klines_trades.csv,,,,ERROR
gateio,PRLUSDT,2026-03-25,PRLUSDT_2026-03-25_klines.csv,88.31,67.47,extreme,PUMP
gateio,PRLUSDT,2026-03-25,PRLUSDT_2026-03-25_klines_L2.csv,,,,ERROR
gateio,PRLUSDT,2026-03-25,PRLUSDT_2026-03-25_klines_market_ctx.csv,,,,ERROR
gateio,PRLUSDT,2026-03-25,PRLUSDT_2026-03-25_klines_trades.csv,,,,ERROR
gateio,PROMPTUSDT,2025-06-27,PROMPTUSDT_2025-06-27_klines.csv,11.94,173.72,small,PUMP
gateio,PROMPTUSDT,2025-06-27,PROMPTUSDT_2025-06-27_klines_L2.csv,,,,ERROR
gateio,PROMPTUSDT,2025-06-27,PROMPTUSDT_2025-06-27_klines_market_ctx.csv,,,,ERROR
gateio,PROMPTUSDT,2025-06-27,PROMPTUSDT_2025-06-27_klines_trades.csv,,,,ERROR
gateio,PROMUSDT,2025-06-23,PROMUSDT_2025-06-23_klines.csv,33.98,24.53,,VOLATILE_CONTROL
gateio,PROPCUSDT,2025-05-25,PROPCUSDT_2025-05-25_klines.csv,4.36,0.0,,VOLATILE_CONTROL
gateio,PROSPERUSDT,2025-05-15,PROSPERUSDT_2025-05-15_klines.csv,7.8,221.08,micro,PUMP
gateio,PROUSDT,2025-05-15,PROUSDT_2025-05-15_klines.csv,35.64,80.62,large,PUMP
gateio,PROVEUSDT,2025-08-05,PROVEUSDT_2025-08-05_klines.csv,105.01,90.5,extreme,PUMP
gateio,PROVEUSDT,2025-08-05,PROVEUSDT_2025-08-05_klines_L2.csv,,,,ERROR
gateio,PROVEUSDT,2025-08-05,PROVEUSDT_2025-08-05_klines_market_ctx.csv,,,,ERROR
gateio,PROVEUSDT,2025-08-05,PROVEUSDT_2025-08-05_klines_trades.csv,,,,ERROR
gateio,PSGUSDT,2025-12-16,PSGUSDT_2025-12-16_klines.csv,6.49,169.89,micro,PUMP
gateio,PSGUSDT,2025-12-16,PSGUSDT_2025-12-16_klines_L2.csv,,,,ERROR
gateio,PSGUSDT,2025-12-16,PSGUSDT_2025-12-16_klines_market_ctx.csv,,,,ERROR
gateio,PSGUSDT,2025-12-16,PSGUSDT_2025-12-16_klines_trades.csv,,,,ERROR
gateio,PSIUSDT,2025-06-26,PSIUSDT_2025-06-26_klines.csv,18.33,121.45,small,PUMP
gateio,PSIUSDT,2025-06-26,PSIUSDT_2025-06-26_klines_L2.csv,,,,ERROR
gateio,PSIUSDT,2025-06-26,PSIUSDT_2025-06-26_klines_market_ctx.csv,,,,ERROR
gateio,PSIUSDT,2025-06-26,PSIUSDT_2025-06-26_klines_trades.csv,,,,ERROR
gateio,PTBUSDT,2025-09-03,PTBUSDT_2025-09-03_klines.csv,255.31,75.38,extreme,PUMP
gateio,PTBUSDT,2025-09-03,PTBUSDT_2025-09-03_klines_L2.csv,,,,ERROR
gateio,PTBUSDT,2025-09-03,PTBUSDT_2025-09-03_klines_market_ctx.csv,,,,ERROR
gateio,PTBUSDT,2025-09-03,PTBUSDT_2025-09-03_klines_trades.csv,,,,ERROR
gateio,PUFFERUSDT,2025-05-09,PUFFERUSDT_2025-05-09_klines.csv,57.42,119.83,extreme,PUMP
gateio,PUFFERUSDT,2025-05-09,PUFFERUSDT_2025-05-09_klines_L2.csv,,,,ERROR
gateio,PUFFERUSDT,2025-05-09,PUFFERUSDT_2025-05-09_klines_market_ctx.csv,,,,ERROR
gateio,PUFFERUSDT,2025-05-09,PUFFERUSDT_2025-05-09_klines_trades.csv,,,,ERROR
gateio,PUFFERUSDT,2025-07-02,PUFFERUSDT_2025-07-02_klines.csv,19.91,68.23,small,PUMP
gateio,PUMP3LUSDT,2025-07-26,PUMP3LUSDT_2025-07-26_klines.csv,26.77,295.63,medium,PUMP
gateio,PUMP3LUSDT,2025-07-26,PUMP3LUSDT_2025-07-26_klines_L2.csv,,,,ERROR
gateio,PUMP3LUSDT,2025-07-26,PUMP3LUSDT_2025-07-26_klines_market_ctx.csv,,,,ERROR
gateio,PUMP3LUSDT,2025-07-26,PUMP3LUSDT_2025-07-26_klines_trades.csv,,,,ERROR
gateio,PUMP3SUSDT,2025-07-18,PUMP3SUSDT_2025-07-18_klines.csv,291.54,71.4,extreme,PUMP
gateio,PUMP3SUSDT,2025-07-18,PUMP3SUSDT_2025-07-18_klines_L2.csv,,,,ERROR
gateio,PUMP3SUSDT,2025-07-18,PUMP3SUSDT_2025-07-18_klines_market_ctx.csv,,,,ERROR
gateio,PUMP3SUSDT,2025-07-18,PUMP3SUSDT_2025-07-18_klines_trades.csv,,,,ERROR
gateio,PUMPBTCUSDT,2025-06-22,PUMPBTCUSDT_2025-06-22_klines.csv,13.24,51.65,small,PUMP
gateio,PUMPBTCUSDT,2025-06-22,PUMPBTCUSDT_2025-06-22_klines_L2.csv,,,,ERROR
gateio,PUMPBTCUSDT,2025-06-22,PUMPBTCUSDT_2025-06-22_klines_market_ctx.csv,,,,ERROR
gateio,PUMPBTCUSDT,2025-06-22,PUMPBTCUSDT_2025-06-22_klines_trades.csv,,,,ERROR
gateio,PUMPUSDT,2025-07-14,PUMPUSDT_2025-07-14_klines.csv,1276.2,49.63,extreme,PUMP
gateio,PUMPUSDT,2025-07-14,PUMPUSDT_2025-07-14_klines_L2.csv,,,,ERROR
gateio,PUMPUSDT,2025-07-14,PUMPUSDT_2025-07-14_klines_market_ctx.csv,,,,ERROR
gateio,PUMPUSDT,2025-07-14,PUMPUSDT_2025-07-14_klines_trades.csv,,,,ERROR
gateio,PUNDIAIUSDT,2025-05-15,PUNDIAIUSDT_2025-05-15_klines.csv,132.15,78.36,extreme,PUMP
gateio,PUNDIXUSDT,2025-07-02,PUNDIXUSDT_2025-07-02_klines.csv,22.93,16.09,,VOLATILE_CONTROL
gateio,PURRUSDT,2025-05-09,PURRUSDT_2025-05-09_klines.csv,95.97,90.47,extreme,PUMP
gateio,PURRUSDT,2025-05-09,PURRUSDT_2025-05-09_klines_L2.csv,,,,ERROR
gateio,PURRUSDT,2025-05-09,PURRUSDT_2025-05-09_klines_market_ctx.csv,,,,ERROR
gateio,PURRUSDT,2025-05-09,PURRUSDT_2025-05-09_klines_trades.csv,,,,ERROR
gateio,PURRUSDT,2025-05-15,PURRUSDT_2025-05-15_klines.csv,73.77,26.05,,VOLATILE_CONTROL
gateio,PUSDT,2025-10-03,PUSDT_2025-10-03_klines.csv,202.24,62.53,extreme,PUMP
gateio,PUSDT,2025-10-03,PUSDT_2025-10-03_klines_L2.csv,,,,ERROR
gateio,PUSDT,2025-10-03,PUSDT_2025-10-03_klines_market_ctx.csv,,,,ERROR
gateio,PUSDT,2025-10-03,PUSDT_2025-10-03_klines_trades.csv,,,,ERROR
gateio,PUSHUSDT,2025-12-07,PUSHUSDT_2025-12-07_klines.csv,1.89,0.0,,VOLATILE_CONTROL
gateio,PVPUSDT,2025-12-29,PVPUSDT_2025-12-29_klines.csv,2190.0,63.3,extreme,PUMP
gateio,PVPUSDT,2025-12-29,PVPUSDT_2025-12-29_klines_L2.csv,,,,ERROR
gateio,PVPUSDT,2025-12-29,PVPUSDT_2025-12-29_klines_market_ctx.csv,,,,ERROR
gateio,PVPUSDT,2025-12-29,PVPUSDT_2025-12-29_klines_trades.csv,,,,ERROR
gateio,PVUUSDT,2025-08-02,PVUUSDT_2025-08-02_klines.csv,42.23,98.04,major,PUMP
gateio,PVUUSDT,2025-08-02,PVUUSDT_2025-08-02_klines_L2.csv,,,,ERROR
gateio,PVUUSDT,2025-08-02,PVUUSDT_2025-08-02_klines_market_ctx.csv,,,,ERROR
gateio,PVUUSDT,2025-08-02,PVUUSDT_2025-08-02_klines_trades.csv,,,,ERROR
gateio,PYBOBOUSDT,2025-11-21,PYBOBOUSDT_2025-11-21_klines.csv,2823.0,43.64,extreme,PUMP
gateio,PYBOBOUSDT,2025-11-21,PYBOBOUSDT_2025-11-21_klines_L2.csv,,,,ERROR
gateio,PYBOBOUSDT,2025-11-21,PYBOBOUSDT_2025-11-21_klines_market_ctx.csv,,,,ERROR
gateio,PYBOBOUSDT,2025-11-21,PYBOBOUSDT_2025-11-21_klines_trades.csv,,,,ERROR
gateio,PYMUSDT,2025-06-28,PYMUSDT_2025-06-28_klines.csv,15.77,92.74,small,PUMP
gateio,PYMUSDT,2025-06-28,PYMUSDT_2025-06-28_klines_L2.csv,,,,ERROR
gateio,PYMUSDT,2025-06-28,PYMUSDT_2025-06-28_klines_market_ctx.csv,,,,ERROR
gateio,PYMUSDT,2025-06-28,PYMUSDT_2025-06-28_klines_trades.csv,,,,ERROR
gateio,PYRUSDT,2025-10-21,PYRUSDT_2025-10-21_klines.csv,2.78,0.0,,VOLATILE_CONTROL
gateio,PYTHUSDT,2025-07-05,PYTHUSDT_2025-07-05_klines.csv,28.62,16.33,,VOLATILE_CONTROL
gateio,PZPUSDT,2025-06-23,PZPUSDT_2025-06-23_klines.csv,20.69,87.55,medium,PUMP
gateio,PZPUSDT,2025-06-23,PZPUSDT_2025-06-23_klines_L2.csv,,,,ERROR
gateio,PZPUSDT,2025-06-23,PZPUSDT_2025-06-23_klines_market_ctx.csv,,,,ERROR
gateio,PZPUSDT,2025-06-23,PZPUSDT_2025-06-23_klines_trades.csv,,,,ERROR
gateio,QANXUSDT,2025-06-16,QANXUSDT_2025-06-16_klines.csv,5.63,404.2,micro,PUMP
gateio,QANXUSDT,2025-06-16,QANXUSDT_2025-06-16_klines_L2.csv,,,,ERROR
gateio,QANXUSDT,2025-06-16,QANXUSDT_2025-06-16_klines_market_ctx.csv,,,,ERROR
gateio,QANXUSDT,2025-06-16,QANXUSDT_2025-06-16_klines_trades.csv,,,,ERROR
gateio,QBXUSDT,2025-05-09,QBXUSDT_2025-05-09_klines.csv,118.02,89.53,extreme,PUMP
gateio,QBXUSDT,2025-05-09,QBXUSDT_2025-05-09_klines_L2.csv,,,,ERROR
gateio,QBXUSDT,2025-05-09,QBXUSDT_2025-05-09_klines_market_ctx.csv,,,,ERROR
gateio,QBXUSDT,2025-05-09,QBXUSDT_2025-05-09_klines_trades.csv,,,,ERROR
gateio,QBXUSDT,2025-05-15,QBXUSDT_2025-05-15_klines.csv,121.84,96.75,extreme,PUMP
gateio,QKAUSDT,2025-07-11,QKAUSDT_2025-07-11_klines.csv,26.01,69.45,medium,PUMP
gateio,QKAUSDT,2025-07-11,QKAUSDT_2025-07-11_klines_L2.csv,,,,ERROR
gateio,QKAUSDT,2025-07-11,QKAUSDT_2025-07-11_klines_market_ctx.csv,,,,ERROR
gateio,QKAUSDT,2025-07-11,QKAUSDT_2025-07-11_klines_trades.csv,,,,ERROR
gateio,QKCUSDT,2025-07-12,QKCUSDT_2025-07-12_klines.csv,10.42,99.73,small,PUMP
gateio,QKCUSDT,2025-07-12,QKCUSDT_2025-07-12_klines_L2.csv,,,,ERROR
gateio,QKCUSDT,2025-07-12,QKCUSDT_2025-07-12_klines_market_ctx.csv,,,,ERROR
gateio,QKCUSDT,2025-07-12,QKCUSDT_2025-07-12_klines_trades.csv,,,,ERROR
gateio,QNTUSDT,2025-11-22,QNTUSDT_2025-11-22_klines.csv,44.7,0.0,,VOLATILE_CONTROL
gateio,QORPOUSDT,2025-06-05,QORPOUSDT_2025-06-05_klines.csv,56.14,129.91,extreme,PUMP
gateio,QORPOUSDT,2025-06-05,QORPOUSDT_2025-06-05_klines_L2.csv,,,,ERROR
gateio,QORPOUSDT,2025-06-05,QORPOUSDT_2025-06-05_klines_market_ctx.csv,,,,ERROR
gateio,QORPOUSDT,2025-06-05,QORPOUSDT_2025-06-05_klines_trades.csv,,,,ERROR
gateio,QUAIUSDT,2025-05-09,QUAIUSDT_2025-05-09_klines.csv,134.91,63.18,extreme,PUMP
gateio,QUAIUSDT,2025-05-09,QUAIUSDT_2025-05-09_klines_L2.csv,,,,ERROR
gateio,QUAIUSDT,2025-05-09,QUAIUSDT_2025-05-09_klines_market_ctx.csv,,,,ERROR
gateio,QUAIUSDT,2025-05-09,QUAIUSDT_2025-05-09_klines_trades.csv,,,,ERROR
gateio,QUAIUSDT,2025-06-15,QUAIUSDT_2025-06-15_klines.csv,58.14,75.64,extreme,PUMP
gateio,QUSDT,2025-09-02,QUSDT_2025-09-02_klines.csv,1015.55,44.12,extreme,PUMP
gateio,QUSDT,2025-09-02,QUSDT_2025-09-02_klines_L2.csv,,,,ERROR
gateio,QUSDT,2025-09-02,QUSDT_2025-09-02_klines_market_ctx.csv,,,,ERROR
gateio,QUSDT,2025-09-02,QUSDT_2025-09-02_klines_trades.csv,,,,ERROR
gateio,R2USDT,2026-03-30,R2USDT_2026-03-30_klines.csv,376.0,112.69,extreme,PUMP
gateio,R2USDT,2026-03-30,R2USDT_2026-03-30_klines_L2.csv,,,,ERROR
gateio,R2USDT,2026-03-30,R2USDT_2026-03-30_klines_market_ctx.csv,,,,ERROR
gateio,R2USDT,2026-03-30,R2USDT_2026-03-30_klines_trades.csv,,,,ERROR
gateio,RADARUSDT,2025-05-09,RADARUSDT_2025-05-09_klines.csv,39.82,84.27,large,PUMP
gateio,RADARUSDT,2025-05-09,RADARUSDT_2025-05-09_klines_L2.csv,,,,ERROR
gateio,RADARUSDT,2025-05-09,RADARUSDT_2025-05-09_klines_market_ctx.csv,,,,ERROR
gateio,RADARUSDT,2025-05-09,RADARUSDT_2025-05-09_klines_trades.csv,,,,ERROR
gateio,RADARUSDT,2025-05-15,RADARUSDT_2025-05-15_klines.csv,58.59,72.0,extreme,PUMP
gateio,RADUSDT,2025-12-15,RADUSDT_2025-12-15_klines.csv,1.62,0.0,,VOLATILE_CONTROL
gateio,RAIREFLEXINDEXUSDT,2025-08-31,RAIREFLEXINDEXUSDT_2025-08-31_klines.csv,12.32,181.57,small,PUMP
gateio,RAREUSDT,2025-08-02,RAREUSDT_2025-08-02_klines.csv,50.98,63.67,extreme,PUMP
gateio,RAREUSDT,2025-08-02,RAREUSDT_2025-08-02_klines_L2.csv,,,,ERROR
gateio,RAREUSDT,2025-08-02,RAREUSDT_2025-08-02_klines_market_ctx.csv,,,,ERROR
gateio,RAREUSDT,2025-08-02,RAREUSDT_2025-08-02_klines_trades.csv,,,,ERROR
gateio,RARIUSDT,2025-06-22,RARIUSDT_2025-06-22_klines.csv,50.25,55.36,extreme,PUMP
gateio,RARIUSDT,2025-06-22,RARIUSDT_2025-06-22_klines_L2.csv,,,,ERROR
gateio,RARIUSDT,2025-06-22,RARIUSDT_2025-06-22_klines_market_ctx.csv,,,,ERROR
gateio,RARIUSDT,2025-06-22,RARIUSDT_2025-06-22_klines_trades.csv,,,,ERROR
gateio,RATINGUSDT,2025-09-14,RATINGUSDT_2025-09-14_klines.csv,15.37,101.14,small,PUMP
gateio,RATINGUSDT,2025-09-14,RATINGUSDT_2025-09-14_klines_L2.csv,,,,ERROR
gateio,RATINGUSDT,2025-09-14,RATINGUSDT_2025-09-14_klines_market_ctx.csv,,,,ERROR
gateio,RATINGUSDT,2025-09-14,RATINGUSDT_2025-09-14_klines_trades.csv,,,,ERROR
gateio,RATSUSDT,2025-09-09,RATSUSDT_2025-09-09_klines.csv,18.91,0.0,,VOLATILE_CONTROL
gateio,RAVEUSDT,2025-12-12,RAVEUSDT_2025-12-12_klines.csv,145.28,98.8,extreme,PUMP
gateio,RAVEUSDT,2025-12-12,RAVEUSDT_2025-12-12_klines_L2.csv,,,,ERROR
gateio,RAVEUSDT,2025-12-12,RAVEUSDT_2025-12-12_klines_market_ctx.csv,,,,ERROR
gateio,RAVEUSDT,2025-12-12,RAVEUSDT_2025-12-12_klines_trades.csv,,,,ERROR
gateio,RBNTUSDT,2025-06-22,RBNTUSDT_2025-06-22_klines.csv,23.76,99.74,medium,PUMP
gateio,RCADEUSDT,2025-07-29,RCADEUSDT_2025-07-29_klines.csv,15.59,209.64,small,PUMP
gateio,RCADEUSDT,2025-07-29,RCADEUSDT_2025-07-29_klines_L2.csv,,,,ERROR
gateio,RCADEUSDT,2025-07-29,RCADEUSDT_2025-07-29_klines_market_ctx.csv,,,,ERROR
gateio,RCADEUSDT,2025-07-29,RCADEUSDT_2025-07-29_klines_trades.csv,,,,ERROR
gateio,RDNTUSDT,2025-07-02,RDNTUSDT_2025-07-02_klines.csv,11.37,128.17,small,PUMP
gateio,RDNTUSDT,2025-07-02,RDNTUSDT_2025-07-02_klines_L2.csv,,,,ERROR
gateio,RDNTUSDT,2025-07-02,RDNTUSDT_2025-07-02_klines_market_ctx.csv,,,,ERROR
gateio,RDNTUSDT,2025-07-02,RDNTUSDT_2025-07-02_klines_trades.csv,,,,ERROR
gateio,REACTUSDT,2025-05-09,REACTUSDT_2025-05-09_klines.csv,69.04,140.05,extreme,PUMP
gateio,REACTUSDT,2025-05-09,REACTUSDT_2025-05-09_klines_L2.csv,,,,ERROR
gateio,REACTUSDT,2025-05-09,REACTUSDT_2025-05-09_klines_market_ctx.csv,,,,ERROR
gateio,REACTUSDT,2025-05-09,REACTUSDT_2025-05-09_klines_trades.csv,,,,ERROR
gateio,REACTUSDT,2025-05-30,REACTUSDT_2025-05-30_klines.csv,66.63,120.23,extreme,PUMP
gateio,READYUSDT,2025-05-09,READYUSDT_2025-05-09_klines.csv,61.65,30.82,extreme,PUMP
gateio,READYUSDT,2025-05-09,READYUSDT_2025-05-09_klines_L2.csv,,,,ERROR
gateio,READYUSDT,2025-05-09,READYUSDT_2025-05-09_klines_market_ctx.csv,,,,ERROR
gateio,READYUSDT,2025-05-09,READYUSDT_2025-05-09_klines_trades.csv,,,,ERROR
gateio,READYUSDT,2025-05-15,READYUSDT_2025-05-15_klines.csv,146.88,42.67,extreme,PUMP
gateio,RECALLUSDT,2025-10-17,RECALLUSDT_2025-10-17_klines.csv,90.76,98.12,extreme,PUMP
gateio,RECALLUSDT,2025-10-17,RECALLUSDT_2025-10-17_klines_L2.csv,,,,ERROR
gateio,RECALLUSDT,2025-10-17,RECALLUSDT_2025-10-17_klines_market_ctx.csv,,,,ERROR
gateio,RECALLUSDT,2025-10-17,RECALLUSDT_2025-10-17_klines_trades.csv,,,,ERROR
gateio,RECTUSDT,2025-05-12,RECTUSDT_2025-05-12_klines.csv,90.62,51.36,extreme,PUMP
gateio,RECTUSDT,2025-05-12,RECTUSDT_2025-05-12_klines_L2.csv,,,,ERROR
gateio,RECTUSDT,2025-05-12,RECTUSDT_2025-05-12_klines_market_ctx.csv,,,,ERROR
gateio,RECTUSDT,2025-05-12,RECTUSDT_2025-05-12_klines_trades.csv,,,,ERROR
gateio,RECTUSDT,2025-05-15,RECTUSDT_2025-05-15_klines.csv,50.75,98.02,extreme,PUMP
gateio,REDOUSDT,2025-05-10,REDOUSDT_2025-05-10_klines.csv,78.58,73.77,extreme,PUMP
gateio,REDOUSDT,2025-05-10,REDOUSDT_2025-05-10_klines_L2.csv,,,,ERROR
gateio,REDOUSDT,2025-05-10,REDOUSDT_2025-05-10_klines_market_ctx.csv,,,,ERROR
gateio,REDOUSDT,2025-05-10,REDOUSDT_2025-05-10_klines_trades.csv,,,,ERROR
gateio,REDOUSDT,2025-05-15,REDOUSDT_2025-05-15_klines.csv,10.86,167.01,small,PUMP
gateio,REEFUSDT,2025-05-09,REEFUSDT_2025-05-09_klines.csv,71.45,92.7,extreme,PUMP
gateio,REEFUSDT,2025-05-09,REEFUSDT_2025-05-09_klines_L2.csv,,,,ERROR
gateio,REEFUSDT,2025-05-09,REEFUSDT_2025-05-09_klines_market_ctx.csv,,,,ERROR
gateio,REEFUSDT,2025-05-09,REEFUSDT_2025-05-09_klines_trades.csv,,,,ERROR
gateio,REIGNUSDT,2025-06-12,REIGNUSDT_2025-06-12_klines.csv,9.25,71.05,micro,PUMP
gateio,REIGNUSDT,2025-06-12,REIGNUSDT_2025-06-12_klines_L2.csv,,,,ERROR
gateio,REIGNUSDT,2025-06-12,REIGNUSDT_2025-06-12_klines_market_ctx.csv,,,,ERROR
gateio,REIGNUSDT,2025-06-12,REIGNUSDT_2025-06-12_klines_trades.csv,,,,ERROR
gateio,REKTCOINUSDT,2025-05-15,REKTCOINUSDT_2025-05-15_klines.csv,61.63,9.78,,VOLATILE_CONTROL
gateio,RENDERUSDT,2025-11-05,RENDERUSDT_2025-11-05_klines.csv,57.52,67.6,extreme,PUMP
gateio,RENDERUSDT,2025-11-05,RENDERUSDT_2025-11-05_klines_L2.csv,,,,ERROR
gateio,RENDERUSDT,2025-11-05,RENDERUSDT_2025-11-05_klines_market_ctx.csv,,,,ERROR
gateio,RENDERUSDT,2025-11-05,RENDERUSDT_2025-11-05_klines_trades.csv,,,,ERROR
gateio,RENUSDT,2025-05-09,RENUSDT_2025-05-09_klines.csv,63.6,65.09,extreme,PUMP
gateio,RENUSDT,2025-05-09,RENUSDT_2025-05-09_klines_L2.csv,,,,ERROR
gateio,RENUSDT,2025-05-09,RENUSDT_2025-05-09_klines_market_ctx.csv,,,,ERROR
gateio,RENUSDT,2025-05-09,RENUSDT_2025-05-09_klines_trades.csv,,,,ERROR
gateio,RENUSDT,2025-05-15,RENUSDT_2025-05-15_klines.csv,63.11,82.69,extreme,PUMP
gateio,REPUSDT,2025-07-13,REPUSDT_2025-07-13_klines.csv,34.9,29.08,,VOLATILE_CONTROL
gateio,REQUSDT,2025-06-23,REQUSDT_2025-06-23_klines.csv,52.52,84.87,extreme,PUMP
gateio,REQUSDT,2025-06-23,REQUSDT_2025-06-23_klines_L2.csv,,,,ERROR
gateio,REQUSDT,2025-06-23,REQUSDT_2025-06-23_klines_market_ctx.csv,,,,ERROR
gateio,REQUSDT,2025-06-23,REQUSDT_2025-06-23_klines_trades.csv,,,,ERROR
gateio,RESOLV3LUSDT,2025-06-11,RESOLV3LUSDT_2025-06-11_klines.csv,116.79,167.91,extreme,PUMP
gateio,RESOLV3LUSDT,2025-06-11,RESOLV3LUSDT_2025-06-11_klines_L2.csv,,,,ERROR
gateio,RESOLV3LUSDT,2025-06-11,RESOLV3LUSDT_2025-06-11_klines_market_ctx.csv,,,,ERROR
gateio,RESOLV3LUSDT,2025-06-11,RESOLV3LUSDT_2025-06-11_klines_trades.csv,,,,ERROR
gateio,RESOLV3SUSDT,2025-06-11,RESOLV3SUSDT_2025-06-11_klines.csv,26.87,111.15,medium,PUMP
gateio,RESOLV3SUSDT,2025-06-11,RESOLV3SUSDT_2025-06-11_klines_L2.csv,,,,ERROR
gateio,RESOLV3SUSDT,2025-06-11,RESOLV3SUSDT_2025-06-11_klines_market_ctx.csv,,,,ERROR
gateio,RESOLV3SUSDT,2025-06-11,RESOLV3SUSDT_2025-06-11_klines_trades.csv,,,,ERROR
gateio,RESOLVUSDT,2025-06-10,RESOLVUSDT_2025-06-10_klines.csv,313.9,62.5,extreme,PUMP
gateio,RESOLVUSDT,2025-06-10,RESOLVUSDT_2025-06-10_klines_L2.csv,,,,ERROR
gateio,RESOLVUSDT,2025-06-10,RESOLVUSDT_2025-06-10_klines_market_ctx.csv,,,,ERROR
gateio,RESOLVUSDT,2025-06-10,RESOLVUSDT_2025-06-10_klines_trades.csv,,,,ERROR
gateio,REVUUSDT,2025-05-09,REVUUSDT_2025-05-09_klines.csv,45.45,67.0,major,PUMP
gateio,REVUUSDT,2025-05-09,REVUUSDT_2025-05-09_klines_L2.csv,,,,ERROR
gateio,REVUUSDT,2025-05-09,REVUUSDT_2025-05-09_klines_market_ctx.csv,,,,ERROR
gateio,REVUUSDT,2025-05-09,REVUUSDT_2025-05-09_klines_trades.csv,,,,ERROR
gateio,REVUUSDT,2025-06-23,REVUUSDT_2025-06-23_klines.csv,22.16,107.96,medium,PUMP
gateio,REZUSDT,2025-06-23,REZUSDT_2025-06-23_klines.csv,23.34,54.86,medium,PUMP
gateio,REZUSDT,2025-06-23,REZUSDT_2025-06-23_klines_L2.csv,,,,ERROR
gateio,REZUSDT,2025-06-23,REZUSDT_2025-06-23_klines_market_ctx.csv,,,,ERROR
gateio,REZUSDT,2025-06-23,REZUSDT_2025-06-23_klines_trades.csv,,,,ERROR
gateio,RFCUSDT,2025-05-31,RFCUSDT_2025-05-31_klines.csv,63.5,62.85,extreme,PUMP
gateio,RFCUSDT,2025-05-31,RFCUSDT_2025-05-31_klines_L2.csv,,,,ERROR
gateio,RFCUSDT,2025-05-31,RFCUSDT_2025-05-31_klines_market_ctx.csv,,,,ERROR
gateio,RFCUSDT,2025-05-31,RFCUSDT_2025-05-31_klines_trades.csv,,,,ERROR
gateio,RFRMUSDT,2025-07-27,RFRMUSDT_2025-07-27_klines.csv,1.8,0.0,,VOLATILE_CONTROL
gateio,RHEAUSDT,2025-07-30,RHEAUSDT_2025-07-30_klines.csv,794.45,94.86,extreme,PUMP
gateio,RHEAUSDT,2025-07-30,RHEAUSDT_2025-07-30_klines_L2.csv,,,,ERROR
gateio,RHEAUSDT,2025-07-30,RHEAUSDT_2025-07-30_klines_market_ctx.csv,,,,ERROR
gateio,RHEAUSDT,2025-07-30,RHEAUSDT_2025-07-30_klines_trades.csv,,,,ERROR
gateio,RIDEUSDT,2025-11-21,RIDEUSDT_2025-11-21_klines.csv,12.2,259.27,small,PUMP
gateio,RIDEUSDT,2025-11-21,RIDEUSDT_2025-11-21_klines_L2.csv,,,,ERROR
gateio,RIDEUSDT,2025-11-21,RIDEUSDT_2025-11-21_klines_market_ctx.csv,,,,ERROR
gateio,RIDEUSDT,2025-11-21,RIDEUSDT_2025-11-21_klines_trades.csv,,,,ERROR
gateio,RIFUSDT,2026-03-30,RIFUSDT_2026-03-30_klines.csv,5.55,76.88,micro,PUMP
gateio,RIFUSDT,2026-03-30,RIFUSDT_2026-03-30_klines_L2.csv,,,,ERROR
gateio,RIFUSDT,2026-03-30,RIFUSDT_2026-03-30_klines_market_ctx.csv,,,,ERROR
gateio,RIFUSDT,2026-03-30,RIFUSDT_2026-03-30_klines_trades.csv,,,,ERROR
gateio,RINGUSDT,2025-05-09,RINGUSDT_2025-05-09_klines.csv,68.0,96.38,extreme,PUMP
gateio,RINGUSDT,2025-05-09,RINGUSDT_2025-05-09_klines_L2.csv,,,,ERROR
gateio,RINGUSDT,2025-05-09,RINGUSDT_2025-05-09_klines_market_ctx.csv,,,,ERROR
gateio,RINGUSDT,2025-05-09,RINGUSDT_2025-05-09_klines_trades.csv,,,,ERROR
gateio,RINGUSDT,2025-05-16,RINGUSDT_2025-05-16_klines.csv,54.71,97.55,extreme,PUMP
gateio,RITEUSDT,2025-05-09,RITEUSDT_2025-05-09_klines.csv,31.04,43.73,large,PUMP
gateio,RITEUSDT,2025-05-09,RITEUSDT_2025-05-09_klines_L2.csv,,,,ERROR
gateio,RITEUSDT,2025-05-09,RITEUSDT_2025-05-09_klines_market_ctx.csv,,,,ERROR
gateio,RITEUSDT,2025-05-09,RITEUSDT_2025-05-09_klines_trades.csv,,,,ERROR
gateio,RITEUSDT,2025-05-15,RITEUSDT_2025-05-15_klines.csv,109.69,128.15,extreme,PUMP
gateio,RIVER3LUSDT,2026-02-02,RIVER3LUSDT_2026-02-02_klines.csv,130.88,162.61,extreme,PUMP
gateio,RIVER3LUSDT,2026-02-02,RIVER3LUSDT_2026-02-02_klines_L2.csv,,,,ERROR
gateio,RIVER3LUSDT,2026-02-02,RIVER3LUSDT_2026-02-02_klines_market_ctx.csv,,,,ERROR
gateio,RIVER3LUSDT,2026-02-02,RIVER3LUSDT_2026-02-02_klines_trades.csv,,,,ERROR
gateio,RIVER3SUSDT,2026-01-28,RIVER3SUSDT_2026-01-28_klines.csv,1299.35,104.35,extreme,PUMP
gateio,RIVER3SUSDT,2026-01-28,RIVER3SUSDT_2026-01-28_klines_L2.csv,,,,ERROR
gateio,RIVER3SUSDT,2026-01-28,RIVER3SUSDT_2026-01-28_klines_market_ctx.csv,,,,ERROR
gateio,RIVER3SUSDT,2026-01-28,RIVER3SUSDT_2026-01-28_klines_trades.csv,,,,ERROR
gateio,RIZUSDT,2025-05-09,RIZUSDT_2025-05-09_klines.csv,18.4,113.39,small,PUMP
gateio,RIZUSDT,2025-05-09,RIZUSDT_2025-05-09_klines_L2.csv,,,,ERROR
gateio,RIZUSDT,2025-05-09,RIZUSDT_2025-05-09_klines_market_ctx.csv,,,,ERROR
gateio,RIZUSDT,2025-05-09,RIZUSDT_2025-05-09_klines_trades.csv,,,,ERROR
gateio,RIZUSDT,2025-05-15,RIZUSDT_2025-05-15_klines.csv,199.6,54.77,extreme,PUMP
gateio,RLCUSDT,2025-07-05,RLCUSDT_2025-07-05_klines.csv,21.45,29.69,,VOLATILE_CONTROL
gateio,RLSUSDT,2026-03-18,RLSUSDT_2026-03-18_klines.csv,0.31,0.0,,VOLATILE_CONTROL
gateio,RNBWUSDT,2026-02-24,RNBWUSDT_2026-02-24_klines.csv,59.8,69.79,extreme,PUMP
gateio,RNBWUSDT,2026-02-24,RNBWUSDT_2026-02-24_klines_L2.csv,,,,ERROR
gateio,RNBWUSDT,2026-02-24,RNBWUSDT_2026-02-24_klines_market_ctx.csv,,,,ERROR
gateio,RNBWUSDT,2026-02-24,RNBWUSDT_2026-02-24_klines_trades.csv,,,,ERROR
gateio,ROAMUSDT,2025-05-31,ROAMUSDT_2025-05-31_klines.csv,11.98,19.46,,VOLATILE_CONTROL
gateio,ROAUSDT,2025-05-09,ROAUSDT_2025-05-09_klines.csv,29.39,86.66,medium,PUMP
gateio,ROAUSDT,2025-05-09,ROAUSDT_2025-05-09_klines_L2.csv,,,,ERROR
gateio,ROAUSDT,2025-05-09,ROAUSDT_2025-05-09_klines_market_ctx.csv,,,,ERROR
gateio,ROAUSDT,2025-05-09,ROAUSDT_2025-05-09_klines_trades.csv,,,,ERROR
gateio,ROAUSDT,2025-05-15,ROAUSDT_2025-05-15_klines.csv,190.24,100.44,extreme,PUMP
gateio,ROBOUSDT,2026-02-27,ROBOUSDT_2026-02-27_klines.csv,368.16,31.13,extreme,PUMP
gateio,ROBOUSDT,2026-02-27,ROBOUSDT_2026-02-27_klines_L2.csv,,,,ERROR
gateio,ROBOUSDT,2026-02-27,ROBOUSDT_2026-02-27_klines_market_ctx.csv,,,,ERROR
gateio,ROBOUSDT,2026-02-27,ROBOUSDT_2026-02-27_klines_trades.csv,,,,ERROR
gateio,RONUSDT,2025-06-15,RONUSDT_2025-06-15_klines.csv,16.93,204.11,small,PUMP
gateio,RONUSDT,2025-06-15,RONUSDT_2025-06-15_klines_L2.csv,,,,ERROR
gateio,RONUSDT,2025-06-15,RONUSDT_2025-06-15_klines_market_ctx.csv,,,,ERROR
gateio,RONUSDT,2025-06-15,RONUSDT_2025-06-15_klines_trades.csv,,,,ERROR
gateio,ROOBEEUSDT,2025-05-09,ROOBEEUSDT_2025-05-09_klines.csv,54.72,112.4,extreme,PUMP
gateio,ROOBEEUSDT,2025-05-09,ROOBEEUSDT_2025-05-09_klines_L2.csv,,,,ERROR
gateio,ROOBEEUSDT,2025-05-09,ROOBEEUSDT_2025-05-09_klines_market_ctx.csv,,,,ERROR
gateio,ROOBEEUSDT,2025-05-09,ROOBEEUSDT_2025-05-09_klines_trades.csv,,,,ERROR
gateio,ROOBEEUSDT,2025-06-01,ROOBEEUSDT_2025-06-01_klines.csv,0.38,0.0,,VOLATILE_CONTROL
gateio,ROOTUSDT,2025-05-16,ROOTUSDT_2025-05-16_klines.csv,7.49,180.38,micro,PUMP
gateio,ROOTUSDT,2025-05-16,ROOTUSDT_2025-05-16_klines_L2.csv,,,,ERROR
gateio,ROOTUSDT,2025-05-16,ROOTUSDT_2025-05-16_klines_market_ctx.csv,,,,ERROR
gateio,ROOTUSDT,2025-05-16,ROOTUSDT_2025-05-16_klines_trades.csv,,,,ERROR
gateio,ROSEUSDT,2025-10-22,ROSEUSDT_2025-10-22_klines.csv,4.77,0.0,,VOLATILE_CONTROL
gateio,ROUTEUSDT,2025-07-05,ROUTEUSDT_2025-07-05_klines.csv,5.91,559.51,micro,PUMP
gateio,ROUTEUSDT,2025-07-05,ROUTEUSDT_2025-07-05_klines_L2.csv,,,,ERROR
gateio,ROUTEUSDT,2025-07-05,ROUTEUSDT_2025-07-05_klines_market_ctx.csv,,,,ERROR
gateio,ROUTEUSDT,2025-07-05,ROUTEUSDT_2025-07-05_klines_trades.csv,,,,ERROR
gateio,RPLUSDT,2025-05-09,RPLUSDT_2025-05-09_klines.csv,67.32,93.23,extreme,PUMP
gateio,RPLUSDT,2025-05-09,RPLUSDT_2025-05-09_klines_L2.csv,,,,ERROR
gateio,RPLUSDT,2025-05-09,RPLUSDT_2025-05-09_klines_market_ctx.csv,,,,ERROR
gateio,RPLUSDT,2025-05-09,RPLUSDT_2025-05-09_klines_trades.csv,,,,ERROR
gateio,RPLUSDT,2025-05-24,RPLUSDT_2025-05-24_klines.csv,37.97,114.23,large,PUMP
gateio,RSCUSDT,2025-06-06,RSCUSDT_2025-06-06_klines.csv,53.38,74.87,extreme,PUMP
gateio,RSS3USDT,2025-08-02,RSS3USDT_2025-08-02_klines.csv,21.78,27.96,,VOLATILE_CONTROL
gateio,RTFUSDT,2025-11-09,RTFUSDT_2025-11-09_klines.csv,53.55,59.48,extreme,PUMP
gateio,RTFUSDT,2025-11-09,RTFUSDT_2025-11-09_klines_L2.csv,,,,ERROR
gateio,RTFUSDT,2025-11-09,RTFUSDT_2025-11-09_klines_market_ctx.csv,,,,ERROR
gateio,RTFUSDT,2025-11-09,RTFUSDT_2025-11-09_klines_trades.csv,,,,ERROR
gateio,RUNEUSDT,2025-05-09,RUNEUSDT_2025-05-09_klines.csv,52.72,54.2,extreme,PUMP
gateio,RUNEUSDT,2025-05-09,RUNEUSDT_2025-05-09_klines_L2.csv,,,,ERROR
gateio,RUNEUSDT,2025-05-09,RUNEUSDT_2025-05-09_klines_market_ctx.csv,,,,ERROR
gateio,RUNEUSDT,2025-05-09,RUNEUSDT_2025-05-09_klines_trades.csv,,,,ERROR
gateio,RUNWAGOUSDT,2025-09-18,RUNWAGOUSDT_2025-09-18_klines.csv,977.78,89.46,extreme,PUMP
gateio,RUNWAGOUSDT,2025-09-18,RUNWAGOUSDT_2025-09-18_klines_L2.csv,,,,ERROR
gateio,RUNWAGOUSDT,2025-09-18,RUNWAGOUSDT_2025-09-18_klines_market_ctx.csv,,,,ERROR
gateio,RUNWAGOUSDT,2025-09-18,RUNWAGOUSDT_2025-09-18_klines_trades.csv,,,,ERROR
gateio,RVNUSDT,2025-05-18,RVNUSDT_2025-05-18_klines.csv,10.66,133.26,small,PUMP
gateio,RVNUSDT,2025-05-18,RVNUSDT_2025-05-18_klines_L2.csv,,,,ERROR
gateio,RVNUSDT,2025-05-18,RVNUSDT_2025-05-18_klines_market_ctx.csv,,,,ERROR
gateio,RVNUSDT,2025-05-18,RVNUSDT_2025-05-18_klines_trades.csv,,,,ERROR
gateio,RVVUSDT,2025-10-18,RVVUSDT_2025-10-18_klines.csv,239.99,111.18,extreme,PUMP
gateio,RVVUSDT,2025-10-18,RVVUSDT_2025-10-18_klines_L2.csv,,,,ERROR
gateio,RVVUSDT,2025-10-18,RVVUSDT_2025-10-18_klines_market_ctx.csv,,,,ERROR
gateio,RVVUSDT,2025-10-18,RVVUSDT_2025-10-18_klines_trades.csv,,,,ERROR
gateio,RWAINCUSDT,2025-05-09,RWAINCUSDT_2025-05-09_klines.csv,19.87,118.31,small,PUMP
gateio,RWAINCUSDT,2025-05-09,RWAINCUSDT_2025-05-09_klines_L2.csv,,,,ERROR
gateio,RWAINCUSDT,2025-05-09,RWAINCUSDT_2025-05-09_klines_market_ctx.csv,,,,ERROR
gateio,RWAINCUSDT,2025-05-09,RWAINCUSDT_2025-05-09_klines_trades.csv,,,,ERROR
gateio,RWAINCUSDT,2025-05-15,RWAINCUSDT_2025-05-15_klines.csv,73.1,128.87,extreme,PUMP
gateio,RWAUSDT,2025-05-22,RWAUSDT_2025-05-22_klines.csv,69.35,123.63,extreme,PUMP
gateio,RWAUSDT,2025-05-22,RWAUSDT_2025-05-22_klines_L2.csv,,,,ERROR
gateio,RWAUSDT,2025-05-22,RWAUSDT_2025-05-22_klines_market_ctx.csv,,,,ERROR
gateio,RWAUSDT,2025-05-22,RWAUSDT_2025-05-22_klines_trades.csv,,,,ERROR
gateio,RZTOUSDT,2025-10-18,RZTOUSDT_2025-10-18_klines.csv,455.52,114.23,extreme,PUMP
gateio,RZTOUSDT,2025-10-18,RZTOUSDT_2025-10-18_klines_L2.csv,,,,ERROR
gateio,RZTOUSDT,2025-10-18,RZTOUSDT_2025-10-18_klines_market_ctx.csv,,,,ERROR
gateio,RZTOUSDT,2025-10-18,RZTOUSDT_2025-10-18_klines_trades.csv,,,,ERROR
gateio,SAASUSDT,2025-07-01,SAASUSDT_2025-07-01_klines.csv,68.57,72.56,extreme,PUMP
gateio,SAASUSDT,2025-07-01,SAASUSDT_2025-07-01_klines_L2.csv,,,,ERROR
gateio,SAASUSDT,2025-07-01,SAASUSDT_2025-07-01_klines_market_ctx.csv,,,,ERROR
gateio,SAASUSDT,2025-07-01,SAASUSDT_2025-07-01_klines_trades.csv,,,,ERROR
gateio,SAFEUSDT,2025-05-17,SAFEUSDT_2025-05-17_klines.csv,19.2,86.53,small,PUMP
gateio,SAFEUSDT,2025-05-17,SAFEUSDT_2025-05-17_klines_L2.csv,,,,ERROR
gateio,SAFEUSDT,2025-05-17,SAFEUSDT_2025-05-17_klines_market_ctx.csv,,,,ERROR
gateio,SAFEUSDT,2025-05-17,SAFEUSDT_2025-05-17_klines_trades.csv,,,,ERROR
gateio,SAFFRONFIUSDT,2025-05-09,SAFFRONFIUSDT_2025-05-09_klines.csv,57.98,93.8,extreme,PUMP
gateio,SAFFRONFIUSDT,2025-05-09,SAFFRONFIUSDT_2025-05-09_klines_L2.csv,,,,ERROR
gateio,SAFFRONFIUSDT,2025-05-09,SAFFRONFIUSDT_2025-05-09_klines_market_ctx.csv,,,,ERROR
gateio,SAFFRONFIUSDT,2025-05-09,SAFFRONFIUSDT_2025-05-09_klines_trades.csv,,,,ERROR
gateio,SAFFRONFIUSDT,2025-05-15,SAFFRONFIUSDT_2025-05-15_klines.csv,60.77,98.81,extreme,PUMP
gateio,SAGAUSDT,2025-06-23,SAGAUSDT_2025-06-23_klines.csv,19.23,71.5,small,PUMP
gateio,SAGAUSDT,2025-06-23,SAGAUSDT_2025-06-23_klines_L2.csv,,,,ERROR
gateio,SAGAUSDT,2025-06-23,SAGAUSDT_2025-06-23_klines_market_ctx.csv,,,,ERROR
gateio,SAGAUSDT,2025-06-23,SAGAUSDT_2025-06-23_klines_trades.csv,,,,ERROR
gateio,SAHARAUSDT,2025-07-06,SAHARAUSDT_2025-07-06_klines.csv,5.45,322.15,micro,PUMP
gateio,SAHARAUSDT,2025-07-06,SAHARAUSDT_2025-07-06_klines_L2.csv,,,,ERROR
gateio,SAHARAUSDT,2025-07-06,SAHARAUSDT_2025-07-06_klines_market_ctx.csv,,,,ERROR
gateio,SAHARAUSDT,2025-07-06,SAHARAUSDT_2025-07-06_klines_trades.csv,,,,ERROR
gateio,SAIUSDT,2025-05-11,SAIUSDT_2025-05-11_klines.csv,40.08,79.68,major,PUMP
gateio,SAIUSDT,2025-05-11,SAIUSDT_2025-05-11_klines_L2.csv,,,,ERROR
gateio,SAIUSDT,2025-05-11,SAIUSDT_2025-05-11_klines_market_ctx.csv,,,,ERROR
gateio,SAIUSDT,2025-05-11,SAIUSDT_2025-05-11_klines_trades.csv,,,,ERROR
gateio,SAIUSDT,2025-05-16,SAIUSDT_2025-05-16_klines.csv,14.27,93.95,small,PUMP
gateio,SAMOUSDT,2025-05-09,SAMOUSDT_2025-05-09_klines.csv,72.18,77.5,extreme,PUMP
gateio,SAMOUSDT,2025-05-09,SAMOUSDT_2025-05-09_klines_L2.csv,,,,ERROR
gateio,SAMOUSDT,2025-05-09,SAMOUSDT_2025-05-09_klines_market_ctx.csv,,,,ERROR
gateio,SAMOUSDT,2025-05-09,SAMOUSDT_2025-05-09_klines_trades.csv,,,,ERROR
gateio,SAMOUSDT,2025-12-20,SAMOUSDT_2025-12-20_klines.csv,13.7,112.0,small,PUMP
gateio,SAND3LUSDT,2025-05-09,SAND3LUSDT_2025-05-09_klines.csv,80.19,118.41,extreme,PUMP
gateio,SAND3LUSDT,2025-05-09,SAND3LUSDT_2025-05-09_klines_L2.csv,,,,ERROR
gateio,SAND3LUSDT,2025-05-09,SAND3LUSDT_2025-05-09_klines_market_ctx.csv,,,,ERROR
gateio,SAND3LUSDT,2025-05-09,SAND3LUSDT_2025-05-09_klines_trades.csv,,,,ERROR
gateio,SAND3LUSDT,2025-06-06,SAND3LUSDT_2025-06-06_klines.csv,66.0,108.79,extreme,PUMP
gateio,SAND3SUSDT,2025-05-15,SAND3SUSDT_2025-05-15_klines.csv,61.21,108.9,extreme,PUMP
gateio,SANDUSDT,2026-01-01,SANDUSDT_2026-01-01_klines.csv,19.82,65.28,small,PUMP
gateio,SANDUSDT,2026-01-01,SANDUSDT_2026-01-01_klines_L2.csv,,,,ERROR
gateio,SANDUSDT,2026-01-01,SANDUSDT_2026-01-01_klines_market_ctx.csv,,,,ERROR
gateio,SANDUSDT,2026-01-01,SANDUSDT_2026-01-01_klines_trades.csv,,,,ERROR
gateio,SANTOSUSDT,2025-07-09,SANTOSUSDT_2025-07-09_klines.csv,11.41,58.48,small,PUMP
gateio,SANTOSUSDT,2025-07-09,SANTOSUSDT_2025-07-09_klines_L2.csv,,,,ERROR
gateio,SANTOSUSDT,2025-07-09,SANTOSUSDT_2025-07-09_klines_market_ctx.csv,,,,ERROR
gateio,SANTOSUSDT,2025-07-09,SANTOSUSDT_2025-07-09_klines_trades.csv,,,,ERROR
gateio,SAOUSDT,2025-07-28,SAOUSDT_2025-07-28_klines.csv,12.85,85.06,small,PUMP
gateio,SAOUSDT,2025-07-28,SAOUSDT_2025-07-28_klines_L2.csv,,,,ERROR
gateio,SAOUSDT,2025-07-28,SAOUSDT_2025-07-28_klines_market_ctx.csv,,,,ERROR
gateio,SAOUSDT,2025-07-28,SAOUSDT_2025-07-28_klines_trades.csv,,,,ERROR
gateio,SAPIENUSDT,2025-09-02,SAPIENUSDT_2025-09-02_klines.csv,182.1,53.85,extreme,PUMP
gateio,SAPIENUSDT,2025-09-02,SAPIENUSDT_2025-09-02_klines_L2.csv,,,,ERROR
gateio,SAPIENUSDT,2025-09-02,SAPIENUSDT_2025-09-02_klines_market_ctx.csv,,,,ERROR
gateio,SAPIENUSDT,2025-09-02,SAPIENUSDT_2025-09-02_klines_trades.csv,,,,ERROR
gateio,SATSUSDT,2025-05-09,SATSUSDT_2025-05-09_klines.csv,79.98,95.46,extreme,PUMP
gateio,SATSUSDT,2025-05-09,SATSUSDT_2025-05-09_klines_L2.csv,,,,ERROR
gateio,SATSUSDT,2025-05-09,SATSUSDT_2025-05-09_klines_market_ctx.csv,,,,ERROR
gateio,SATSUSDT,2025-05-09,SATSUSDT_2025-05-09_klines_trades.csv,,,,ERROR
gateio,SATSUSDT,2025-09-09,SATSUSDT_2025-09-09_klines.csv,37.14,91.16,large,PUMP
gateio,SAUBERUSDT,2025-07-06,SAUBERUSDT_2025-07-06_klines.csv,18.77,112.71,small,PUMP
gateio,SAUBERUSDT,2025-07-06,SAUBERUSDT_2025-07-06_klines_L2.csv,,,,ERROR
gateio,SAUBERUSDT,2025-07-06,SAUBERUSDT_2025-07-06_klines_market_ctx.csv,,,,ERROR
gateio,SAUBERUSDT,2025-07-06,SAUBERUSDT_2025-07-06_klines_trades.csv,,,,ERROR
gateio,SAUCEUSDT,2025-06-18,SAUCEUSDT_2025-06-18_klines.csv,3.01,0.0,,VOLATILE_CONTROL
gateio,SBETONUSDT,2025-12-30,SBETONUSDT_2025-12-30_klines.csv,21.47,25.56,,VOLATILE_CONTROL
gateio,SBRUSDT,2025-05-09,SBRUSDT_2025-05-09_klines.csv,53.29,53.54,extreme,PUMP
gateio,SBRUSDT,2025-05-09,SBRUSDT_2025-05-09_klines_L2.csv,,,,ERROR
gateio,SBRUSDT,2025-05-09,SBRUSDT_2025-05-09_klines_market_ctx.csv,,,,ERROR
gateio,SBRUSDT,2025-05-09,SBRUSDT_2025-05-09_klines_trades.csv,,,,ERROR
gateio,SBRUSDT,2025-05-15,SBRUSDT_2025-05-15_klines.csv,33.81,118.57,large,PUMP
gateio,SCARCITYUSDT,2025-07-01,SCARCITYUSDT_2025-07-01_klines.csv,14.61,138.13,small,PUMP
gateio,SCARCITYUSDT,2025-07-01,SCARCITYUSDT_2025-07-01_klines_L2.csv,,,,ERROR
gateio,SCARCITYUSDT,2025-07-01,SCARCITYUSDT_2025-07-01_klines_market_ctx.csv,,,,ERROR
gateio,SCARCITYUSDT,2025-07-01,SCARCITYUSDT_2025-07-01_klines_trades.csv,,,,ERROR
gateio,SCAUSDT,2025-06-14,SCAUSDT_2025-06-14_klines.csv,12.15,104.82,small,PUMP
gateio,SCAUSDT,2025-06-14,SCAUSDT_2025-06-14_klines_L2.csv,,,,ERROR
gateio,SCAUSDT,2025-06-14,SCAUSDT_2025-06-14_klines_market_ctx.csv,,,,ERROR
gateio,SCAUSDT,2025-06-14,SCAUSDT_2025-06-14_klines_trades.csv,,,,ERROR
gateio,SCCPUSDT,2025-06-12,SCCPUSDT_2025-06-12_klines.csv,16.84,263.45,small,PUMP
gateio,SCCPUSDT,2025-06-12,SCCPUSDT_2025-06-12_klines_L2.csv,,,,ERROR
gateio,SCCPUSDT,2025-06-12,SCCPUSDT_2025-06-12_klines_market_ctx.csv,,,,ERROR
gateio,SCCPUSDT,2025-06-12,SCCPUSDT_2025-06-12_klines_trades.csv,,,,ERROR
gateio,SCIHUBUSDT,2025-06-26,SCIHUBUSDT_2025-06-26_klines.csv,29.16,105.26,medium,PUMP
gateio,SCIHUBUSDT,2025-06-26,SCIHUBUSDT_2025-06-26_klines_L2.csv,,,,ERROR
gateio,SCIHUBUSDT,2025-06-26,SCIHUBUSDT_2025-06-26_klines_market_ctx.csv,,,,ERROR
gateio,SCIHUBUSDT,2025-06-26,SCIHUBUSDT_2025-06-26_klines_trades.csv,,,,ERROR
gateio,SCORUSDT,2025-12-18,SCORUSDT_2025-12-18_klines.csv,15.24,410.12,small,PUMP
gateio,SCORUSDT,2025-12-18,SCORUSDT_2025-12-18_klines_L2.csv,,,,ERROR
gateio,SCORUSDT,2025-12-18,SCORUSDT_2025-12-18_klines_market_ctx.csv,,,,ERROR
gateio,SCORUSDT,2025-12-18,SCORUSDT_2025-12-18_klines_trades.csv,,,,ERROR
gateio,SCRTUSDT,2025-09-23,SCRTUSDT_2025-09-23_klines.csv,10.42,163.8,small,PUMP
gateio,SCRTUSDT,2025-09-23,SCRTUSDT_2025-09-23_klines_L2.csv,,,,ERROR
gateio,SCRTUSDT,2025-09-23,SCRTUSDT_2025-09-23_klines_market_ctx.csv,,,,ERROR
gateio,SCRTUSDT,2025-09-23,SCRTUSDT_2025-09-23_klines_trades.csv,,,,ERROR
gateio,SCTUSDT,2025-05-15,SCTUSDT_2025-05-15_klines.csv,31.96,29.37,,VOLATILE_CONTROL
gateio,SDEXUSDT,2025-11-28,SDEXUSDT_2025-11-28_klines.csv,0.0,0.0,,VOLATILE_CONTROL
gateio,SDMUSDT,2025-12-19,SDMUSDT_2025-12-19_klines.csv,2.17,0.0,,VOLATILE_CONTROL
gateio,SDUSDT,2025-05-16,SDUSDT_2025-05-16_klines.csv,52.82,72.27,extreme,PUMP
gateio,SDUSDT,2025-05-16,SDUSDT_2025-05-16_klines_L2.csv,,,,ERROR
gateio,SDUSDT,2025-05-16,SDUSDT_2025-05-16_klines_market_ctx.csv,,,,ERROR
gateio,SDUSDT,2025-05-16,SDUSDT_2025-05-16_klines_trades.csv,,,,ERROR
gateio,SEI3LUSDT,2025-05-09,SEI3LUSDT_2025-05-09_klines.csv,64.95,121.38,extreme,PUMP
gateio,SEI3LUSDT,2025-05-09,SEI3LUSDT_2025-05-09_klines_L2.csv,,,,ERROR
gateio,SEI3LUSDT,2025-05-09,SEI3LUSDT_2025-05-09_klines_market_ctx.csv,,,,ERROR
gateio,SEI3LUSDT,2025-05-09,SEI3LUSDT_2025-05-09_klines_trades.csv,,,,ERROR
gateio,SEI3LUSDT,2025-06-07,SEI3LUSDT_2025-06-07_klines.csv,45.45,151.69,major,PUMP
gateio,SEI3SUSDT,2025-05-15,SEI3SUSDT_2025-05-15_klines.csv,49.01,120.2,major,PUMP
gateio,SEIUSDT,2025-06-07,SEIUSDT_2025-06-07_klines.csv,14.01,143.41,small,PUMP
gateio,SEIUSDT,2025-06-07,SEIUSDT_2025-06-07_klines_L2.csv,,,,ERROR
gateio,SEIUSDT,2025-06-07,SEIUSDT_2025-06-07_klines_market_ctx.csv,,,,ERROR
gateio,SEIUSDT,2025-06-07,SEIUSDT_2025-06-07_klines_trades.csv,,,,ERROR
gateio,SENT3LUSDT,2026-01-30,SENT3LUSDT_2026-01-30_klines.csv,68.21,203.79,extreme,PUMP
gateio,SENT3LUSDT,2026-01-30,SENT3LUSDT_2026-01-30_klines_L2.csv,,,,ERROR
gateio,SENT3LUSDT,2026-01-30,SENT3LUSDT_2026-01-30_klines_market_ctx.csv,,,,ERROR
gateio,SENT3LUSDT,2026-01-30,SENT3LUSDT_2026-01-30_klines_trades.csv,,,,ERROR
gateio,SENT3SUSDT,2026-01-30,SENT3SUSDT_2026-01-30_klines.csv,28.89,320.48,medium,PUMP
gateio,SENT3SUSDT,2026-01-30,SENT3SUSDT_2026-01-30_klines_L2.csv,,,,ERROR
gateio,SENT3SUSDT,2026-01-30,SENT3SUSDT_2026-01-30_klines_market_ctx.csv,,,,ERROR
gateio,SENT3SUSDT,2026-01-30,SENT3SUSDT_2026-01-30_klines_trades.csv,,,,ERROR
gateio,SENTUSDT,2026-01-22,SENTUSDT_2026-01-22_klines.csv,85.36,26.52,,VOLATILE_CONTROL
gateio,SFIUSDT,2025-05-31,SFIUSDT_2025-05-31_klines.csv,4.99,0.0,,VOLATILE_CONTROL
gateio,SFPUSDT,2025-05-09,SFPUSDT_2025-05-09_klines.csv,9.42,105.67,micro,PUMP
gateio,SFPUSDT,2025-05-09,SFPUSDT_2025-05-09_klines_L2.csv,,,,ERROR
gateio,SFPUSDT,2025-05-09,SFPUSDT_2025-05-09_klines_market_ctx.csv,,,,ERROR
gateio,SFPUSDT,2025-05-09,SFPUSDT_2025-05-09_klines_trades.csv,,,,ERROR
gateio,SFPUSDT,2025-05-18,SFPUSDT_2025-05-18_klines.csv,50.45,112.62,extreme,PUMP
gateio,SFUNDUSDT,2025-05-31,SFUNDUSDT_2025-05-31_klines.csv,9.41,113.26,micro,PUMP
gateio,SFUNDUSDT,2025-05-31,SFUNDUSDT_2025-05-31_klines_L2.csv,,,,ERROR
gateio,SFUNDUSDT,2025-05-31,SFUNDUSDT_2025-05-31_klines_market_ctx.csv,,,,ERROR
gateio,SFUNDUSDT,2025-05-31,SFUNDUSDT_2025-05-31_klines_trades.csv,,,,ERROR
gateio,SGRUSDT,2026-02-24,SGRUSDT_2026-02-24_klines.csv,10.22,92.94,small,PUMP
gateio,SGRUSDT,2026-02-24,SGRUSDT_2026-02-24_klines_L2.csv,,,,ERROR
gateio,SGRUSDT,2026-02-24,SGRUSDT_2026-02-24_klines_market_ctx.csv,,,,ERROR
gateio,SGRUSDT,2026-02-24,SGRUSDT_2026-02-24_klines_trades.csv,,,,ERROR
gateio,SHELLUSDT,2025-07-07,SHELLUSDT_2025-07-07_klines.csv,29.71,57.35,medium,PUMP
gateio,SHELLUSDT,2025-07-07,SHELLUSDT_2025-07-07_klines_L2.csv,,,,ERROR
gateio,SHELLUSDT,2025-07-07,SHELLUSDT_2025-07-07_klines_market_ctx.csv,,,,ERROR
gateio,SHELLUSDT,2025-07-07,SHELLUSDT_2025-07-07_klines_trades.csv,,,,ERROR
gateio,SHFTUSDT,2025-06-26,SHFTUSDT_2025-06-26_klines.csv,1.15,0.0,,VOLATILE_CONTROL
gateio,SHIB2USDT,2025-05-15,SHIB2USDT_2025-05-15_klines.csv,10.49,53.13,small,PUMP
gateio,SHIB3LUSDT,2025-05-09,SHIB3LUSDT_2025-05-09_klines.csv,77.07,110.18,extreme,PUMP
gateio,SHIB3LUSDT,2025-05-09,SHIB3LUSDT_2025-05-09_klines_L2.csv,,,,ERROR
gateio,SHIB3LUSDT,2025-05-09,SHIB3LUSDT_2025-05-09_klines_market_ctx.csv,,,,ERROR
gateio,SHIB3LUSDT,2025-05-09,SHIB3LUSDT_2025-05-09_klines_trades.csv,,,,ERROR
gateio,SHIB3SUSDT,2025-05-13,SHIB3SUSDT_2025-05-13_klines.csv,35.35,97.04,large,PUMP
gateio,SHIB3SUSDT,2025-05-13,SHIB3SUSDT_2025-05-13_klines_L2.csv,,,,ERROR
gateio,SHIB3SUSDT,2025-05-13,SHIB3SUSDT_2025-05-13_klines_market_ctx.csv,,,,ERROR
gateio,SHIB3SUSDT,2025-05-13,SHIB3SUSDT_2025-05-13_klines_trades.csv,,,,ERROR
gateio,SHIB3SUSDT,2025-05-15,SHIB3SUSDT_2025-05-15_klines.csv,38.98,125.08,large,PUMP
gateio,SHIB5LUSDT,2025-05-09,SHIB5LUSDT_2025-05-09_klines.csv,136.09,112.51,extreme,PUMP
gateio,SHIB5LUSDT,2025-05-09,SHIB5LUSDT_2025-05-09_klines_L2.csv,,,,ERROR
gateio,SHIB5LUSDT,2025-05-09,SHIB5LUSDT_2025-05-09_klines_market_ctx.csv,,,,ERROR
gateio,SHIB5LUSDT,2025-05-09,SHIB5LUSDT_2025-05-09_klines_trades.csv,,,,ERROR
gateio,SHIB5LUSDT,2025-05-18,SHIB5LUSDT_2025-05-18_klines.csv,50.66,144.47,extreme,PUMP
gateio,SHIB5SUSDT,2025-05-13,SHIB5SUSDT_2025-05-13_klines.csv,69.79,97.42,extreme,PUMP
gateio,SHIB5SUSDT,2025-05-13,SHIB5SUSDT_2025-05-13_klines_L2.csv,,,,ERROR
gateio,SHIB5SUSDT,2025-05-13,SHIB5SUSDT_2025-05-13_klines_market_ctx.csv,,,,ERROR
gateio,SHIB5SUSDT,2025-05-13,SHIB5SUSDT_2025-05-13_klines_trades.csv,,,,ERROR
gateio,SHIB5SUSDT,2025-05-15,SHIB5SUSDT_2025-05-15_klines.csv,67.33,136.73,extreme,PUMP
gateio,SHIROUSDT,2025-05-22,SHIROUSDT_2025-05-22_klines.csv,79.64,78.1,extreme,PUMP
gateio,SHIROUSDT,2025-05-22,SHIROUSDT_2025-05-22_klines_L2.csv,,,,ERROR
gateio,SHIROUSDT,2025-05-22,SHIROUSDT_2025-05-22_klines_market_ctx.csv,,,,ERROR
gateio,SHIROUSDT,2025-05-22,SHIROUSDT_2025-05-22_klines_trades.csv,,,,ERROR
gateio,SHMUSDT,2025-05-09,SHMUSDT_2025-05-09_klines.csv,108.97,131.67,extreme,PUMP
gateio,SHMUSDT,2025-05-09,SHMUSDT_2025-05-09_klines_L2.csv,,,,ERROR
gateio,SHMUSDT,2025-05-09,SHMUSDT_2025-05-09_klines_market_ctx.csv,,,,ERROR
gateio,SHMUSDT,2025-05-09,SHMUSDT_2025-05-09_klines_trades.csv,,,,ERROR
gateio,SHMUSDT,2025-05-16,SHMUSDT_2025-05-16_klines.csv,7.24,507.55,micro,PUMP
gateio,SHPINGUSDT,2025-10-11,SHPINGUSDT_2025-10-11_klines.csv,67.76,83.26,extreme,PUMP
gateio,SHPINGUSDT,2025-10-11,SHPINGUSDT_2025-10-11_klines_L2.csv,,,,ERROR
gateio,SHPINGUSDT,2025-10-11,SHPINGUSDT_2025-10-11_klines_market_ctx.csv,,,,ERROR
gateio,SHPINGUSDT,2025-10-11,SHPINGUSDT_2025-10-11_klines_trades.csv,,,,ERROR
gateio,SHXUSDT,2025-05-25,SHXUSDT_2025-05-25_klines.csv,3.14,0.0,,VOLATILE_CONTROL
gateio,SIDUSUSDT,2025-08-28,SIDUSUSDT_2025-08-28_klines.csv,6.74,472.88,micro,PUMP
gateio,SIDUSUSDT,2025-08-28,SIDUSUSDT_2025-08-28_klines_L2.csv,,,,ERROR
gateio,SIDUSUSDT,2025-08-28,SIDUSUSDT_2025-08-28_klines_market_ctx.csv,,,,ERROR
gateio,SIDUSUSDT,2025-08-28,SIDUSUSDT_2025-08-28_klines_trades.csv,,,,ERROR
gateio,SIGNUSDT,2025-09-06,SIGNUSDT_2025-09-06_klines.csv,13.78,54.38,small,PUMP
gateio,SIGNUSDT,2025-09-06,SIGNUSDT_2025-09-06_klines_L2.csv,,,,ERROR
gateio,SIGNUSDT,2025-09-06,SIGNUSDT_2025-09-06_klines_market_ctx.csv,,,,ERROR
gateio,SIGNUSDT,2025-09-06,SIGNUSDT_2025-09-06_klines_trades.csv,,,,ERROR
gateio,SINGLEUSDT,2025-05-28,SINGLEUSDT_2025-05-28_klines.csv,6.96,17.7,,VOLATILE_CONTROL
gateio,SINUSDT,2025-08-30,SINUSDT_2025-08-30_klines.csv,1.88,0.0,,VOLATILE_CONTROL
gateio,SIRENUSDT,2025-05-09,SIRENUSDT_2025-05-09_klines.csv,107.99,68.92,extreme,PUMP
gateio,SIRENUSDT,2025-05-09,SIRENUSDT_2025-05-09_klines_L2.csv,,,,ERROR
gateio,SIRENUSDT,2025-05-09,SIRENUSDT_2025-05-09_klines_market_ctx.csv,,,,ERROR
gateio,SIRENUSDT,2025-05-09,SIRENUSDT_2025-05-09_klines_trades.csv,,,,ERROR
gateio,SIRENUSDT,2025-07-23,SIRENUSDT_2025-07-23_klines.csv,25.28,92.94,medium,PUMP
gateio,SIXUSDT,2025-06-06,SIXUSDT_2025-06-06_klines.csv,34.4,105.7,large,PUMP
gateio,SIXUSDT,2025-06-06,SIXUSDT_2025-06-06_klines_L2.csv,,,,ERROR
gateio,SIXUSDT,2025-06-06,SIXUSDT_2025-06-06_klines_market_ctx.csv,,,,ERROR
gateio,SIXUSDT,2025-06-06,SIXUSDT_2025-06-06_klines_trades.csv,,,,ERROR
gateio,SKATEUSDT,2025-06-13,SKATEUSDT_2025-06-13_klines.csv,50.0,101.21,extreme,PUMP
gateio,SKATEUSDT,2025-06-13,SKATEUSDT_2025-06-13_klines_L2.csv,,,,ERROR
gateio,SKATEUSDT,2025-06-13,SKATEUSDT_2025-06-13_klines_market_ctx.csv,,,,ERROR
gateio,SKATEUSDT,2025-06-13,SKATEUSDT_2025-06-13_klines_trades.csv,,,,ERROR
gateio,SKOPUSDT,2025-05-10,SKOPUSDT_2025-05-10_klines.csv,56.35,111.27,extreme,PUMP
gateio,SKOPUSDT,2025-05-10,SKOPUSDT_2025-05-10_klines_L2.csv,,,,ERROR
gateio,SKOPUSDT,2025-05-10,SKOPUSDT_2025-05-10_klines_market_ctx.csv,,,,ERROR
gateio,SKOPUSDT,2025-05-10,SKOPUSDT_2025-05-10_klines_trades.csv,,,,ERROR
gateio,SKOPUSDT,2025-05-23,SKOPUSDT_2025-05-23_klines.csv,35.56,71.29,large,PUMP
gateio,SKRUSDT,2026-01-21,SKRUSDT_2026-01-21_klines.csv,2466.97,72.35,extreme,PUMP
gateio,SKRUSDT,2026-01-21,SKRUSDT_2026-01-21_klines_L2.csv,,,,ERROR
gateio,SKRUSDT,2026-01-21,SKRUSDT_2026-01-21_klines_market_ctx.csv,,,,ERROR
gateio,SKRUSDT,2026-01-21,SKRUSDT_2026-01-21_klines_trades.csv,,,,ERROR
gateio,SKYAIUSDT,2025-05-09,SKYAIUSDT_2025-05-09_klines.csv,133.56,65.72,extreme,PUMP
gateio,SKYAIUSDT,2025-05-09,SKYAIUSDT_2025-05-09_klines_L2.csv,,,,ERROR
gateio,SKYAIUSDT,2025-05-09,SKYAIUSDT_2025-05-09_klines_market_ctx.csv,,,,ERROR
gateio,SKYAIUSDT,2025-05-09,SKYAIUSDT_2025-05-09_klines_trades.csv,,,,ERROR
gateio,SKYAUSDT,2025-05-09,SKYAUSDT_2025-05-09_klines.csv,232.15,85.9,extreme,PUMP
gateio,SKYAUSDT,2025-05-09,SKYAUSDT_2025-05-09_klines_L2.csv,,,,ERROR
gateio,SKYAUSDT,2025-05-09,SKYAUSDT_2025-05-09_klines_market_ctx.csv,,,,ERROR
gateio,SKYAUSDT,2025-05-09,SKYAUSDT_2025-05-09_klines_trades.csv,,,,ERROR
gateio,SKYAUSDT,2025-05-16,SKYAUSDT_2025-05-16_klines.csv,61.61,105.73,extreme,PUMP
gateio,SLCUSDT,2025-05-09,SLCUSDT_2025-05-09_klines.csv,92.55,67.5,extreme,PUMP
gateio,SLCUSDT,2025-05-09,SLCUSDT_2025-05-09_klines_L2.csv,,,,ERROR
gateio,SLCUSDT,2025-05-09,SLCUSDT_2025-05-09_klines_market_ctx.csv,,,,ERROR
gateio,SLCUSDT,2025-05-09,SLCUSDT_2025-05-09_klines_trades.csv,,,,ERROR
gateio,SLCUSDT,2025-05-15,SLCUSDT_2025-05-15_klines.csv,181.07,12.45,,VOLATILE_CONTROL
gateio,SLERFUSDT,2025-12-04,SLERFUSDT_2025-12-04_klines.csv,0.19,0.0,,VOLATILE_CONTROL
gateio,SLIMUSDT,2025-11-15,SLIMUSDT_2025-11-15_klines.csv,29.58,136.24,medium,PUMP
gateio,SLIMUSDT,2025-11-15,SLIMUSDT_2025-11-15_klines_L2.csv,,,,ERROR
gateio,SLIMUSDT,2025-11-15,SLIMUSDT_2025-11-15_klines_market_ctx.csv,,,,ERROR
gateio,SLIMUSDT,2025-11-15,SLIMUSDT_2025-11-15_klines_trades.csv,,,,ERROR
gateio,SLPUSDT,2025-07-05,SLPUSDT_2025-07-05_klines.csv,28.42,42.62,medium,PUMP
gateio,SLPUSDT,2025-07-05,SLPUSDT_2025-07-05_klines_L2.csv,,,,ERROR
gateio,SLPUSDT,2025-07-05,SLPUSDT_2025-07-05_klines_market_ctx.csv,,,,ERROR
gateio,SLPUSDT,2025-07-05,SLPUSDT_2025-07-05_klines_trades.csv,,,,ERROR
gateio,SLV3LUSDT,2026-02-11,SLV3LUSDT_2026-02-11_klines.csv,17.47,247.09,small,PUMP
gateio,SLV3LUSDT,2026-02-11,SLV3LUSDT_2026-02-11_klines_L2.csv,,,,ERROR
gateio,SLV3LUSDT,2026-02-11,SLV3LUSDT_2026-02-11_klines_market_ctx.csv,,,,ERROR
gateio,SLV3LUSDT,2026-02-11,SLV3LUSDT_2026-02-11_klines_trades.csv,,,,ERROR
gateio,SLV3SUSDT,2026-01-26,SLV3SUSDT_2026-01-26_klines.csv,221.83,113.41,extreme,PUMP
gateio,SLV3SUSDT,2026-01-26,SLV3SUSDT_2026-01-26_klines_L2.csv,,,,ERROR
gateio,SLV3SUSDT,2026-01-26,SLV3SUSDT_2026-01-26_klines_market_ctx.csv,,,,ERROR
gateio,SLV3SUSDT,2026-01-26,SLV3SUSDT_2026-01-26_klines_trades.csv,,,,ERROR
gateio,SLVONUSDT,2025-12-10,SLVONUSDT_2025-12-10_klines.csv,10.2,13.52,,VOLATILE_CONTROL
gateio,SMARTUSDT,2025-05-22,SMARTUSDT_2025-05-22_klines.csv,3.73,0.0,,VOLATILE_CONTROL
gateio,SMBUSDT,2025-05-29,SMBUSDT_2025-05-29_klines.csv,57.46,44.42,extreme,PUMP
gateio,SMBUSDT,2025-05-29,SMBUSDT_2025-05-29_klines_L2.csv,,,,ERROR
gateio,SMBUSDT,2025-05-29,SMBUSDT_2025-05-29_klines_market_ctx.csv,,,,ERROR
gateio,SMBUSDT,2025-05-29,SMBUSDT_2025-05-29_klines_trades.csv,,,,ERROR
gateio,SMTXUSDT,2025-05-16,SMTXUSDT_2025-05-16_klines.csv,59.85,63.37,extreme,PUMP
gateio,SMTXUSDT,2025-05-16,SMTXUSDT_2025-05-16_klines_L2.csv,,,,ERROR
gateio,SMTXUSDT,2025-05-16,SMTXUSDT_2025-05-16_klines_market_ctx.csv,,,,ERROR
gateio,SMTXUSDT,2025-05-16,SMTXUSDT_2025-05-16_klines_trades.csv,,,,ERROR
gateio,SMURFCATUSDT,2025-05-09,SMURFCATUSDT_2025-05-09_klines.csv,77.98,93.12,extreme,PUMP
gateio,SMURFCATUSDT,2025-05-09,SMURFCATUSDT_2025-05-09_klines_L2.csv,,,,ERROR
gateio,SMURFCATUSDT,2025-05-09,SMURFCATUSDT_2025-05-09_klines_market_ctx.csv,,,,ERROR
gateio,SMURFCATUSDT,2025-05-09,SMURFCATUSDT_2025-05-09_klines_trades.csv,,,,ERROR
gateio,SMURFCATUSDT,2025-06-02,SMURFCATUSDT_2025-06-02_klines.csv,11.02,194.41,small,PUMP
gateio,SMXUSDT,2025-08-06,SMXUSDT_2025-08-06_klines.csv,9.44,79.17,micro,PUMP
gateio,SMXUSDT,2025-08-06,SMXUSDT_2025-08-06_klines_L2.csv,,,,ERROR
gateio,SMXUSDT,2025-08-06,SMXUSDT_2025-08-06_klines_market_ctx.csv,,,,ERROR
gateio,SMXUSDT,2025-08-06,SMXUSDT_2025-08-06_klines_trades.csv,,,,ERROR
gateio,SNEKUSDT,2025-06-23,SNEKUSDT_2025-06-23_klines.csv,29.94,68.49,medium,PUMP
gateio,SNEKUSDT,2025-06-23,SNEKUSDT_2025-06-23_klines_L2.csv,,,,ERROR
gateio,SNEKUSDT,2025-06-23,SNEKUSDT_2025-06-23_klines_market_ctx.csv,,,,ERROR
gateio,SNEKUSDT,2025-06-23,SNEKUSDT_2025-06-23_klines_trades.csv,,,,ERROR
gateio,SNFT1USDT,2025-07-27,SNFT1USDT_2025-07-27_klines.csv,23.55,66.79,medium,PUMP
gateio,SNFT1USDT,2025-07-27,SNFT1USDT_2025-07-27_klines_L2.csv,,,,ERROR
gateio,SNFT1USDT,2025-07-27,SNFT1USDT_2025-07-27_klines_market_ctx.csv,,,,ERROR
gateio,SNFT1USDT,2025-07-27,SNFT1USDT_2025-07-27_klines_trades.csv,,,,ERROR
gateio,SNTRUSDT,2025-05-09,SNTRUSDT_2025-05-09_klines.csv,122.54,126.42,extreme,PUMP
gateio,SNTRUSDT,2025-05-09,SNTRUSDT_2025-05-09_klines_L2.csv,,,,ERROR
gateio,SNTRUSDT,2025-05-09,SNTRUSDT_2025-05-09_klines_market_ctx.csv,,,,ERROR
gateio,SNTRUSDT,2025-05-09,SNTRUSDT_2025-05-09_klines_trades.csv,,,,ERROR
gateio,SNTUSDT,2025-05-11,SNTUSDT_2025-05-11_klines.csv,39.18,101.93,large,PUMP
gateio,SNTUSDT,2025-05-11,SNTUSDT_2025-05-11_klines_L2.csv,,,,ERROR
gateio,SNTUSDT,2025-05-11,SNTUSDT_2025-05-11_klines_market_ctx.csv,,,,ERROR
gateio,SNTUSDT,2025-05-11,SNTUSDT_2025-05-11_klines_trades.csv,,,,ERROR
gateio,SNTUSDT,2025-05-15,SNTUSDT_2025-05-15_klines.csv,41.32,98.14,major,PUMP
gateio,SOGNIUSDT,2025-07-02,SOGNIUSDT_2025-07-02_klines.csv,90.4,131.42,extreme,PUMP
gateio,SOGNIUSDT,2025-07-02,SOGNIUSDT_2025-07-02_klines_L2.csv,,,,ERROR
gateio,SOGNIUSDT,2025-07-02,SOGNIUSDT_2025-07-02_klines_market_ctx.csv,,,,ERROR
gateio,SOGNIUSDT,2025-07-02,SOGNIUSDT_2025-07-02_klines_trades.csv,,,,ERROR
gateio,SOILUSDT,2025-05-09,SOILUSDT_2025-05-09_klines.csv,61.76,39.37,extreme,PUMP
gateio,SOILUSDT,2025-05-09,SOILUSDT_2025-05-09_klines_L2.csv,,,,ERROR
gateio,SOILUSDT,2025-05-09,SOILUSDT_2025-05-09_klines_market_ctx.csv,,,,ERROR
gateio,SOILUSDT,2025-05-09,SOILUSDT_2025-05-09_klines_trades.csv,,,,ERROR
gateio,SOILUSDT,2025-05-24,SOILUSDT_2025-05-24_klines.csv,53.07,97.33,extreme,PUMP
gateio,SOL3LUSDT,2025-06-06,SOL3LUSDT_2025-06-06_klines.csv,56.06,115.98,extreme,PUMP
gateio,SOL3LUSDT,2025-06-06,SOL3LUSDT_2025-06-06_klines_L2.csv,,,,ERROR
gateio,SOL3LUSDT,2025-06-06,SOL3LUSDT_2025-06-06_klines_market_ctx.csv,,,,ERROR
gateio,SOL3LUSDT,2025-06-06,SOL3LUSDT_2025-06-06_klines_trades.csv,,,,ERROR
gateio,SOL3SUSDT,2025-05-14,SOL3SUSDT_2025-05-14_klines.csv,43.13,89.62,major,PUMP
gateio,SOL3SUSDT,2025-05-14,SOL3SUSDT_2025-05-14_klines_L2.csv,,,,ERROR
gateio,SOL3SUSDT,2025-05-14,SOL3SUSDT_2025-05-14_klines_market_ctx.csv,,,,ERROR
gateio,SOL3SUSDT,2025-05-14,SOL3SUSDT_2025-05-14_klines_trades.csv,,,,ERROR
gateio,SOL3SUSDT,2025-05-19,SOL3SUSDT_2025-05-19_klines.csv,20.3,224.78,medium,PUMP
gateio,SOL5LUSDT,2025-05-09,SOL5LUSDT_2025-05-09_klines.csv,68.98,106.48,extreme,PUMP
gateio,SOL5LUSDT,2025-05-09,SOL5LUSDT_2025-05-09_klines_L2.csv,,,,ERROR
gateio,SOL5LUSDT,2025-05-09,SOL5LUSDT_2025-05-09_klines_market_ctx.csv,,,,ERROR
gateio,SOL5LUSDT,2025-05-09,SOL5LUSDT_2025-05-09_klines_trades.csv,,,,ERROR
gateio,SOL5LUSDT,2025-05-18,SOL5LUSDT_2025-05-18_klines.csv,52.36,112.73,extreme,PUMP
gateio,SOL5SUSDT,2025-05-14,SOL5SUSDT_2025-05-14_klines.csv,81.53,95.99,extreme,PUMP
gateio,SOL5SUSDT,2025-05-14,SOL5SUSDT_2025-05-14_klines_L2.csv,,,,ERROR
gateio,SOL5SUSDT,2025-05-14,SOL5SUSDT_2025-05-14_klines_market_ctx.csv,,,,ERROR
gateio,SOL5SUSDT,2025-05-14,SOL5SUSDT_2025-05-14_klines_trades.csv,,,,ERROR
gateio,SOL5SUSDT,2025-05-15,SOL5SUSDT_2025-05-15_klines.csv,41.34,183.11,major,PUMP
gateio,SOMIUSDT,2025-09-02,SOMIUSDT_2025-09-02_klines.csv,171.98,64.88,extreme,PUMP
gateio,SOMIUSDT,2025-09-02,SOMIUSDT_2025-09-02_klines_L2.csv,,,,ERROR
gateio,SOMIUSDT,2025-09-02,SOMIUSDT_2025-09-02_klines_market_ctx.csv,,,,ERROR
gateio,SOMIUSDT,2025-09-02,SOMIUSDT_2025-09-02_klines_trades.csv,,,,ERROR
gateio,SONICUSDT,2025-12-24,SONICUSDT_2025-12-24_klines.csv,26.2,66.13,medium,PUMP
gateio,SONICUSDT,2025-12-24,SONICUSDT_2025-12-24_klines_L2.csv,,,,ERROR
gateio,SONICUSDT,2025-12-24,SONICUSDT_2025-12-24_klines_market_ctx.csv,,,,ERROR
gateio,SONICUSDT,2025-12-24,SONICUSDT_2025-12-24_klines_trades.csv,,,,ERROR
gateio,SOONUSDT,2025-05-23,SOONUSDT_2025-05-23_klines.csv,1191.6,63.21,extreme,PUMP
gateio,SOONUSDT,2025-05-23,SOONUSDT_2025-05-23_klines_L2.csv,,,,ERROR
gateio,SOONUSDT,2025-05-23,SOONUSDT_2025-05-23_klines_market_ctx.csv,,,,ERROR
gateio,SOONUSDT,2025-05-23,SOONUSDT_2025-05-23_klines_trades.csv,,,,ERROR
gateio,SOPHIAUSDT,2025-05-20,SOPHIAUSDT_2025-05-20_klines.csv,52.83,115.63,extreme,PUMP
gateio,SOPHIAUSDT,2025-05-20,SOPHIAUSDT_2025-05-20_klines_L2.csv,,,,ERROR
gateio,SOPHIAUSDT,2025-05-20,SOPHIAUSDT_2025-05-20_klines_market_ctx.csv,,,,ERROR
gateio,SOPHIAUSDT,2025-05-20,SOPHIAUSDT_2025-05-20_klines_trades.csv,,,,ERROR
gateio,SOPHUSDT,2025-05-28,SOPHUSDT_2025-05-28_klines.csv,166.33,64.93,extreme,PUMP
gateio,SOPHUSDT,2025-05-28,SOPHUSDT_2025-05-28_klines_L2.csv,,,,ERROR
gateio,SOPHUSDT,2025-05-28,SOPHUSDT_2025-05-28_klines_market_ctx.csv,,,,ERROR
gateio,SOPHUSDT,2025-05-28,SOPHUSDT_2025-05-28_klines_trades.csv,,,,ERROR
gateio,SOSOUSDT,2025-06-07,SOSOUSDT_2025-06-07_klines.csv,39.57,44.5,large,PUMP
gateio,SOSOUSDT,2025-06-07,SOSOUSDT_2025-06-07_klines_L2.csv,,,,ERROR
gateio,SOSOUSDT,2025-06-07,SOSOUSDT_2025-06-07_klines_market_ctx.csv,,,,ERROR
gateio,SOSOUSDT,2025-06-07,SOSOUSDT_2025-06-07_klines_trades.csv,,,,ERROR
gateio,SOULUSDT,2025-05-09,SOULUSDT_2025-05-09_klines.csv,53.77,59.95,extreme,PUMP
gateio,SOULUSDT,2025-05-09,SOULUSDT_2025-05-09_klines_L2.csv,,,,ERROR
gateio,SOULUSDT,2025-05-09,SOULUSDT_2025-05-09_klines_market_ctx.csv,,,,ERROR
gateio,SOULUSDT,2025-05-09,SOULUSDT_2025-05-09_klines_trades.csv,,,,ERROR
gateio,SOULUSDT,2025-08-03,SOULUSDT_2025-08-03_klines.csv,4.13,0.0,,VOLATILE_CONTROL
gateio,SOVRNUSDT,2025-05-22,SOVRNUSDT_2025-05-22_klines.csv,9.41,190.01,micro,PUMP
gateio,SOVRNUSDT,2025-05-22,SOVRNUSDT_2025-05-22_klines_L2.csv,,,,ERROR
gateio,SOVRNUSDT,2025-05-22,SOVRNUSDT_2025-05-22_klines_market_ctx.csv,,,,ERROR
gateio,SOVRNUSDT,2025-05-22,SOVRNUSDT_2025-05-22_klines_trades.csv,,,,ERROR
gateio,SPARKLETUSDT,2025-05-30,SPARKLETUSDT_2025-05-30_klines.csv,4.14,0.0,,VOLATILE_CONTROL
gateio,SPAUSDT,2025-07-06,SPAUSDT_2025-07-06_klines.csv,14.36,174.0,small,PUMP
gateio,SPAUSDT,2025-07-06,SPAUSDT_2025-07-06_klines_L2.csv,,,,ERROR
gateio,SPAUSDT,2025-07-06,SPAUSDT_2025-07-06_klines_market_ctx.csv,,,,ERROR
gateio,SPAUSDT,2025-07-06,SPAUSDT_2025-07-06_klines_trades.csv,,,,ERROR
gateio,SPECUSDT,2025-06-21,SPECUSDT_2025-06-21_klines.csv,58.75,96.08,extreme,PUMP
gateio,SPECUSDT,2025-06-21,SPECUSDT_2025-06-21_klines_L2.csv,,,,ERROR
gateio,SPECUSDT,2025-06-21,SPECUSDT_2025-06-21_klines_market_ctx.csv,,,,ERROR
gateio,SPECUSDT,2025-06-21,SPECUSDT_2025-06-21_klines_trades.csv,,,,ERROR
gateio,SPELLFIREUSDT,2025-07-14,SPELLFIREUSDT_2025-07-14_klines.csv,9.26,104.55,micro,PUMP
gateio,SPELLFIREUSDT,2025-07-14,SPELLFIREUSDT_2025-07-14_klines_L2.csv,,,,ERROR
gateio,SPELLFIREUSDT,2025-07-14,SPELLFIREUSDT_2025-07-14_klines_market_ctx.csv,,,,ERROR
gateio,SPELLFIREUSDT,2025-07-14,SPELLFIREUSDT_2025-07-14_klines_trades.csv,,,,ERROR
gateio,SPFCUSDT,2025-05-29,SPFCUSDT_2025-05-29_klines.csv,1.48,0.0,,VOLATILE_CONTROL
gateio,SPKUSDT,2025-07-05,SPKUSDT_2025-07-05_klines.csv,19.56,100.65,small,PUMP
gateio,SPKUSDT,2025-07-05,SPKUSDT_2025-07-05_klines_L2.csv,,,,ERROR
gateio,SPKUSDT,2025-07-05,SPKUSDT_2025-07-05_klines_market_ctx.csv,,,,ERROR
gateio,SPKUSDT,2025-07-05,SPKUSDT_2025-07-05_klines_trades.csv,,,,ERROR
gateio,SPONUSDT,2025-07-29,SPONUSDT_2025-07-29_klines.csv,19.8,482.11,small,PUMP
gateio,SPONUSDT,2025-07-29,SPONUSDT_2025-07-29_klines_L2.csv,,,,ERROR
gateio,SPONUSDT,2025-07-29,SPONUSDT_2025-07-29_klines_market_ctx.csv,,,,ERROR
gateio,SPONUSDT,2025-07-29,SPONUSDT_2025-07-29_klines_trades.csv,,,,ERROR
gateio,SPOUSDT,2026-03-05,SPOUSDT_2026-03-05_klines.csv,0.5,0.0,,VOLATILE_CONTROL
gateio,SPSUSDT,2026-01-10,SPSUSDT_2026-01-10_klines.csv,9.17,36.43,micro,PUMP
gateio,SPSUSDT,2026-01-10,SPSUSDT_2026-01-10_klines_L2.csv,,,,ERROR
gateio,SPSUSDT,2026-01-10,SPSUSDT_2026-01-10_klines_market_ctx.csv,,,,ERROR
gateio,SPSUSDT,2026-01-10,SPSUSDT_2026-01-10_klines_trades.csv,,,,ERROR
gateio,SPURSUSDT,2025-06-07,SPURSUSDT_2025-06-07_klines.csv,53.98,48.88,extreme,PUMP
gateio,SPURSUSDT,2025-06-07,SPURSUSDT_2025-06-07_klines_L2.csv,,,,ERROR
gateio,SPURSUSDT,2025-06-07,SPURSUSDT_2025-06-07_klines_market_ctx.csv,,,,ERROR
gateio,SPURSUSDT,2025-06-07,SPURSUSDT_2025-06-07_klines_trades.csv,,,,ERROR
gateio,SPX3LUSDT,2025-06-10,SPX3LUSDT_2025-06-10_klines.csv,85.6,138.43,extreme,PUMP
gateio,SPX3LUSDT,2025-06-10,SPX3LUSDT_2025-06-10_klines_L2.csv,,,,ERROR
gateio,SPX3LUSDT,2025-06-10,SPX3LUSDT_2025-06-10_klines_market_ctx.csv,,,,ERROR
gateio,SPX3LUSDT,2025-06-10,SPX3LUSDT_2025-06-10_klines_trades.csv,,,,ERROR
gateio,SPX3SUSDT,2025-06-11,SPX3SUSDT_2025-06-11_klines.csv,46.9,198.14,major,PUMP
gateio,SPX3SUSDT,2025-06-11,SPX3SUSDT_2025-06-11_klines_L2.csv,,,,ERROR
gateio,SPX3SUSDT,2025-06-11,SPX3SUSDT_2025-06-11_klines_market_ctx.csv,,,,ERROR
gateio,SPX3SUSDT,2025-06-11,SPX3SUSDT_2025-06-11_klines_trades.csv,,,,ERROR
gateio,SPX5003LUSDT,2026-03-03,SPX5003LUSDT_2026-03-03_klines.csv,0.23,0.0,,VOLATILE_CONTROL
gateio,SPXUSDT,2025-05-11,SPXUSDT_2025-05-11_klines.csv,10.72,292.1,small,PUMP
gateio,SPXUSDT,2025-05-11,SPXUSDT_2025-05-11_klines_L2.csv,,,,ERROR
gateio,SPXUSDT,2025-05-11,SPXUSDT_2025-05-11_klines_market_ctx.csv,,,,ERROR
gateio,SPXUSDT,2025-05-11,SPXUSDT_2025-05-11_klines_trades.csv,,,,ERROR
gateio,SPXUSDT,2025-05-15,SPXUSDT_2025-05-15_klines.csv,21.86,49.4,medium,PUMP
gateio,SQDUSDT,2025-06-25,SQDUSDT_2025-06-25_klines.csv,51.98,90.78,extreme,PUMP
gateio,SQDUSDT,2025-06-25,SQDUSDT_2025-06-25_klines_L2.csv,,,,ERROR
gateio,SQDUSDT,2025-06-25,SQDUSDT_2025-06-25_klines_market_ctx.csv,,,,ERROR
gateio,SQDUSDT,2025-06-25,SQDUSDT_2025-06-25_klines_trades.csv,,,,ERROR
gateio,SQRUSDT,2025-07-09,SQRUSDT_2025-07-09_klines.csv,17.17,110.92,small,PUMP
gateio,SQRUSDT,2025-07-09,SQRUSDT_2025-07-09_klines_L2.csv,,,,ERROR
gateio,SQRUSDT,2025-07-09,SQRUSDT_2025-07-09_klines_market_ctx.csv,,,,ERROR
gateio,SQRUSDT,2025-07-09,SQRUSDT_2025-07-09_klines_trades.csv,,,,ERROR
gateio,SQTUSDT,2025-05-31,SQTUSDT_2025-05-31_klines.csv,5.24,311.18,micro,PUMP
gateio,SQTUSDT,2025-05-31,SQTUSDT_2025-05-31_klines_L2.csv,,,,ERROR
gateio,SQTUSDT,2025-05-31,SQTUSDT_2025-05-31_klines_market_ctx.csv,,,,ERROR
gateio,SQTUSDT,2025-05-31,SQTUSDT_2025-05-31_klines_trades.csv,,,,ERROR
gateio,SSGUSDT,2025-05-15,SSGUSDT_2025-05-15_klines.csv,231.57,82.45,extreme,PUMP
gateio,SSVUSDT,2025-05-09,SSVUSDT_2025-05-09_klines.csv,50.6,91.72,extreme,PUMP
gateio,SSVUSDT,2025-05-09,SSVUSDT_2025-05-09_klines_L2.csv,,,,ERROR
gateio,SSVUSDT,2025-05-09,SSVUSDT_2025-05-09_klines_market_ctx.csv,,,,ERROR
gateio,SSVUSDT,2025-05-09,SSVUSDT_2025-05-09_klines_trades.csv,,,,ERROR
gateio,STABLEUSDT,2025-12-18,STABLEUSDT_2025-12-18_klines.csv,19.81,193.33,small,PUMP
gateio,STABLEUSDT,2025-12-18,STABLEUSDT_2025-12-18_klines_L2.csv,,,,ERROR
gateio,STABLEUSDT,2025-12-18,STABLEUSDT_2025-12-18_klines_market_ctx.csv,,,,ERROR
gateio,STABLEUSDT,2025-12-18,STABLEUSDT_2025-12-18_klines_trades.csv,,,,ERROR
gateio,STARHEROESUSDT,2025-06-14,STARHEROESUSDT_2025-06-14_klines.csv,0.59,0.0,,VOLATILE_CONTROL
gateio,STBLUSDT,2025-10-18,STBLUSDT_2025-10-18_klines.csv,61.44,90.64,extreme,PUMP
gateio,STBLUSDT,2025-10-18,STBLUSDT_2025-10-18_klines_L2.csv,,,,ERROR
gateio,STBLUSDT,2025-10-18,STBLUSDT_2025-10-18_klines_market_ctx.csv,,,,ERROR
gateio,STBLUSDT,2025-10-18,STBLUSDT_2025-10-18_klines_trades.csv,,,,ERROR
gateio,STBUUSDT,2025-06-01,STBUUSDT_2025-06-01_klines.csv,30.33,60.52,large,PUMP
gateio,STBUUSDT,2025-06-01,STBUUSDT_2025-06-01_klines_L2.csv,,,,ERROR
gateio,STBUUSDT,2025-06-01,STBUUSDT_2025-06-01_klines_market_ctx.csv,,,,ERROR
gateio,STBUUSDT,2025-06-01,STBUUSDT_2025-06-01_klines_trades.csv,,,,ERROR
gateio,STEEMUSDT,2026-02-09,STEEMUSDT_2026-02-09_klines.csv,3.64,0.0,,VOLATILE_CONTROL
gateio,STETHUSDT,2025-06-17,STETHUSDT_2025-06-17_klines.csv,3.0,0.0,,VOLATILE_CONTROL
gateio,STGUSDT,2026-01-05,STGUSDT_2026-01-05_klines.csv,9.34,77.88,micro,PUMP
gateio,STGUSDT,2026-01-05,STGUSDT_2026-01-05_klines_L2.csv,,,,ERROR
gateio,STGUSDT,2026-01-05,STGUSDT_2026-01-05_klines_market_ctx.csv,,,,ERROR
gateio,STGUSDT,2026-01-05,STGUSDT_2026-01-05_klines_trades.csv,,,,ERROR
gateio,STIKUSDT,2025-06-27,STIKUSDT_2025-06-27_klines.csv,6.2,66.85,micro,PUMP
gateio,STIKUSDT,2025-06-27,STIKUSDT_2025-06-27_klines_L2.csv,,,,ERROR
gateio,STIKUSDT,2025-06-27,STIKUSDT_2025-06-27_klines_market_ctx.csv,,,,ERROR
gateio,STIKUSDT,2025-06-27,STIKUSDT_2025-06-27_klines_trades.csv,,,,ERROR
gateio,STIXUSDT,2025-07-08,STIXUSDT_2025-07-08_klines.csv,13.26,160.3,small,PUMP
gateio,STIXUSDT,2025-07-08,STIXUSDT_2025-07-08_klines_L2.csv,,,,ERROR
gateio,STIXUSDT,2025-07-08,STIXUSDT_2025-07-08_klines_market_ctx.csv,,,,ERROR
gateio,STIXUSDT,2025-07-08,STIXUSDT_2025-07-08_klines_trades.csv,,,,ERROR
gateio,STOCUSDT,2025-06-30,STOCUSDT_2025-06-30_klines.csv,97.63,75.79,extreme,PUMP
gateio,STOCUSDT,2025-06-30,STOCUSDT_2025-06-30_klines_L2.csv,,,,ERROR
gateio,STOCUSDT,2025-06-30,STOCUSDT_2025-06-30_klines_market_ctx.csv,,,,ERROR
gateio,STOCUSDT,2025-06-30,STOCUSDT_2025-06-30_klines_trades.csv,,,,ERROR
gateio,STORJUSDT,2025-11-04,STORJUSDT_2025-11-04_klines.csv,56.05,84.45,extreme,PUMP
gateio,STORJUSDT,2025-11-04,STORJUSDT_2025-11-04_klines_L2.csv,,,,ERROR
gateio,STORJUSDT,2025-11-04,STORJUSDT_2025-11-04_klines_market_ctx.csv,,,,ERROR
gateio,STORJUSDT,2025-11-04,STORJUSDT_2025-11-04_klines_trades.csv,,,,ERROR
gateio,STORMUSDT,2026-04-19,STORMUSDT_2026-04-19_klines.csv,0.14,0.0,,VOLATILE_CONTROL
gateio,STOSUSDT,2025-06-06,STOSUSDT_2025-06-06_klines.csv,43.54,109.89,major,PUMP
gateio,STOSUSDT,2025-06-06,STOSUSDT_2025-06-06_klines_L2.csv,,,,ERROR
gateio,STOSUSDT,2025-06-06,STOSUSDT_2025-06-06_klines_market_ctx.csv,,,,ERROR
gateio,STOSUSDT,2025-06-06,STOSUSDT_2025-06-06_klines_trades.csv,,,,ERROR
gateio,STOUSDT,2025-06-22,STOUSDT_2025-06-22_klines.csv,16.69,0.0,,VOLATILE_CONTROL
gateio,STRAXUSDT,2025-07-04,STRAXUSDT_2025-07-04_klines.csv,18.27,109.79,small,PUMP
gateio,STRAXUSDT,2025-07-04,STRAXUSDT_2025-07-04_klines_L2.csv,,,,ERROR
gateio,STRAXUSDT,2025-07-04,STRAXUSDT_2025-07-04_klines_market_ctx.csv,,,,ERROR
gateio,STRAXUSDT,2025-07-04,STRAXUSDT_2025-07-04_klines_trades.csv,,,,ERROR
gateio,STREAMUSDT,2025-05-09,STREAMUSDT_2025-05-09_klines.csv,59.79,37.37,extreme,PUMP
gateio,STREAMUSDT,2025-05-09,STREAMUSDT_2025-05-09_klines_L2.csv,,,,ERROR
gateio,STREAMUSDT,2025-05-09,STREAMUSDT_2025-05-09_klines_market_ctx.csv,,,,ERROR
gateio,STREAMUSDT,2025-05-09,STREAMUSDT_2025-05-09_klines_trades.csv,,,,ERROR
gateio,STRIKEUSDT,2025-10-01,STRIKEUSDT_2025-10-01_klines.csv,201.5,74.84,extreme,PUMP
gateio,STRIKEUSDT,2025-10-01,STRIKEUSDT_2025-10-01_klines_L2.csv,,,,ERROR
gateio,STRIKEUSDT,2025-10-01,STRIKEUSDT_2025-10-01_klines_market_ctx.csv,,,,ERROR
gateio,STRIKEUSDT,2025-10-01,STRIKEUSDT_2025-10-01_klines_trades.csv,,,,ERROR
gateio,STRK3LUSDT,2025-05-09,STRK3LUSDT_2025-05-09_klines.csv,112.64,114.16,extreme,PUMP
gateio,STRK3LUSDT,2025-05-09,STRK3LUSDT_2025-05-09_klines_L2.csv,,,,ERROR
gateio,STRK3LUSDT,2025-05-09,STRK3LUSDT_2025-05-09_klines_market_ctx.csv,,,,ERROR
gateio,STRK3LUSDT,2025-05-09,STRK3LUSDT_2025-05-09_klines_trades.csv,,,,ERROR
gateio,STRK3LUSDT,2025-05-17,STRK3LUSDT_2025-05-17_klines.csv,50.86,133.3,extreme,PUMP
gateio,STRK3SUSDT,2025-05-13,STRK3SUSDT_2025-05-13_klines.csv,60.82,86.56,extreme,PUMP
gateio,STRK3SUSDT,2025-05-13,STRK3SUSDT_2025-05-13_klines_L2.csv,,,,ERROR
gateio,STRK3SUSDT,2025-05-13,STRK3SUSDT_2025-05-13_klines_market_ctx.csv,,,,ERROR
gateio,STRK3SUSDT,2025-05-13,STRK3SUSDT_2025-05-13_klines_trades.csv,,,,ERROR
gateio,STRK3SUSDT,2025-05-15,STRK3SUSDT_2025-05-15_klines.csv,69.23,138.32,extreme,PUMP
gateio,STRKUSDT,2025-06-23,STRKUSDT_2025-06-23_klines.csv,21.85,52.26,medium,PUMP
gateio,STRKUSDT,2025-06-23,STRKUSDT_2025-06-23_klines_L2.csv,,,,ERROR
gateio,STRKUSDT,2025-06-23,STRKUSDT_2025-06-23_klines_market_ctx.csv,,,,ERROR
gateio,STRKUSDT,2025-06-23,STRKUSDT_2025-06-23_klines_trades.csv,,,,ERROR
gateio,STRMUSDT,2025-05-09,STRMUSDT_2025-05-09_klines.csv,18.28,150.48,small,PUMP
gateio,STRMUSDT,2025-05-09,STRMUSDT_2025-05-09_klines_L2.csv,,,,ERROR
gateio,STRMUSDT,2025-05-09,STRMUSDT_2025-05-09_klines_market_ctx.csv,,,,ERROR
gateio,STRMUSDT,2025-05-09,STRMUSDT_2025-05-09_klines_trades.csv,,,,ERROR
gateio,STRMUSDT,2025-05-15,STRMUSDT_2025-05-15_klines.csv,102.45,113.76,extreme,PUMP
gateio,STTUSDT,2025-08-14,STTUSDT_2025-08-14_klines.csv,5.53,1046.24,micro,PUMP
gateio,STTUSDT,2025-08-14,STTUSDT_2025-08-14_klines_L2.csv,,,,ERROR
gateio,STTUSDT,2025-08-14,STTUSDT_2025-08-14_klines_market_ctx.csv,,,,ERROR
gateio,STTUSDT,2025-08-14,STTUSDT_2025-08-14_klines_trades.csv,,,,ERROR
gateio,STUSDT,2026-04-15,STUSDT_2026-04-15_klines.csv,243.75,53.85,extreme,PUMP
gateio,STUSDT,2026-04-15,STUSDT_2026-04-15_klines_L2.csv,,,,ERROR
gateio,STUSDT,2026-04-15,STUSDT_2026-04-15_klines_market_ctx.csv,,,,ERROR
gateio,STUSDT,2026-04-15,STUSDT_2026-04-15_klines_trades.csv,,,,ERROR
gateio,SUI3LUSDT,2025-06-06,SUI3LUSDT_2025-06-06_klines.csv,81.33,102.37,extreme,PUMP
gateio,SUI3LUSDT,2025-06-06,SUI3LUSDT_2025-06-06_klines_L2.csv,,,,ERROR
gateio,SUI3LUSDT,2025-06-06,SUI3LUSDT_2025-06-06_klines_market_ctx.csv,,,,ERROR
gateio,SUI3LUSDT,2025-06-06,SUI3LUSDT_2025-06-06_klines_trades.csv,,,,ERROR
gateio,SUI3SUSDT,2025-05-13,SUI3SUSDT_2025-05-13_klines.csv,20.18,122.29,medium,PUMP
gateio,SUI3SUSDT,2025-05-13,SUI3SUSDT_2025-05-13_klines_L2.csv,,,,ERROR
gateio,SUI3SUSDT,2025-05-13,SUI3SUSDT_2025-05-13_klines_market_ctx.csv,,,,ERROR
gateio,SUI3SUSDT,2025-05-13,SUI3SUSDT_2025-05-13_klines_trades.csv,,,,ERROR
gateio,SUI3SUSDT,2025-05-15,SUI3SUSDT_2025-05-15_klines.csv,20.29,209.96,medium,PUMP
gateio,SUI5LUSDT,2025-05-20,SUI5LUSDT_2025-05-20_klines.csv,50.43,200.73,extreme,PUMP
gateio,SUI5LUSDT,2025-05-20,SUI5LUSDT_2025-05-20_klines_L2.csv,,,,ERROR
gateio,SUI5LUSDT,2025-05-20,SUI5LUSDT_2025-05-20_klines_market_ctx.csv,,,,ERROR
gateio,SUI5LUSDT,2025-05-20,SUI5LUSDT_2025-05-20_klines_trades.csv,,,,ERROR
gateio,SUI5SUSDT,2025-05-13,SUI5SUSDT_2025-05-13_klines.csv,43.61,121.51,major,PUMP
gateio,SUI5SUSDT,2025-05-13,SUI5SUSDT_2025-05-13_klines_L2.csv,,,,ERROR
gateio,SUI5SUSDT,2025-05-13,SUI5SUSDT_2025-05-13_klines_market_ctx.csv,,,,ERROR
gateio,SUI5SUSDT,2025-05-13,SUI5SUSDT_2025-05-13_klines_trades.csv,,,,ERROR
gateio,SUI5SUSDT,2025-05-15,SUI5SUSDT_2025-05-15_klines.csv,36.73,205.48,large,PUMP
gateio,SUKUUSDT,2025-06-26,SUKUUSDT_2025-06-26_klines.csv,13.63,84.27,small,PUMP
gateio,SUKUUSDT,2025-06-26,SUKUUSDT_2025-06-26_klines_L2.csv,,,,ERROR
gateio,SUKUUSDT,2025-06-26,SUKUUSDT_2025-06-26_klines_market_ctx.csv,,,,ERROR
gateio,SUKUUSDT,2025-06-26,SUKUUSDT_2025-06-26_klines_trades.csv,,,,ERROR
gateio,SUNDOGUSDT,2025-05-09,SUNDOGUSDT_2025-05-09_klines.csv,85.51,80.5,extreme,PUMP
gateio,SUNDOGUSDT,2025-05-09,SUNDOGUSDT_2025-05-09_klines_L2.csv,,,,ERROR
gateio,SUNDOGUSDT,2025-05-09,SUNDOGUSDT_2025-05-09_klines_market_ctx.csv,,,,ERROR
gateio,SUNDOGUSDT,2025-05-09,SUNDOGUSDT_2025-05-09_klines_trades.csv,,,,ERROR
gateio,SUNDOGUSDT,2025-12-18,SUNDOGUSDT_2025-12-18_klines.csv,8.35,174.15,micro,PUMP
gateio,SUNUSDT,2025-09-02,SUNUSDT_2025-09-02_klines.csv,0.95,0.0,,VOLATILE_CONTROL
gateio,SUPERBITCOINUSDT,2025-09-23,SUPERBITCOINUSDT_2025-09-23_klines.csv,731.68,102.52,extreme,PUMP
gateio,SUPERBITCOINUSDT,2025-09-23,SUPERBITCOINUSDT_2025-09-23_klines_L2.csv,,,,ERROR
gateio,SUPERBITCOINUSDT,2025-09-23,SUPERBITCOINUSDT_2025-09-23_klines_market_ctx.csv,,,,ERROR
gateio,SUPERBITCOINUSDT,2025-09-23,SUPERBITCOINUSDT_2025-09-23_klines_trades.csv,,,,ERROR
gateio,SUPERFORMUSDT,2026-02-16,SUPERFORMUSDT_2026-02-16_klines.csv,21.42,161.53,medium,PUMP
gateio,SUPERFORMUSDT,2026-02-16,SUPERFORMUSDT_2026-02-16_klines_L2.csv,,,,ERROR
gateio,SUPERFORMUSDT,2026-02-16,SUPERFORMUSDT_2026-02-16_klines_market_ctx.csv,,,,ERROR
gateio,SUPERFORMUSDT,2026-02-16,SUPERFORMUSDT_2026-02-16_klines_trades.csv,,,,ERROR
gateio,SUPEUSDT,2025-05-09,SUPEUSDT_2025-05-09_klines.csv,21.04,62.37,medium,PUMP
gateio,SUPEUSDT,2025-05-09,SUPEUSDT_2025-05-09_klines_L2.csv,,,,ERROR
gateio,SUPEUSDT,2025-05-09,SUPEUSDT_2025-05-09_klines_market_ctx.csv,,,,ERROR
gateio,SUPEUSDT,2025-05-09,SUPEUSDT_2025-05-09_klines_trades.csv,,,,ERROR
gateio,SUPEUSDT,2025-05-15,SUPEUSDT_2025-05-15_klines.csv,11.93,160.59,small,PUMP
gateio,SUPRAUSDT,2025-06-23,SUPRAUSDT_2025-06-23_klines.csv,11.86,280.76,small,PUMP
gateio,SUPRAUSDT,2025-06-23,SUPRAUSDT_2025-06-23_klines_L2.csv,,,,ERROR
gateio,SUPRAUSDT,2025-06-23,SUPRAUSDT_2025-06-23_klines_market_ctx.csv,,,,ERROR
gateio,SUPRAUSDT,2025-06-23,SUPRAUSDT_2025-06-23_klines_trades.csv,,,,ERROR
gateio,SUSDT,2025-11-04,SUSDT_2025-11-04_klines.csv,59.21,75.16,extreme,PUMP
gateio,SUSDT,2025-11-04,SUSDT_2025-11-04_klines_L2.csv,,,,ERROR
gateio,SUSDT,2025-11-04,SUSDT_2025-11-04_klines_market_ctx.csv,,,,ERROR
gateio,SUSDT,2025-11-04,SUSDT_2025-11-04_klines_trades.csv,,,,ERROR
gateio,SUSDUSDT,2025-07-22,SUSDUSDT_2025-07-22_klines.csv,12.83,83.67,small,PUMP
gateio,SUSDUSDT,2025-07-22,SUSDUSDT_2025-07-22_klines_L2.csv,,,,ERROR
gateio,SUSDUSDT,2025-07-22,SUSDUSDT_2025-07-22_klines_market_ctx.csv,,,,ERROR
gateio,SUSDUSDT,2025-07-22,SUSDUSDT_2025-07-22_klines_trades.csv,,,,ERROR
gateio,SUSHI3LUSDT,2025-05-09,SUSHI3LUSDT_2025-05-09_klines.csv,53.19,150.76,extreme,PUMP
gateio,SUSHI3LUSDT,2025-05-09,SUSHI3LUSDT_2025-05-09_klines_L2.csv,,,,ERROR
gateio,SUSHI3LUSDT,2025-05-09,SUSHI3LUSDT_2025-05-09_klines_market_ctx.csv,,,,ERROR
gateio,SUSHI3LUSDT,2025-05-09,SUSHI3LUSDT_2025-05-09_klines_trades.csv,,,,ERROR
gateio,SUSHI3LUSDT,2025-05-18,SUSHI3LUSDT_2025-05-18_klines.csv,57.52,113.49,extreme,PUMP
gateio,SUSHI3SUSDT,2025-05-11,SUSHI3SUSDT_2025-05-11_klines.csv,71.88,72.52,extreme,PUMP
gateio,SUSHI3SUSDT,2025-05-11,SUSHI3SUSDT_2025-05-11_klines_L2.csv,,,,ERROR
gateio,SUSHI3SUSDT,2025-05-11,SUSHI3SUSDT_2025-05-11_klines_market_ctx.csv,,,,ERROR
gateio,SUSHI3SUSDT,2025-05-11,SUSHI3SUSDT_2025-05-11_klines_trades.csv,,,,ERROR
gateio,SUSHI3SUSDT,2025-05-15,SUSHI3SUSDT_2025-05-15_klines.csv,59.41,132.53,extreme,PUMP
gateio,SUTUSDT,2025-08-07,SUTUSDT_2025-08-07_klines.csv,32.99,3.31,,VOLATILE_CONTROL
gateio,SWANUSDT,2025-05-09,SWANUSDT_2025-05-09_klines.csv,55.55,40.83,extreme,PUMP
gateio,SWANUSDT,2025-05-09,SWANUSDT_2025-05-09_klines_L2.csv,,,,ERROR
gateio,SWANUSDT,2025-05-09,SWANUSDT_2025-05-09_klines_market_ctx.csv,,,,ERROR
gateio,SWANUSDT,2025-05-09,SWANUSDT_2025-05-09_klines_trades.csv,,,,ERROR
gateio,SWANUSDT,2025-05-15,SWANUSDT_2025-05-15_klines.csv,35.71,42.18,large,PUMP
gateio,SWAPUSDT,2025-10-16,SWAPUSDT_2025-10-16_klines.csv,10.43,132.93,small,PUMP
gateio,SWAPUSDT,2025-10-16,SWAPUSDT_2025-10-16_klines_L2.csv,,,,ERROR
gateio,SWAPUSDT,2025-10-16,SWAPUSDT_2025-10-16_klines_market_ctx.csv,,,,ERROR
gateio,SWAPUSDT,2025-10-16,SWAPUSDT_2025-10-16_klines_trades.csv,,,,ERROR
gateio,SWARMSUSDT,2025-05-09,SWARMSUSDT_2025-05-09_klines.csv,56.42,112.74,extreme,PUMP
gateio,SWARMSUSDT,2025-05-09,SWARMSUSDT_2025-05-09_klines_L2.csv,,,,ERROR
gateio,SWARMSUSDT,2025-05-09,SWARMSUSDT_2025-05-09_klines_market_ctx.csv,,,,ERROR
gateio,SWARMSUSDT,2025-05-09,SWARMSUSDT_2025-05-09_klines_trades.csv,,,,ERROR
gateio,SWARMSUSDT,2025-06-15,SWARMSUSDT_2025-06-15_klines.csv,11.02,334.84,small,PUMP
gateio,SWASHUSDT,2025-05-24,SWASHUSDT_2025-05-24_klines.csv,60.85,103.27,extreme,PUMP
gateio,SWASHUSDT,2025-05-24,SWASHUSDT_2025-05-24_klines_L2.csv,,,,ERROR
gateio,SWASHUSDT,2025-05-24,SWASHUSDT_2025-05-24_klines_market_ctx.csv,,,,ERROR
gateio,SWASHUSDT,2025-05-24,SWASHUSDT_2025-05-24_klines_trades.csv,,,,ERROR
gateio,SWAYUSDT,2025-05-29,SWAYUSDT_2025-05-29_klines.csv,0.53,0.0,,VOLATILE_CONTROL
gateio,SWCHUSDT,2025-06-08,SWCHUSDT_2025-06-08_klines.csv,51.3,137.19,extreme,PUMP
gateio,SWCHUSDT,2025-06-08,SWCHUSDT_2025-06-08_klines_L2.csv,,,,ERROR
gateio,SWCHUSDT,2025-06-08,SWCHUSDT_2025-06-08_klines_market_ctx.csv,,,,ERROR
gateio,SWCHUSDT,2025-06-08,SWCHUSDT_2025-06-08_klines_trades.csv,,,,ERROR
gateio,SWEATUSDT,2025-10-24,SWEATUSDT_2025-10-24_klines.csv,27.53,170.9,medium,PUMP
gateio,SWEATUSDT,2025-10-24,SWEATUSDT_2025-10-24_klines_L2.csv,,,,ERROR
gateio,SWEATUSDT,2025-10-24,SWEATUSDT_2025-10-24_klines_market_ctx.csv,,,,ERROR
gateio,SWEATUSDT,2025-10-24,SWEATUSDT_2025-10-24_klines_trades.csv,,,,ERROR
gateio,SWELLUSDT,2025-05-09,SWELLUSDT_2025-05-09_klines.csv,53.81,38.97,extreme,PUMP
gateio,SWELLUSDT,2025-05-09,SWELLUSDT_2025-05-09_klines_L2.csv,,,,ERROR
gateio,SWELLUSDT,2025-05-09,SWELLUSDT_2025-05-09_klines_market_ctx.csv,,,,ERROR
gateio,SWELLUSDT,2025-05-09,SWELLUSDT_2025-05-09_klines_trades.csv,,,,ERROR
gateio,SWELLUSDT,2025-06-29,SWELLUSDT_2025-06-29_klines.csv,6.74,159.41,micro,PUMP
gateio,SWFTCUSDT,2025-11-05,SWFTCUSDT_2025-11-05_klines.csv,20.8,76.01,medium,PUMP
gateio,SWFTCUSDT,2025-11-05,SWFTCUSDT_2025-11-05_klines_L2.csv,,,,ERROR
gateio,SWFTCUSDT,2025-11-05,SWFTCUSDT_2025-11-05_klines_market_ctx.csv,,,,ERROR
gateio,SWFTCUSDT,2025-11-05,SWFTCUSDT_2025-11-05_klines_trades.csv,,,,ERROR
gateio,SXPUSDT,2025-12-02,SXPUSDT_2025-12-02_klines.csv,46.86,100.0,major,PUMP
gateio,SXPUSDT,2025-12-02,SXPUSDT_2025-12-02_klines_L2.csv,,,,ERROR
gateio,SXPUSDT,2025-12-02,SXPUSDT_2025-12-02_klines_market_ctx.csv,,,,ERROR
gateio,SXPUSDT,2025-12-02,SXPUSDT_2025-12-02_klines_trades.csv,,,,ERROR
gateio,SYNDUSDT,2025-09-20,SYNDUSDT_2025-09-20_klines.csv,76.69,154.82,extreme,PUMP
gateio,SYNDUSDT,2025-09-20,SYNDUSDT_2025-09-20_klines_L2.csv,,,,ERROR
gateio,SYNDUSDT,2025-09-20,SYNDUSDT_2025-09-20_klines_market_ctx.csv,,,,ERROR
gateio,SYNDUSDT,2025-09-20,SYNDUSDT_2025-09-20_klines_trades.csv,,,,ERROR
gateio,SYNUSDT,2025-06-26,SYNUSDT_2025-06-26_klines.csv,3.01,0.0,,VOLATILE_CONTROL
gateio,SYRUP3LUSDT,2025-06-18,SYRUP3LUSDT_2025-06-18_klines.csv,64.41,74.42,extreme,PUMP
gateio,SYRUP3LUSDT,2025-06-18,SYRUP3LUSDT_2025-06-18_klines_L2.csv,,,,ERROR
gateio,SYRUP3LUSDT,2025-06-18,SYRUP3LUSDT_2025-06-18_klines_market_ctx.csv,,,,ERROR
gateio,SYRUP3LUSDT,2025-06-18,SYRUP3LUSDT_2025-06-18_klines_trades.csv,,,,ERROR
gateio,SYRUP3SUSDT,2025-06-17,SYRUP3SUSDT_2025-06-17_klines.csv,139.24,135.31,extreme,PUMP
gateio,SYRUP3SUSDT,2025-06-17,SYRUP3SUSDT_2025-06-17_klines_L2.csv,,,,ERROR
gateio,SYRUP3SUSDT,2025-06-17,SYRUP3SUSDT_2025-06-17_klines_market_ctx.csv,,,,ERROR
gateio,SYRUP3SUSDT,2025-06-17,SYRUP3SUSDT_2025-06-17_klines_trades.csv,,,,ERROR
gateio,SYRUPUSDT,2025-05-31,SYRUPUSDT_2025-05-31_klines.csv,29.69,102.62,medium,PUMP
gateio,TAIKOUSDT,2025-07-08,TAIKOUSDT_2025-07-08_klines.csv,28.24,44.75,medium,PUMP
gateio,TAIKOUSDT,2025-07-08,TAIKOUSDT_2025-07-08_klines_L2.csv,,,,ERROR
gateio,TAIKOUSDT,2025-07-08,TAIKOUSDT_2025-07-08_klines_market_ctx.csv,,,,ERROR
gateio,TAIKOUSDT,2025-07-08,TAIKOUSDT_2025-07-08_klines_trades.csv,,,,ERROR
gateio,TAIUSDT,2025-05-15,TAIUSDT_2025-05-15_klines.csv,39.94,42.12,large,PUMP
gateio,TAKERUSDT,2025-07-18,TAKERUSDT_2025-07-18_klines.csv,1026.0,100.35,extreme,PUMP
gateio,TAKERUSDT,2025-07-18,TAKERUSDT_2025-07-18_klines_L2.csv,,,,ERROR
gateio,TAKERUSDT,2025-07-18,TAKERUSDT_2025-07-18_klines_market_ctx.csv,,,,ERROR
gateio,TAKERUSDT,2025-07-18,TAKERUSDT_2025-07-18_klines_trades.csv,,,,ERROR
gateio,TALENTUSDT,2025-06-20,TALENTUSDT_2025-06-20_klines.csv,51.1,91.24,extreme,PUMP
gateio,TALENTUSDT,2025-06-20,TALENTUSDT_2025-06-20_klines_L2.csv,,,,ERROR
gateio,TALENTUSDT,2025-06-20,TALENTUSDT_2025-06-20_klines_market_ctx.csv,,,,ERROR
gateio,TALENTUSDT,2025-06-20,TALENTUSDT_2025-06-20_klines_trades.csv,,,,ERROR
gateio,TANSSIUSDT,2025-07-11,TANSSIUSDT_2025-07-11_klines.csv,52.98,121.29,extreme,PUMP
gateio,TANSSIUSDT,2025-07-11,TANSSIUSDT_2025-07-11_klines_L2.csv,,,,ERROR
gateio,TANSSIUSDT,2025-07-11,TANSSIUSDT_2025-07-11_klines_market_ctx.csv,,,,ERROR
gateio,TANSSIUSDT,2025-07-11,TANSSIUSDT_2025-07-11_klines_trades.csv,,,,ERROR
gateio,TAOUSDT,2025-09-26,TAOUSDT_2025-09-26_klines.csv,10.87,37.04,small,PUMP
gateio,TAOUSDT,2025-09-26,TAOUSDT_2025-09-26_klines_L2.csv,,,,ERROR
gateio,TAOUSDT,2025-09-26,TAOUSDT_2025-09-26_klines_market_ctx.csv,,,,ERROR
gateio,TAOUSDT,2025-09-26,TAOUSDT_2025-09-26_klines_trades.csv,,,,ERROR
gateio,TAPPROTOCOLUSDT,2025-06-16,TAPPROTOCOLUSDT_2025-06-16_klines.csv,4.61,0.0,,VOLATILE_CONTROL
gateio,TAURUSDT,2025-05-28,TAURUSDT_2025-05-28_klines.csv,9.48,280.82,micro,PUMP
gateio,TAURUSDT,2025-05-28,TAURUSDT_2025-05-28_klines_L2.csv,,,,ERROR
gateio,TAURUSDT,2025-05-28,TAURUSDT_2025-05-28_klines_market_ctx.csv,,,,ERROR
gateio,TAURUSDT,2025-05-28,TAURUSDT_2025-05-28_klines_trades.csv,,,,ERROR
gateio,TAUSDT,2025-08-06,TAUSDT_2025-08-06_klines.csv,53.44,86.21,extreme,PUMP
gateio,TAUSDT,2025-08-06,TAUSDT_2025-08-06_klines_L2.csv,,,,ERROR
gateio,TAUSDT,2025-08-06,TAUSDT_2025-08-06_klines_market_ctx.csv,,,,ERROR
gateio,TAUSDT,2025-08-06,TAUSDT_2025-08-06_klines_trades.csv,,,,ERROR
gateio,TBKUSDT,2025-12-24,TBKUSDT_2025-12-24_klines.csv,2400.0,40.69,extreme,PUMP
gateio,TBKUSDT,2025-12-24,TBKUSDT_2025-12-24_klines_L2.csv,,,,ERROR
gateio,TBKUSDT,2025-12-24,TBKUSDT_2025-12-24_klines_market_ctx.csv,,,,ERROR
gateio,TBKUSDT,2025-12-24,TBKUSDT_2025-12-24_klines_trades.csv,,,,ERROR
gateio,TCOMUSDT,2025-08-15,TCOMUSDT_2025-08-15_klines.csv,130.0,120.15,extreme,PUMP
gateio,TCOMUSDT,2025-08-15,TCOMUSDT_2025-08-15_klines_L2.csv,,,,ERROR
gateio,TCOMUSDT,2025-08-15,TCOMUSDT_2025-08-15_klines_market_ctx.csv,,,,ERROR
gateio,TCOMUSDT,2025-08-15,TCOMUSDT_2025-08-15_klines_trades.csv,,,,ERROR
gateio,TDROPUSDT,2025-07-05,TDROPUSDT_2025-07-05_klines.csv,18.45,96.61,small,PUMP
gateio,TDROPUSDT,2025-07-05,TDROPUSDT_2025-07-05_klines_L2.csv,,,,ERROR
gateio,TDROPUSDT,2025-07-05,TDROPUSDT_2025-07-05_klines_market_ctx.csv,,,,ERROR
gateio,TDROPUSDT,2025-07-05,TDROPUSDT_2025-07-05_klines_trades.csv,,,,ERROR
gateio,TEDUSDT,2025-05-15,TEDUSDT_2025-05-15_klines.csv,6.84,411.29,micro,PUMP
gateio,TETUSDT,2025-06-27,TETUSDT_2025-06-27_klines.csv,22.36,150.34,medium,PUMP
gateio,TETUSDT,2025-06-27,TETUSDT_2025-06-27_klines_L2.csv,,,,ERROR
gateio,TETUSDT,2025-06-27,TETUSDT_2025-06-27_klines_market_ctx.csv,,,,ERROR
gateio,TETUSDT,2025-06-27,TETUSDT_2025-06-27_klines_trades.csv,,,,ERROR
gateio,TEVAUSDT,2025-05-09,TEVAUSDT_2025-05-09_klines.csv,99.41,54.35,extreme,PUMP
gateio,TEVAUSDT,2025-05-09,TEVAUSDT_2025-05-09_klines_L2.csv,,,,ERROR
gateio,TEVAUSDT,2025-05-09,TEVAUSDT_2025-05-09_klines_market_ctx.csv,,,,ERROR
gateio,TEVAUSDT,2025-05-09,TEVAUSDT_2025-05-09_klines_trades.csv,,,,ERROR
gateio,TEVAUSDT,2025-05-15,TEVAUSDT_2025-05-15_klines.csv,77.87,103.13,extreme,PUMP
gateio,TFUELUSDT,2025-11-05,TFUELUSDT_2025-11-05_klines.csv,50.74,80.13,extreme,PUMP
gateio,TFUELUSDT,2025-11-05,TFUELUSDT_2025-11-05_klines_L2.csv,,,,ERROR
gateio,TFUELUSDT,2025-11-05,TFUELUSDT_2025-11-05_klines_market_ctx.csv,,,,ERROR
gateio,TFUELUSDT,2025-11-05,TFUELUSDT_2025-11-05_klines_trades.csv,,,,ERROR
gateio,THETA3LUSDT,2025-05-09,THETA3LUSDT_2025-05-09_klines.csv,102.74,104.21,extreme,PUMP
gateio,THETA3LUSDT,2025-05-09,THETA3LUSDT_2025-05-09_klines_L2.csv,,,,ERROR
gateio,THETA3LUSDT,2025-05-09,THETA3LUSDT_2025-05-09_klines_market_ctx.csv,,,,ERROR
gateio,THETA3LUSDT,2025-05-09,THETA3LUSDT_2025-05-09_klines_trades.csv,,,,ERROR
gateio,THETA3SUSDT,2025-05-13,THETA3SUSDT_2025-05-13_klines.csv,57.1,79.34,extreme,PUMP
gateio,THETA3SUSDT,2025-05-13,THETA3SUSDT_2025-05-13_klines_L2.csv,,,,ERROR
gateio,THETA3SUSDT,2025-05-13,THETA3SUSDT_2025-05-13_klines_market_ctx.csv,,,,ERROR
gateio,THETA3SUSDT,2025-05-13,THETA3SUSDT_2025-05-13_klines_trades.csv,,,,ERROR
gateio,THETA3SUSDT,2025-05-15,THETA3SUSDT_2025-05-15_klines.csv,55.72,128.18,extreme,PUMP
gateio,THETAUSDT,2026-03-31,THETAUSDT_2026-03-31_klines.csv,4.46,0.0,,VOLATILE_CONTROL
gateio,THEUSDT,2025-06-27,THEUSDT_2025-06-27_klines.csv,7.0,223.2,micro,PUMP
gateio,THEUSDT,2025-06-27,THEUSDT_2025-06-27_klines_L2.csv,,,,ERROR
gateio,THEUSDT,2025-06-27,THEUSDT_2025-06-27_klines_market_ctx.csv,,,,ERROR
gateio,THEUSDT,2025-06-27,THEUSDT_2025-06-27_klines_trades.csv,,,,ERROR
gateio,THLUSDT,2026-02-15,THLUSDT_2026-02-15_klines.csv,0.79,0.0,,VOLATILE_CONTROL
gateio,THQUSDT,2025-12-18,THQUSDT_2025-12-18_klines.csv,58.95,134.38,extreme,PUMP
gateio,THQUSDT,2025-12-18,THQUSDT_2025-12-18_klines_L2.csv,,,,ERROR
gateio,THQUSDT,2025-12-18,THQUSDT_2025-12-18_klines_market_ctx.csv,,,,ERROR
gateio,THQUSDT,2025-12-18,THQUSDT_2025-12-18_klines_trades.csv,,,,ERROR
gateio,TIA3LUSDT,2025-05-09,TIA3LUSDT_2025-05-09_klines.csv,82.07,126.57,extreme,PUMP
gateio,TIA3LUSDT,2025-05-09,TIA3LUSDT_2025-05-09_klines_L2.csv,,,,ERROR
gateio,TIA3LUSDT,2025-05-09,TIA3LUSDT_2025-05-09_klines_market_ctx.csv,,,,ERROR
gateio,TIA3LUSDT,2025-05-09,TIA3LUSDT_2025-05-09_klines_trades.csv,,,,ERROR
gateio,TIA3LUSDT,2025-05-18,TIA3LUSDT_2025-05-18_klines.csv,60.65,131.52,extreme,PUMP
gateio,TIA3SUSDT,2025-05-15,TIA3SUSDT_2025-05-15_klines.csv,67.13,103.35,extreme,PUMP
gateio,TIAUSDT,2025-07-05,TIAUSDT_2025-07-05_klines.csv,36.45,44.47,large,PUMP
gateio,TIAUSDT,2025-07-05,TIAUSDT_2025-07-05_klines_L2.csv,,,,ERROR
gateio,TIAUSDT,2025-07-05,TIAUSDT_2025-07-05_klines_market_ctx.csv,,,,ERROR
gateio,TIAUSDT,2025-07-05,TIAUSDT_2025-07-05_klines_trades.csv,,,,ERROR
gateio,TICOUSDT,2025-05-15,TICOUSDT_2025-05-15_klines.csv,132.89,34.36,extreme,PUMP
gateio,TIMECHRONOUSDT,2025-07-16,TIMECHRONOUSDT_2025-07-16_klines.csv,9.22,99.11,micro,PUMP
gateio,TIMECHRONOUSDT,2025-07-16,TIMECHRONOUSDT_2025-07-16_klines_L2.csv,,,,ERROR
gateio,TIMECHRONOUSDT,2025-07-16,TIMECHRONOUSDT_2025-07-16_klines_market_ctx.csv,,,,ERROR
gateio,TIMECHRONOUSDT,2025-07-16,TIMECHRONOUSDT_2025-07-16_klines_trades.csv,,,,ERROR
gateio,TITNUSDT,2025-11-03,TITNUSDT_2025-11-03_klines.csv,171.33,15.88,,VOLATILE_CONTROL
gateio,TKOUSDT,2025-07-06,TKOUSDT_2025-07-06_klines.csv,35.42,49.89,large,PUMP
gateio,TKOUSDT,2025-07-06,TKOUSDT_2025-07-06_klines_L2.csv,,,,ERROR
gateio,TKOUSDT,2025-07-06,TKOUSDT_2025-07-06_klines_market_ctx.csv,,,,ERROR
gateio,TKOUSDT,2025-07-06,TKOUSDT_2025-07-06_klines_trades.csv,,,,ERROR
gateio,TLMUSDT,2025-12-13,TLMUSDT_2025-12-13_klines.csv,1.85,0.0,,VOLATILE_CONTROL
gateio,TNKUSDT,2025-11-15,TNKUSDT_2025-11-15_klines.csv,100.0,161.71,extreme,PUMP
gateio,TNKUSDT,2025-11-15,TNKUSDT_2025-11-15_klines_L2.csv,,,,ERROR
gateio,TNKUSDT,2025-11-15,TNKUSDT_2025-11-15_klines_market_ctx.csv,,,,ERROR
gateio,TNKUSDT,2025-11-15,TNKUSDT_2025-11-15_klines_trades.csv,,,,ERROR
gateio,TNSRUSDT,2025-07-06,TNSRUSDT_2025-07-06_klines.csv,32.92,11.41,,VOLATILE_CONTROL
gateio,TON3LUSDT,2025-05-16,TON3LUSDT_2025-05-16_klines.csv,12.74,251.53,small,PUMP
gateio,TON3LUSDT,2025-05-16,TON3LUSDT_2025-05-16_klines_L2.csv,,,,ERROR
gateio,TON3LUSDT,2025-05-16,TON3LUSDT_2025-05-16_klines_market_ctx.csv,,,,ERROR
gateio,TON3LUSDT,2025-05-16,TON3LUSDT_2025-05-16_klines_trades.csv,,,,ERROR
gateio,TON3SUSDT,2025-05-11,TON3SUSDT_2025-05-11_klines.csv,53.35,48.11,extreme,PUMP
gateio,TON3SUSDT,2025-05-11,TON3SUSDT_2025-05-11_klines_L2.csv,,,,ERROR
gateio,TON3SUSDT,2025-05-11,TON3SUSDT_2025-05-11_klines_market_ctx.csv,,,,ERROR
gateio,TON3SUSDT,2025-05-11,TON3SUSDT_2025-05-11_klines_trades.csv,,,,ERROR
gateio,TON3SUSDT,2025-06-04,TON3SUSDT_2025-06-04_klines.csv,16.21,215.83,small,PUMP
gateio,TON5LUSDT,2025-05-09,TON5LUSDT_2025-05-09_klines.csv,61.66,151.12,extreme,PUMP
gateio,TON5LUSDT,2025-05-09,TON5LUSDT_2025-05-09_klines_L2.csv,,,,ERROR
gateio,TON5LUSDT,2025-05-09,TON5LUSDT_2025-05-09_klines_market_ctx.csv,,,,ERROR
gateio,TON5LUSDT,2025-05-09,TON5LUSDT_2025-05-09_klines_trades.csv,,,,ERROR
gateio,TON5LUSDT,2025-05-16,TON5LUSDT_2025-05-16_klines.csv,23.41,243.96,medium,PUMP
gateio,TON5SUSDT,2025-05-11,TON5SUSDT_2025-05-11_klines.csv,93.95,53.16,extreme,PUMP
gateio,TON5SUSDT,2025-05-11,TON5SUSDT_2025-05-11_klines_L2.csv,,,,ERROR
gateio,TON5SUSDT,2025-05-11,TON5SUSDT_2025-05-11_klines_market_ctx.csv,,,,ERROR
gateio,TON5SUSDT,2025-05-11,TON5SUSDT_2025-05-11_klines_trades.csv,,,,ERROR
gateio,TON5SUSDT,2025-05-15,TON5SUSDT_2025-05-15_klines.csv,58.9,107.46,extreme,PUMP
gateio,TONCUSDT,2025-05-18,TONCUSDT_2025-05-18_klines.csv,6.56,298.18,micro,PUMP
gateio,TONCUSDT,2025-05-18,TONCUSDT_2025-05-18_klines_L2.csv,,,,ERROR
gateio,TONCUSDT,2025-05-18,TONCUSDT_2025-05-18_klines_market_ctx.csv,,,,ERROR
gateio,TONCUSDT,2025-05-18,TONCUSDT_2025-05-18_klines_trades.csv,,,,ERROR
gateio,TOSHI3LUSDT,2025-05-16,TOSHI3LUSDT_2025-05-16_klines.csv,53.62,136.97,extreme,PUMP
gateio,TOSHI3LUSDT,2025-05-16,TOSHI3LUSDT_2025-05-16_klines_L2.csv,,,,ERROR
gateio,TOSHI3LUSDT,2025-05-16,TOSHI3LUSDT_2025-05-16_klines_market_ctx.csv,,,,ERROR
gateio,TOSHI3LUSDT,2025-05-16,TOSHI3LUSDT_2025-05-16_klines_trades.csv,,,,ERROR
gateio,TOSHI3SUSDT,2025-05-13,TOSHI3SUSDT_2025-05-13_klines.csv,67.16,131.73,extreme,PUMP
gateio,TOSHI3SUSDT,2025-05-13,TOSHI3SUSDT_2025-05-13_klines_L2.csv,,,,ERROR
gateio,TOSHI3SUSDT,2025-05-13,TOSHI3SUSDT_2025-05-13_klines_market_ctx.csv,,,,ERROR
gateio,TOSHI3SUSDT,2025-05-13,TOSHI3SUSDT_2025-05-13_klines_trades.csv,,,,ERROR
gateio,TOSHI3SUSDT,2025-05-15,TOSHI3SUSDT_2025-05-15_klines.csv,51.33,158.03,extreme,PUMP
gateio,TOSHIUSDT,2025-05-09,TOSHIUSDT_2025-05-09_klines.csv,139.23,59.37,extreme,PUMP
gateio,TOSHIUSDT,2025-05-09,TOSHIUSDT_2025-05-09_klines_L2.csv,,,,ERROR
gateio,TOSHIUSDT,2025-05-09,TOSHIUSDT_2025-05-09_klines_market_ctx.csv,,,,ERROR
gateio,TOSHIUSDT,2025-05-09,TOSHIUSDT_2025-05-09_klines_trades.csv,,,,ERROR
gateio,TOSHIUSDT,2025-06-23,TOSHIUSDT_2025-06-23_klines.csv,27.26,66.35,medium,PUMP
gateio,TOWNSUSDT,2025-08-28,TOWNSUSDT_2025-08-28_klines.csv,24.91,92.07,medium,PUMP
gateio,TOWNSUSDT,2025-08-28,TOWNSUSDT_2025-08-28_klines_L2.csv,,,,ERROR
gateio,TOWNSUSDT,2025-08-28,TOWNSUSDT_2025-08-28_klines_market_ctx.csv,,,,ERROR
gateio,TOWNSUSDT,2025-08-28,TOWNSUSDT_2025-08-28_klines_trades.csv,,,,ERROR
gateio,TOWNUSDT,2025-08-27,TOWNUSDT_2025-08-27_klines.csv,58.2,182.05,extreme,PUMP
gateio,TOWNUSDT,2025-08-27,TOWNUSDT_2025-08-27_klines_L2.csv,,,,ERROR
gateio,TOWNUSDT,2025-08-27,TOWNUSDT_2025-08-27_klines_market_ctx.csv,,,,ERROR
gateio,TOWNUSDT,2025-08-27,TOWNUSDT_2025-08-27_klines_trades.csv,,,,ERROR
gateio,TRADEUSDT,2025-07-09,TRADEUSDT_2025-07-09_klines.csv,21.62,62.5,medium,PUMP
gateio,TRADEUSDT,2025-07-09,TRADEUSDT_2025-07-09_klines_L2.csv,,,,ERROR
gateio,TRADEUSDT,2025-07-09,TRADEUSDT_2025-07-09_klines_market_ctx.csv,,,,ERROR
gateio,TRADEUSDT,2025-07-09,TRADEUSDT_2025-07-09_klines_trades.csv,,,,ERROR
gateio,TRADOORUSDT,2025-12-03,TRADOORUSDT_2025-12-03_klines.csv,260.0,35.88,extreme,PUMP
gateio,TRADOORUSDT,2025-12-03,TRADOORUSDT_2025-12-03_klines_L2.csv,,,,ERROR
gateio,TRADOORUSDT,2025-12-03,TRADOORUSDT_2025-12-03_klines_market_ctx.csv,,,,ERROR
gateio,TRADOORUSDT,2025-12-03,TRADOORUSDT_2025-12-03_klines_trades.csv,,,,ERROR
gateio,TRALAUSDT,2025-09-10,TRALAUSDT_2025-09-10_klines.csv,65.11,182.93,extreme,PUMP
gateio,TRAUSDT,2025-11-20,TRAUSDT_2025-11-20_klines.csv,23.17,52.8,medium,PUMP
gateio,TRAUSDT,2025-11-20,TRAUSDT_2025-11-20_klines_L2.csv,,,,ERROR
gateio,TRAUSDT,2025-11-20,TRAUSDT_2025-11-20_klines_market_ctx.csv,,,,ERROR
gateio,TRAUSDT,2025-11-20,TRAUSDT_2025-11-20_klines_trades.csv,,,,ERROR
gateio,TRB3LUSDT,2025-05-28,TRB3LUSDT_2025-05-28_klines.csv,115.72,154.75,extreme,PUMP
gateio,TRB3LUSDT,2025-05-28,TRB3LUSDT_2025-05-28_klines_L2.csv,,,,ERROR
gateio,TRB3LUSDT,2025-05-28,TRB3LUSDT_2025-05-28_klines_market_ctx.csv,,,,ERROR
gateio,TRB3LUSDT,2025-05-28,TRB3LUSDT_2025-05-28_klines_trades.csv,,,,ERROR
gateio,TRB3SUSDT,2025-05-30,TRB3SUSDT_2025-05-30_klines.csv,147.8,118.82,extreme,PUMP
gateio,TRB3SUSDT,2025-05-30,TRB3SUSDT_2025-05-30_klines_L2.csv,,,,ERROR
gateio,TRB3SUSDT,2025-05-30,TRB3SUSDT_2025-05-30_klines_market_ctx.csv,,,,ERROR
gateio,TRB3SUSDT,2025-05-30,TRB3SUSDT_2025-05-30_klines_trades.csv,,,,ERROR
gateio,TRBUSDT,2025-05-09,TRBUSDT_2025-05-09_klines.csv,19.92,115.76,small,PUMP
gateio,TRBUSDT,2025-05-09,TRBUSDT_2025-05-09_klines_L2.csv,,,,ERROR
gateio,TRBUSDT,2025-05-09,TRBUSDT_2025-05-09_klines_market_ctx.csv,,,,ERROR
gateio,TRBUSDT,2025-05-09,TRBUSDT_2025-05-09_klines_trades.csv,,,,ERROR
gateio,TRBUSDT,2025-05-15,TRBUSDT_2025-05-15_klines.csv,1.41,0.0,,VOLATILE_CONTROL
gateio,TRCLUSDT,2025-05-09,TRCLUSDT_2025-05-09_klines.csv,89.29,45.11,extreme,PUMP
gateio,TRCLUSDT,2025-05-09,TRCLUSDT_2025-05-09_klines_L2.csv,,,,ERROR
gateio,TRCLUSDT,2025-05-09,TRCLUSDT_2025-05-09_klines_market_ctx.csv,,,,ERROR
gateio,TRCLUSDT,2025-05-09,TRCLUSDT_2025-05-09_klines_trades.csv,,,,ERROR
gateio,TRCLUSDT,2025-05-25,TRCLUSDT_2025-05-25_klines.csv,5.69,65.66,micro,PUMP
gateio,TRCUSDT,2025-05-21,TRCUSDT_2025-05-21_klines.csv,15.42,64.94,small,PUMP
gateio,TRCUSDT,2025-05-21,TRCUSDT_2025-05-21_klines_L2.csv,,,,ERROR
gateio,TRCUSDT,2025-05-21,TRCUSDT_2025-05-21_klines_market_ctx.csv,,,,ERROR
gateio,TRCUSDT,2025-05-21,TRCUSDT_2025-05-21_klines_trades.csv,,,,ERROR
gateio,TREATUSDT,2025-06-26,TREATUSDT_2025-06-26_klines.csv,23.63,124.24,medium,PUMP
gateio,TREATUSDT,2025-06-26,TREATUSDT_2025-06-26_klines_L2.csv,,,,ERROR
gateio,TREATUSDT,2025-06-26,TREATUSDT_2025-06-26_klines_market_ctx.csv,,,,ERROR
gateio,TREATUSDT,2025-06-26,TREATUSDT_2025-06-26_klines_trades.csv,,,,ERROR
gateio,TREEUSDT,2025-07-29,TREEUSDT_2025-07-29_klines.csv,238.1,99.33,extreme,PUMP
gateio,TREEUSDT,2025-07-29,TREEUSDT_2025-07-29_klines_L2.csv,,,,ERROR
gateio,TREEUSDT,2025-07-29,TREEUSDT_2025-07-29_klines_market_ctx.csv,,,,ERROR
gateio,TREEUSDT,2025-07-29,TREEUSDT_2025-07-29_klines_trades.csv,,,,ERROR
gateio,TRIOUSDT,2025-06-13,TRIOUSDT_2025-06-13_klines.csv,54.05,97.07,extreme,PUMP
gateio,TRIOUSDT,2025-06-13,TRIOUSDT_2025-06-13_klines_L2.csv,,,,ERROR
gateio,TRIOUSDT,2025-06-13,TRIOUSDT_2025-06-13_klines_market_ctx.csv,,,,ERROR
gateio,TRIOUSDT,2025-06-13,TRIOUSDT_2025-06-13_klines_trades.csv,,,,ERROR
gateio,TRKXUSDT,2025-05-09,TRKXUSDT_2025-05-09_klines.csv,52.37,97.12,extreme,PUMP
gateio,TRKXUSDT,2025-05-09,TRKXUSDT_2025-05-09_klines_L2.csv,,,,ERROR
gateio,TRKXUSDT,2025-05-09,TRKXUSDT_2025-05-09_klines_market_ctx.csv,,,,ERROR
gateio,TRKXUSDT,2025-05-09,TRKXUSDT_2025-05-09_klines_trades.csv,,,,ERROR
gateio,TRKXUSDT,2025-05-15,TRKXUSDT_2025-05-15_klines.csv,39.22,112.21,large,PUMP
gateio,TROLLFACEUSDT,2025-07-05,TROLLFACEUSDT_2025-07-05_klines.csv,24.52,90.49,medium,PUMP
gateio,TROLLFACEUSDT,2025-07-05,TROLLFACEUSDT_2025-07-05_klines_L2.csv,,,,ERROR
gateio,TROLLFACEUSDT,2025-07-05,TROLLFACEUSDT_2025-07-05_klines_market_ctx.csv,,,,ERROR
gateio,TROLLFACEUSDT,2025-07-05,TROLLFACEUSDT_2025-07-05_klines_trades.csv,,,,ERROR
gateio,TROLLUSDT,2025-08-09,TROLLUSDT_2025-08-09_klines.csv,6.16,752.78,micro,PUMP
gateio,TROLLUSDT,2025-08-09,TROLLUSDT_2025-08-09_klines_L2.csv,,,,ERROR
gateio,TROLLUSDT,2025-08-09,TROLLUSDT_2025-08-09_klines_market_ctx.csv,,,,ERROR
gateio,TROLLUSDT,2025-08-09,TROLLUSDT_2025-08-09_klines_trades.csv,,,,ERROR
gateio,TRRUSDT,2025-05-10,TRRUSDT_2025-05-10_klines.csv,13.44,191.43,small,PUMP
gateio,TRRUSDT,2025-05-10,TRRUSDT_2025-05-10_klines_L2.csv,,,,ERROR
gateio,TRRUSDT,2025-05-10,TRRUSDT_2025-05-10_klines_market_ctx.csv,,,,ERROR
gateio,TRRUSDT,2025-05-10,TRRUSDT_2025-05-10_klines_trades.csv,,,,ERROR
gateio,TRRUSDT,2025-05-15,TRRUSDT_2025-05-15_klines.csv,24.81,23.57,,VOLATILE_CONTROL
gateio,TRUFUSDT,2025-06-21,TRUFUSDT_2025-06-21_klines.csv,59.91,111.85,extreme,PUMP
gateio,TRUFUSDT,2025-06-21,TRUFUSDT_2025-06-21_klines_L2.csv,,,,ERROR
gateio,TRUFUSDT,2025-06-21,TRUFUSDT_2025-06-21_klines_market_ctx.csv,,,,ERROR
gateio,TRUFUSDT,2025-06-21,TRUFUSDT_2025-06-21_klines_trades.csv,,,,ERROR
gateio,TRUMP3LUSDT,2025-05-09,TRUMP3LUSDT_2025-05-09_klines.csv,66.86,120.25,extreme,PUMP
gateio,TRUMP3LUSDT,2025-05-09,TRUMP3LUSDT_2025-05-09_klines_L2.csv,,,,ERROR
gateio,TRUMP3LUSDT,2025-05-09,TRUMP3LUSDT_2025-05-09_klines_market_ctx.csv,,,,ERROR
gateio,TRUMP3LUSDT,2025-05-09,TRUMP3LUSDT_2025-05-09_klines_trades.csv,,,,ERROR
gateio,TRUMP3LUSDT,2025-05-15,TRUMP3LUSDT_2025-05-15_klines.csv,57.66,111.07,extreme,PUMP
gateio,TRUMP3SUSDT,2025-05-14,TRUMP3SUSDT_2025-05-14_klines.csv,39.46,170.75,large,PUMP
gateio,TRUMP3SUSDT,2025-05-14,TRUMP3SUSDT_2025-05-14_klines_L2.csv,,,,ERROR
gateio,TRUMP3SUSDT,2025-05-14,TRUMP3SUSDT_2025-05-14_klines_market_ctx.csv,,,,ERROR
gateio,TRUMP3SUSDT,2025-05-14,TRUMP3SUSDT_2025-05-14_klines_trades.csv,,,,ERROR
gateio,TRUMP3SUSDT,2025-05-18,TRUMP3SUSDT_2025-05-18_klines.csv,2.01,0.0,,VOLATILE_CONTROL
gateio,TRUMP5LUSDT,2025-05-13,TRUMP5LUSDT_2025-05-13_klines.csv,66.48,43.01,extreme,PUMP
gateio,TRUMP5LUSDT,2025-05-13,TRUMP5LUSDT_2025-05-13_klines_L2.csv,,,,ERROR
gateio,TRUMP5LUSDT,2025-05-13,TRUMP5LUSDT_2025-05-13_klines_market_ctx.csv,,,,ERROR
gateio,TRUMP5LUSDT,2025-05-13,TRUMP5LUSDT_2025-05-13_klines_trades.csv,,,,ERROR
gateio,TRUMP5LUSDT,2025-05-15,TRUMP5LUSDT_2025-05-15_klines.csv,78.18,136.15,extreme,PUMP
gateio,TRUMP5SUSDT,2025-05-14,TRUMP5SUSDT_2025-05-14_klines.csv,61.92,179.74,extreme,PUMP
gateio,TRUMP5SUSDT,2025-05-14,TRUMP5SUSDT_2025-05-14_klines_L2.csv,,,,ERROR
gateio,TRUMP5SUSDT,2025-05-14,TRUMP5SUSDT_2025-05-14_klines_market_ctx.csv,,,,ERROR
gateio,TRUMP5SUSDT,2025-05-14,TRUMP5SUSDT_2025-05-14_klines_trades.csv,,,,ERROR
gateio,TRUMP5SUSDT,2025-05-15,TRUMP5SUSDT_2025-05-15_klines.csv,48.13,243.69,major,PUMP
gateio,TRUMPUSDT,2025-10-18,TRUMPUSDT_2025-10-18_klines.csv,7.57,127.75,micro,PUMP
gateio,TRUMPUSDT,2025-10-18,TRUMPUSDT_2025-10-18_klines_L2.csv,,,,ERROR
gateio,TRUMPUSDT,2025-10-18,TRUMPUSDT_2025-10-18_klines_market_ctx.csv,,,,ERROR
gateio,TRUMPUSDT,2025-10-18,TRUMPUSDT_2025-10-18_klines_trades.csv,,,,ERROR
gateio,TRUSTUSDT,2025-11-05,TRUSTUSDT_2025-11-05_klines.csv,62.31,213.36,extreme,PUMP
gateio,TRUSTUSDT,2025-11-05,TRUSTUSDT_2025-11-05_klines_L2.csv,,,,ERROR
gateio,TRUSTUSDT,2025-11-05,TRUSTUSDT_2025-11-05_klines_market_ctx.csv,,,,ERROR
gateio,TRUSTUSDT,2025-11-05,TRUSTUSDT_2025-11-05_klines_trades.csv,,,,ERROR
gateio,TRUUSDT,2025-07-06,TRUUSDT_2025-07-06_klines.csv,38.3,26.8,,VOLATILE_CONTROL
gateio,TRVLBTC,2025-05-09,TRVLBTC_2025-05-09_klines.csv,57.3,32.0,extreme,PUMP
gateio,TRVLBTC,2025-05-09,TRVLBTC_2025-05-09_klines_L2.csv,,,,ERROR
gateio,TRVLBTC,2025-05-09,TRVLBTC_2025-05-09_klines_market_ctx.csv,,,,ERROR
gateio,TRVLBTC,2025-05-09,TRVLBTC_2025-05-09_klines_trades.csv,,,,ERROR
gateio,TRVLBTC,2025-07-26,TRVLBTC_2025-07-26_klines.csv,13.51,163.67,small,PUMP
gateio,TRVLUSDT,2025-05-09,TRVLUSDT_2025-05-09_klines.csv,60.24,34.33,extreme,PUMP
gateio,TRVLUSDT,2025-05-09,TRVLUSDT_2025-05-09_klines_L2.csv,,,,ERROR
gateio,TRVLUSDT,2025-05-09,TRVLUSDT_2025-05-09_klines_market_ctx.csv,,,,ERROR
gateio,TRVLUSDT,2025-05-09,TRVLUSDT_2025-05-09_klines_trades.csv,,,,ERROR
gateio,TRWAUSDT,2025-09-15,TRWAUSDT_2025-09-15_klines.csv,50.59,158.12,extreme,PUMP
gateio,TRWAUSDT,2025-09-15,TRWAUSDT_2025-09-15_klines_L2.csv,,,,ERROR
gateio,TRWAUSDT,2025-09-15,TRWAUSDT_2025-09-15_klines_market_ctx.csv,,,,ERROR
gateio,TRWAUSDT,2025-09-15,TRWAUSDT_2025-09-15_klines_trades.csv,,,,ERROR
gateio,TRX3LUSDT,2025-06-30,TRX3LUSDT_2025-06-30_klines.csv,12.84,24.11,,VOLATILE_CONTROL
gateio,TRX3SUSDT,2025-08-21,TRX3SUSDT_2025-08-21_klines.csv,10.79,94.25,small,PUMP
gateio,TRX3SUSDT,2025-08-21,TRX3SUSDT_2025-08-21_klines_L2.csv,,,,ERROR
gateio,TRX3SUSDT,2025-08-21,TRX3SUSDT_2025-08-21_klines_market_ctx.csv,,,,ERROR
gateio,TRX3SUSDT,2025-08-21,TRX3SUSDT_2025-08-21_klines_trades.csv,,,,ERROR
gateio,TRX5LUSDT,2025-05-24,TRX5LUSDT_2025-05-24_klines.csv,19.89,151.9,small,PUMP
gateio,TRX5LUSDT,2025-05-24,TRX5LUSDT_2025-05-24_klines_L2.csv,,,,ERROR
gateio,TRX5LUSDT,2025-05-24,TRX5LUSDT_2025-05-24_klines_market_ctx.csv,,,,ERROR
gateio,TRX5LUSDT,2025-05-24,TRX5LUSDT_2025-05-24_klines_trades.csv,,,,ERROR
gateio,TRX5SUSDT,2025-06-11,TRX5SUSDT_2025-06-11_klines.csv,49.04,94.06,major,PUMP
gateio,TRX5SUSDT,2025-06-11,TRX5SUSDT_2025-06-11_klines_L2.csv,,,,ERROR
gateio,TRX5SUSDT,2025-06-11,TRX5SUSDT_2025-06-11_klines_market_ctx.csv,,,,ERROR
gateio,TRX5SUSDT,2025-06-11,TRX5SUSDT_2025-06-11_klines_trades.csv,,,,ERROR
gateio,TSLA3LUSDT,2026-04-07,TSLA3LUSDT_2026-04-07_klines.csv,10.43,189.31,small,PUMP
gateio,TSLAONUSDT,2025-09-03,TSLAONUSDT_2025-09-03_klines.csv,1678.36,99.86,extreme,PUMP
gateio,TSLAONUSDT,2025-09-03,TSLAONUSDT_2025-09-03_klines_L2.csv,,,,ERROR
gateio,TSLAONUSDT,2025-09-03,TSLAONUSDT_2025-09-03_klines_market_ctx.csv,,,,ERROR
gateio,TSLAONUSDT,2025-09-03,TSLAONUSDT_2025-09-03_klines_trades.csv,,,,ERROR
gateio,TSTBSCUSDT,2025-08-11,TSTBSCUSDT_2025-08-11_klines.csv,56.54,57.82,extreme,PUMP
gateio,TSTBSCUSDT,2025-08-11,TSTBSCUSDT_2025-08-11_klines_L2.csv,,,,ERROR
gateio,TSTBSCUSDT,2025-08-11,TSTBSCUSDT_2025-08-11_klines_market_ctx.csv,,,,ERROR
gateio,TSTBSCUSDT,2025-08-11,TSTBSCUSDT_2025-08-11_klines_trades.csv,,,,ERROR
gateio,TTDUSDT,2025-12-26,TTDUSDT_2025-12-26_klines.csv,10.55,572.2,small,PUMP
gateio,TTDUSDT,2025-12-26,TTDUSDT_2025-12-26_klines_L2.csv,,,,ERROR
gateio,TTDUSDT,2025-12-26,TTDUSDT_2025-12-26_klines_market_ctx.csv,,,,ERROR
gateio,TTDUSDT,2025-12-26,TTDUSDT_2025-12-26_klines_trades.csv,,,,ERROR
gateio,TTUSDT,2025-11-22,TTUSDT_2025-11-22_klines.csv,52.55,79.56,extreme,PUMP
gateio,TTUSDT,2025-11-22,TTUSDT_2025-11-22_klines_L2.csv,,,,ERROR
gateio,TTUSDT,2025-11-22,TTUSDT_2025-11-22_klines_market_ctx.csv,,,,ERROR
gateio,TTUSDT,2025-11-22,TTUSDT_2025-11-22_klines_trades.csv,,,,ERROR
gateio,TUNEUSDT,2025-05-09,TUNEUSDT_2025-05-09_klines.csv,46.69,115.37,major,PUMP
gateio,TUNEUSDT,2025-05-09,TUNEUSDT_2025-05-09_klines_L2.csv,,,,ERROR
gateio,TUNEUSDT,2025-05-09,TUNEUSDT_2025-05-09_klines_market_ctx.csv,,,,ERROR
gateio,TUNEUSDT,2025-05-09,TUNEUSDT_2025-05-09_klines_trades.csv,,,,ERROR
gateio,TUNEUSDT,2025-05-15,TUNEUSDT_2025-05-15_klines.csv,177.11,93.87,extreme,PUMP
gateio,TURBO3LUSDT,2025-05-18,TURBO3LUSDT_2025-05-18_klines.csv,80.06,109.87,extreme,PUMP
gateio,TURBO3LUSDT,2025-05-18,TURBO3LUSDT_2025-05-18_klines_L2.csv,,,,ERROR
gateio,TURBO3LUSDT,2025-05-18,TURBO3LUSDT_2025-05-18_klines_market_ctx.csv,,,,ERROR
gateio,TURBO3LUSDT,2025-05-18,TURBO3LUSDT_2025-05-18_klines_trades.csv,,,,ERROR
gateio,TURBO3SUSDT,2025-05-13,TURBO3SUSDT_2025-05-13_klines.csv,43.81,169.58,major,PUMP
gateio,TURBO3SUSDT,2025-05-13,TURBO3SUSDT_2025-05-13_klines_L2.csv,,,,ERROR
gateio,TURBO3SUSDT,2025-05-13,TURBO3SUSDT_2025-05-13_klines_market_ctx.csv,,,,ERROR
gateio,TURBO3SUSDT,2025-05-13,TURBO3SUSDT_2025-05-13_klines_trades.csv,,,,ERROR
gateio,TURBO3SUSDT,2025-05-15,TURBO3SUSDT_2025-05-15_klines.csv,41.45,196.11,major,PUMP
gateio,TURBOSUSDT,2025-05-24,TURBOSUSDT_2025-05-24_klines.csv,53.24,89.72,extreme,PUMP
gateio,TURBOSUSDT,2025-05-24,TURBOSUSDT_2025-05-24_klines_L2.csv,,,,ERROR
gateio,TURBOSUSDT,2025-05-24,TURBOSUSDT_2025-05-24_klines_market_ctx.csv,,,,ERROR
gateio,TURBOSUSDT,2025-05-24,TURBOSUSDT_2025-05-24_klines_trades.csv,,,,ERROR
gateio,TURTLEUSDT,2026-04-10,TURTLEUSDT_2026-04-10_klines.csv,0.34,0.0,,VOLATILE_CONTROL
gateio,TURTUSDT,2025-06-19,TURTUSDT_2025-06-19_klines.csv,27.55,121.12,medium,PUMP
gateio,TURTUSDT,2025-06-19,TURTUSDT_2025-06-19_klines_L2.csv,,,,ERROR
gateio,TURTUSDT,2025-06-19,TURTUSDT_2025-06-19_klines_market_ctx.csv,,,,ERROR
gateio,TURTUSDT,2025-06-19,TURTUSDT_2025-06-19_klines_trades.csv,,,,ERROR
gateio,TWTUSDT,2025-09-02,TWTUSDT_2025-09-02_klines.csv,2.73,0.0,,VOLATILE_CONTROL
gateio,TXUSDT,2026-03-27,TXUSDT_2026-03-27_klines.csv,2.57,0.0,,VOLATILE_CONTROL
gateio,TYCOONUSDT,2025-11-04,TYCOONUSDT_2025-11-04_klines.csv,20.82,285.95,medium,PUMP
gateio,TYCOONUSDT,2025-11-04,TYCOONUSDT_2025-11-04_klines_L2.csv,,,,ERROR
gateio,TYCOONUSDT,2025-11-04,TYCOONUSDT_2025-11-04_klines_market_ctx.csv,,,,ERROR
gateio,TYCOONUSDT,2025-11-04,TYCOONUSDT_2025-11-04_klines_trades.csv,,,,ERROR
gateio,U2UUSDT,2025-06-01,U2UUSDT_2025-06-01_klines.csv,34.3,23.57,,VOLATILE_CONTROL
gateio,UAIUSDT,2025-11-06,UAIUSDT_2025-11-06_klines.csv,80.65,112.76,extreme,PUMP
gateio,UAIUSDT,2025-11-06,UAIUSDT_2025-11-06_klines_L2.csv,,,,ERROR
gateio,UAIUSDT,2025-11-06,UAIUSDT_2025-11-06_klines_market_ctx.csv,,,,ERROR
gateio,UAIUSDT,2025-11-06,UAIUSDT_2025-11-06_klines_trades.csv,,,,ERROR
gateio,UB3LUSDT,2026-04-24,UB3LUSDT_2026-04-24_klines.csv,14.25,186.49,small,PUMP
gateio,UB3LUSDT,2026-04-24,UB3LUSDT_2026-04-24_klines_L2.csv,,,,ERROR
gateio,UB3LUSDT,2026-04-24,UB3LUSDT_2026-04-24_klines_market_ctx.csv,,,,ERROR
gateio,UB3LUSDT,2026-04-24,UB3LUSDT_2026-04-24_klines_trades.csv,,,,ERROR
gateio,UB3SUSDT,2026-05-03,UB3SUSDT_2026-05-03_klines.csv,75.41,101.6,extreme,PUMP
gateio,UB3SUSDT,2026-05-03,UB3SUSDT_2026-05-03_klines_L2.csv,,,,ERROR
gateio,UB3SUSDT,2026-05-03,UB3SUSDT_2026-05-03_klines_market_ctx.csv,,,,ERROR
gateio,UB3SUSDT,2026-05-03,UB3SUSDT_2026-05-03_klines_trades.csv,,,,ERROR
gateio,UBUSDT,2025-09-12,UBUSDT_2025-09-12_klines.csv,247.68,69.53,extreme,PUMP
gateio,UBUSDT,2025-09-12,UBUSDT_2025-09-12_klines_L2.csv,,,,ERROR
gateio,UBUSDT,2025-09-12,UBUSDT_2025-09-12_klines_market_ctx.csv,,,,ERROR
gateio,UBUSDT,2025-09-12,UBUSDT_2025-09-12_klines_trades.csv,,,,ERROR
gateio,UDAOUSDT,2025-07-12,UDAOUSDT_2025-07-12_klines.csv,0.92,0.0,,VOLATILE_CONTROL
gateio,UDSUSDT,2025-05-10,UDSUSDT_2025-05-10_klines.csv,29.1,124.4,medium,PUMP
gateio,UDSUSDT,2025-05-10,UDSUSDT_2025-05-10_klines_L2.csv,,,,ERROR
gateio,UDSUSDT,2025-05-10,UDSUSDT_2025-05-10_klines_market_ctx.csv,,,,ERROR
gateio,UDSUSDT,2025-05-10,UDSUSDT_2025-05-10_klines_trades.csv,,,,ERROR
gateio,UDSUSDT,2025-05-15,UDSUSDT_2025-05-15_klines.csv,7.16,626.32,micro,PUMP
gateio,ULTIUSDT,2025-05-09,ULTIUSDT_2025-05-09_klines.csv,50.65,181.63,extreme,PUMP
gateio,ULTIUSDT,2025-05-09,ULTIUSDT_2025-05-09_klines_L2.csv,,,,ERROR
gateio,ULTIUSDT,2025-05-09,ULTIUSDT_2025-05-09_klines_market_ctx.csv,,,,ERROR
gateio,ULTIUSDT,2025-05-09,ULTIUSDT_2025-05-09_klines_trades.csv,,,,ERROR
gateio,ULTIUSDT,2025-05-17,ULTIUSDT_2025-05-17_klines.csv,56.16,82.02,extreme,PUMP
gateio,UMAUSDT,2025-05-22,UMAUSDT_2025-05-22_klines.csv,10.95,165.19,small,PUMP
gateio,UMAUSDT,2025-05-22,UMAUSDT_2025-05-22_klines_L2.csv,,,,ERROR
gateio,UMAUSDT,2025-05-22,UMAUSDT_2025-05-22_klines_market_ctx.csv,,,,ERROR
gateio,UMAUSDT,2025-05-22,UMAUSDT_2025-05-22_klines_trades.csv,,,,ERROR
gateio,UNAUSDT,2025-05-09,UNAUSDT_2025-05-09_klines.csv,53.03,52.74,extreme,PUMP
gateio,UNAUSDT,2025-05-09,UNAUSDT_2025-05-09_klines_L2.csv,,,,ERROR
gateio,UNAUSDT,2025-05-09,UNAUSDT_2025-05-09_klines_market_ctx.csv,,,,ERROR
gateio,UNAUSDT,2025-05-09,UNAUSDT_2025-05-09_klines_trades.csv,,,,ERROR
gateio,UNAUSDT,2025-05-15,UNAUSDT_2025-05-15_klines.csv,111.7,47.79,extreme,PUMP
gateio,UNCXUSDT,2026-02-03,UNCXUSDT_2026-02-03_klines.csv,10.94,116.99,small,PUMP
gateio,UNCXUSDT,2026-02-03,UNCXUSDT_2026-02-03_klines_L2.csv,,,,ERROR
gateio,UNCXUSDT,2026-02-03,UNCXUSDT_2026-02-03_klines_market_ctx.csv,,,,ERROR
gateio,UNCXUSDT,2026-02-03,UNCXUSDT_2026-02-03_klines_trades.csv,,,,ERROR
gateio,UNFIUSDT,2025-05-09,UNFIUSDT_2025-05-09_klines.csv,37.9,90.35,large,PUMP
gateio,UNFIUSDT,2025-05-09,UNFIUSDT_2025-05-09_klines_L2.csv,,,,ERROR
gateio,UNFIUSDT,2025-05-09,UNFIUSDT_2025-05-09_klines_market_ctx.csv,,,,ERROR
gateio,UNFIUSDT,2025-05-09,UNFIUSDT_2025-05-09_klines_trades.csv,,,,ERROR
gateio,UNFIUSDT,2025-05-15,UNFIUSDT_2025-05-15_klines.csv,6.94,295.93,micro,PUMP
gateio,UNI3LUSDT,2025-05-09,UNI3LUSDT_2025-05-09_klines.csv,75.9,123.35,extreme,PUMP
gateio,UNI3LUSDT,2025-05-09,UNI3LUSDT_2025-05-09_klines_L2.csv,,,,ERROR
gateio,UNI3LUSDT,2025-05-09,UNI3LUSDT_2025-05-09_klines_market_ctx.csv,,,,ERROR
gateio,UNI3LUSDT,2025-05-09,UNI3LUSDT_2025-05-09_klines_trades.csv,,,,ERROR
gateio,UNI3LUSDT,2025-05-16,UNI3LUSDT_2025-05-16_klines.csv,18.68,207.7,small,PUMP
gateio,UNI3SUSDT,2025-05-11,UNI3SUSDT_2025-05-11_klines.csv,121.59,55.97,extreme,PUMP
gateio,UNI3SUSDT,2025-05-11,UNI3SUSDT_2025-05-11_klines_L2.csv,,,,ERROR
gateio,UNI3SUSDT,2025-05-11,UNI3SUSDT_2025-05-11_klines_market_ctx.csv,,,,ERROR
gateio,UNI3SUSDT,2025-05-11,UNI3SUSDT_2025-05-11_klines_trades.csv,,,,ERROR
gateio,UNI3SUSDT,2025-05-15,UNI3SUSDT_2025-05-15_klines.csv,55.14,133.34,extreme,PUMP
gateio,UNI5LUSDT,2025-05-09,UNI5LUSDT_2025-05-09_klines.csv,139.63,122.86,extreme,PUMP
gateio,UNI5LUSDT,2025-05-09,UNI5LUSDT_2025-05-09_klines_L2.csv,,,,ERROR
gateio,UNI5LUSDT,2025-05-09,UNI5LUSDT_2025-05-09_klines_market_ctx.csv,,,,ERROR
gateio,UNI5LUSDT,2025-05-09,UNI5LUSDT_2025-05-09_klines_trades.csv,,,,ERROR
gateio,UNI5LUSDT,2025-05-16,UNI5LUSDT_2025-05-16_klines.csv,21.97,339.73,medium,PUMP
gateio,UNI5SUSDT,2025-05-15,UNI5SUSDT_2025-05-15_klines.csv,197716.31,67.41,extreme,PUMP
gateio,UNIBOTUSDT,2025-07-22,UNIBOTUSDT_2025-07-22_klines.csv,5.14,197.26,micro,PUMP
gateio,UNIBOTUSDT,2025-07-22,UNIBOTUSDT_2025-07-22_klines_L2.csv,,,,ERROR
gateio,UNIBOTUSDT,2025-07-22,UNIBOTUSDT_2025-07-22_klines_market_ctx.csv,,,,ERROR
gateio,UNIBOTUSDT,2025-07-22,UNIBOTUSDT_2025-07-22_klines_trades.csv,,,,ERROR
gateio,UNIONUSDT,2025-09-05,UNIONUSDT_2025-09-05_klines.csv,5.24,451.02,micro,PUMP
gateio,UNIONUSDT,2025-09-05,UNIONUSDT_2025-09-05_klines_L2.csv,,,,ERROR
gateio,UNIONUSDT,2025-09-05,UNIONUSDT_2025-09-05_klines_market_ctx.csv,,,,ERROR
gateio,UNIONUSDT,2025-09-05,UNIONUSDT_2025-09-05_klines_trades.csv,,,,ERROR
gateio,UNIT0USDT,2025-06-01,UNIT0USDT_2025-06-01_klines.csv,2.98,0.0,,VOLATILE_CONTROL
gateio,UNNUSDT,2025-05-24,UNNUSDT_2025-05-24_klines.csv,5.33,191.63,micro,PUMP
gateio,UNNUSDT,2025-05-24,UNNUSDT_2025-05-24_klines_L2.csv,,,,ERROR
gateio,UNNUSDT,2025-05-24,UNNUSDT_2025-05-24_klines_market_ctx.csv,,,,ERROR
gateio,UNNUSDT,2025-05-24,UNNUSDT_2025-05-24_klines_trades.csv,,,,ERROR
gateio,UOSUSDT,2025-10-11,UOSUSDT_2025-10-11_klines.csv,52.37,106.56,extreme,PUMP
gateio,UOSUSDT,2025-10-11,UOSUSDT_2025-10-11_klines_L2.csv,,,,ERROR
gateio,UOSUSDT,2025-10-11,UOSUSDT_2025-10-11_klines_market_ctx.csv,,,,ERROR
gateio,UOSUSDT,2025-10-11,UOSUSDT_2025-10-11_klines_trades.csv,,,,ERROR
gateio,UPUSDT,2026-04-03,UPUSDT_2026-04-03_klines.csv,7.58,85.16,micro,PUMP
gateio,UPUSDT,2026-04-03,UPUSDT_2026-04-03_klines_L2.csv,,,,ERROR
gateio,UPUSDT,2026-04-03,UPUSDT_2026-04-03_klines_market_ctx.csv,,,,ERROR
gateio,UPUSDT,2026-04-03,UPUSDT_2026-04-03_klines_trades.csv,,,,ERROR
gateio,URANUSUSDT,2025-08-13,URANUSUSDT_2025-08-13_klines.csv,40.14,91.42,major,PUMP
gateio,URANUSUSDT,2025-08-13,URANUSUSDT_2025-08-13_klines_L2.csv,,,,ERROR
gateio,URANUSUSDT,2025-08-13,URANUSUSDT_2025-08-13_klines_market_ctx.csv,,,,ERROR
gateio,URANUSUSDT,2025-08-13,URANUSUSDT_2025-08-13_klines_trades.csv,,,,ERROR
gateio,USATUSDT,2026-03-26,USATUSDT_2026-03-26_klines.csv,0.11,0.0,,VOLATILE_CONTROL
gateio,USD1USDT,2025-05-28,USD1USDT_2025-05-28_klines.csv,97.08,100.2,extreme,PUMP
gateio,USD1USDT,2025-05-28,USD1USDT_2025-05-28_klines_L2.csv,,,,ERROR
gateio,USD1USDT,2025-05-28,USD1USDT_2025-05-28_klines_market_ctx.csv,,,,ERROR
gateio,USD1USDT,2025-05-28,USD1USDT_2025-05-28_klines_trades.csv,,,,ERROR
gateio,USELESSUSDT,2025-07-12,USELESSUSDT_2025-07-12_klines.csv,53.45,83.05,extreme,PUMP
gateio,USELESSUSDT,2025-07-12,USELESSUSDT_2025-07-12_klines_L2.csv,,,,ERROR
gateio,USELESSUSDT,2025-07-12,USELESSUSDT_2025-07-12_klines_market_ctx.csv,,,,ERROR
gateio,USELESSUSDT,2025-07-12,USELESSUSDT_2025-07-12_klines_trades.csv,,,,ERROR
gateio,USTCUSDT,2025-07-02,USTCUSDT_2025-07-02_klines.csv,7.22,111.57,micro,PUMP
gateio,USTCUSDT,2025-07-02,USTCUSDT_2025-07-02_klines_L2.csv,,,,ERROR
gateio,USTCUSDT,2025-07-02,USTCUSDT_2025-07-02_klines_market_ctx.csv,,,,ERROR
gateio,USTCUSDT,2025-07-02,USTCUSDT_2025-07-02_klines_trades.csv,,,,ERROR
gateio,USUALUSDT,2025-06-23,USUALUSDT_2025-06-23_klines.csv,14.89,133.62,small,PUMP
gateio,USUALUSDT,2025-06-23,USUALUSDT_2025-06-23_klines_L2.csv,,,,ERROR
gateio,USUALUSDT,2025-06-23,USUALUSDT_2025-06-23_klines_market_ctx.csv,,,,ERROR
gateio,USUALUSDT,2025-06-23,USUALUSDT_2025-06-23_klines_trades.csv,,,,ERROR
gateio,USUSDT,2026-03-04,USUSDT_2026-03-04_klines.csv,4.55,0.0,,VOLATILE_CONTROL
gateio,UXLINKUSDT,2025-10-06,UXLINKUSDT_2025-10-06_klines.csv,0.0,0.0,,VOLATILE_CONTROL
gateio,VAIOTUSDT,2025-06-26,VAIOTUSDT_2025-06-26_klines.csv,24.12,0.0,,VOLATILE_CONTROL
gateio,VANAUSDT,2026-02-06,VANAUSDT_2026-02-06_klines.csv,10.41,61.59,small,PUMP
gateio,VANAUSDT,2026-02-06,VANAUSDT_2026-02-06_klines_L2.csv,,,,ERROR
gateio,VANAUSDT,2026-02-06,VANAUSDT_2026-02-06_klines_market_ctx.csv,,,,ERROR
gateio,VANAUSDT,2026-02-06,VANAUSDT_2026-02-06_klines_trades.csv,,,,ERROR
gateio,VANRYUSDT,2025-06-23,VANRYUSDT_2025-06-23_klines.csv,18.65,77.12,small,PUMP
gateio,VANRYUSDT,2025-06-23,VANRYUSDT_2025-06-23_klines_L2.csv,,,,ERROR
gateio,VANRYUSDT,2025-06-23,VANRYUSDT_2025-06-23_klines_market_ctx.csv,,,,ERROR
gateio,VANRYUSDT,2025-06-23,VANRYUSDT_2025-06-23_klines_trades.csv,,,,ERROR
gateio,VARAUSDT,2025-10-11,VARAUSDT_2025-10-11_klines.csv,50.07,123.16,extreme,PUMP
gateio,VARAUSDT,2025-10-11,VARAUSDT_2025-10-11_klines_L2.csv,,,,ERROR
gateio,VARAUSDT,2025-10-11,VARAUSDT_2025-10-11_klines_market_ctx.csv,,,,ERROR
gateio,VARAUSDT,2025-10-11,VARAUSDT_2025-10-11_klines_trades.csv,,,,ERROR
gateio,VCUSDT,2025-06-30,VCUSDT_2025-06-30_klines.csv,34.71,87.9,large,PUMP
gateio,VCUSDT,2025-06-30,VCUSDT_2025-06-30_klines_L2.csv,,,,ERROR
gateio,VCUSDT,2025-06-30,VCUSDT_2025-06-30_klines_market_ctx.csv,,,,ERROR
gateio,VCUSDT,2025-06-30,VCUSDT_2025-06-30_klines_trades.csv,,,,ERROR
gateio,VDRUSDT,2025-05-09,VDRUSDT_2025-05-09_klines.csv,69.14,124.44,extreme,PUMP
gateio,VDRUSDT,2025-05-09,VDRUSDT_2025-05-09_klines_L2.csv,,,,ERROR
gateio,VDRUSDT,2025-05-09,VDRUSDT_2025-05-09_klines_market_ctx.csv,,,,ERROR
gateio,VDRUSDT,2025-05-09,VDRUSDT_2025-05-09_klines_trades.csv,,,,ERROR
gateio,VDRUSDT,2025-05-15,VDRUSDT_2025-05-15_klines.csv,13.05,49.45,small,PUMP
gateio,VELODROMEUSDT,2025-05-09,VELODROMEUSDT_2025-05-09_klines.csv,54.33,83.29,extreme,PUMP
gateio,VELODROMEUSDT,2025-05-09,VELODROMEUSDT_2025-05-09_klines_L2.csv,,,,ERROR
gateio,VELODROMEUSDT,2025-05-09,VELODROMEUSDT_2025-05-09_klines_market_ctx.csv,,,,ERROR
gateio,VELODROMEUSDT,2025-05-09,VELODROMEUSDT_2025-05-09_klines_trades.csv,,,,ERROR
gateio,VELODROMEUSDT,2025-07-02,VELODROMEUSDT_2025-07-02_klines.csv,15.32,0.0,,VOLATILE_CONTROL
gateio,VELOUSDT,2025-07-01,VELOUSDT_2025-07-01_klines.csv,7.8,189.39,micro,PUMP
gateio,VELOUSDT,2025-07-01,VELOUSDT_2025-07-01_klines_L2.csv,,,,ERROR
gateio,VELOUSDT,2025-07-01,VELOUSDT_2025-07-01_klines_market_ctx.csv,,,,ERROR
gateio,VELOUSDT,2025-07-01,VELOUSDT_2025-07-01_klines_trades.csv,,,,ERROR
gateio,VELVETUSDT,2025-07-10,VELVETUSDT_2025-07-10_klines.csv,145.14,65.29,extreme,PUMP
gateio,VELVETUSDT,2025-07-10,VELVETUSDT_2025-07-10_klines_L2.csv,,,,ERROR
gateio,VELVETUSDT,2025-07-10,VELVETUSDT_2025-07-10_klines_market_ctx.csv,,,,ERROR
gateio,VELVETUSDT,2025-07-10,VELVETUSDT_2025-07-10_klines_trades.csv,,,,ERROR
gateio,VEMPUSDT,2025-05-22,VEMPUSDT_2025-05-22_klines.csv,35.09,89.21,large,PUMP
gateio,VEMPUSDT,2025-05-22,VEMPUSDT_2025-05-22_klines_L2.csv,,,,ERROR
gateio,VEMPUSDT,2025-05-22,VEMPUSDT_2025-05-22_klines_market_ctx.csv,,,,ERROR
gateio,VEMPUSDT,2025-05-22,VEMPUSDT_2025-05-22_klines_trades.csv,,,,ERROR
gateio,VENOMUSDT,2025-05-25,VENOMUSDT_2025-05-25_klines.csv,37.27,61.51,large,PUMP
gateio,VENOMUSDT,2025-05-25,VENOMUSDT_2025-05-25_klines_L2.csv,,,,ERROR
gateio,VENOMUSDT,2025-05-25,VENOMUSDT_2025-05-25_klines_market_ctx.csv,,,,ERROR
gateio,VENOMUSDT,2025-05-25,VENOMUSDT_2025-05-25_klines_trades.csv,,,,ERROR
gateio,VERTUSDT,2025-05-09,VERTUSDT_2025-05-09_klines.csv,17.23,104.55,small,PUMP
gateio,VERTUSDT,2025-05-09,VERTUSDT_2025-05-09_klines_L2.csv,,,,ERROR
gateio,VERTUSDT,2025-05-09,VERTUSDT_2025-05-09_klines_market_ctx.csv,,,,ERROR
gateio,VERTUSDT,2025-05-09,VERTUSDT_2025-05-09_klines_trades.csv,,,,ERROR
gateio,VERTUSDT,2025-05-15,VERTUSDT_2025-05-15_klines.csv,17.1,19.76,,VOLATILE_CONTROL
gateio,VFYUSDT,2025-09-30,VFYUSDT_2025-09-30_klines.csv,160.17,93.2,extreme,PUMP
gateio,VFYUSDT,2025-09-30,VFYUSDT_2025-09-30_klines_L2.csv,,,,ERROR
gateio,VFYUSDT,2025-09-30,VFYUSDT_2025-09-30_klines_market_ctx.csv,,,,ERROR
gateio,VFYUSDT,2025-09-30,VFYUSDT_2025-09-30_klines_trades.csv,,,,ERROR
gateio,VGXUSDT,2025-05-30,VGXUSDT_2025-05-30_klines.csv,13.04,234.15,small,PUMP
gateio,VGXUSDT,2025-05-30,VGXUSDT_2025-05-30_klines_L2.csv,,,,ERROR
gateio,VGXUSDT,2025-05-30,VGXUSDT_2025-05-30_klines_market_ctx.csv,,,,ERROR
gateio,VGXUSDT,2025-05-30,VGXUSDT_2025-05-30_klines_trades.csv,,,,ERROR
gateio,VINEUSDT,2025-05-09,VINEUSDT_2025-05-09_klines.csv,105.56,103.61,extreme,PUMP
gateio,VINEUSDT,2025-05-09,VINEUSDT_2025-05-09_klines_L2.csv,,,,ERROR
gateio,VINEUSDT,2025-05-09,VINEUSDT_2025-05-09_klines_market_ctx.csv,,,,ERROR
gateio,VINEUSDT,2025-05-09,VINEUSDT_2025-05-09_klines_trades.csv,,,,ERROR
gateio,VINEUSDT,2025-06-22,VINEUSDT_2025-06-22_klines.csv,33.22,73.43,large,PUMP
gateio,VINUUSDT,2025-05-10,VINUUSDT_2025-05-10_klines.csv,11.44,259.24,small,PUMP
gateio,VINUUSDT,2025-05-10,VINUUSDT_2025-05-10_klines_L2.csv,,,,ERROR
gateio,VINUUSDT,2025-05-10,VINUUSDT_2025-05-10_klines_market_ctx.csv,,,,ERROR
gateio,VINUUSDT,2025-05-10,VINUUSDT_2025-05-10_klines_trades.csv,,,,ERROR
gateio,VIRTUAL3LUSDT,2025-05-10,VIRTUAL3LUSDT_2025-05-10_klines.csv,41.49,200.67,major,PUMP
gateio,VIRTUAL3LUSDT,2025-05-10,VIRTUAL3LUSDT_2025-05-10_klines_L2.csv,,,,ERROR
gateio,VIRTUAL3LUSDT,2025-05-10,VIRTUAL3LUSDT_2025-05-10_klines_market_ctx.csv,,,,ERROR
gateio,VIRTUAL3LUSDT,2025-05-10,VIRTUAL3LUSDT_2025-05-10_klines_trades.csv,,,,ERROR
gateio,VIRTUAL3LUSDT,2025-05-15,VIRTUAL3LUSDT_2025-05-15_klines.csv,9.48,167.98,micro,PUMP
gateio,VIRTUAL3SUSDT,2025-05-13,VIRTUAL3SUSDT_2025-05-13_klines.csv,52.96,156.69,extreme,PUMP
gateio,VIRTUAL3SUSDT,2025-05-13,VIRTUAL3SUSDT_2025-05-13_klines_L2.csv,,,,ERROR
gateio,VIRTUAL3SUSDT,2025-05-13,VIRTUAL3SUSDT_2025-05-13_klines_market_ctx.csv,,,,ERROR
gateio,VIRTUAL3SUSDT,2025-05-13,VIRTUAL3SUSDT_2025-05-13_klines_trades.csv,,,,ERROR
gateio,VIRTUAL3SUSDT,2025-05-15,VIRTUAL3SUSDT_2025-05-15_klines.csv,64.86,160.89,extreme,PUMP
gateio,VIRTUALUSDT,2025-05-18,VIRTUALUSDT_2025-05-18_klines.csv,33.81,0.0,,VOLATILE_CONTROL
gateio,VLRUSDT,2025-10-23,VLRUSDT_2025-10-23_klines.csv,50.0,110.94,extreme,PUMP
gateio,VLRUSDT,2025-10-23,VLRUSDT_2025-10-23_klines_L2.csv,,,,ERROR
gateio,VLRUSDT,2025-10-23,VLRUSDT_2025-10-23_klines_market_ctx.csv,,,,ERROR
gateio,VLRUSDT,2025-10-23,VLRUSDT_2025-10-23_klines_trades.csv,,,,ERROR
gateio,VMTUSDT,2025-07-29,VMTUSDT_2025-07-29_klines.csv,0.03,0.0,,VOLATILE_CONTROL
gateio,VNOUSDT,2025-05-09,VNOUSDT_2025-05-09_klines.csv,54.9,76.71,extreme,PUMP
gateio,VNOUSDT,2025-05-09,VNOUSDT_2025-05-09_klines_L2.csv,,,,ERROR
gateio,VNOUSDT,2025-05-09,VNOUSDT_2025-05-09_klines_market_ctx.csv,,,,ERROR
gateio,VNOUSDT,2025-05-09,VNOUSDT_2025-05-09_klines_trades.csv,,,,ERROR
gateio,VNOUSDT,2025-06-07,VNOUSDT_2025-06-07_klines.csv,16.85,160.15,small,PUMP
gateio,VOIDUSDT,2025-05-15,VOIDUSDT_2025-05-15_klines.csv,53.38,59.4,extreme,PUMP
gateio,VOLTUSDT,2026-01-01,VOLTUSDT_2026-01-01_klines.csv,56.25,112.88,extreme,PUMP
gateio,VOLTUSDT,2026-01-01,VOLTUSDT_2026-01-01_klines_L2.csv,,,,ERROR
gateio,VOLTUSDT,2026-01-01,VOLTUSDT_2026-01-01_klines_market_ctx.csv,,,,ERROR
gateio,VOLTUSDT,2026-01-01,VOLTUSDT_2026-01-01_klines_trades.csv,,,,ERROR
gateio,VONUSDT,2025-05-09,VONUSDT_2025-05-09_klines.csv,5.09,335.63,micro,PUMP
gateio,VONUSDT,2025-05-09,VONUSDT_2025-05-09_klines_L2.csv,,,,ERROR
gateio,VONUSDT,2025-05-09,VONUSDT_2025-05-09_klines_market_ctx.csv,,,,ERROR
gateio,VONUSDT,2025-05-09,VONUSDT_2025-05-09_klines_trades.csv,,,,ERROR
gateio,VONUSDT,2025-05-15,VONUSDT_2025-05-15_klines.csv,61.92,0.0,,VOLATILE_CONTROL
gateio,VOOIUSDT,2025-12-23,VOOIUSDT_2025-12-23_klines.csv,54.35,115.88,extreme,PUMP
gateio,VOOIUSDT,2025-12-23,VOOIUSDT_2025-12-23_klines_L2.csv,,,,ERROR
gateio,VOOIUSDT,2025-12-23,VOOIUSDT_2025-12-23_klines_market_ctx.csv,,,,ERROR
gateio,VOOIUSDT,2025-12-23,VOOIUSDT_2025-12-23_klines_trades.csv,,,,ERROR
gateio,VOXELUSDT,2025-07-05,VOXELUSDT_2025-07-05_klines.csv,33.99,61.42,large,PUMP
gateio,VOXELUSDT,2025-07-05,VOXELUSDT_2025-07-05_klines_L2.csv,,,,ERROR
gateio,VOXELUSDT,2025-07-05,VOXELUSDT_2025-07-05_klines_market_ctx.csv,,,,ERROR
gateio,VOXELUSDT,2025-07-05,VOXELUSDT_2025-07-05_klines_trades.csv,,,,ERROR
gateio,VPRUSDT,2025-05-09,VPRUSDT_2025-05-09_klines.csv,8.8,231.79,micro,PUMP
gateio,VPRUSDT,2025-05-09,VPRUSDT_2025-05-09_klines_L2.csv,,,,ERROR
gateio,VPRUSDT,2025-05-09,VPRUSDT_2025-05-09_klines_market_ctx.csv,,,,ERROR
gateio,VPRUSDT,2025-05-09,VPRUSDT_2025-05-09_klines_trades.csv,,,,ERROR
gateio,VPRUSDT,2025-05-15,VPRUSDT_2025-05-15_klines.csv,65.52,98.48,extreme,PUMP
gateio,VRAUSDT,2025-07-09,VRAUSDT_2025-07-09_klines.csv,27.47,74.0,medium,PUMP
gateio,VRAUSDT,2025-07-09,VRAUSDT_2025-07-09_klines_L2.csv,,,,ERROR
gateio,VRAUSDT,2025-07-09,VRAUSDT_2025-07-09_klines_market_ctx.csv,,,,ERROR
gateio,VRAUSDT,2025-07-09,VRAUSDT_2025-07-09_klines_trades.csv,,,,ERROR
gateio,VRUSDT,2025-09-02,VRUSDT_2025-09-02_klines.csv,14.06,41.38,small,PUMP
gateio,VRUSDT,2025-09-02,VRUSDT_2025-09-02_klines_L2.csv,,,,ERROR
gateio,VRUSDT,2025-09-02,VRUSDT_2025-09-02_klines_market_ctx.csv,,,,ERROR
gateio,VRUSDT,2025-09-02,VRUSDT_2025-09-02_klines_trades.csv,,,,ERROR
gateio,VSNUSDT,2025-07-16,VSNUSDT_2025-07-16_klines.csv,122.3,81.36,extreme,PUMP
gateio,VSNUSDT,2025-07-16,VSNUSDT_2025-07-16_klines_L2.csv,,,,ERROR
gateio,VSNUSDT,2025-07-16,VSNUSDT_2025-07-16_klines_market_ctx.csv,,,,ERROR
gateio,VSNUSDT,2025-07-16,VSNUSDT_2025-07-16_klines_trades.csv,,,,ERROR
gateio,VSXUSDT,2025-05-19,VSXUSDT_2025-05-19_klines.csv,18.76,95.85,small,PUMP
gateio,VTHOUSDT,2025-12-19,VTHOUSDT_2025-12-19_klines.csv,53.28,99.34,extreme,PUMP
gateio,VTHOUSDT,2025-12-19,VTHOUSDT_2025-12-19_klines_L2.csv,,,,ERROR
gateio,VTHOUSDT,2025-12-19,VTHOUSDT_2025-12-19_klines_market_ctx.csv,,,,ERROR
gateio,VTHOUSDT,2025-12-19,VTHOUSDT_2025-12-19_klines_trades.csv,,,,ERROR
gateio,VTUSDT,2025-05-09,VTUSDT_2025-05-09_klines.csv,64.09,90.44,extreme,PUMP
gateio,VTUSDT,2025-05-09,VTUSDT_2025-05-09_klines_L2.csv,,,,ERROR
gateio,VTUSDT,2025-05-09,VTUSDT_2025-05-09_klines_market_ctx.csv,,,,ERROR
gateio,VTUSDT,2025-05-09,VTUSDT_2025-05-09_klines_trades.csv,,,,ERROR
gateio,VTUSDT,2025-05-25,VTUSDT_2025-05-25_klines.csv,51.47,129.68,extreme,PUMP
gateio,VVSUSDT,2025-06-23,VVSUSDT_2025-06-23_klines.csv,8.75,100.0,micro,PUMP
gateio,VVSUSDT,2025-06-23,VVSUSDT_2025-06-23_klines_L2.csv,,,,ERROR
gateio,VVSUSDT,2025-06-23,VVSUSDT_2025-06-23_klines_market_ctx.csv,,,,ERROR
gateio,VVSUSDT,2025-06-23,VVSUSDT_2025-06-23_klines_trades.csv,,,,ERROR
gateio,VVVUSDT,2025-06-06,VVVUSDT_2025-06-06_klines.csv,53.59,44.45,extreme,PUMP
gateio,VVVUSDT,2025-06-06,VVVUSDT_2025-06-06_klines_L2.csv,,,,ERROR
gateio,VVVUSDT,2025-06-06,VVVUSDT_2025-06-06_klines_market_ctx.csv,,,,ERROR
gateio,VVVUSDT,2025-06-06,VVVUSDT_2025-06-06_klines_trades.csv,,,,ERROR
gateio,W3GGUSDT,2025-07-02,W3GGUSDT_2025-07-02_klines.csv,10.71,33.18,small,PUMP
gateio,W3GGUSDT,2025-07-02,W3GGUSDT_2025-07-02_klines_L2.csv,,,,ERROR
gateio,W3GGUSDT,2025-07-02,W3GGUSDT_2025-07-02_klines_market_ctx.csv,,,,ERROR
gateio,W3GGUSDT,2025-07-02,W3GGUSDT_2025-07-02_klines_trades.csv,,,,ERROR
gateio,WAGMIGAMESUSDT,2025-06-06,WAGMIGAMESUSDT_2025-06-06_klines.csv,50.25,113.24,extreme,PUMP
gateio,WAGMIGAMESUSDT,2025-06-06,WAGMIGAMESUSDT_2025-06-06_klines_L2.csv,,,,ERROR
gateio,WAGMIGAMESUSDT,2025-06-06,WAGMIGAMESUSDT_2025-06-06_klines_market_ctx.csv,,,,ERROR
gateio,WAGMIGAMESUSDT,2025-06-06,WAGMIGAMESUSDT_2025-06-06_klines_trades.csv,,,,ERROR
gateio,WAGUSDT,2025-07-29,WAGUSDT_2025-07-29_klines.csv,12.88,111.05,small,PUMP
gateio,WAGUSDT,2025-07-29,WAGUSDT_2025-07-29_klines_L2.csv,,,,ERROR
gateio,WAGUSDT,2025-07-29,WAGUSDT_2025-07-29_klines_market_ctx.csv,,,,ERROR
gateio,WAGUSDT,2025-07-29,WAGUSDT_2025-07-29_klines_trades.csv,,,,ERROR
gateio,WAIUSDT,2025-08-12,WAIUSDT_2025-08-12_klines.csv,259.9,49.77,extreme,PUMP
gateio,WAIUSDT,2025-08-12,WAIUSDT_2025-08-12_klines_L2.csv,,,,ERROR
gateio,WAIUSDT,2025-08-12,WAIUSDT_2025-08-12_klines_market_ctx.csv,,,,ERROR
gateio,WAIUSDT,2025-08-12,WAIUSDT_2025-08-12_klines_trades.csv,,,,ERROR
gateio,WALLETUSDT,2025-06-30,WALLETUSDT_2025-06-30_klines.csv,4.42,0.0,,VOLATILE_CONTROL
gateio,WALUSDT,2025-12-23,WALUSDT_2025-12-23_klines.csv,12.58,105.73,small,PUMP
gateio,WALUSDT,2025-12-23,WALUSDT_2025-12-23_klines_L2.csv,,,,ERROR
gateio,WALUSDT,2025-12-23,WALUSDT_2025-12-23_klines_market_ctx.csv,,,,ERROR
gateio,WALUSDT,2025-12-23,WALUSDT_2025-12-23_klines_trades.csv,,,,ERROR
gateio,WAMUSDT,2025-06-26,WAMUSDT_2025-06-26_klines.csv,9.02,104.9,micro,PUMP
gateio,WAMUSDT,2025-06-26,WAMUSDT_2025-06-26_klines_L2.csv,,,,ERROR
gateio,WAMUSDT,2025-06-26,WAMUSDT_2025-06-26_klines_market_ctx.csv,,,,ERROR
gateio,WAMUSDT,2025-06-26,WAMUSDT_2025-06-26_klines_trades.csv,,,,ERROR
gateio,WATUSDT,2025-06-15,WATUSDT_2025-06-15_klines.csv,53.12,139.86,extreme,PUMP
gateio,WATUSDT,2025-06-15,WATUSDT_2025-06-15_klines_L2.csv,,,,ERROR
gateio,WATUSDT,2025-06-15,WATUSDT_2025-06-15_klines_market_ctx.csv,,,,ERROR
gateio,WATUSDT,2025-06-15,WATUSDT_2025-06-15_klines_trades.csv,,,,ERROR
gateio,WAVESUSDT,2025-08-02,WAVESUSDT_2025-08-02_klines.csv,27.46,37.1,medium,PUMP
gateio,WAVESUSDT,2025-08-02,WAVESUSDT_2025-08-02_klines_L2.csv,,,,ERROR
gateio,WAVESUSDT,2025-08-02,WAVESUSDT_2025-08-02_klines_market_ctx.csv,,,,ERROR
gateio,WAVESUSDT,2025-08-02,WAVESUSDT_2025-08-02_klines_trades.csv,,,,ERROR
gateio,WAXLUSDT,2025-05-23,WAXLUSDT_2025-05-23_klines.csv,2.7,0.0,,VOLATILE_CONTROL
gateio,WAXPUSDT,2026-03-02,WAXPUSDT_2026-03-02_klines.csv,5.06,105.06,micro,PUMP
gateio,WAXPUSDT,2026-03-02,WAXPUSDT_2026-03-02_klines_L2.csv,,,,ERROR
gateio,WAXPUSDT,2026-03-02,WAXPUSDT_2026-03-02_klines_market_ctx.csv,,,,ERROR
gateio,WAXPUSDT,2026-03-02,WAXPUSDT_2026-03-02_klines_trades.csv,,,,ERROR
gateio,WBAIUSDT,2025-10-15,WBAIUSDT_2025-10-15_klines.csv,855.46,83.37,extreme,PUMP
gateio,WBAIUSDT,2025-10-15,WBAIUSDT_2025-10-15_klines_L2.csv,,,,ERROR
gateio,WBAIUSDT,2025-10-15,WBAIUSDT_2025-10-15_klines_market_ctx.csv,,,,ERROR
gateio,WBAIUSDT,2025-10-15,WBAIUSDT_2025-10-15_klines_trades.csv,,,,ERROR
gateio,WCTUSDT,2025-05-12,WCTUSDT_2025-05-12_klines.csv,38.17,102.5,large,PUMP
gateio,WCTUSDT,2025-05-12,WCTUSDT_2025-05-12_klines_L2.csv,,,,ERROR
gateio,WCTUSDT,2025-05-12,WCTUSDT_2025-05-12_klines_market_ctx.csv,,,,ERROR
gateio,WCTUSDT,2025-05-12,WCTUSDT_2025-05-12_klines_trades.csv,,,,ERROR
gateio,WCTUSDT,2025-05-15,WCTUSDT_2025-05-15_klines.csv,39.76,88.44,large,PUMP
gateio,WELL3USDT,2025-05-09,WELL3USDT_2025-05-09_klines.csv,59.65,39.0,extreme,PUMP
gateio,WELL3USDT,2025-05-09,WELL3USDT_2025-05-09_klines_L2.csv,,,,ERROR
gateio,WELL3USDT,2025-05-09,WELL3USDT_2025-05-09_klines_market_ctx.csv,,,,ERROR
gateio,WELL3USDT,2025-05-09,WELL3USDT_2025-05-09_klines_trades.csv,,,,ERROR
gateio,WELL3USDT,2025-05-15,WELL3USDT_2025-05-15_klines.csv,0.64,0.0,,VOLATILE_CONTROL
gateio,WEMIXUSDT,2025-05-31,WEMIXUSDT_2025-05-31_klines.csv,80.64,33.19,extreme,PUMP
gateio,WEMIXUSDT,2025-05-31,WEMIXUSDT_2025-05-31_klines_L2.csv,,,,ERROR
gateio,WEMIXUSDT,2025-05-31,WEMIXUSDT_2025-05-31_klines_market_ctx.csv,,,,ERROR
gateio,WEMIXUSDT,2025-05-31,WEMIXUSDT_2025-05-31_klines_trades.csv,,,,ERROR
gateio,WENUSDT,2025-05-09,WENUSDT_2025-05-09_klines.csv,94.37,60.96,extreme,PUMP
gateio,WENUSDT,2025-05-09,WENUSDT_2025-05-09_klines_L2.csv,,,,ERROR
gateio,WENUSDT,2025-05-09,WENUSDT_2025-05-09_klines_market_ctx.csv,,,,ERROR
gateio,WENUSDT,2025-05-09,WENUSDT_2025-05-09_klines_trades.csv,,,,ERROR
gateio,WESTUSDT,2025-05-10,WESTUSDT_2025-05-10_klines.csv,60.2,96.88,extreme,PUMP
gateio,WESTUSDT,2025-05-10,WESTUSDT_2025-05-10_klines_L2.csv,,,,ERROR
gateio,WESTUSDT,2025-05-10,WESTUSDT_2025-05-10_klines_market_ctx.csv,,,,ERROR
gateio,WESTUSDT,2025-05-10,WESTUSDT_2025-05-10_klines_trades.csv,,,,ERROR
gateio,WESTUSDT,2025-05-15,WESTUSDT_2025-05-15_klines.csv,50.54,124.44,extreme,PUMP
gateio,WETUSDT,2025-12-09,WETUSDT_2025-12-09_klines.csv,142.87,81.97,extreme,PUMP
gateio,WETUSDT,2025-12-09,WETUSDT_2025-12-09_klines_L2.csv,,,,ERROR
gateio,WETUSDT,2025-12-09,WETUSDT_2025-12-09_klines_market_ctx.csv,,,,ERROR
gateio,WETUSDT,2025-12-09,WETUSDT_2025-12-09_klines_trades.csv,,,,ERROR
gateio,WHYPADUSDT,2026-01-28,WHYPADUSDT_2026-01-28_klines.csv,9.19,847.47,micro,PUMP
gateio,WHYPADUSDT,2026-01-28,WHYPADUSDT_2026-01-28_klines_L2.csv,,,,ERROR
gateio,WHYPADUSDT,2026-01-28,WHYPADUSDT_2026-01-28_klines_market_ctx.csv,,,,ERROR
gateio,WHYPADUSDT,2026-01-28,WHYPADUSDT_2026-01-28_klines_trades.csv,,,,ERROR
gateio,WHYUSDT,2025-07-05,WHYUSDT_2025-07-05_klines.csv,42.34,77.4,major,PUMP
gateio,WHYUSDT,2025-07-05,WHYUSDT_2025-07-05_klines_L2.csv,,,,ERROR
gateio,WHYUSDT,2025-07-05,WHYUSDT_2025-07-05_klines_market_ctx.csv,,,,ERROR
gateio,WHYUSDT,2025-07-05,WHYUSDT_2025-07-05_klines_trades.csv,,,,ERROR
gateio,WIF3LUSDT,2025-05-09,WIF3LUSDT_2025-05-09_klines.csv,391.47,74.11,extreme,PUMP
gateio,WIF3LUSDT,2025-05-09,WIF3LUSDT_2025-05-09_klines_L2.csv,,,,ERROR
gateio,WIF3LUSDT,2025-05-09,WIF3LUSDT_2025-05-09_klines_market_ctx.csv,,,,ERROR
gateio,WIF3LUSDT,2025-05-09,WIF3LUSDT_2025-05-09_klines_trades.csv,,,,ERROR
gateio,WIF3LUSDT,2025-05-16,WIF3LUSDT_2025-05-16_klines.csv,113.54,85.18,extreme,PUMP
gateio,WIF3SUSDT,2025-05-14,WIF3SUSDT_2025-05-14_klines.csv,67.99,148.32,extreme,PUMP
gateio,WIF3SUSDT,2025-05-14,WIF3SUSDT_2025-05-14_klines_L2.csv,,,,ERROR
gateio,WIF3SUSDT,2025-05-14,WIF3SUSDT_2025-05-14_klines_market_ctx.csv,,,,ERROR
gateio,WIF3SUSDT,2025-05-14,WIF3SUSDT_2025-05-14_klines_trades.csv,,,,ERROR
gateio,WIF3SUSDT,2025-05-15,WIF3SUSDT_2025-05-15_klines.csv,63.52,197.56,extreme,PUMP
gateio,WIF5LUSDT,2025-05-16,WIF5LUSDT_2025-05-16_klines.csv,111.12,113.48,extreme,PUMP
gateio,WIF5LUSDT,2025-05-16,WIF5LUSDT_2025-05-16_klines_L2.csv,,,,ERROR
gateio,WIF5LUSDT,2025-05-16,WIF5LUSDT_2025-05-16_klines_market_ctx.csv,,,,ERROR
gateio,WIF5LUSDT,2025-05-16,WIF5LUSDT_2025-05-16_klines_trades.csv,,,,ERROR
gateio,WIF5SUSDT,2025-05-13,WIF5SUSDT_2025-05-13_klines.csv,56.52,183.19,extreme,PUMP
gateio,WIF5SUSDT,2025-05-13,WIF5SUSDT_2025-05-13_klines_L2.csv,,,,ERROR
gateio,WIF5SUSDT,2025-05-13,WIF5SUSDT_2025-05-13_klines_market_ctx.csv,,,,ERROR
gateio,WIF5SUSDT,2025-05-13,WIF5SUSDT_2025-05-13_klines_trades.csv,,,,ERROR
gateio,WIF5SUSDT,2025-05-15,WIF5SUSDT_2025-05-15_klines.csv,118.52,172.96,extreme,PUMP
gateio,WIFUSDT,2025-05-09,WIFUSDT_2025-05-09_klines.csv,91.03,58.67,extreme,PUMP
gateio,WIFUSDT,2025-05-09,WIFUSDT_2025-05-09_klines_L2.csv,,,,ERROR
gateio,WIFUSDT,2025-05-09,WIFUSDT_2025-05-09_klines_market_ctx.csv,,,,ERROR
gateio,WIFUSDT,2025-05-09,WIFUSDT_2025-05-09_klines_trades.csv,,,,ERROR
gateio,WIFUSDT,2025-06-23,WIFUSDT_2025-06-23_klines.csv,31.53,35.36,large,PUMP
gateio,WINGUSDT,2025-05-15,WINGUSDT_2025-05-15_klines.csv,17.65,238.2,small,PUMP
gateio,WINGUSDT,2025-05-15,WINGUSDT_2025-05-15_klines_L2.csv,,,,ERROR
gateio,WINGUSDT,2025-05-15,WINGUSDT_2025-05-15_klines_market_ctx.csv,,,,ERROR
gateio,WINGUSDT,2025-05-15,WINGUSDT_2025-05-15_klines_trades.csv,,,,ERROR
gateio,WINUSDT,2025-11-19,WINUSDT_2025-11-19_klines.csv,4.03,0.0,,VOLATILE_CONTROL
gateio,WKCUSDT,2025-06-25,WKCUSDT_2025-06-25_klines.csv,8.37,250.21,micro,PUMP
gateio,WKCUSDT,2025-06-25,WKCUSDT_2025-06-25_klines_L2.csv,,,,ERROR
gateio,WKCUSDT,2025-06-25,WKCUSDT_2025-06-25_klines_market_ctx.csv,,,,ERROR
gateio,WKCUSDT,2025-06-25,WKCUSDT_2025-06-25_klines_trades.csv,,,,ERROR
gateio,WLD3LUSDT,2026-04-29,WLD3LUSDT_2026-04-29_klines.csv,6.44,196.67,micro,PUMP
gateio,WLD5LUSDT,2025-05-13,WLD5LUSDT_2025-05-13_klines.csv,29.63,349.43,medium,PUMP
gateio,WLD5LUSDT,2025-05-13,WLD5LUSDT_2025-05-13_klines_L2.csv,,,,ERROR
gateio,WLD5LUSDT,2025-05-13,WLD5LUSDT_2025-05-13_klines_market_ctx.csv,,,,ERROR
gateio,WLD5LUSDT,2025-05-13,WLD5LUSDT_2025-05-13_klines_trades.csv,,,,ERROR
gateio,WLD5LUSDT,2025-05-15,WLD5LUSDT_2025-05-15_klines.csv,68.91,81.29,extreme,PUMP
gateio,WLD5SUSDT,2025-05-13,WLD5SUSDT_2025-05-13_klines.csv,120.07,86.69,extreme,PUMP
gateio,WLD5SUSDT,2025-05-13,WLD5SUSDT_2025-05-13_klines_L2.csv,,,,ERROR
gateio,WLD5SUSDT,2025-05-13,WLD5SUSDT_2025-05-13_klines_market_ctx.csv,,,,ERROR
gateio,WLD5SUSDT,2025-05-13,WLD5SUSDT_2025-05-13_klines_trades.csv,,,,ERROR
gateio,WLD5SUSDT,2025-05-15,WLD5SUSDT_2025-05-15_klines.csv,92.86,192.97,extreme,PUMP
gateio,WLDUSDT,2025-05-09,WLDUSDT_2025-05-09_klines.csv,27.98,97.45,medium,PUMP
gateio,WLDUSDT,2025-05-09,WLDUSDT_2025-05-09_klines_L2.csv,,,,ERROR
gateio,WLDUSDT,2025-05-09,WLDUSDT_2025-05-09_klines_market_ctx.csv,,,,ERROR
gateio,WLDUSDT,2025-05-09,WLDUSDT_2025-05-09_klines_trades.csv,,,,ERROR
gateio,WLDUSDT,2025-05-18,WLDUSDT_2025-05-18_klines.csv,53.55,55.59,extreme,PUMP
gateio,WLFI3LUSDT,2025-09-05,WLFI3LUSDT_2025-09-05_klines.csv,105.89,104.44,extreme,PUMP
gateio,WLFI3LUSDT,2025-09-05,WLFI3LUSDT_2025-09-05_klines_L2.csv,,,,ERROR
gateio,WLFI3LUSDT,2025-09-05,WLFI3LUSDT_2025-09-05_klines_market_ctx.csv,,,,ERROR
gateio,WLFI3LUSDT,2025-09-05,WLFI3LUSDT_2025-09-05_klines_trades.csv,,,,ERROR
gateio,WLFI3SUSDT,2025-09-02,WLFI3SUSDT_2025-09-02_klines.csv,155.43,123.91,extreme,PUMP
gateio,WLFI3SUSDT,2025-09-02,WLFI3SUSDT_2025-09-02_klines_L2.csv,,,,ERROR
gateio,WLFI3SUSDT,2025-09-02,WLFI3SUSDT_2025-09-02_klines_market_ctx.csv,,,,ERROR
gateio,WLFI3SUSDT,2025-09-02,WLFI3SUSDT_2025-09-02_klines_trades.csv,,,,ERROR
gateio,WLFIUSDT,2025-09-01,WLFIUSDT_2025-09-01_klines.csv,292.86,113.89,extreme,PUMP
gateio,WLFIUSDT,2025-09-01,WLFIUSDT_2025-09-01_klines_L2.csv,,,,ERROR
gateio,WLFIUSDT,2025-09-01,WLFIUSDT_2025-09-01_klines_market_ctx.csv,,,,ERROR
gateio,WLFIUSDT,2025-09-01,WLFIUSDT_2025-09-01_klines_trades.csv,,,,ERROR
gateio,WLUSDT,2026-04-02,WLUSDT_2026-04-02_klines.csv,53.16,131.08,extreme,PUMP
gateio,WLUSDT,2026-04-02,WLUSDT_2026-04-02_klines_L2.csv,,,,ERROR
gateio,WLUSDT,2026-04-02,WLUSDT_2026-04-02_klines_market_ctx.csv,,,,ERROR
gateio,WLUSDT,2026-04-02,WLUSDT_2026-04-02_klines_trades.csv,,,,ERROR
gateio,WMTXUSDT,2025-08-22,WMTXUSDT_2025-08-22_klines.csv,6.98,170.21,micro,PUMP
gateio,WMTXUSDT,2025-08-22,WMTXUSDT_2025-08-22_klines_L2.csv,,,,ERROR
gateio,WMTXUSDT,2025-08-22,WMTXUSDT_2025-08-22_klines_market_ctx.csv,,,,ERROR
gateio,WMTXUSDT,2025-08-22,WMTXUSDT_2025-08-22_klines_trades.csv,,,,ERROR
gateio,WNCGBTC,2025-05-09,WNCGBTC_2025-05-09_klines.csv,96.44,81.05,extreme,PUMP
gateio,WNCGBTC,2025-05-09,WNCGBTC_2025-05-09_klines_L2.csv,,,,ERROR
gateio,WNCGBTC,2025-05-09,WNCGBTC_2025-05-09_klines_market_ctx.csv,,,,ERROR
gateio,WNCGBTC,2025-05-09,WNCGBTC_2025-05-09_klines_trades.csv,,,,ERROR
gateio,WNCGBTC,2025-05-25,WNCGBTC_2025-05-25_klines.csv,13.31,188.85,small,PUMP
gateio,WNCGUSDT,2025-05-09,WNCGUSDT_2025-05-09_klines.csv,105.62,84.14,extreme,PUMP
gateio,WNCGUSDT,2025-05-09,WNCGUSDT_2025-05-09_klines_L2.csv,,,,ERROR
gateio,WNCGUSDT,2025-05-09,WNCGUSDT_2025-05-09_klines_market_ctx.csv,,,,ERROR
gateio,WNCGUSDT,2025-05-09,WNCGUSDT_2025-05-09_klines_trades.csv,,,,ERROR
gateio,WNCGUSDT,2025-05-25,WNCGUSDT_2025-05-25_klines.csv,11.11,226.91,small,PUMP
gateio,WNXMUSDT,2025-07-03,WNXMUSDT_2025-07-03_klines.csv,12.0,21.9,,VOLATILE_CONTROL
gateio,WOJAKUSDT,2026-02-06,WOJAKUSDT_2026-02-06_klines.csv,52.45,136.26,extreme,PUMP
gateio,WOJAKUSDT,2026-02-06,WOJAKUSDT_2026-02-06_klines_L2.csv,,,,ERROR
gateio,WOJAKUSDT,2026-02-06,WOJAKUSDT_2026-02-06_klines_market_ctx.csv,,,,ERROR
gateio,WOJAKUSDT,2026-02-06,WOJAKUSDT_2026-02-06_klines_trades.csv,,,,ERROR
gateio,WOLFUSDT,2025-05-31,WOLFUSDT_2025-05-31_klines.csv,16.67,146.59,small,PUMP
gateio,WOLFUSDT,2025-05-31,WOLFUSDT_2025-05-31_klines_L2.csv,,,,ERROR
gateio,WOLFUSDT,2025-05-31,WOLFUSDT_2025-05-31_klines_market_ctx.csv,,,,ERROR
gateio,WOLFUSDT,2025-05-31,WOLFUSDT_2025-05-31_klines_trades.csv,,,,ERROR
gateio,WRTUSDT,2025-08-01,WRTUSDT_2025-08-01_klines.csv,4.66,0.0,,VOLATILE_CONTROL
gateio,WRXUSDT,2025-07-01,WRXUSDT_2025-07-01_klines.csv,16.14,137.39,small,PUMP
gateio,WRXUSDT,2025-07-01,WRXUSDT_2025-07-01_klines_L2.csv,,,,ERROR
gateio,WRXUSDT,2025-07-01,WRXUSDT_2025-07-01_klines_market_ctx.csv,,,,ERROR
gateio,WRXUSDT,2025-07-01,WRXUSDT_2025-07-01_klines_trades.csv,,,,ERROR
gateio,WSBUSDT,2025-06-13,WSBUSDT_2025-06-13_klines.csv,19.86,142.87,small,PUMP
gateio,WSBUSDT,2025-06-13,WSBUSDT_2025-06-13_klines_L2.csv,,,,ERROR
gateio,WSBUSDT,2025-06-13,WSBUSDT_2025-06-13_klines_market_ctx.csv,,,,ERROR
gateio,WSBUSDT,2025-06-13,WSBUSDT_2025-06-13_klines_trades.csv,,,,ERROR
gateio,WSDMUSDT,2025-09-27,WSDMUSDT_2025-09-27_klines.csv,40.85,104.41,major,PUMP
gateio,WSDMUSDT,2025-09-27,WSDMUSDT_2025-09-27_klines_L2.csv,,,,ERROR
gateio,WSDMUSDT,2025-09-27,WSDMUSDT_2025-09-27_klines_market_ctx.csv,,,,ERROR
gateio,WSDMUSDT,2025-09-27,WSDMUSDT_2025-09-27_klines_trades.csv,,,,ERROR
gateio,WUSDUSDT,2025-08-28,WUSDUSDT_2025-08-28_klines.csv,0.12,0.0,,VOLATILE_CONTROL
gateio,WXMUSDT,2025-06-23,WXMUSDT_2025-06-23_klines.csv,51.75,82.1,extreme,PUMP
gateio,WXMUSDT,2025-06-23,WXMUSDT_2025-06-23_klines_L2.csv,,,,ERROR
gateio,WXMUSDT,2025-06-23,WXMUSDT_2025-06-23_klines_market_ctx.csv,,,,ERROR
gateio,WXMUSDT,2025-06-23,WXMUSDT_2025-06-23_klines_trades.csv,,,,ERROR
gateio,WXTMUSDT,2025-07-31,WXTMUSDT_2025-07-31_klines.csv,61.99,125.2,extreme,PUMP
gateio,WXTMUSDT,2025-07-31,WXTMUSDT_2025-07-31_klines_L2.csv,,,,ERROR
gateio,WXTMUSDT,2025-07-31,WXTMUSDT_2025-07-31_klines_market_ctx.csv,,,,ERROR
gateio,WXTMUSDT,2025-07-31,WXTMUSDT_2025-07-31_klines_trades.csv,,,,ERROR
gateio,WXTUSDT,2025-05-27,WXTUSDT_2025-05-27_klines.csv,46.21,89.3,major,PUMP
gateio,WXTUSDT,2025-05-27,WXTUSDT_2025-05-27_klines_L2.csv,,,,ERROR
gateio,WXTUSDT,2025-05-27,WXTUSDT_2025-05-27_klines_market_ctx.csv,,,,ERROR
gateio,WXTUSDT,2025-05-27,WXTUSDT_2025-05-27_klines_trades.csv,,,,ERROR
gateio,WZRDUSDT,2026-02-04,WZRDUSDT_2026-02-04_klines.csv,0.08,0.0,,VOLATILE_CONTROL
gateio,XAG3LUSDT,2026-01-20,XAG3LUSDT_2026-01-20_klines.csv,87.58,69.43,extreme,PUMP
gateio,XAG3LUSDT,2026-01-20,XAG3LUSDT_2026-01-20_klines_L2.csv,,,,ERROR
gateio,XAG3LUSDT,2026-01-20,XAG3LUSDT_2026-01-20_klines_market_ctx.csv,,,,ERROR
gateio,XAG3LUSDT,2026-01-20,XAG3LUSDT_2026-01-20_klines_trades.csv,,,,ERROR
gateio,XAG3SUSDT,2026-01-23,XAG3SUSDT_2026-01-23_klines.csv,39.87,115.18,large,PUMP
gateio,XAG3SUSDT,2026-01-23,XAG3SUSDT_2026-01-23_klines_L2.csv,,,,ERROR
gateio,XAG3SUSDT,2026-01-23,XAG3SUSDT_2026-01-23_klines_market_ctx.csv,,,,ERROR
gateio,XAG3SUSDT,2026-01-23,XAG3SUSDT_2026-01-23_klines_trades.csv,,,,ERROR
gateio,XAG5SUSDT,2026-03-09,XAG5SUSDT_2026-03-09_klines.csv,5.14,759.24,micro,PUMP
gateio,XAG5SUSDT,2026-03-09,XAG5SUSDT_2026-03-09_klines_L2.csv,,,,ERROR
gateio,XAG5SUSDT,2026-03-09,XAG5SUSDT_2026-03-09_klines_market_ctx.csv,,,,ERROR
gateio,XAG5SUSDT,2026-03-09,XAG5SUSDT_2026-03-09_klines_trades.csv,,,,ERROR
gateio,XAIUSDT,2025-05-09,XAIUSDT_2025-05-09_klines.csv,84.92,69.94,extreme,PUMP
gateio,XAIUSDT,2025-05-09,XAIUSDT_2025-05-09_klines_L2.csv,,,,ERROR
gateio,XAIUSDT,2025-05-09,XAIUSDT_2025-05-09_klines_market_ctx.csv,,,,ERROR
gateio,XAIUSDT,2025-05-09,XAIUSDT_2025-05-09_klines_trades.csv,,,,ERROR
gateio,XAIUSDT,2025-06-23,XAIUSDT_2025-06-23_klines.csv,21.56,56.91,medium,PUMP
gateio,XANUSDT,2025-09-29,XANUSDT_2025-09-29_klines.csv,204.72,101.8,extreme,PUMP
gateio,XANUSDT,2025-09-29,XANUSDT_2025-09-29_klines_L2.csv,,,,ERROR
gateio,XANUSDT,2025-09-29,XANUSDT_2025-09-29_klines_market_ctx.csv,,,,ERROR
gateio,XANUSDT,2025-09-29,XANUSDT_2025-09-29_klines_trades.csv,,,,ERROR
gateio,XARUSDT,2025-06-13,XARUSDT_2025-06-13_klines.csv,0.06,0.0,,VOLATILE_CONTROL
gateio,XAU3LUSDT,2026-01-20,XAU3LUSDT_2026-01-20_klines.csv,39.3,0.0,,VOLATILE_CONTROL
gateio,XAU3SUSDT,2026-01-29,XAU3SUSDT_2026-01-29_klines.csv,81.23,77.35,extreme,PUMP
gateio,XAU3SUSDT,2026-01-29,XAU3SUSDT_2026-01-29_klines_L2.csv,,,,ERROR
gateio,XAU3SUSDT,2026-01-29,XAU3SUSDT_2026-01-29_klines_market_ctx.csv,,,,ERROR
gateio,XAU3SUSDT,2026-01-29,XAU3SUSDT_2026-01-29_klines_trades.csv,,,,ERROR
gateio,XAU5SUSDT,2026-03-09,XAU5SUSDT_2026-03-09_klines.csv,2.88,0.0,,VOLATILE_CONTROL
gateio,XAUT3LUSDT,2026-01-10,XAUT3LUSDT_2026-01-10_klines.csv,8.66,49.42,micro,PUMP
gateio,XAUT3LUSDT,2026-01-10,XAUT3LUSDT_2026-01-10_klines_L2.csv,,,,ERROR
gateio,XAUT3LUSDT,2026-01-10,XAUT3LUSDT_2026-01-10_klines_market_ctx.csv,,,,ERROR
gateio,XAUT3LUSDT,2026-01-10,XAUT3LUSDT_2026-01-10_klines_trades.csv,,,,ERROR
gateio,XAUT3SUSDT,2026-01-28,XAUT3SUSDT_2026-01-28_klines.csv,50.5,104.6,extreme,PUMP
gateio,XCHUSDT,2025-10-31,XCHUSDT_2025-10-31_klines.csv,39.19,42.3,large,PUMP
gateio,XCHUSDT,2025-10-31,XCHUSDT_2025-10-31_klines_L2.csv,,,,ERROR
gateio,XCHUSDT,2025-10-31,XCHUSDT_2025-10-31_klines_market_ctx.csv,,,,ERROR
gateio,XCHUSDT,2025-10-31,XCHUSDT_2025-10-31_klines_trades.csv,,,,ERROR
gateio,XCNUSDT,2025-07-08,XCNUSDT_2025-07-08_klines.csv,50.15,36.46,extreme,PUMP
gateio,XCNUSDT,2025-07-08,XCNUSDT_2025-07-08_klines_L2.csv,,,,ERROR
gateio,XCNUSDT,2025-07-08,XCNUSDT_2025-07-08_klines_market_ctx.csv,,,,ERROR
gateio,XCNUSDT,2025-07-08,XCNUSDT_2025-07-08_klines_trades.csv,,,,ERROR
gateio,XCVUSDT,2025-05-22,XCVUSDT_2025-05-22_klines.csv,4.87,0.0,,VOLATILE_CONTROL
gateio,XCXUSDT,2025-08-29,XCXUSDT_2025-08-29_klines.csv,11.65,276.15,small,PUMP
gateio,XCXUSDT,2025-08-29,XCXUSDT_2025-08-29_klines_L2.csv,,,,ERROR
gateio,XCXUSDT,2025-08-29,XCXUSDT_2025-08-29_klines_market_ctx.csv,,,,ERROR
gateio,XCXUSDT,2025-08-29,XCXUSDT_2025-08-29_klines_trades.csv,,,,ERROR
gateio,XDBUSDT,2025-05-09,XDBUSDT_2025-05-09_klines.csv,56.03,93.48,extreme,PUMP
gateio,XDBUSDT,2025-05-09,XDBUSDT_2025-05-09_klines_L2.csv,,,,ERROR
gateio,XDBUSDT,2025-05-09,XDBUSDT_2025-05-09_klines_market_ctx.csv,,,,ERROR
gateio,XDBUSDT,2025-05-09,XDBUSDT_2025-05-09_klines_trades.csv,,,,ERROR
gateio,XECUSDT,2026-04-22,XECUSDT_2026-04-22_klines.csv,2.94,0.0,,VOLATILE_CONTROL
gateio,XELSUSDT,2025-06-14,XELSUSDT_2025-06-14_klines.csv,1.5,0.0,,VOLATILE_CONTROL
gateio,XEMUSDT,2025-06-14,XEMUSDT_2025-06-14_klines.csv,53.48,128.01,extreme,PUMP
gateio,XEMUSDT,2025-06-14,XEMUSDT_2025-06-14_klines_L2.csv,,,,ERROR
gateio,XEMUSDT,2025-06-14,XEMUSDT_2025-06-14_klines_market_ctx.csv,,,,ERROR
gateio,XEMUSDT,2025-06-14,XEMUSDT_2025-06-14_klines_trades.csv,,,,ERROR
gateio,XENUSDT,2025-06-30,XENUSDT_2025-06-30_klines.csv,0.33,0.0,,VOLATILE_CONTROL
gateio,XFIUSDT,2025-09-13,XFIUSDT_2025-09-13_klines.csv,22.85,47.48,medium,PUMP
gateio,XFIUSDT,2025-09-13,XFIUSDT_2025-09-13_klines_L2.csv,,,,ERROR
gateio,XFIUSDT,2025-09-13,XFIUSDT_2025-09-13_klines_market_ctx.csv,,,,ERROR
gateio,XFIUSDT,2025-09-13,XFIUSDT_2025-09-13_klines_trades.csv,,,,ERROR
gateio,XGNUSDT,2025-05-09,XGNUSDT_2025-05-09_klines.csv,24.06,142.02,medium,PUMP
gateio,XGNUSDT,2025-05-09,XGNUSDT_2025-05-09_klines_L2.csv,,,,ERROR
gateio,XGNUSDT,2025-05-09,XGNUSDT_2025-05-09_klines_market_ctx.csv,,,,ERROR
gateio,XGNUSDT,2025-05-09,XGNUSDT_2025-05-09_klines_trades.csv,,,,ERROR
gateio,XGNUSDT,2025-05-15,XGNUSDT_2025-05-15_klines.csv,25.21,109.18,medium,PUMP
gateio,XIONUSDT,2025-05-24,XIONUSDT_2025-05-24_klines.csv,10.18,136.37,small,PUMP
gateio,XIONUSDT,2025-05-24,XIONUSDT_2025-05-24_klines_L2.csv,,,,ERROR
gateio,XIONUSDT,2025-05-24,XIONUSDT_2025-05-24_klines_market_ctx.csv,,,,ERROR
gateio,XIONUSDT,2025-05-24,XIONUSDT_2025-05-24_klines_trades.csv,,,,ERROR
gateio,XL1USDT,2025-09-16,XL1USDT_2025-09-16_klines.csv,253.44,99.87,extreme,PUMP
gateio,XL1USDT,2025-09-16,XL1USDT_2025-09-16_klines_L2.csv,,,,ERROR
gateio,XL1USDT,2025-09-16,XL1USDT_2025-09-16_klines_market_ctx.csv,,,,ERROR
gateio,XL1USDT,2025-09-16,XL1USDT_2025-09-16_klines_trades.csv,,,,ERROR
gateio,XLABUSDT,2025-09-03,XLABUSDT_2025-09-03_klines.csv,105.93,118.57,extreme,PUMP
gateio,XLABUSDT,2025-09-03,XLABUSDT_2025-09-03_klines_L2.csv,,,,ERROR
gateio,XLABUSDT,2025-09-03,XLABUSDT_2025-09-03_klines_market_ctx.csv,,,,ERROR
gateio,XLABUSDT,2025-09-03,XLABUSDT_2025-09-03_klines_trades.csv,,,,ERROR
gateio,XLM3LUSDT,2025-06-26,XLM3LUSDT_2025-06-26_klines.csv,5.99,190.27,micro,PUMP
gateio,XLM3LUSDT,2025-06-26,XLM3LUSDT_2025-06-26_klines_L2.csv,,,,ERROR
gateio,XLM3LUSDT,2025-06-26,XLM3LUSDT_2025-06-26_klines_market_ctx.csv,,,,ERROR
gateio,XLM3LUSDT,2025-06-26,XLM3LUSDT_2025-06-26_klines_trades.csv,,,,ERROR
gateio,XLM3SUSDT,2025-05-23,XLM3SUSDT_2025-05-23_klines.csv,55.21,10.93,,VOLATILE_CONTROL
gateio,XNAUSDT,2025-05-09,XNAUSDT_2025-05-09_klines.csv,52.1,83.92,extreme,PUMP
gateio,XNAUSDT,2025-05-09,XNAUSDT_2025-05-09_klines_L2.csv,,,,ERROR
gateio,XNAUSDT,2025-05-09,XNAUSDT_2025-05-09_klines_market_ctx.csv,,,,ERROR
gateio,XNAUSDT,2025-05-09,XNAUSDT_2025-05-09_klines_trades.csv,,,,ERROR
gateio,XNAUSDT,2025-08-19,XNAUSDT_2025-08-19_klines.csv,11.81,256.99,small,PUMP
gateio,XNI3LUSDT,2026-04-11,XNI3LUSDT_2026-04-11_klines.csv,0.28,0.0,,VOLATILE_CONTROL
gateio,XNLUSDT,2025-10-31,XNLUSDT_2025-10-31_klines.csv,56.29,161.4,extreme,PUMP
gateio,XNLUSDT,2025-10-31,XNLUSDT_2025-10-31_klines_L2.csv,,,,ERROR
gateio,XNLUSDT,2025-10-31,XNLUSDT_2025-10-31_klines_market_ctx.csv,,,,ERROR
gateio,XNLUSDT,2025-10-31,XNLUSDT_2025-10-31_klines_trades.csv,,,,ERROR
gateio,XNYUSDT,2025-07-26,XNYUSDT_2025-07-26_klines.csv,15.15,307.6,small,PUMP
gateio,XNYUSDT,2025-07-26,XNYUSDT_2025-07-26_klines_L2.csv,,,,ERROR
gateio,XNYUSDT,2025-07-26,XNYUSDT_2025-07-26_klines_market_ctx.csv,,,,ERROR
gateio,XNYUSDT,2025-07-26,XNYUSDT_2025-07-26_klines_trades.csv,,,,ERROR
gateio,XPD3LUSDT,2026-03-27,XPD3LUSDT_2026-03-27_klines.csv,6.16,165.91,micro,PUMP
gateio,XPD3LUSDT,2026-03-27,XPD3LUSDT_2026-03-27_klines_L2.csv,,,,ERROR
gateio,XPD3LUSDT,2026-03-27,XPD3LUSDT_2026-03-27_klines_market_ctx.csv,,,,ERROR
gateio,XPD3LUSDT,2026-03-27,XPD3LUSDT_2026-03-27_klines_trades.csv,,,,ERROR
gateio,XPD3SUSDT,2026-01-29,XPD3SUSDT_2026-01-29_klines.csv,123.22,75.3,extreme,PUMP
gateio,XPD3SUSDT,2026-01-29,XPD3SUSDT_2026-01-29_klines_L2.csv,,,,ERROR
gateio,XPD3SUSDT,2026-01-29,XPD3SUSDT_2026-01-29_klines_market_ctx.csv,,,,ERROR
gateio,XPD3SUSDT,2026-01-29,XPD3SUSDT_2026-01-29_klines_trades.csv,,,,ERROR
gateio,XPIN3LUSDT,2025-10-24,XPIN3LUSDT_2025-10-24_klines.csv,73.94,167.63,extreme,PUMP
gateio,XPIN3LUSDT,2025-10-24,XPIN3LUSDT_2025-10-24_klines_L2.csv,,,,ERROR
gateio,XPIN3LUSDT,2025-10-24,XPIN3LUSDT_2025-10-24_klines_market_ctx.csv,,,,ERROR
gateio,XPIN3LUSDT,2025-10-24,XPIN3LUSDT_2025-10-24_klines_trades.csv,,,,ERROR
gateio,XPIN3SUSDT,2025-10-24,XPIN3SUSDT_2025-10-24_klines.csv,146.92,109.5,extreme,PUMP
gateio,XPIN3SUSDT,2025-10-24,XPIN3SUSDT_2025-10-24_klines_L2.csv,,,,ERROR
gateio,XPIN3SUSDT,2025-10-24,XPIN3SUSDT_2025-10-24_klines_market_ctx.csv,,,,ERROR
gateio,XPIN3SUSDT,2025-10-24,XPIN3SUSDT_2025-10-24_klines_trades.csv,,,,ERROR
gateio,XPINUSDT,2025-08-23,XPINUSDT_2025-08-23_klines.csv,55.32,99.7,extreme,PUMP
gateio,XPINUSDT,2025-08-23,XPINUSDT_2025-08-23_klines_L2.csv,,,,ERROR
gateio,XPINUSDT,2025-08-23,XPINUSDT_2025-08-23_klines_market_ctx.csv,,,,ERROR
gateio,XPINUSDT,2025-08-23,XPINUSDT_2025-08-23_klines_trades.csv,,,,ERROR
gateio,XPL3LUSDT,2026-01-16,XPL3LUSDT_2026-01-16_klines.csv,57.89,180.43,extreme,PUMP
gateio,XPL3LUSDT,2026-01-16,XPL3LUSDT_2026-01-16_klines_L2.csv,,,,ERROR
gateio,XPL3LUSDT,2026-01-16,XPL3LUSDT_2026-01-16_klines_market_ctx.csv,,,,ERROR
gateio,XPL3LUSDT,2026-01-16,XPL3LUSDT_2026-01-16_klines_trades.csv,,,,ERROR
gateio,XPL3SUSDT,2026-01-07,XPL3SUSDT_2026-01-07_klines.csv,73.57,66.63,extreme,PUMP
gateio,XPL3SUSDT,2026-01-07,XPL3SUSDT_2026-01-07_klines_L2.csv,,,,ERROR
gateio,XPL3SUSDT,2026-01-07,XPL3SUSDT_2026-01-07_klines_market_ctx.csv,,,,ERROR
gateio,XPL3SUSDT,2026-01-07,XPL3SUSDT_2026-01-07_klines_trades.csv,,,,ERROR
gateio,XPLAUSDT,2025-05-23,XPLAUSDT_2025-05-23_klines.csv,35.59,120.5,large,PUMP
gateio,XPLAUSDT,2025-05-23,XPLAUSDT_2025-05-23_klines_L2.csv,,,,ERROR
gateio,XPLAUSDT,2025-05-23,XPLAUSDT_2025-05-23_klines_market_ctx.csv,,,,ERROR
gateio,XPLAUSDT,2025-05-23,XPLAUSDT_2025-05-23_klines_trades.csv,,,,ERROR
gateio,XPLUSDT,2025-09-25,XPLUSDT_2025-09-25_klines.csv,2156.0,51.15,extreme,PUMP
gateio,XPLUSDT,2025-09-25,XPLUSDT_2025-09-25_klines_L2.csv,,,,ERROR
gateio,XPLUSDT,2025-09-25,XPLUSDT_2025-09-25_klines_market_ctx.csv,,,,ERROR
gateio,XPLUSDT,2025-09-25,XPLUSDT_2025-09-25_klines_trades.csv,,,,ERROR
gateio,XPOWERUSDT,2025-07-08,XPOWERUSDT_2025-07-08_klines.csv,56.01,114.99,extreme,PUMP
gateio,XPOWERUSDT,2025-07-08,XPOWERUSDT_2025-07-08_klines_L2.csv,,,,ERROR
gateio,XPOWERUSDT,2025-07-08,XPOWERUSDT_2025-07-08_klines_market_ctx.csv,,,,ERROR
gateio,XPOWERUSDT,2025-07-08,XPOWERUSDT_2025-07-08_klines_trades.csv,,,,ERROR
gateio,XPRTUSDT,2025-07-07,XPRTUSDT_2025-07-07_klines.csv,21.46,156.07,medium,PUMP
gateio,XPRTUSDT,2025-07-07,XPRTUSDT_2025-07-07_klines_L2.csv,,,,ERROR
gateio,XPRTUSDT,2025-07-07,XPRTUSDT_2025-07-07_klines_market_ctx.csv,,,,ERROR
gateio,XPRTUSDT,2025-07-07,XPRTUSDT_2025-07-07_klines_trades.csv,,,,ERROR
gateio,XPRUSDT,2025-06-24,XPRUSDT_2025-06-24_klines.csv,1.62,0.0,,VOLATILE_CONTROL
gateio,XPT3LUSDT,2026-02-13,XPT3LUSDT_2026-02-13_klines.csv,12.97,40.93,small,PUMP
gateio,XPT3LUSDT,2026-02-13,XPT3LUSDT_2026-02-13_klines_L2.csv,,,,ERROR
gateio,XPT3LUSDT,2026-02-13,XPT3LUSDT_2026-02-13_klines_market_ctx.csv,,,,ERROR
gateio,XPT3LUSDT,2026-02-13,XPT3LUSDT_2026-02-13_klines_trades.csv,,,,ERROR
gateio,XPT3SUSDT,2026-01-29,XPT3SUSDT_2026-01-29_klines.csv,150.52,36.58,extreme,PUMP
gateio,XPT3SUSDT,2026-01-29,XPT3SUSDT_2026-01-29_klines_L2.csv,,,,ERROR
gateio,XPT3SUSDT,2026-01-29,XPT3SUSDT_2026-01-29_klines_market_ctx.csv,,,,ERROR
gateio,XPT3SUSDT,2026-01-29,XPT3SUSDT_2026-01-29_klines_trades.csv,,,,ERROR
gateio,XRDUSDT,2025-06-29,XRDUSDT_2025-06-29_klines.csv,1.77,0.0,,VOLATILE_CONTROL
gateio,XREATORSUSDT,2025-06-14,XREATORSUSDT_2025-06-14_klines.csv,38.4,131.37,large,PUMP
gateio,XREATORSUSDT,2025-06-14,XREATORSUSDT_2025-06-14_klines_L2.csv,,,,ERROR
gateio,XREATORSUSDT,2025-06-14,XREATORSUSDT_2025-06-14_klines_market_ctx.csv,,,,ERROR
gateio,XREATORSUSDT,2025-06-14,XREATORSUSDT_2025-06-14_klines_trades.csv,,,,ERROR
gateio,XRP3SUSDT,2025-05-13,XRP3SUSDT_2025-05-13_klines.csv,28.6,81.93,medium,PUMP
gateio,XRP3SUSDT,2025-05-13,XRP3SUSDT_2025-05-13_klines_L2.csv,,,,ERROR
gateio,XRP3SUSDT,2025-05-13,XRP3SUSDT_2025-05-13_klines_market_ctx.csv,,,,ERROR
gateio,XRP3SUSDT,2025-05-13,XRP3SUSDT_2025-05-13_klines_trades.csv,,,,ERROR
gateio,XRP3SUSDT,2025-05-15,XRP3SUSDT_2025-05-15_klines.csv,38.65,79.06,large,PUMP
gateio,XRP5LUSDT,2025-05-09,XRP5LUSDT_2025-05-09_klines.csv,71.83,116.12,extreme,PUMP
gateio,XRP5LUSDT,2025-05-09,XRP5LUSDT_2025-05-09_klines_L2.csv,,,,ERROR
gateio,XRP5LUSDT,2025-05-09,XRP5LUSDT_2025-05-09_klines_market_ctx.csv,,,,ERROR
gateio,XRP5LUSDT,2025-05-09,XRP5LUSDT_2025-05-09_klines_trades.csv,,,,ERROR
gateio,XRP5LUSDT,2025-06-06,XRP5LUSDT_2025-06-06_klines.csv,72.74,105.6,extreme,PUMP
gateio,XRP5SUSDT,2025-05-13,XRP5SUSDT_2025-05-13_klines.csv,59.34,74.36,extreme,PUMP
gateio,XRP5SUSDT,2025-05-13,XRP5SUSDT_2025-05-13_klines_L2.csv,,,,ERROR
gateio,XRP5SUSDT,2025-05-13,XRP5SUSDT_2025-05-13_klines_market_ctx.csv,,,,ERROR
gateio,XRP5SUSDT,2025-05-13,XRP5SUSDT_2025-05-13_klines_trades.csv,,,,ERROR
gateio,XRP5SUSDT,2025-05-15,XRP5SUSDT_2025-05-15_klines.csv,61.65,91.75,extreme,PUMP
gateio,XRUSDT,2025-07-07,XRUSDT_2025-07-07_klines.csv,0.35,0.0,,VOLATILE_CONTROL
gateio,XRWAUSDT,2025-07-29,XRWAUSDT_2025-07-29_klines.csv,0.47,0.0,,VOLATILE_CONTROL
gateio,XSEEDUSDT,2025-05-09,XSEEDUSDT_2025-05-09_klines.csv,58.64,75.09,extreme,PUMP
gateio,XSEEDUSDT,2025-05-09,XSEEDUSDT_2025-05-09_klines_L2.csv,,,,ERROR
gateio,XSEEDUSDT,2025-05-09,XSEEDUSDT_2025-05-09_klines_market_ctx.csv,,,,ERROR
gateio,XSEEDUSDT,2025-05-09,XSEEDUSDT_2025-05-09_klines_trades.csv,,,,ERROR
gateio,XSEEDUSDT,2025-07-08,XSEEDUSDT_2025-07-08_klines.csv,15.2,118.29,small,PUMP
gateio,XSWAPUSDT,2025-06-06,XSWAPUSDT_2025-06-06_klines.csv,10.0,117.66,micro,PUMP
gateio,XSWAPUSDT,2025-06-06,XSWAPUSDT_2025-06-06_klines_L2.csv,,,,ERROR
gateio,XSWAPUSDT,2025-06-06,XSWAPUSDT_2025-06-06_klines_market_ctx.csv,,,,ERROR
gateio,XSWAPUSDT,2025-06-06,XSWAPUSDT_2025-06-06_klines_trades.csv,,,,ERROR
gateio,XTERUSDT,2025-09-24,XTERUSDT_2025-09-24_klines.csv,51.72,99.7,extreme,PUMP
gateio,XTERUSDT,2025-09-24,XTERUSDT_2025-09-24_klines_L2.csv,,,,ERROR
gateio,XTERUSDT,2025-09-24,XTERUSDT_2025-09-24_klines_market_ctx.csv,,,,ERROR
gateio,XTERUSDT,2025-09-24,XTERUSDT_2025-09-24_klines_trades.csv,,,,ERROR
gateio,XTZUSDT,2025-07-02,XTZUSDT_2025-07-02_klines.csv,10.16,0.0,,VOLATILE_CONTROL
gateio,XU3O8USDT,2026-01-11,XU3O8USDT_2026-01-11_klines.csv,2.96,0.0,,VOLATILE_CONTROL
gateio,XUSDT,2025-05-09,XUSDT_2025-05-09_klines.csv,55.62,95.05,extreme,PUMP
gateio,XUSDT,2025-05-09,XUSDT_2025-05-09_klines_L2.csv,,,,ERROR
gateio,XUSDT,2025-05-09,XUSDT_2025-05-09_klines_market_ctx.csv,,,,ERROR
gateio,XUSDT,2025-05-09,XUSDT_2025-05-09_klines_trades.csv,,,,ERROR
gateio,XUSDT,2025-07-01,XUSDT_2025-07-01_klines.csv,6.72,158.8,micro,PUMP
gateio,XYMUSDT,2025-11-09,XYMUSDT_2025-11-09_klines.csv,10.2,187.8,small,PUMP
gateio,XYMUSDT,2025-11-09,XYMUSDT_2025-11-09_klines_L2.csv,,,,ERROR
gateio,XYMUSDT,2025-11-09,XYMUSDT_2025-11-09_klines_market_ctx.csv,,,,ERROR
gateio,XYMUSDT,2025-11-09,XYMUSDT_2025-11-09_klines_trades.csv,,,,ERROR
gateio,XYOUSDT,2025-06-26,XYOUSDT_2025-06-26_klines.csv,8.21,193.64,micro,PUMP
gateio,XYOUSDT,2025-06-26,XYOUSDT_2025-06-26_klines_L2.csv,,,,ERROR
gateio,XYOUSDT,2025-06-26,XYOUSDT_2025-06-26_klines_market_ctx.csv,,,,ERROR
gateio,XYOUSDT,2025-06-26,XYOUSDT_2025-06-26_klines_trades.csv,,,,ERROR
gateio,XYROUSDT,2025-05-09,XYROUSDT_2025-05-09_klines.csv,140.73,107.36,extreme,PUMP
gateio,XYROUSDT,2025-05-09,XYROUSDT_2025-05-09_klines_L2.csv,,,,ERROR
gateio,XYROUSDT,2025-05-09,XYROUSDT_2025-05-09_klines_market_ctx.csv,,,,ERROR
gateio,XYROUSDT,2025-05-09,XYROUSDT_2025-05-09_klines_trades.csv,,,,ERROR
gateio,XYROUSDT,2025-07-03,XYROUSDT_2025-07-03_klines.csv,2.63,0.0,,VOLATILE_CONTROL
gateio,XZKUSDT,2025-05-09,XZKUSDT_2025-05-09_klines.csv,14.23,81.61,small,PUMP
gateio,XZKUSDT,2025-05-09,XZKUSDT_2025-05-09_klines_L2.csv,,,,ERROR
gateio,XZKUSDT,2025-05-09,XZKUSDT_2025-05-09_klines_market_ctx.csv,,,,ERROR
gateio,XZKUSDT,2025-05-09,XZKUSDT_2025-05-09_klines_trades.csv,,,,ERROR
gateio,XZKUSDT,2025-05-15,XZKUSDT_2025-05-15_klines.csv,12.28,0.0,,VOLATILE_CONTROL
gateio,Y8UUSDT,2025-07-23,Y8UUSDT_2025-07-23_klines.csv,2.45,0.0,,VOLATILE_CONTROL
gateio,YALAUSDT,2025-07-22,YALAUSDT_2025-07-22_klines.csv,279.62,77.17,extreme,PUMP
gateio,YALAUSDT,2025-07-22,YALAUSDT_2025-07-22_klines_L2.csv,,,,ERROR
gateio,YALAUSDT,2025-07-22,YALAUSDT_2025-07-22_klines_market_ctx.csv,,,,ERROR
gateio,YALAUSDT,2025-07-22,YALAUSDT_2025-07-22_klines_trades.csv,,,,ERROR
gateio,YBDBDUSDT,2025-06-06,YBDBDUSDT_2025-06-06_klines.csv,112500.0,94.61,extreme,PUMP
gateio,YBDBDUSDT,2025-06-06,YBDBDUSDT_2025-06-06_klines_L2.csv,,,,ERROR
gateio,YBDBDUSDT,2025-06-06,YBDBDUSDT_2025-06-06_klines_market_ctx.csv,,,,ERROR
gateio,YBDBDUSDT,2025-06-06,YBDBDUSDT_2025-06-06_klines_trades.csv,,,,ERROR
gateio,YBUSDT,2025-10-20,YBUSDT_2025-10-20_klines.csv,41.86,72.28,major,PUMP
gateio,YBUSDT,2025-10-20,YBUSDT_2025-10-20_klines_L2.csv,,,,ERROR
gateio,YBUSDT,2025-10-20,YBUSDT_2025-10-20_klines_market_ctx.csv,,,,ERROR
gateio,YBUSDT,2025-10-20,YBUSDT_2025-10-20_klines_trades.csv,,,,ERROR
gateio,YCTUSDT,2025-07-30,YCTUSDT_2025-07-30_klines.csv,5.83,286.99,micro,PUMP
gateio,YCTUSDT,2025-07-30,YCTUSDT_2025-07-30_klines_L2.csv,,,,ERROR
gateio,YCTUSDT,2025-07-30,YCTUSDT_2025-07-30_klines_market_ctx.csv,,,,ERROR
gateio,YCTUSDT,2025-07-30,YCTUSDT_2025-07-30_klines_trades.csv,,,,ERROR
gateio,YFIIUSDT,2025-06-03,YFIIUSDT_2025-06-03_klines.csv,66.15,83.04,extreme,PUMP
gateio,YFIIUSDT,2025-06-03,YFIIUSDT_2025-06-03_klines_L2.csv,,,,ERROR
gateio,YFIIUSDT,2025-06-03,YFIIUSDT_2025-06-03_klines_market_ctx.csv,,,,ERROR
gateio,YFIIUSDT,2025-06-03,YFIIUSDT_2025-06-03_klines_trades.csv,,,,ERROR
gateio,YGGUSDT,2025-08-26,YGGUSDT_2025-08-26_klines.csv,14.19,106.88,small,PUMP
gateio,YGGUSDT,2025-08-26,YGGUSDT_2025-08-26_klines_L2.csv,,,,ERROR
gateio,YGGUSDT,2025-08-26,YGGUSDT_2025-08-26_klines_market_ctx.csv,,,,ERROR
gateio,YGGUSDT,2025-08-26,YGGUSDT_2025-08-26_klines_trades.csv,,,,ERROR
gateio,ZAMAUSDT,2026-03-27,ZAMAUSDT_2026-03-27_klines.csv,1.89,0.0,,VOLATILE_CONTROL
gateio,ZBCNUSDT,2025-05-09,ZBCNUSDT_2025-05-09_klines.csv,18.18,198.53,small,PUMP
gateio,ZBCNUSDT,2025-05-09,ZBCNUSDT_2025-05-09_klines_L2.csv,,,,ERROR
gateio,ZBCNUSDT,2025-05-09,ZBCNUSDT_2025-05-09_klines_market_ctx.csv,,,,ERROR
gateio,ZBCNUSDT,2025-05-09,ZBCNUSDT_2025-05-09_klines_trades.csv,,,,ERROR
gateio,ZBCNUSDT,2025-05-15,ZBCNUSDT_2025-05-15_klines.csv,94.27,32.28,extreme,PUMP
gateio,ZBTUSDT,2025-12-08,ZBTUSDT_2025-12-08_klines.csv,5.84,511.11,micro,PUMP
gateio,ZBTUSDT,2025-12-08,ZBTUSDT_2025-12-08_klines_L2.csv,,,,ERROR
gateio,ZBTUSDT,2025-12-08,ZBTUSDT_2025-12-08_klines_market_ctx.csv,,,,ERROR
gateio,ZBTUSDT,2025-12-08,ZBTUSDT_2025-12-08_klines_trades.csv,,,,ERROR
gateio,ZEC3SUSDT,2025-11-23,ZEC3SUSDT_2025-11-23_klines.csv,0.0,0.0,,VOLATILE_CONTROL
gateio,ZENTUSDT,2025-08-16,ZENTUSDT_2025-08-16_klines.csv,6.32,89.1,micro,PUMP
gateio,ZENTUSDT,2025-08-16,ZENTUSDT_2025-08-16_klines_L2.csv,,,,ERROR
gateio,ZENTUSDT,2025-08-16,ZENTUSDT_2025-08-16_klines_market_ctx.csv,,,,ERROR
gateio,ZENTUSDT,2025-08-16,ZENTUSDT_2025-08-16_klines_trades.csv,,,,ERROR
gateio,ZERCUSDT,2025-05-09,ZERCUSDT_2025-05-09_klines.csv,261.86,101.34,extreme,PUMP
gateio,ZERCUSDT,2025-05-09,ZERCUSDT_2025-05-09_klines_L2.csv,,,,ERROR
gateio,ZERCUSDT,2025-05-09,ZERCUSDT_2025-05-09_klines_market_ctx.csv,,,,ERROR
gateio,ZERCUSDT,2025-05-09,ZERCUSDT_2025-05-09_klines_trades.csv,,,,ERROR
gateio,ZERCUSDT,2025-05-15,ZERCUSDT_2025-05-15_klines.csv,50.52,115.93,extreme,PUMP
gateio,ZEREBROUSDT,2025-06-22,ZEREBROUSDT_2025-06-22_klines.csv,12.42,35.71,small,PUMP
gateio,ZEREBROUSDT,2025-06-22,ZEREBROUSDT_2025-06-22_klines_L2.csv,,,,ERROR
gateio,ZEREBROUSDT,2025-06-22,ZEREBROUSDT_2025-06-22_klines_market_ctx.csv,,,,ERROR
gateio,ZEREBROUSDT,2025-06-22,ZEREBROUSDT_2025-06-22_klines_trades.csv,,,,ERROR
gateio,ZEROUSDT,2025-06-22,ZEROUSDT_2025-06-22_klines.csv,30.09,53.74,large,PUMP
gateio,ZEROUSDT,2025-06-22,ZEROUSDT_2025-06-22_klines_L2.csv,,,,ERROR
gateio,ZEROUSDT,2025-06-22,ZEROUSDT_2025-06-22_klines_market_ctx.csv,,,,ERROR
gateio,ZEROUSDT,2025-06-22,ZEROUSDT_2025-06-22_klines_trades.csv,,,,ERROR
gateio,ZETAUSDT,2026-01-21,ZETAUSDT_2026-01-21_klines.csv,54.12,90.99,extreme,PUMP
gateio,ZETAUSDT,2026-01-21,ZETAUSDT_2026-01-21_klines_L2.csv,,,,ERROR
gateio,ZETAUSDT,2026-01-21,ZETAUSDT_2026-01-21_klines_market_ctx.csv,,,,ERROR
gateio,ZETAUSDT,2026-01-21,ZETAUSDT_2026-01-21_klines_trades.csv,,,,ERROR
gateio,ZEUMUSDT,2025-07-01,ZEUMUSDT_2025-07-01_klines.csv,37.2,30.02,large,PUMP
gateio,ZEUMUSDT,2025-07-01,ZEUMUSDT_2025-07-01_klines_L2.csv,,,,ERROR
gateio,ZEUMUSDT,2025-07-01,ZEUMUSDT_2025-07-01_klines_market_ctx.csv,,,,ERROR
gateio,ZEUMUSDT,2025-07-01,ZEUMUSDT_2025-07-01_klines_trades.csv,,,,ERROR
gateio,ZEUSUSDT,2025-06-06,ZEUSUSDT_2025-06-06_klines.csv,46.5,58.16,major,PUMP
gateio,ZEUSUSDT,2025-06-06,ZEUSUSDT_2025-06-06_klines_L2.csv,,,,ERROR
gateio,ZEUSUSDT,2025-06-06,ZEUSUSDT_2025-06-06_klines_market_ctx.csv,,,,ERROR
gateio,ZEUSUSDT,2025-06-06,ZEUSUSDT_2025-06-06_klines_trades.csv,,,,ERROR
gateio,ZEXUSDT,2025-05-17,ZEXUSDT_2025-05-17_klines.csv,8.73,107.2,micro,PUMP
gateio,ZEXUSDT,2025-05-17,ZEXUSDT_2025-05-17_klines_L2.csv,,,,ERROR
gateio,ZEXUSDT,2025-05-17,ZEXUSDT_2025-05-17_klines_market_ctx.csv,,,,ERROR
gateio,ZEXUSDT,2025-05-17,ZEXUSDT_2025-05-17_klines_trades.csv,,,,ERROR
gateio,ZFUSDT,2025-07-05,ZFUSDT_2025-07-05_klines.csv,32.08,48.97,large,PUMP
gateio,ZFUSDT,2025-07-05,ZFUSDT_2025-07-05_klines_L2.csv,,,,ERROR
gateio,ZFUSDT,2025-07-05,ZFUSDT_2025-07-05_klines_market_ctx.csv,,,,ERROR
gateio,ZFUSDT,2025-07-05,ZFUSDT_2025-07-05_klines_trades.csv,,,,ERROR
gateio,ZIGUSDT,2025-07-06,ZIGUSDT_2025-07-06_klines.csv,10.88,72.91,small,PUMP
gateio,ZIGUSDT,2025-07-06,ZIGUSDT_2025-07-06_klines_L2.csv,,,,ERROR
gateio,ZIGUSDT,2025-07-06,ZIGUSDT_2025-07-06_klines_market_ctx.csv,,,,ERROR
gateio,ZIGUSDT,2025-07-06,ZIGUSDT_2025-07-06_klines_trades.csv,,,,ERROR
gateio,ZILUSDT,2026-01-20,ZILUSDT_2026-01-20_klines.csv,1.13,0.0,,VOLATILE_CONTROL
gateio,ZIXUSDT,2025-06-18,ZIXUSDT_2025-06-18_klines.csv,35.94,129.45,large,PUMP
gateio,ZIXUSDT,2025-06-18,ZIXUSDT_2025-06-18_klines_L2.csv,,,,ERROR
gateio,ZIXUSDT,2025-06-18,ZIXUSDT_2025-06-18_klines_market_ctx.csv,,,,ERROR
gateio,ZIXUSDT,2025-06-18,ZIXUSDT_2025-06-18_klines_trades.csv,,,,ERROR
gateio,ZKCUSDT,2025-10-11,ZKCUSDT_2025-10-11_klines.csv,86.75,65.09,extreme,PUMP
gateio,ZKCUSDT,2025-10-11,ZKCUSDT_2025-10-11_klines_L2.csv,,,,ERROR
gateio,ZKCUSDT,2025-10-11,ZKCUSDT_2025-10-11_klines_market_ctx.csv,,,,ERROR
gateio,ZKCUSDT,2025-10-11,ZKCUSDT_2025-10-11_klines_trades.csv,,,,ERROR
gateio,ZKJUSDT,2025-06-16,ZKJUSDT_2025-06-16_klines.csv,137.04,120.98,extreme,PUMP
gateio,ZKJUSDT,2025-06-16,ZKJUSDT_2025-06-16_klines_L2.csv,,,,ERROR
gateio,ZKJUSDT,2025-06-16,ZKJUSDT_2025-06-16_klines_market_ctx.csv,,,,ERROR
gateio,ZKJUSDT,2025-06-16,ZKJUSDT_2025-06-16_klines_trades.csv,,,,ERROR
gateio,ZKLUSDT,2025-07-26,ZKLUSDT_2025-07-26_klines.csv,6.67,525.23,micro,PUMP
gateio,ZKLUSDT,2025-07-26,ZKLUSDT_2025-07-26_klines_L2.csv,,,,ERROR
gateio,ZKLUSDT,2025-07-26,ZKLUSDT_2025-07-26_klines_market_ctx.csv,,,,ERROR
gateio,ZKLUSDT,2025-07-26,ZKLUSDT_2025-07-26_klines_trades.csv,,,,ERROR
gateio,ZKPUSDT,2025-12-27,ZKPUSDT_2025-12-27_klines.csv,13.26,242.71,small,PUMP
gateio,ZKPUSDT,2025-12-27,ZKPUSDT_2025-12-27_klines_L2.csv,,,,ERROR
gateio,ZKPUSDT,2025-12-27,ZKPUSDT_2025-12-27_klines_market_ctx.csv,,,,ERROR
gateio,ZKPUSDT,2025-12-27,ZKPUSDT_2025-12-27_klines_trades.csv,,,,ERROR
gateio,ZKUSDT,2025-06-23,ZKUSDT_2025-06-23_klines.csv,31.44,41.39,large,PUMP
gateio,ZKUSDT,2025-06-23,ZKUSDT_2025-06-23_klines_L2.csv,,,,ERROR
gateio,ZKUSDT,2025-06-23,ZKUSDT_2025-06-23_klines_market_ctx.csv,,,,ERROR
gateio,ZKUSDT,2025-06-23,ZKUSDT_2025-06-23_klines_trades.csv,,,,ERROR
gateio,ZKWASMUSDT,2025-07-26,ZKWASMUSDT_2025-07-26_klines.csv,33.16,122.78,large,PUMP
gateio,ZKWASMUSDT,2025-07-26,ZKWASMUSDT_2025-07-26_klines_L2.csv,,,,ERROR
gateio,ZKWASMUSDT,2025-07-26,ZKWASMUSDT_2025-07-26_klines_market_ctx.csv,,,,ERROR
gateio,ZKWASMUSDT,2025-07-26,ZKWASMUSDT_2025-07-26_klines_trades.csv,,,,ERROR
gateio,ZLWUSDT,2025-05-19,ZLWUSDT_2025-05-19_klines.csv,50.03,55.19,extreme,PUMP
gateio,ZLWUSDT,2025-05-19,ZLWUSDT_2025-05-19_klines_L2.csv,,,,ERROR
gateio,ZLWUSDT,2025-05-19,ZLWUSDT_2025-05-19_klines_market_ctx.csv,,,,ERROR
gateio,ZLWUSDT,2025-05-19,ZLWUSDT_2025-05-19_klines_trades.csv,,,,ERROR
gateio,ZNDUSDT,2025-05-09,ZNDUSDT_2025-05-09_klines.csv,27.79,104.92,medium,PUMP
gateio,ZNDUSDT,2025-05-09,ZNDUSDT_2025-05-09_klines_L2.csv,,,,ERROR
gateio,ZNDUSDT,2025-05-09,ZNDUSDT_2025-05-09_klines_market_ctx.csv,,,,ERROR
gateio,ZNDUSDT,2025-05-09,ZNDUSDT_2025-05-09_klines_trades.csv,,,,ERROR
gateio,ZNDUSDT,2025-05-15,ZNDUSDT_2025-05-15_klines.csv,246.85,107.91,extreme,PUMP
gateio,ZOONUSDT,2025-12-04,ZOONUSDT_2025-12-04_klines.csv,92.41,77.05,extreme,PUMP
gateio,ZOONUSDT,2025-12-04,ZOONUSDT_2025-12-04_klines_L2.csv,,,,ERROR
gateio,ZOONUSDT,2025-12-04,ZOONUSDT_2025-12-04_klines_market_ctx.csv,,,,ERROR
gateio,ZOONUSDT,2025-12-04,ZOONUSDT_2025-12-04_klines_trades.csv,,,,ERROR
gateio,ZORAUSDT,2025-06-26,ZORAUSDT_2025-06-26_klines.csv,7.41,148.46,micro,PUMP
gateio,ZORAUSDT,2025-06-26,ZORAUSDT_2025-06-26_klines_L2.csv,,,,ERROR
gateio,ZORAUSDT,2025-06-26,ZORAUSDT_2025-06-26_klines_market_ctx.csv,,,,ERROR
gateio,ZORAUSDT,2025-06-26,ZORAUSDT_2025-06-26_klines_trades.csv,,,,ERROR
gateio,ZRCUSDT,2025-06-06,ZRCUSDT_2025-06-06_klines.csv,21.12,80.41,medium,PUMP
gateio,ZRCUSDT,2025-06-06,ZRCUSDT_2025-06-06_klines_L2.csv,,,,ERROR
gateio,ZRCUSDT,2025-06-06,ZRCUSDT_2025-06-06_klines_market_ctx.csv,,,,ERROR
gateio,ZRCUSDT,2025-06-06,ZRCUSDT_2025-06-06_klines_trades.csv,,,,ERROR
gateio,ZROUSDT,2025-08-01,ZROUSDT_2025-08-01_klines.csv,12.15,15.24,,VOLATILE_CONTROL
gateio,ZRXUSDT,2025-12-15,ZRXUSDT_2025-12-15_klines.csv,2.77,0.0,,VOLATILE_CONTROL
gateio,ZSCUSDT,2025-06-26,ZSCUSDT_2025-06-26_klines.csv,37.21,77.58,large,PUMP
gateio,ZSCUSDT,2025-06-26,ZSCUSDT_2025-06-26_klines_L2.csv,,,,ERROR
gateio,ZSCUSDT,2025-06-26,ZSCUSDT_2025-06-26_klines_market_ctx.csv,,,,ERROR
gateio,ZSCUSDT,2025-06-26,ZSCUSDT_2025-06-26_klines_trades.csv,,,,ERROR
gateio,ZTCUSDT,2026-01-07,ZTCUSDT_2026-01-07_klines.csv,95.0,171.63,extreme,PUMP
gateio,ZTCUSDT,2026-01-07,ZTCUSDT_2026-01-07_klines_L2.csv,,,,ERROR
gateio,ZTCUSDT,2026-01-07,ZTCUSDT_2026-01-07_klines_market_ctx.csv,,,,ERROR
gateio,ZTCUSDT,2026-01-07,ZTCUSDT_2026-01-07_klines_trades.csv,,,,ERROR
gateio,ZTXUSDT,2025-07-02,ZTXUSDT_2025-07-02_klines.csv,16.78,113.03,small,PUMP
gateio,ZTXUSDT,2025-07-02,ZTXUSDT_2025-07-02_klines_L2.csv,,,,ERROR
gateio,ZTXUSDT,2025-07-02,ZTXUSDT_2025-07-02_klines_market_ctx.csv,,,,ERROR
gateio,ZTXUSDT,2025-07-02,ZTXUSDT_2025-07-02_klines_trades.csv,,,,ERROR
gateio,ZULUUSDT,2025-05-19,ZULUUSDT_2025-05-19_klines.csv,44.21,106.09,major,PUMP
gateio,ZULUUSDT,2025-05-19,ZULUUSDT_2025-05-19_klines_L2.csv,,,,ERROR
gateio,ZULUUSDT,2025-05-19,ZULUUSDT_2025-05-19_klines_market_ctx.csv,,,,ERROR
gateio,ZULUUSDT,2025-05-19,ZULUUSDT_2025-05-19_klines_trades.csv,,,,ERROR
gateio,ZYRAUSDT,2025-09-11,ZYRAUSDT_2025-09-11_klines.csv,183.33,60.06,extreme,PUMP
gateio,ZYRAUSDT,2025-09-11,ZYRAUSDT_2025-09-11_klines_L2.csv,,,,ERROR
gateio,ZYRAUSDT,2025-09-11,ZYRAUSDT_2025-09-11_klines_market_ctx.csv,,,,ERROR
gateio,ZYRAUSDT,2025-09-11,ZYRAUSDT_2025-09-11_klines_trades.csv,,,,ERROR
gateio,小股东USDT,2026-01-21,小股东USDT_2026-01-21_klines.csv,223.76,101.75,extreme,PUMP
gateio,小股东USDT,2026-01-21,小股东USDT_2026-01-21_klines_L2.csv,,,,ERROR
gateio,小股东USDT,2026-01-21,小股东USDT_2026-01-21_klines_market_ctx.csv,,,,ERROR
gateio,小股东USDT,2026-01-21,小股东USDT_2026-01-21_klines_trades.csv,,,,ERROR
gateio,币安人生3LUSDT,2026-01-13,币安人生3LUSDT_2026-01-13_klines.csv,249.52,121.93,extreme,PUMP
gateio,币安人生3LUSDT,2026-01-13,币安人生3LUSDT_2026-01-13_klines_L2.csv,,,,ERROR
gateio,币安人生3LUSDT,2026-01-13,币安人生3LUSDT_2026-01-13_klines_market_ctx.csv,,,,ERROR
gateio,币安人生3LUSDT,2026-01-13,币安人生3LUSDT_2026-01-13_klines_trades.csv,,,,ERROR
gateio,币安人生3SUSDT,2026-01-13,币安人生3SUSDT_2026-01-13_klines.csv,106.26,177.53,extreme,PUMP
gateio,币安人生3SUSDT,2026-01-13,币安人生3SUSDT_2026-01-13_klines_L2.csv,,,,ERROR
gateio,币安人生3SUSDT,2026-01-13,币安人生3SUSDT_2026-01-13_klines_market_ctx.csv,,,,ERROR
gateio,币安人生3SUSDT,2026-01-13,币安人生3SUSDT_2026-01-13_klines_trades.csv,,,,ERROR
gateio,我踏马来了3LUSDT,2026-01-14,我踏马来了3LUSDT_2026-01-14_klines.csv,102.83,89.25,extreme,PUMP
gateio,我踏马来了3LUSDT,2026-01-14,我踏马来了3LUSDT_2026-01-14_klines_L2.csv,,,,ERROR
gateio,我踏马来了3LUSDT,2026-01-14,我踏马来了3LUSDT_2026-01-14_klines_market_ctx.csv,,,,ERROR
gateio,我踏马来了3LUSDT,2026-01-14,我踏马来了3LUSDT_2026-01-14_klines_trades.csv,,,,ERROR
gateio,我踏马来了3SUSDT,2026-01-14,我踏马来了3SUSDT_2026-01-14_klines.csv,93.46,206.43,extreme,PUMP
gateio,我踏马来了3SUSDT,2026-01-14,我踏马来了3SUSDT_2026-01-14_klines_L2.csv,,,,ERROR
gateio,我踏马来了3SUSDT,2026-01-14,我踏马来了3SUSDT_2026-01-14_klines_market_ctx.csv,,,,ERROR
gateio,我踏马来了3SUSDT,2026-01-14,我踏马来了3SUSDT_2026-01-14_klines_trades.csv,,,,ERROR
gateio,我踏马来了USDT,2026-01-08,我踏马来了USDT_2026-01-08_klines.csv,684.24,88.02,extreme,PUMP
gateio,我踏马来了USDT,2026-01-08,我踏马来了USDT_2026-01-08_klines_L2.csv,,,,ERROR
gateio,我踏马来了USDT,2026-01-08,我踏马来了USDT_2026-01-08_klines_market_ctx.csv,,,,ERROR
gateio,我踏马来了USDT,2026-01-08,我踏马来了USDT_2026-01-08_klines_trades.csv,,,,ERROR
gateio,老子USDT,2026-01-10,老子USDT_2026-01-10_klines.csv,208.83,110.58,extreme,PUMP
gateio,老子USDT,2026-01-10,老子USDT_2026-01-10_klines_L2.csv,,,,ERROR
gateio,老子USDT,2026-01-10,老子USDT_2026-01-10_klines_market_ctx.csv,,,,ERROR
gateio,老子USDT,2026-01-10,老子USDT_2026-01-10_klines_trades.csv,,,,ERROR
gateio,龙虾USDT,2026-03-09,龙虾USDT_2026-03-09_klines.csv,176.28,84.63,extreme,PUMP
gateio,龙虾USDT,2026-03-09,龙虾USDT_2026-03-09_klines_L2.csv,,,,ERROR
gateio,龙虾USDT,2026-03-09,龙虾USDT_2026-03-09_klines_market_ctx.csv,,,,ERROR
gateio,龙虾USDT,2026-03-09,龙虾USDT_2026-03-09_klines_trades.csv,,,,ERROR
huobi,1INCHUSDT,2025-06-24,1INCHUSDT_2025-06-24_klines.csv,0.56,0.0,,VOLATILE_CONTROL
huobi,A8USDT,2025-07-02,A8USDT_2025-07-02_klines.csv,1.45,0.0,,VOLATILE_CONTROL
huobi,AAVEUSDT,2025-08-05,AAVEUSDT_2025-08-05_klines.csv,0.17,0.0,,VOLATILE_CONTROL
huobi,ACAUSDT,2025-06-23,ACAUSDT_2025-06-23_klines.csv,0.87,0.0,,VOLATILE_CONTROL
huobi,ACEUSDT,2025-06-23,ACEUSDT_2025-06-23_klines.csv,0.0,0.0,,VOLATILE_CONTROL
huobi,ACHUSDT,2025-07-02,ACHUSDT_2025-07-02_klines.csv,0.99,0.0,,VOLATILE_CONTROL
huobi,ACTSOLUSDT,2025-10-30,ACTSOLUSDT_2025-10-30_klines.csv,12.05,113.96,small,PUMP
huobi,ACXUSDT,2025-06-30,ACXUSDT_2025-06-30_klines.csv,1.44,0.0,,VOLATILE_CONTROL
huobi,AEVOUSDT,2025-06-22,AEVOUSDT_2025-06-22_klines.csv,1.89,0.0,,VOLATILE_CONTROL
huobi,AGLDUSDT,2026-01-11,AGLDUSDT_2026-01-11_klines.csv,6.11,131.82,micro,PUMP
huobi,AGLDUSDT,2026-01-11,AGLDUSDT_2026-01-11_klines_L2.csv,,,,ERROR
huobi,AGLDUSDT,2026-01-11,AGLDUSDT_2026-01-11_klines_market_ctx.csv,,,,ERROR
huobi,AGLDUSDT,2026-01-11,AGLDUSDT_2026-01-11_klines_trades.csv,,,,ERROR
huobi,AICUSDT,2025-06-09,AICUSDT_2025-06-09_klines.csv,6.55,113.96,micro,PUMP
huobi,AICUSDT,2025-06-09,AICUSDT_2025-06-09_klines_L2.csv,,,,ERROR
huobi,AICUSDT,2025-06-09,AICUSDT_2025-06-09_klines_market_ctx.csv,,,,ERROR
huobi,AICUSDT,2025-06-09,AICUSDT_2025-06-09_klines_trades.csv,,,,ERROR
huobi,AIOZUSDT,2025-06-22,AIOZUSDT_2025-06-22_klines.csv,5.27,106.04,micro,PUMP
huobi,AIOZUSDT,2025-06-22,AIOZUSDT_2025-06-22_klines_L2.csv,,,,ERROR
huobi,AIOZUSDT,2025-06-22,AIOZUSDT_2025-06-22_klines_market_ctx.csv,,,,ERROR
huobi,AIOZUSDT,2025-06-22,AIOZUSDT_2025-06-22_klines_trades.csv,,,,ERROR
huobi,AIUSDT,2025-06-23,AIUSDT_2025-06-23_klines.csv,2.07,0.0,,VOLATILE_CONTROL
huobi,AIXBTUSDT,2025-05-17,AIXBTUSDT_2025-05-17_klines.csv,0.81,0.0,,VOLATILE_CONTROL
huobi,AKTUSDT,2025-07-02,AKTUSDT_2025-07-02_klines.csv,1.5,0.0,,VOLATILE_CONTROL
huobi,ALCHUSDT,2025-09-20,ALCHUSDT_2025-09-20_klines.csv,1.03,0.0,,VOLATILE_CONTROL
huobi,ALICEUSDT,2025-06-22,ALICEUSDT_2025-06-22_klines.csv,0.7,0.0,,VOLATILE_CONTROL
huobi,ALIUSDT,2025-06-22,ALIUSDT_2025-06-22_klines.csv,5.56,0.0,,VOLATILE_CONTROL
huobi,ALTUSDT,2025-05-28,ALTUSDT_2025-05-28_klines.csv,1.37,0.0,,VOLATILE_CONTROL
huobi,ALUSDT,2025-10-30,ALUSDT_2025-10-30_klines.csv,0.65,0.0,,VOLATILE_CONTROL
huobi,ALUUSDT,2025-07-01,ALUUSDT_2025-07-01_klines.csv,2.03,0.0,,VOLATILE_CONTROL
huobi,AMPUSDT,2025-12-23,AMPUSDT_2025-12-23_klines.csv,0.68,0.0,,VOLATILE_CONTROL
huobi,ANKRUSDT,2026-02-27,ANKRUSDT_2026-02-27_klines.csv,0.0,0.0,,VOLATILE_CONTROL
huobi,APEUSDT,2026-04-06,APEUSDT_2026-04-06_klines.csv,1.63,0.0,,VOLATILE_CONTROL
huobi,API3USDT,2025-07-03,API3USDT_2025-07-03_klines.csv,1.94,0.0,,VOLATILE_CONTROL
huobi,ARCUSDT,2025-06-22,ARCUSDT_2025-06-22_klines.csv,2.08,0.0,,VOLATILE_CONTROL
huobi,ARDRUSDT,2025-07-01,ARDRUSDT_2025-07-01_klines.csv,0.75,0.0,,VOLATILE_CONTROL
huobi,ARPAUSDT,2025-06-22,ARPAUSDT_2025-06-22_klines.csv,1.48,0.0,,VOLATILE_CONTROL
huobi,ARTYUSDT,2025-06-02,ARTYUSDT_2025-06-02_klines.csv,0.6,0.0,,VOLATILE_CONTROL
huobi,ARUSDT,2025-06-29,ARUSDT_2025-06-29_klines.csv,2.53,0.0,,VOLATILE_CONTROL
huobi,ASTRUSDT,2025-11-21,ASTRUSDT_2025-11-21_klines.csv,2.06,0.0,,VOLATILE_CONTROL
huobi,ATHUSDT,2025-08-21,ATHUSDT_2025-08-21_klines.csv,0.46,0.0,,VOLATILE_CONTROL
huobi,ATMUSDT,2025-07-09,ATMUSDT_2025-07-09_klines.csv,0.0,0.0,,VOLATILE_CONTROL
huobi,AUCTIONUSDT,2025-06-24,AUCTIONUSDT_2025-06-24_klines.csv,0.88,0.0,,VOLATILE_CONTROL
huobi,AUDIOUSDT,2026-03-30,AUDIOUSDT_2026-03-30_klines.csv,1.78,0.0,,VOLATILE_CONTROL
huobi,AURORAUSDT,2025-08-08,AURORAUSDT_2025-08-08_klines.csv,0.0,0.0,,VOLATILE_CONTROL
huobi,AVAILUSDT,2025-08-26,AVAILUSDT_2025-08-26_klines.csv,3.93,0.0,,VOLATILE_CONTROL
huobi,AVAUSDT,2025-10-11,AVAUSDT_2025-10-11_klines.csv,3.91,0.0,,VOLATILE_CONTROL
huobi,AVLUSDT,2025-07-04,AVLUSDT_2025-07-04_klines.csv,0.6,0.0,,VOLATILE_CONTROL
huobi,AXSUSDT,2025-12-26,AXSUSDT_2025-12-26_klines.csv,5.14,33.96,micro,PUMP
huobi,AXSUSDT,2025-12-26,AXSUSDT_2025-12-26_klines_L2.csv,,,,ERROR
huobi,AXSUSDT,2025-12-26,AXSUSDT_2025-12-26_klines_market_ctx.csv,,,,ERROR
huobi,AXSUSDT,2025-12-26,AXSUSDT_2025-12-26_klines_trades.csv,,,,ERROR
huobi,B2USDT,2025-06-13,B2USDT_2025-06-13_klines.csv,0.76,0.0,,VOLATILE_CONTROL
huobi,BABYDOGEUSDT,2025-07-02,BABYDOGEUSDT_2025-07-02_klines.csv,1.26,0.0,,VOLATILE_CONTROL
huobi,BABYUSDT,2025-06-22,BABYUSDT_2025-06-22_klines.csv,9.19,119.97,micro,PUMP
huobi,BABYUSDT,2025-06-22,BABYUSDT_2025-06-22_klines_L2.csv,,,,ERROR
huobi,BABYUSDT,2025-06-22,BABYUSDT_2025-06-22_klines_market_ctx.csv,,,,ERROR
huobi,BABYUSDT,2025-06-22,BABYUSDT_2025-06-22_klines_trades.csv,,,,ERROR
huobi,BADGERUSDT,2025-07-02,BADGERUSDT_2025-07-02_klines.csv,6.53,127.51,micro,PUMP
huobi,BADGERUSDT,2025-07-02,BADGERUSDT_2025-07-02_klines_L2.csv,,,,ERROR
huobi,BADGERUSDT,2025-07-02,BADGERUSDT_2025-07-02_klines_market_ctx.csv,,,,ERROR
huobi,BADGERUSDT,2025-07-02,BADGERUSDT_2025-07-02_klines_trades.csv,,,,ERROR
huobi,BALUSDT,2025-07-02,BALUSDT_2025-07-02_klines.csv,4.65,0.0,,VOLATILE_CONTROL
huobi,BANANAS31USDT,2025-06-07,BANANAS31USDT_2025-06-07_klines.csv,0.33,0.0,,VOLATILE_CONTROL
huobi,BANANAUSDT,2025-06-22,BANANAUSDT_2025-06-22_klines.csv,1.56,0.0,,VOLATILE_CONTROL
huobi,BANDUSDT,2025-08-04,BANDUSDT_2025-08-04_klines.csv,2.61,0.0,,VOLATILE_CONTROL
huobi,BATUSDT,2025-09-24,BATUSDT_2025-09-24_klines.csv,1.25,0.0,,VOLATILE_CONTROL
huobi,BBUSDT,2025-06-22,BBUSDT_2025-06-22_klines.csv,2.62,0.0,,VOLATILE_CONTROL
huobi,BEBEUSDT,2025-05-16,BEBEUSDT_2025-05-16_klines.csv,2.91,0.0,,VOLATILE_CONTROL
huobi,BFCUSDT,2025-05-23,BFCUSDT_2025-05-23_klines.csv,0.94,0.0,,VOLATILE_CONTROL
huobi,BICOUSDT,2026-04-11,BICOUSDT_2026-04-11_klines.csv,0.0,0.0,,VOLATILE_CONTROL
huobi,BIGTIMEUSDT,2025-07-05,BIGTIMEUSDT_2025-07-05_klines.csv,1.54,0.0,,VOLATILE_CONTROL
huobi,BIOUSDT,2025-06-22,BIOUSDT_2025-06-22_klines.csv,2.64,0.0,,VOLATILE_CONTROL
huobi,BLASTUSDT,2025-06-28,BLASTUSDT_2025-06-28_klines.csv,3.54,0.0,,VOLATILE_CONTROL
huobi,BLUEUSDT,2025-05-17,BLUEUSDT_2025-05-17_klines.csv,0.37,0.0,,VOLATILE_CONTROL
huobi,BLURUSDT,2025-07-02,BLURUSDT_2025-07-02_klines.csv,1.18,0.0,,VOLATILE_CONTROL
huobi,BMTUSDT,2025-05-21,BMTUSDT_2025-05-21_klines.csv,0.81,0.0,,VOLATILE_CONTROL
huobi,BNTUSDT,2025-11-19,BNTUSDT_2025-11-19_klines.csv,9.02,115.08,micro,PUMP
huobi,BOBAUSDT,2025-05-14,BOBAUSDT_2025-05-14_klines.csv,0.63,0.0,,VOLATILE_CONTROL
huobi,BOMEUSDT,2025-06-22,BOMEUSDT_2025-06-22_klines.csv,1.46,0.0,,VOLATILE_CONTROL
huobi,BONEUSDT,2025-08-25,BONEUSDT_2025-08-25_klines.csv,1.09,0.0,,VOLATILE_CONTROL
huobi,BONKUSDT,2025-06-19,BONKUSDT_2025-06-19_klines.csv,1.28,0.0,,VOLATILE_CONTROL
huobi,C98USDT,2025-06-22,C98USDT_2025-06-22_klines.csv,1.01,0.0,,VOLATILE_CONTROL
huobi,CAKEUSDT,2025-09-15,CAKEUSDT_2025-09-15_klines.csv,0.68,0.0,,VOLATILE_CONTROL
huobi,CARVUSDT,2025-07-02,CARVUSDT_2025-07-02_klines.csv,0.0,0.0,,VOLATILE_CONTROL
huobi,CATUSDT,2025-06-22,CATUSDT_2025-06-22_klines.csv,5.54,116.13,micro,PUMP
huobi,CBKUSDT,2025-06-13,CBKUSDT_2025-06-13_klines.csv,1.55,0.0,,VOLATILE_CONTROL
huobi,CETUSUSDT,2025-07-01,CETUSUSDT_2025-07-01_klines.csv,0.77,0.0,,VOLATILE_CONTROL
huobi,CFGUSDT,2026-03-22,CFGUSDT_2026-03-22_klines.csv,0.57,0.0,,VOLATILE_CONTROL
huobi,CGPTUSDT,2025-06-22,CGPTUSDT_2025-06-22_klines.csv,5.49,61.14,micro,PUMP
huobi,CGPTUSDT,2025-06-22,CGPTUSDT_2025-06-22_klines_L2.csv,,,,ERROR
huobi,CGPTUSDT,2025-06-22,CGPTUSDT_2025-06-22_klines_market_ctx.csv,,,,ERROR
huobi,CGPTUSDT,2025-06-22,CGPTUSDT_2025-06-22_klines_trades.csv,,,,ERROR
huobi,CHILLGUYUSDT,2025-06-22,CHILLGUYUSDT_2025-06-22_klines.csv,3.99,0.0,,VOLATILE_CONTROL
huobi,CHRUSDT,2025-05-08,CHRUSDT_2025-05-08_klines.csv,6.33,31.95,micro,PUMP
huobi,CHRUSDT,2025-05-08,CHRUSDT_2025-05-08_klines_L2.csv,,,,ERROR
huobi,CHRUSDT,2025-05-08,CHRUSDT_2025-05-08_klines_market_ctx.csv,,,,ERROR
huobi,CHRUSDT,2025-05-08,CHRUSDT_2025-05-08_klines_trades.csv,,,,ERROR
huobi,CHRUSDT,2025-06-22,CHRUSDT_2025-06-22_klines.csv,3.93,0.0,,VOLATILE_CONTROL
huobi,CKBUSDT,2025-07-02,CKBUSDT_2025-07-02_klines.csv,0.52,0.0,,VOLATILE_CONTROL
huobi,CLOREUSDT,2025-07-04,CLOREUSDT_2025-07-04_klines.csv,0.53,0.0,,VOLATILE_CONTROL
huobi,CLVUSDT,2025-11-01,CLVUSDT_2025-11-01_klines.csv,0.0,0.0,,VOLATILE_CONTROL
huobi,COMPUSDT,2025-05-25,COMPUSDT_2025-05-25_klines.csv,0.43,0.0,,VOLATILE_CONTROL
huobi,COREUSDT,2025-12-02,COREUSDT_2025-12-02_klines.csv,0.0,0.0,,VOLATILE_CONTROL
huobi,COTIUSDT,2025-10-22,COTIUSDT_2025-10-22_klines.csv,1.2,0.0,,VOLATILE_CONTROL
huobi,COWUSDT,2025-06-27,COWUSDT_2025-06-27_klines.csv,1.38,0.0,,VOLATILE_CONTROL
huobi,CRTSUSDT,2025-11-04,CRTSUSDT_2025-11-04_klines.csv,0.25,0.0,,VOLATILE_CONTROL
huobi,CSPRUSDT,2025-11-19,CSPRUSDT_2025-11-19_klines.csv,3.28,0.0,,VOLATILE_CONTROL
huobi,CTAUSDT,2025-05-14,CTAUSDT_2025-05-14_klines.csv,2.2,0.0,,VOLATILE_CONTROL
huobi,CTCUSDT,2025-11-21,CTCUSDT_2025-11-21_klines.csv,0.32,0.0,,VOLATILE_CONTROL
huobi,CTSIUSDT,2025-06-22,CTSIUSDT_2025-06-22_klines.csv,0.18,0.0,,VOLATILE_CONTROL
huobi,CTXUSDT,2025-06-22,CTXUSDT_2025-06-22_klines.csv,0.88,0.0,,VOLATILE_CONTROL
huobi,CVCUSDT,2025-10-29,CVCUSDT_2025-10-29_klines.csv,0.5,0.0,,VOLATILE_CONTROL
huobi,CVXUSDT,2025-06-28,CVXUSDT_2025-06-28_klines.csv,0.76,0.0,,VOLATILE_CONTROL
huobi,CYBERUSDT,2025-06-22,CYBERUSDT_2025-06-22_klines.csv,1.48,0.0,,VOLATILE_CONTROL
huobi,DAOUSDT,2026-02-03,DAOUSDT_2026-02-03_klines.csv,0.26,0.0,,VOLATILE_CONTROL
huobi,DASHUSDT,2025-09-13,DASHUSDT_2025-09-13_klines.csv,0.72,0.0,,VOLATILE_CONTROL
huobi,DBRUSDT,2025-06-09,DBRUSDT_2025-06-09_klines.csv,0.36,0.0,,VOLATILE_CONTROL
huobi,DCRUSDT,2025-09-22,DCRUSDT_2025-09-22_klines.csv,0.28,0.0,,VOLATILE_CONTROL
huobi,DEGENUSDT,2025-06-22,DEGENUSDT_2025-06-22_klines.csv,3.06,0.0,,VOLATILE_CONTROL
huobi,DEXEUSDT,2025-09-02,DEXEUSDT_2025-09-02_klines.csv,0.28,0.0,,VOLATILE_CONTROL
huobi,DGBUSDT,2025-06-17,DGBUSDT_2025-06-17_klines.csv,8.18,115.98,micro,PUMP
huobi,DGBUSDT,2025-06-17,DGBUSDT_2025-06-17_klines_L2.csv,,,,ERROR
huobi,DGBUSDT,2025-06-17,DGBUSDT_2025-06-17_klines_market_ctx.csv,,,,ERROR
huobi,DGBUSDT,2025-06-17,DGBUSDT_2025-06-17_klines_trades.csv,,,,ERROR
huobi,DKAUSDT,2025-11-04,DKAUSDT_2025-11-04_klines.csv,4.1,0.0,,VOLATILE_CONTROL
huobi,DODOUSDT,2025-08-02,DODOUSDT_2025-08-02_klines.csv,3.53,0.0,,VOLATILE_CONTROL
huobi,DOGEBTC,2025-07-03,DOGEBTC_2025-07-03_klines.csv,0.39,0.0,,VOLATILE_CONTROL
huobi,DONKEYUSDT,2025-05-16,DONKEYUSDT_2025-05-16_klines.csv,6.31,69.7,micro,PUMP
huobi,DONKEYUSDT,2025-05-16,DONKEYUSDT_2025-05-16_klines_L2.csv,,,,ERROR
huobi,DONKEYUSDT,2025-05-16,DONKEYUSDT_2025-05-16_klines_market_ctx.csv,,,,ERROR
huobi,DONKEYUSDT,2025-05-16,DONKEYUSDT_2025-05-16_klines_trades.csv,,,,ERROR
huobi,DYDXUSDT,2025-11-03,DYDXUSDT_2025-11-03_klines.csv,0.4,0.0,,VOLATILE_CONTROL
huobi,DYMUSDT,2025-06-22,DYMUSDT_2025-06-22_klines.csv,2.82,0.0,,VOLATILE_CONTROL
huobi,EIGENUSDT,2025-07-04,EIGENUSDT_2025-07-04_klines.csv,0.09,0.0,,VOLATILE_CONTROL
huobi,ELAUSDT,2025-05-17,ELAUSDT_2025-05-17_klines.csv,0.64,0.0,,VOLATILE_CONTROL
huobi,ELFUSDT,2025-07-03,ELFUSDT_2025-07-03_klines.csv,0.42,0.0,,VOLATILE_CONTROL
huobi,ENAUSDT,2025-06-22,ENAUSDT_2025-06-22_klines.csv,2.04,0.0,,VOLATILE_CONTROL
huobi,EPICUSDT,2025-06-30,EPICUSDT_2025-06-30_klines.csv,1.62,0.0,,VOLATILE_CONTROL
huobi,EPTUSDT,2025-08-26,EPTUSDT_2025-08-26_klines.csv,2.07,0.0,,VOLATILE_CONTROL
huobi,ETHFIUSDT,2025-06-22,ETHFIUSDT_2025-06-22_klines.csv,2.53,0.0,,VOLATILE_CONTROL
huobi,ETHWUSDT,2025-06-29,ETHWUSDT_2025-06-29_klines.csv,0.33,0.0,,VOLATILE_CONTROL
huobi,ETNUSDT,2025-07-07,ETNUSDT_2025-07-07_klines.csv,0.42,0.0,,VOLATILE_CONTROL
huobi,EULUSDT,2025-06-22,EULUSDT_2025-06-22_klines.csv,2.96,0.0,,VOLATILE_CONTROL
huobi,EURRUSDT,2026-01-12,EURRUSDT_2026-01-12_klines.csv,0.0,0.0,,VOLATILE_CONTROL
huobi,FARTCOINUSDT,2025-06-05,FARTCOINUSDT_2025-06-05_klines.csv,2.77,0.0,,VOLATILE_CONTROL
huobi,FETUSDT,2025-10-20,FETUSDT_2025-10-20_klines.csv,1.24,0.0,,VOLATILE_CONTROL
huobi,FHEUSDT,2025-07-22,FHEUSDT_2025-07-22_klines.csv,1.12,0.0,,VOLATILE_CONTROL
huobi,FILUSDT,2025-10-20,FILUSDT_2025-10-20_klines.csv,0.28,0.0,,VOLATILE_CONTROL
huobi,FISUSDT,2025-06-19,FISUSDT_2025-06-19_klines.csv,1.57,0.0,,VOLATILE_CONTROL
huobi,FITFIUSDT,2025-07-28,FITFIUSDT_2025-07-28_klines.csv,0.79,0.0,,VOLATILE_CONTROL
huobi,FLOWUSDT,2026-02-20,FLOWUSDT_2026-02-20_klines.csv,0.0,0.0,,VOLATILE_CONTROL
huobi,FLRUSDT,2025-07-04,FLRUSDT_2025-07-04_klines.csv,0.0,0.0,,VOLATILE_CONTROL
huobi,FLUXUSDT,2025-06-22,FLUXUSDT_2025-06-22_klines.csv,0.44,0.0,,VOLATILE_CONTROL
huobi,FORTHUSDT,2025-08-02,FORTHUSDT_2025-08-02_klines.csv,1.73,0.0,,VOLATILE_CONTROL
huobi,FTTUSDT,2025-06-30,FTTUSDT_2025-06-30_klines.csv,1.24,0.0,,VOLATILE_CONTROL
huobi,FUNUSDT,2025-06-26,FUNUSDT_2025-06-26_klines.csv,0.32,0.0,,VOLATILE_CONTROL
huobi,FUSDT,2025-08-23,FUSDT_2025-08-23_klines.csv,0.53,0.0,,VOLATILE_CONTROL
huobi,FUSEUSDT,2025-06-04,FUSEUSDT_2025-06-04_klines.csv,1.22,0.0,,VOLATILE_CONTROL
huobi,GALAUSDT,2025-07-04,GALAUSDT_2025-07-04_klines.csv,0.67,0.0,,VOLATILE_CONTROL
huobi,GAME2USDT,2025-06-22,GAME2USDT_2025-06-22_klines.csv,0.64,0.0,,VOLATILE_CONTROL
huobi,GAMEBASEUSDT,2025-05-17,GAMEBASEUSDT_2025-05-17_klines.csv,1.06,0.0,,VOLATILE_CONTROL
huobi,GLMRUSDT,2025-11-06,GLMRUSDT_2025-11-06_klines.csv,0.31,0.0,,VOLATILE_CONTROL
huobi,GLMUSDT,2025-07-01,GLMUSDT_2025-07-01_klines.csv,0.54,0.0,,VOLATILE_CONTROL
huobi,GMTUSDT,2025-12-22,GMTUSDT_2025-12-22_klines.csv,1.39,0.0,,VOLATILE_CONTROL
huobi,GMXUSDT,2025-07-22,GMXUSDT_2025-07-22_klines.csv,2.92,0.0,,VOLATILE_CONTROL
huobi,GNOUSDT,2025-07-03,GNOUSDT_2025-07-03_klines.csv,2.34,0.0,,VOLATILE_CONTROL
huobi,GOATUSDT,2025-05-08,GOATUSDT_2025-05-08_klines.csv,6.32,34.78,micro,PUMP
huobi,GOATUSDT,2025-05-08,GOATUSDT_2025-05-08_klines_L2.csv,,,,ERROR
huobi,GOATUSDT,2025-05-08,GOATUSDT_2025-05-08_klines_market_ctx.csv,,,,ERROR
huobi,GOATUSDT,2025-05-08,GOATUSDT_2025-05-08_klines_trades.csv,,,,ERROR
huobi,GOATUSDT,2025-06-22,GOATUSDT_2025-06-22_klines.csv,2.25,0.0,,VOLATILE_CONTROL
huobi,GODSUSDT,2025-05-16,GODSUSDT_2025-05-16_klines.csv,1.64,0.0,,VOLATILE_CONTROL
huobi,GOMININGUSDT,2025-11-08,GOMININGUSDT_2025-11-08_klines.csv,0.65,0.0,,VOLATILE_CONTROL
huobi,GRASSUSDT,2025-11-01,GRASSUSDT_2025-11-01_klines.csv,3.44,0.0,,VOLATILE_CONTROL
huobi,GRIFFAINUSDT,2025-06-22,GRIFFAINUSDT_2025-06-22_klines.csv,1.7,0.0,,VOLATILE_CONTROL
huobi,GTAIUSDT,2025-09-09,GTAIUSDT_2025-09-09_klines.csv,1.89,0.0,,VOLATILE_CONTROL
huobi,GUSDT,2025-11-21,GUSDT_2025-11-21_klines.csv,1.88,0.0,,VOLATILE_CONTROL
huobi,HAEDALUSDT,2025-05-14,HAEDALUSDT_2025-05-14_klines.csv,3.35,0.0,,VOLATILE_CONTROL
huobi,HIPPOUSDT,2025-06-22,HIPPOUSDT_2025-06-22_klines.csv,1.1,0.0,,VOLATILE_CONTROL
huobi,HIVEUSDT,2025-06-13,HIVEUSDT_2025-06-13_klines.csv,0.0,0.0,,VOLATILE_CONTROL
huobi,HOUSEUSDT,2025-05-09,HOUSEUSDT_2025-05-09_klines.csv,8.39,131.42,micro,PUMP
huobi,HOUSEUSDT,2025-05-09,HOUSEUSDT_2025-05-09_klines_L2.csv,,,,ERROR
huobi,HOUSEUSDT,2025-05-09,HOUSEUSDT_2025-05-09_klines_market_ctx.csv,,,,ERROR
huobi,HOUSEUSDT,2025-05-09,HOUSEUSDT_2025-05-09_klines_trades.csv,,,,ERROR
huobi,HOUSEUSDT,2025-05-14,HOUSEUSDT_2025-05-14_klines.csv,10.43,68.12,small,PUMP
huobi,ICPUSDT,2025-10-20,ICPUSDT_2025-10-20_klines.csv,0.0,0.0,,VOLATILE_CONTROL
huobi,IDEXUSDT,2025-06-23,IDEXUSDT_2025-06-23_klines.csv,3.33,0.0,,VOLATILE_CONTROL
huobi,IDUSDT,2025-12-22,IDUSDT_2025-12-22_klines.csv,1.98,0.0,,VOLATILE_CONTROL
huobi,INITUSDT,2025-06-22,INITUSDT_2025-06-22_klines.csv,2.5,0.0,,VOLATILE_CONTROL
huobi,INJUSDT,2025-07-07,INJUSDT_2025-07-07_klines.csv,0.35,0.0,,VOLATILE_CONTROL
huobi,IOSTUSDT,2025-07-02,IOSTUSDT_2025-07-02_klines.csv,0.7,0.0,,VOLATILE_CONTROL
huobi,IOTXUSDT,2025-07-12,IOTXUSDT_2025-07-12_klines.csv,0.78,0.0,,VOLATILE_CONTROL
huobi,IOUSDT,2025-06-22,IOUSDT_2025-06-22_klines.csv,6.22,109.6,micro,PUMP
huobi,IOUSDT,2025-06-22,IOUSDT_2025-06-22_klines_L2.csv,,,,ERROR
huobi,IOUSDT,2025-06-22,IOUSDT_2025-06-22_klines_market_ctx.csv,,,,ERROR
huobi,IOUSDT,2025-06-22,IOUSDT_2025-06-22_klines_trades.csv,,,,ERROR
huobi,IPUSDT,2025-06-23,IPUSDT_2025-06-23_klines.csv,15.21,22.07,,VOLATILE_CONTROL
huobi,JOEUSDT,2026-03-20,JOEUSDT_2026-03-20_klines.csv,1.0,0.0,,VOLATILE_CONTROL
huobi,JTOUSDT,2025-12-18,JTOUSDT_2025-12-18_klines.csv,0.6,0.0,,VOLATILE_CONTROL
huobi,JUPUSDT,2025-07-03,JUPUSDT_2025-07-03_klines.csv,2.91,0.0,,VOLATILE_CONTROL
huobi,JUVUSDT,2025-07-22,JUVUSDT_2025-07-22_klines.csv,0.63,0.0,,VOLATILE_CONTROL
huobi,KAIAUSDT,2025-05-24,KAIAUSDT_2025-05-24_klines.csv,1.39,0.0,,VOLATILE_CONTROL
huobi,KAITOUSDT,2025-08-26,KAITOUSDT_2025-08-26_klines.csv,1.34,0.0,,VOLATILE_CONTROL
huobi,KAVAUSDT,2025-10-30,KAVAUSDT_2025-10-30_klines.csv,0.29,0.0,,VOLATILE_CONTROL
huobi,KERNELUSDT,2025-05-17,KERNELUSDT_2025-05-17_klines.csv,0.46,0.0,,VOLATILE_CONTROL
huobi,KIMAUSDT,2025-05-08,KIMAUSDT_2025-05-08_klines.csv,5.18,208.99,micro,PUMP
huobi,KIMAUSDT,2025-05-08,KIMAUSDT_2025-05-08_klines_L2.csv,,,,ERROR
huobi,KIMAUSDT,2025-05-08,KIMAUSDT_2025-05-08_klines_market_ctx.csv,,,,ERROR
huobi,KIMAUSDT,2025-05-08,KIMAUSDT_2025-05-08_klines_trades.csv,,,,ERROR
huobi,KIMAUSDT,2025-06-12,KIMAUSDT_2025-06-12_klines.csv,0.0,0.0,,VOLATILE_CONTROL
huobi,KNCUSDT,2025-06-23,KNCUSDT_2025-06-23_klines.csv,1.49,0.0,,VOLATILE_CONTROL
huobi,KSMUSDT,2025-10-23,KSMUSDT_2025-10-23_klines.csv,0.45,0.0,,VOLATILE_CONTROL
huobi,L3USDT,2025-05-15,L3USDT_2025-05-15_klines.csv,1.28,0.0,,VOLATILE_CONTROL
huobi,LATUSDT,2025-08-06,LATUSDT_2025-08-06_klines.csv,2.33,0.0,,VOLATILE_CONTROL
huobi,LAYERUSDT,2025-10-22,LAYERUSDT_2025-10-22_klines.csv,2.91,0.0,,VOLATILE_CONTROL
huobi,LFUSDT,2025-06-01,LFUSDT_2025-06-01_klines.csv,5.52,70.37,micro,PUMP
huobi,LFUSDT,2025-06-01,LFUSDT_2025-06-01_klines_L2.csv,,,,ERROR
huobi,LFUSDT,2025-06-01,LFUSDT_2025-06-01_klines_market_ctx.csv,,,,ERROR
huobi,LFUSDT,2025-06-01,LFUSDT_2025-06-01_klines_trades.csv,,,,ERROR
huobi,LMWRUSDT,2025-06-22,LMWRUSDT_2025-06-22_klines.csv,0.61,0.0,,VOLATILE_CONTROL
huobi,LPTUSDT,2025-05-14,LPTUSDT_2025-05-14_klines.csv,2.31,0.0,,VOLATILE_CONTROL
huobi,LQTYUSDT,2025-05-08,LQTYUSDT_2025-05-08_klines.csv,5.51,51.76,micro,PUMP
huobi,LQTYUSDT,2025-05-08,LQTYUSDT_2025-05-08_klines_L2.csv,,,,ERROR
huobi,LQTYUSDT,2025-05-08,LQTYUSDT_2025-05-08_klines_market_ctx.csv,,,,ERROR
huobi,LQTYUSDT,2025-05-08,LQTYUSDT_2025-05-08_klines_trades.csv,,,,ERROR
huobi,LQTYUSDT,2025-05-30,LQTYUSDT_2025-05-30_klines.csv,5.43,230.65,micro,PUMP
huobi,LRCUSDT,2025-07-04,LRCUSDT_2025-07-04_klines.csv,0.51,0.0,,VOLATILE_CONTROL
huobi,LSKUSDT,2025-06-23,LSKUSDT_2025-06-23_klines.csv,0.0,0.0,,VOLATILE_CONTROL
huobi,LUNAUSDT,2025-11-18,LUNAUSDT_2025-11-18_klines.csv,3.65,0.0,,VOLATILE_CONTROL
huobi,LUNCUSDT,2025-11-18,LUNCUSDT_2025-11-18_klines.csv,3.29,0.0,,VOLATILE_CONTROL
huobi,LVVAUSDT,2025-06-22,LVVAUSDT_2025-06-22_klines.csv,0.88,0.0,,VOLATILE_CONTROL
huobi,LWAUSDT,2025-05-14,LWAUSDT_2025-05-14_klines.csv,7.48,51.4,micro,PUMP
huobi,MAGICUSDT,2025-06-13,MAGICUSDT_2025-06-13_klines.csv,0.08,0.0,,VOLATILE_CONTROL
huobi,MANTAUSDT,2025-06-22,MANTAUSDT_2025-06-22_klines.csv,2.33,0.0,,VOLATILE_CONTROL
huobi,MAPOUSDT,2025-05-26,MAPOUSDT_2025-05-26_klines.csv,1.3,0.0,,VOLATILE_CONTROL
huobi,MASKUSDT,2025-05-11,MASKUSDT_2025-05-11_klines.csv,15.43,76.98,small,PUMP
huobi,MASKUSDT,2025-05-11,MASKUSDT_2025-05-11_klines_L2.csv,,,,ERROR
huobi,MASKUSDT,2025-05-11,MASKUSDT_2025-05-11_klines_market_ctx.csv,,,,ERROR
huobi,MASKUSDT,2025-05-11,MASKUSDT_2025-05-11_klines_trades.csv,,,,ERROR
huobi,MAVIAUSDT,2025-06-26,MAVIAUSDT_2025-06-26_klines.csv,2.91,0.0,,VOLATILE_CONTROL
huobi,MBLUSDT,2025-08-26,MBLUSDT_2025-08-26_klines.csv,1.68,0.0,,VOLATILE_CONTROL
huobi,MBOXUSDT,2025-06-19,MBOXUSDT_2025-06-19_klines.csv,0.45,0.0,,VOLATILE_CONTROL
huobi,MBXUSDT,2025-07-03,MBXUSDT_2025-07-03_klines.csv,2.86,0.0,,VOLATILE_CONTROL
huobi,MCRTUSDT,2025-10-22,MCRTUSDT_2025-10-22_klines.csv,2.19,0.0,,VOLATILE_CONTROL
huobi,MELANIAUSDT,2025-06-27,MELANIAUSDT_2025-06-27_klines.csv,0.0,0.0,,VOLATILE_CONTROL
huobi,MEMEFIUSDT,2025-06-13,MEMEFIUSDT_2025-06-13_klines.csv,0.5,0.0,,VOLATILE_CONTROL
huobi,MEMEUSDT,2025-06-22,MEMEUSDT_2025-06-22_klines.csv,1.42,0.0,,VOLATILE_CONTROL
huobi,MERLUSDT,2025-05-08,MERLUSDT_2025-05-08_klines.csv,5.5,54.72,micro,PUMP
huobi,MERLUSDT,2025-05-08,MERLUSDT_2025-05-08_klines_L2.csv,,,,ERROR
huobi,MERLUSDT,2025-05-08,MERLUSDT_2025-05-08_klines_market_ctx.csv,,,,ERROR
huobi,MERLUSDT,2025-05-08,MERLUSDT_2025-05-08_klines_trades.csv,,,,ERROR
huobi,MERLUSDT,2025-05-15,MERLUSDT_2025-05-15_klines.csv,1.0,0.0,,VOLATILE_CONTROL
huobi,METISUSDT,2025-06-17,METISUSDT_2025-06-17_klines.csv,2.33,0.0,,VOLATILE_CONTROL
huobi,MEUSDT,2025-12-30,MEUSDT_2025-12-30_klines.csv,0.05,0.0,,VOLATILE_CONTROL
huobi,MEWUSDT,2025-05-17,MEWUSDT_2025-05-17_klines.csv,0.6,0.0,,VOLATILE_CONTROL
huobi,MFERUSDT,2025-05-08,MFERUSDT_2025-05-08_klines.csv,7.69,133.33,micro,PUMP
huobi,MFERUSDT,2025-05-08,MFERUSDT_2025-05-08_klines_L2.csv,,,,ERROR
huobi,MFERUSDT,2025-05-08,MFERUSDT_2025-05-08_klines_market_ctx.csv,,,,ERROR
huobi,MFERUSDT,2025-05-08,MFERUSDT_2025-05-08_klines_trades.csv,,,,ERROR
huobi,MFERUSDT,2025-07-01,MFERUSDT_2025-07-01_klines.csv,1.32,0.0,,VOLATILE_CONTROL
huobi,MINAUSDT,2025-10-16,MINAUSDT_2025-10-16_klines.csv,1.42,0.0,,VOLATILE_CONTROL
huobi,MLNUSDT,2025-05-26,MLNUSDT_2025-05-26_klines.csv,0.76,0.0,,VOLATILE_CONTROL
huobi,MNDEUSDT,2025-05-08,MNDEUSDT_2025-05-08_klines.csv,6.2,54.17,micro,PUMP
huobi,MNDEUSDT,2025-05-08,MNDEUSDT_2025-05-08_klines_L2.csv,,,,ERROR
huobi,MNDEUSDT,2025-05-08,MNDEUSDT_2025-05-08_klines_market_ctx.csv,,,,ERROR
huobi,MNDEUSDT,2025-05-08,MNDEUSDT_2025-05-08_klines_trades.csv,,,,ERROR
huobi,MNDEUSDT,2025-05-14,MNDEUSDT_2025-05-14_klines.csv,0.72,0.0,,VOLATILE_CONTROL
huobi,MOCAUSDT,2025-06-24,MOCAUSDT_2025-06-24_klines.csv,22.24,24.63,,VOLATILE_CONTROL
huobi,MOGUSDT,2025-05-17,MOGUSDT_2025-05-17_klines.csv,1.21,0.0,,VOLATILE_CONTROL
huobi,MONUSDT,2025-06-13,MONUSDT_2025-06-13_klines.csv,0.47,0.0,,VOLATILE_CONTROL
huobi,MOODENGETHUSDT,2025-06-22,MOODENGETHUSDT_2025-06-22_klines.csv,3.17,0.0,,VOLATILE_CONTROL
huobi,MOODENGUSDT,2025-05-15,MOODENGUSDT_2025-05-15_klines.csv,1.42,0.0,,VOLATILE_CONTROL
huobi,MOVEUSDT,2025-06-18,MOVEUSDT_2025-06-18_klines.csv,1.62,0.0,,VOLATILE_CONTROL
huobi,MOVRUSDT,2025-10-28,MOVRUSDT_2025-10-28_klines.csv,3.79,0.0,,VOLATILE_CONTROL
huobi,MTLUSDT,2025-06-02,MTLUSDT_2025-06-02_klines.csv,0.0,0.0,,VOLATILE_CONTROL
huobi,MUBARAKUSDT,2025-05-17,MUBARAKUSDT_2025-05-17_klines.csv,1.13,0.0,,VOLATILE_CONTROL
huobi,MXUSDT,2025-08-03,MXUSDT_2025-08-03_klines.csv,0.41,0.0,,VOLATILE_CONTROL
huobi,NAKAUSDT,2025-06-22,NAKAUSDT_2025-06-22_klines.csv,2.39,0.0,,VOLATILE_CONTROL
huobi,NEARUSDT,2025-10-30,NEARUSDT_2025-10-30_klines.csv,1.39,0.0,,VOLATILE_CONTROL
huobi,NEIROUSDT,2025-06-22,NEIROUSDT_2025-06-22_klines.csv,1.65,0.0,,VOLATILE_CONTROL
huobi,NILUSDT,2025-11-04,NILUSDT_2025-11-04_klines.csv,2.78,0.0,,VOLATILE_CONTROL
huobi,NKNUSDT,2025-07-05,NKNUSDT_2025-07-05_klines.csv,3.04,0.0,,VOLATILE_CONTROL
huobi,NYMUSDT,2026-03-04,NYMUSDT_2026-03-04_klines.csv,1.18,0.0,,VOLATILE_CONTROL
huobi,OBOLUSDT,2025-07-08,OBOLUSDT_2025-07-08_klines.csv,0.42,0.0,,VOLATILE_CONTROL
huobi,OBTUSDT,2025-06-17,OBTUSDT_2025-06-17_klines.csv,0.93,0.0,,VOLATILE_CONTROL
huobi,OGNUSDT,2025-08-01,OGNUSDT_2025-08-01_klines.csv,1.03,0.0,,VOLATILE_CONTROL
huobi,OGUSDT,2025-07-09,OGUSDT_2025-07-09_klines.csv,0.5,0.0,,VOLATILE_CONTROL
huobi,ONDOUSDT,2025-07-04,ONDOUSDT_2025-07-04_klines.csv,0.82,0.0,,VOLATILE_CONTROL
huobi,ONTUSDT,2025-08-06,ONTUSDT_2025-08-06_klines.csv,0.15,0.0,,VOLATILE_CONTROL
huobi,OPUSDT,2025-07-04,OPUSDT_2025-07-04_klines.csv,0.94,0.0,,VOLATILE_CONTROL
huobi,ORBSUSDT,2025-05-31,ORBSUSDT_2025-05-31_klines.csv,0.2,0.0,,VOLATILE_CONTROL
huobi,ORCAUSDT,2025-06-25,ORCAUSDT_2025-06-25_klines.csv,0.12,0.0,,VOLATILE_CONTROL
huobi,ORDERUSDT,2025-07-01,ORDERUSDT_2025-07-01_klines.csv,0.26,0.0,,VOLATILE_CONTROL
huobi,ORDIUSDT,2025-06-22,ORDIUSDT_2025-06-22_klines.csv,2.1,0.0,,VOLATILE_CONTROL
huobi,OSMOUSDT,2025-09-30,OSMOUSDT_2025-09-30_klines.csv,0.22,0.0,,VOLATILE_CONTROL
huobi,OXTUSDT,2025-12-18,OXTUSDT_2025-12-18_klines.csv,1.66,0.0,,VOLATILE_CONTROL
huobi,PAALUSDT,2025-07-07,PAALUSDT_2025-07-07_klines.csv,1.71,0.0,,VOLATILE_CONTROL
huobi,PARTIUSDT,2025-05-08,PARTIUSDT_2025-05-08_klines.csv,20.14,67.48,medium,PUMP
huobi,PARTIUSDT,2025-05-08,PARTIUSDT_2025-05-08_klines_L2.csv,,,,ERROR
huobi,PARTIUSDT,2025-05-08,PARTIUSDT_2025-05-08_klines_market_ctx.csv,,,,ERROR
huobi,PARTIUSDT,2025-05-08,PARTIUSDT_2025-05-08_klines_trades.csv,,,,ERROR
huobi,PARTIUSDT,2025-07-05,PARTIUSDT_2025-07-05_klines.csv,2.78,0.0,,VOLATILE_CONTROL
huobi,PENDLEUSDT,2025-07-04,PENDLEUSDT_2025-07-04_klines.csv,1.05,0.0,,VOLATILE_CONTROL
huobi,PEOPLEUSDT,2025-10-30,PEOPLEUSDT_2025-10-30_klines.csv,1.24,0.0,,VOLATILE_CONTROL
huobi,PEPEUSDT,2025-07-04,PEPEUSDT_2025-07-04_klines.csv,1.43,0.0,,VOLATILE_CONTROL
huobi,PHAUSDT,2025-10-30,PHAUSDT_2025-10-30_klines.csv,1.26,0.0,,VOLATILE_CONTROL
huobi,PHBUSDT,2025-06-24,PHBUSDT_2025-06-24_klines.csv,1.11,0.0,,VOLATILE_CONTROL
huobi,PIPPINUSDT,2025-05-17,PIPPINUSDT_2025-05-17_klines.csv,1.64,0.0,,VOLATILE_CONTROL
huobi,PIXELUSDT,2025-06-22,PIXELUSDT_2025-06-22_klines.csv,2.64,0.0,,VOLATILE_CONTROL
huobi,PLUMEUSDT,2025-06-21,PLUMEUSDT_2025-06-21_klines.csv,2.11,0.0,,VOLATILE_CONTROL
huobi,PNUTUSDT,2025-06-22,PNUTUSDT_2025-06-22_klines.csv,3.26,0.0,,VOLATILE_CONTROL
huobi,POLSUSDT,2025-05-14,POLSUSDT_2025-05-14_klines.csv,1.07,0.0,,VOLATILE_CONTROL
huobi,POLUSDT,2025-12-23,POLUSDT_2025-12-23_klines.csv,0.83,0.0,,VOLATILE_CONTROL
huobi,POLYXUSDT,2025-06-23,POLYXUSDT_2025-06-23_klines.csv,1.15,0.0,,VOLATILE_CONTROL
huobi,PONDUSDT,2025-06-27,PONDUSDT_2025-06-27_klines.csv,1.59,0.0,,VOLATILE_CONTROL
huobi,PONKEUSDT,2025-06-22,PONKEUSDT_2025-06-22_klines.csv,2.93,0.0,,VOLATILE_CONTROL
huobi,PORTALUSDT,2025-05-15,PORTALUSDT_2025-05-15_klines.csv,0.16,0.0,,VOLATILE_CONTROL
huobi,POWRUSDT,2025-11-03,POWRUSDT_2025-11-03_klines.csv,0.54,0.0,,VOLATILE_CONTROL
huobi,PRCLUSDT,2025-06-19,PRCLUSDT_2025-06-19_klines.csv,10.78,97.22,small,PUMP
huobi,PRCLUSDT,2025-06-19,PRCLUSDT_2025-06-19_klines_L2.csv,,,,ERROR
huobi,PRCLUSDT,2025-06-19,PRCLUSDT_2025-06-19_klines_market_ctx.csv,,,,ERROR
huobi,PRCLUSDT,2025-06-19,PRCLUSDT_2025-06-19_klines_trades.csv,,,,ERROR
huobi,PROPYUSDT,2025-05-15,PROPYUSDT_2025-05-15_klines.csv,0.15,0.0,,VOLATILE_CONTROL
huobi,PSGUSDT,2025-06-23,PSGUSDT_2025-06-23_klines.csv,1.09,0.0,,VOLATILE_CONTROL
huobi,PUFFERUSDT,2025-07-01,PUFFERUSDT_2025-07-01_klines.csv,1.36,0.0,,VOLATILE_CONTROL
huobi,PUNDIXUSDT,2025-07-01,PUNDIXUSDT_2025-07-01_klines.csv,0.47,0.0,,VOLATILE_CONTROL
huobi,PUSHUSDT,2025-12-07,PUSHUSDT_2025-12-07_klines.csv,0.74,0.0,,VOLATILE_CONTROL
huobi,PYRUSDT,2025-07-17,PYRUSDT_2025-07-17_klines.csv,0.99,0.0,,VOLATILE_CONTROL
huobi,PYTHUSDT,2025-07-03,PYTHUSDT_2025-07-03_klines.csv,0.56,0.0,,VOLATILE_CONTROL
huobi,QTUMUSDT,2025-08-06,QTUMUSDT_2025-08-06_klines.csv,0.11,0.0,,VOLATILE_CONTROL
huobi,QUICKUSDT,2025-07-04,QUICKUSDT_2025-07-04_klines.csv,1.58,0.0,,VOLATILE_CONTROL
huobi,RACAUSDT,2025-08-04,RACAUSDT_2025-08-04_klines.csv,1.11,0.0,,VOLATILE_CONTROL
huobi,RADUSDT,2025-12-16,RADUSDT_2025-12-16_klines.csv,1.23,0.0,,VOLATILE_CONTROL
huobi,RATSUSDT,2025-09-09,RATSUSDT_2025-09-09_klines.csv,3.17,0.0,,VOLATILE_CONTROL
huobi,RAYUSDT,2025-06-22,RAYUSDT_2025-06-22_klines.csv,1.68,0.0,,VOLATILE_CONTROL
huobi,RDNTUSDT,2025-06-20,RDNTUSDT_2025-06-20_klines.csv,5.69,58.82,micro,PUMP
huobi,RDNTUSDT,2025-06-20,RDNTUSDT_2025-06-20_klines_L2.csv,,,,ERROR
huobi,RDNTUSDT,2025-06-20,RDNTUSDT_2025-06-20_klines_market_ctx.csv,,,,ERROR
huobi,RDNTUSDT,2025-06-20,RDNTUSDT_2025-06-20_klines_trades.csv,,,,ERROR
huobi,REEFUSDT,2025-06-30,REEFUSDT_2025-06-30_klines.csv,7.51,120.0,micro,PUMP
huobi,REEFUSDT,2025-06-30,REEFUSDT_2025-06-30_klines_L2.csv,,,,ERROR
huobi,REEFUSDT,2025-06-30,REEFUSDT_2025-06-30_klines_market_ctx.csv,,,,ERROR
huobi,REEFUSDT,2025-06-30,REEFUSDT_2025-06-30_klines_trades.csv,,,,ERROR
huobi,REIUSDT,2025-06-23,REIUSDT_2025-06-23_klines.csv,0.0,0.0,,VOLATILE_CONTROL
huobi,RENDERUSDT,2025-07-04,RENDERUSDT_2025-07-04_klines.csv,1.05,0.0,,VOLATILE_CONTROL
huobi,REQUSDT,2026-02-23,REQUSDT_2026-02-23_klines.csv,0.31,0.0,,VOLATILE_CONTROL
huobi,REZUSDT,2025-06-22,REZUSDT_2025-06-22_klines.csv,0.0,0.0,,VOLATILE_CONTROL
huobi,RLCUSDT,2025-07-05,RLCUSDT_2025-07-05_klines.csv,3.46,0.0,,VOLATILE_CONTROL
huobi,ROCKUSDT,2025-10-16,ROCKUSDT_2025-10-16_klines.csv,0.45,0.0,,VOLATILE_CONTROL
huobi,RONINUSDT,2025-06-22,RONINUSDT_2025-06-22_klines.csv,1.26,0.0,,VOLATILE_CONTROL
huobi,ROOTUSDT,2025-05-15,ROOTUSDT_2025-05-15_klines.csv,0.19,0.0,,VOLATILE_CONTROL
huobi,ROUTEUSDT,2025-07-04,ROUTEUSDT_2025-07-04_klines.csv,2.02,0.0,,VOLATILE_CONTROL
huobi,RPLUSDT,2025-05-24,RPLUSDT_2025-05-24_klines.csv,0.0,0.0,,VOLATILE_CONTROL
huobi,RSRUSDT,2025-06-22,RSRUSDT_2025-06-22_klines.csv,8.1,109.19,micro,PUMP
huobi,RSRUSDT,2025-06-22,RSRUSDT_2025-06-22_klines_L2.csv,,,,ERROR
huobi,RSRUSDT,2025-06-22,RSRUSDT_2025-06-22_klines_market_ctx.csv,,,,ERROR
huobi,RSRUSDT,2025-06-22,RSRUSDT_2025-06-22_klines_trades.csv,,,,ERROR
huobi,RSS3USDT,2025-08-01,RSS3USDT_2025-08-01_klines.csv,0.48,0.0,,VOLATILE_CONTROL
huobi,RVNUSDT,2025-05-17,RVNUSDT_2025-05-17_klines.csv,0.55,0.0,,VOLATILE_CONTROL
huobi,SAFEUSDT,2025-05-17,SAFEUSDT_2025-05-17_klines.csv,0.04,0.0,,VOLATILE_CONTROL
huobi,SAGAUSDT,2025-06-22,SAGAUSDT_2025-06-22_klines.csv,0.87,0.0,,VOLATILE_CONTROL
huobi,SANDUSDT,2026-01-12,SANDUSDT_2026-01-12_klines.csv,1.98,0.0,,VOLATILE_CONTROL
huobi,SAROSUSDT,2025-07-05,SAROSUSDT_2025-07-05_klines.csv,2.99,0.0,,VOLATILE_CONTROL
huobi,SATSUSDT,2025-06-22,SATSUSDT_2025-06-22_klines.csv,0.86,0.0,,VOLATILE_CONTROL
huobi,SCAUSDT,2025-06-13,SCAUSDT_2025-06-13_klines.csv,0.55,0.0,,VOLATILE_CONTROL
huobi,SCRTUSDT,2025-05-14,SCRTUSDT_2025-05-14_klines.csv,0.64,0.0,,VOLATILE_CONTROL
huobi,SCRUSDT,2025-06-25,SCRUSDT_2025-06-25_klines.csv,1.06,0.0,,VOLATILE_CONTROL
huobi,SCUSDT,2025-06-28,SCUSDT_2025-06-28_klines.csv,0.38,0.0,,VOLATILE_CONTROL
huobi,SDUSDT,2025-05-17,SDUSDT_2025-05-17_klines.csv,0.0,0.0,,VOLATILE_CONTROL
huobi,SEIUSDT,2025-06-06,SEIUSDT_2025-06-06_klines.csv,0.77,0.0,,VOLATILE_CONTROL
huobi,SFUNDUSDT,2025-06-02,SFUNDUSDT_2025-06-02_klines.csv,0.28,0.0,,VOLATILE_CONTROL
huobi,SHELLUSDT,2025-07-06,SHELLUSDT_2025-07-06_klines.csv,0.0,0.0,,VOLATILE_CONTROL
huobi,SKLUSDT,2025-07-02,SKLUSDT_2025-07-02_klines.csv,3.03,0.0,,VOLATILE_CONTROL
huobi,SKYAIUSDT,2025-05-08,SKYAIUSDT_2025-05-08_klines.csv,7.25,34.78,micro,PUMP
huobi,SKYAIUSDT,2025-05-08,SKYAIUSDT_2025-05-08_klines_L2.csv,,,,ERROR
huobi,SKYAIUSDT,2025-05-08,SKYAIUSDT_2025-05-08_klines_market_ctx.csv,,,,ERROR
huobi,SKYAIUSDT,2025-05-08,SKYAIUSDT_2025-05-08_klines_trades.csv,,,,ERROR
huobi,SKYAIUSDT,2025-06-14,SKYAIUSDT_2025-06-14_klines.csv,0.12,0.0,,VOLATILE_CONTROL
huobi,SNSUSDT,2025-05-12,SNSUSDT_2025-05-12_klines.csv,5.31,135.15,micro,PUMP
huobi,SNSUSDT,2025-05-12,SNSUSDT_2025-05-12_klines_L2.csv,,,,ERROR
huobi,SNSUSDT,2025-05-12,SNSUSDT_2025-05-12_klines_market_ctx.csv,,,,ERROR
huobi,SNSUSDT,2025-05-12,SNSUSDT_2025-05-12_klines_trades.csv,,,,ERROR
huobi,SNSUSDT,2025-05-21,SNSUSDT_2025-05-21_klines.csv,4.82,0.0,,VOLATILE_CONTROL
huobi,SNTUSDT,2025-05-14,SNTUSDT_2025-05-14_klines.csv,0.43,0.0,,VOLATILE_CONTROL
huobi,SNXUSDT,2025-09-08,SNXUSDT_2025-09-08_klines.csv,0.92,0.0,,VOLATILE_CONTROL
huobi,SOLVUSDT,2026-02-05,SOLVUSDT_2026-02-05_klines.csv,2.82,0.0,,VOLATILE_CONTROL
huobi,SPAUSDT,2025-07-13,SPAUSDT_2025-07-13_klines.csv,0.14,0.0,,VOLATILE_CONTROL
huobi,SPELLUSDT,2025-07-25,SPELLUSDT_2025-07-25_klines.csv,0.19,0.0,,VOLATILE_CONTROL
huobi,SSVUSDT,2025-06-22,SSVUSDT_2025-06-22_klines.csv,3.34,0.0,,VOLATILE_CONTROL
huobi,STEEMUSDT,2026-02-08,STEEMUSDT_2026-02-08_klines.csv,4.34,0.0,,VOLATILE_CONTROL
huobi,STGUSDT,2025-08-02,STGUSDT_2025-08-02_klines.csv,0.0,0.0,,VOLATILE_CONTROL
huobi,STORJUSDT,2025-11-03,STORJUSDT_2025-11-03_klines.csv,0.12,0.0,,VOLATILE_CONTROL
huobi,STOUSDT,2025-06-21,STOUSDT_2025-06-21_klines.csv,2.83,0.0,,VOLATILE_CONTROL
huobi,STRKUSDT,2025-06-22,STRKUSDT_2025-06-22_klines.csv,0.57,0.0,,VOLATILE_CONTROL
huobi,STRXUSDT,2025-05-19,STRXUSDT_2025-05-19_klines.csv,1.75,0.0,,VOLATILE_CONTROL
huobi,SUIUSDT,2025-06-29,SUIUSDT_2025-06-29_klines.csv,0.77,0.0,,VOLATILE_CONTROL
huobi,SUKUUSDT,2025-06-30,SUKUUSDT_2025-06-30_klines.csv,0.0,0.0,,VOLATILE_CONTROL
huobi,SUNDOGUSDT,2025-12-17,SUNDOGUSDT_2025-12-17_klines.csv,0.29,0.0,,VOLATILE_CONTROL
huobi,SUNUSDT,2025-09-01,SUNUSDT_2025-09-01_klines.csv,0.08,0.0,,VOLATILE_CONTROL
huobi,SUSDT,2025-11-03,SUSDT_2025-11-03_klines.csv,0.43,0.0,,VOLATILE_CONTROL
huobi,SUSHIUSDT,2025-06-22,SUSHIUSDT_2025-06-22_klines.csv,1.89,0.0,,VOLATILE_CONTROL
huobi,SWAPUSDT,2025-10-31,SWAPUSDT_2025-10-31_klines.csv,2.39,0.0,,VOLATILE_CONTROL
huobi,SWARMSUSDT,2025-06-14,SWARMSUSDT_2025-06-14_klines.csv,0.49,0.0,,VOLATILE_CONTROL
huobi,SWEATUSDT,2025-10-11,SWEATUSDT_2025-10-11_klines.csv,5.24,358.89,micro,PUMP
huobi,SWEATUSDT,2025-10-11,SWEATUSDT_2025-10-11_klines_L2.csv,,,,ERROR
huobi,SWEATUSDT,2025-10-11,SWEATUSDT_2025-10-11_klines_market_ctx.csv,,,,ERROR
huobi,SWEATUSDT,2025-10-11,SWEATUSDT_2025-10-11_klines_trades.csv,,,,ERROR
huobi,SWELLUSDT,2025-06-22,SWELLUSDT_2025-06-22_klines.csv,1.05,0.0,,VOLATILE_CONTROL
huobi,SWFTCUSDT,2025-11-05,SWFTCUSDT_2025-11-05_klines.csv,0.55,0.0,,VOLATILE_CONTROL
huobi,SXPUSDT,2025-11-30,SXPUSDT_2025-11-30_klines.csv,0.0,0.0,,VOLATILE_CONTROL
huobi,SYNUSDT,2025-06-23,SYNUSDT_2025-06-23_klines.csv,1.89,0.0,,VOLATILE_CONTROL
huobi,SYRUPUSDT,2025-05-14,SYRUPUSDT_2025-05-14_klines.csv,1.43,0.0,,VOLATILE_CONTROL
huobi,TAIKOUSDT,2025-06-22,TAIKOUSDT_2025-06-22_klines.csv,1.34,0.0,,VOLATILE_CONTROL
huobi,THETAUSDT,2025-07-24,THETAUSDT_2025-07-24_klines.csv,1.83,0.0,,VOLATILE_CONTROL
huobi,TIAUSDT,2025-07-03,TIAUSDT_2025-07-03_klines.csv,3.61,0.0,,VOLATILE_CONTROL
huobi,TLMUSDT,2025-12-13,TLMUSDT_2025-12-13_klines.csv,0.87,0.0,,VOLATILE_CONTROL
huobi,TNSRUSDT,2025-05-15,TNSRUSDT_2025-05-15_klines.csv,2.08,0.0,,VOLATILE_CONTROL
huobi,TONUSDT,2026-04-18,TONUSDT_2026-04-18_klines.csv,0.11,0.0,,VOLATILE_CONTROL
huobi,TORNUSDT,2025-08-26,TORNUSDT_2025-08-26_klines.csv,0.69,0.0,,VOLATILE_CONTROL
huobi,TRACUSDT,2025-07-02,TRACUSDT_2025-07-02_klines.csv,1.34,0.0,,VOLATILE_CONTROL
huobi,TRBUSDT,2025-05-14,TRBUSDT_2025-05-14_klines.csv,1.59,0.0,,VOLATILE_CONTROL
huobi,TRUMPUSDT,2025-10-23,TRUMPUSDT_2025-10-23_klines.csv,0.9,0.0,,VOLATILE_CONTROL
huobi,TSTUSDT,2025-08-29,TSTUSDT_2025-08-29_klines.csv,0.0,0.0,,VOLATILE_CONTROL
huobi,TTUSDT,2025-12-19,TTUSDT_2025-12-19_klines.csv,3.59,0.0,,VOLATILE_CONTROL
huobi,TURBOUSDT,2025-06-22,TURBOUSDT_2025-06-22_klines.csv,1.49,0.0,,VOLATILE_CONTROL
huobi,TUSDUSDT,2025-08-10,TUSDUSDT_2025-08-10_klines.csv,0.12,0.0,,VOLATILE_CONTROL
huobi,UFDUSDT,2025-06-22,UFDUSDT_2025-06-22_klines.csv,4.86,0.0,,VOLATILE_CONTROL
huobi,UMAUSDT,2025-05-21,UMAUSDT_2025-05-21_klines.csv,0.6,0.0,,VOLATILE_CONTROL
huobi,USDQUSDT,2026-02-15,USDQUSDT_2026-02-15_klines.csv,0.0,0.0,,VOLATILE_CONTROL
huobi,USDRUSDT,2025-07-15,USDRUSDT_2025-07-15_klines.csv,0.0,0.0,,VOLATILE_CONTROL
huobi,USTCUSDT,2025-11-18,USTCUSDT_2025-11-18_klines.csv,1.54,0.0,,VOLATILE_CONTROL
huobi,UXLINKUSDT,2025-10-27,UXLINKUSDT_2025-10-27_klines.csv,0.0,0.0,,VOLATILE_CONTROL
huobi,VELODROMEUSDT,2025-06-23,VELODROMEUSDT_2025-06-23_klines.csv,2.95,0.0,,VOLATILE_CONTROL
huobi,VELOUSDT,2025-06-29,VELOUSDT_2025-06-29_klines.csv,1.5,0.0,,VOLATILE_CONTROL
huobi,VICUSDT,2025-06-19,VICUSDT_2025-06-19_klines.csv,2.78,0.0,,VOLATILE_CONTROL
huobi,VINEUSDT,2025-06-23,VINEUSDT_2025-06-23_klines.csv,2.36,0.0,,VOLATILE_CONTROL
huobi,VINUUSDT,2025-05-14,VINUUSDT_2025-05-14_klines.csv,2.87,0.0,,VOLATILE_CONTROL
huobi,VIRTUALUSDT,2025-05-17,VIRTUALUSDT_2025-05-17_klines.csv,0.64,0.0,,VOLATILE_CONTROL
huobi,VOXELUSDT,2025-06-22,VOXELUSDT_2025-06-22_klines.csv,1.09,0.0,,VOLATILE_CONTROL
huobi,VRUSDT,2025-08-30,VRUSDT_2025-08-30_klines.csv,0.34,0.0,,VOLATILE_CONTROL
huobi,WAVESUSDT,2025-08-01,WAVESUSDT_2025-08-01_klines.csv,0.34,0.0,,VOLATILE_CONTROL
huobi,WAXLUSDT,2025-05-22,WAXLUSDT_2025-05-22_klines.csv,2.2,0.0,,VOLATILE_CONTROL
huobi,WAXPUSDT,2026-03-01,WAXPUSDT_2026-03-01_klines.csv,0.0,0.0,,VOLATILE_CONTROL
huobi,WELLUSDT,2025-05-17,WELLUSDT_2025-05-17_klines.csv,0.08,0.0,,VOLATILE_CONTROL
huobi,WIFUSDT,2025-06-22,WIFUSDT_2025-06-22_klines.csv,2.4,0.0,,VOLATILE_CONTROL
huobi,WINUSDT,2025-11-18,WINUSDT_2025-11-18_klines.csv,0.39,0.0,,VOLATILE_CONTROL
huobi,WLDUSDT,2025-05-17,WLDUSDT_2025-05-17_klines.csv,0.27,0.0,,VOLATILE_CONTROL
huobi,WMTXUSDT,2025-08-25,WMTXUSDT_2025-08-25_klines.csv,1.53,0.0,,VOLATILE_CONTROL
huobi,WSDMUSDT,2025-09-26,WSDMUSDT_2025-09-26_klines.csv,0.12,0.0,,VOLATILE_CONTROL
huobi,WUSDT,2025-07-04,WUSDT_2025-07-04_klines.csv,0.84,0.0,,VOLATILE_CONTROL
huobi,XCHUSDT,2025-10-25,XCHUSDT_2025-10-25_klines.csv,3.88,0.0,,VOLATILE_CONTROL
huobi,XCNUSDT,2025-07-07,XCNUSDT_2025-07-07_klines.csv,2.51,0.0,,VOLATILE_CONTROL
huobi,XECUSDT,2025-12-01,XECUSDT_2025-12-01_klines.csv,0.39,0.0,,VOLATILE_CONTROL
huobi,XIONUSDT,2025-05-23,XIONUSDT_2025-05-23_klines.csv,1.89,0.0,,VOLATILE_CONTROL
huobi,XMRUSDT,2025-10-22,XMRUSDT_2025-10-22_klines.csv,1.83,0.0,,VOLATILE_CONTROL
huobi,XNOUSDT,2025-10-17,XNOUSDT_2025-10-17_klines.csv,0.69,0.0,,VOLATILE_CONTROL
huobi,XRUSDT,2025-08-06,XRUSDT_2025-08-06_klines.csv,0.08,0.0,,VOLATILE_CONTROL
huobi,XTERUSDT,2025-08-05,XTERUSDT_2025-08-05_klines.csv,0.0,0.0,,VOLATILE_CONTROL
huobi,XTZUSDT,2025-07-01,XTZUSDT_2025-07-01_klines.csv,0.76,0.0,,VOLATILE_CONTROL
huobi,XVGUSDT,2025-06-22,XVGUSDT_2025-06-22_klines.csv,2.75,0.0,,VOLATILE_CONTROL
huobi,XYOUSDT,2025-06-25,XYOUSDT_2025-06-25_klines.csv,0.88,0.0,,VOLATILE_CONTROL
huobi,YGGUSDT,2025-08-25,YGGUSDT_2025-08-25_klines.csv,1.78,0.0,,VOLATILE_CONTROL
huobi,ZBCNUSDT,2025-05-14,ZBCNUSDT_2025-05-14_klines.csv,0.34,0.0,,VOLATILE_CONTROL
huobi,ZENTUSDT,2025-08-11,ZENTUSDT_2025-08-11_klines.csv,1.61,0.0,,VOLATILE_CONTROL
huobi,ZENUSDT,2025-09-14,ZENUSDT_2025-09-14_klines.csv,0.62,0.0,,VOLATILE_CONTROL
huobi,ZEREBROUSDT,2025-06-21,ZEREBROUSDT_2025-06-21_klines.csv,0.0,0.0,,VOLATILE_CONTROL
huobi,ZETAUSDT,2026-01-20,ZETAUSDT_2026-01-20_klines.csv,0.0,0.0,,VOLATILE_CONTROL
huobi,ZEUSUSDT,2025-06-02,ZEUSUSDT_2025-06-02_klines.csv,0.65,0.0,,VOLATILE_CONTROL
huobi,ZIGUSDT,2025-07-06,ZIGUSDT_2025-07-06_klines.csv,0.0,0.0,,VOLATILE_CONTROL
huobi,ZILUSDT,2026-01-19,ZILUSDT_2026-01-19_klines.csv,0.0,0.0,,VOLATILE_CONTROL
huobi,ZKUSDT,2025-05-15,ZKUSDT_2025-05-15_klines.csv,0.97,0.0,,VOLATILE_CONTROL
huobi,ZRCUSDT,2025-06-17,ZRCUSDT_2025-06-17_klines.csv,3.34,0.0,,VOLATILE_CONTROL
huobi,ZROUSDT,2025-08-02,ZROUSDT_2025-08-02_klines.csv,5.08,0.0,,VOLATILE_CONTROL
huobi,ZRXUSDT,2025-12-11,ZRXUSDT_2025-12-11_klines.csv,0.21,0.0,,VOLATILE_CONTROL
huobi,我踏马来了USDT,2026-01-14,我踏马来了USDT_2026-01-14_klines.csv,27.59,50.38,medium,PUMP
huobi,我踏马来了USDT,2026-01-14,我踏马来了USDT_2026-01-14_klines_L2.csv,,,,ERROR
huobi,我踏马来了USDT,2026-01-14,我踏马来了USDT_2026-01-14_klines_market_ctx.csv,,,,ERROR
huobi,我踏马来了USDT,2026-01-14,我踏马来了USDT_2026-01-14_klines_trades.csv,,,,ERROR
kucoin,0GUSDT,2025-09-22,0GUSDT_2025-09-22_klines.csv,3377.65,40.47,extreme,PUMP
kucoin,0GUSDT,2025-09-22,0GUSDT_2025-09-22_klines_L2.csv,,,,ERROR
kucoin,0GUSDT,2025-09-22,0GUSDT_2025-09-22_klines_market_ctx.csv,,,,ERROR
kucoin,0GUSDT,2025-09-22,0GUSDT_2025-09-22_klines_trades.csv,,,,ERROR
kucoin,0GUSDT,2025-09-23,0GUSDT_2025-09-23_klines.csv,54.99,81.94,extreme,PUMP
kucoin,0GUSDT,2025-09-23,0GUSDT_2025-09-23_klines_L2.csv,,,,ERROR
kucoin,0GUSDT,2025-09-23,0GUSDT_2025-09-23_klines_market_ctx.csv,,,,ERROR
kucoin,0GUSDT,2025-09-23,0GUSDT_2025-09-23_klines_trades.csv,,,,ERROR
kucoin,0GUSDT,2025-10-10,0GUSDT_2025-10-10_klines.csv,8.92,468.05,micro,PUMP
kucoin,0GUSDT,2025-10-10,0GUSDT_2025-10-10_klines_L2.csv,,,,ERROR
kucoin,0GUSDT,2025-10-10,0GUSDT_2025-10-10_klines_market_ctx.csv,,,,ERROR
kucoin,0GUSDT,2025-10-10,0GUSDT_2025-10-10_klines_trades.csv,,,,ERROR
kucoin,0GUSDT,2025-11-03,0GUSDT_2025-11-03_klines.csv,66.41,68.21,extreme,PUMP
kucoin,0GUSDT,2025-11-03,0GUSDT_2025-11-03_klines_L2.csv,,,,ERROR
kucoin,0GUSDT,2025-11-03,0GUSDT_2025-11-03_klines_market_ctx.csv,,,,ERROR
kucoin,0GUSDT,2025-11-03,0GUSDT_2025-11-03_klines_trades.csv,,,,ERROR
kucoin,0GUSDT,2025-11-08,0GUSDT_2025-11-08_klines.csv,79.43,71.22,extreme,PUMP
kucoin,0GUSDT,2025-11-08,0GUSDT_2025-11-08_klines_L2.csv,,,,ERROR
kucoin,0GUSDT,2025-11-08,0GUSDT_2025-11-08_klines_market_ctx.csv,,,,ERROR
kucoin,0GUSDT,2025-11-08,0GUSDT_2025-11-08_klines_trades.csv,,,,ERROR
kucoin,0GUSDT,2025-11-09,0GUSDT_2025-11-09_klines.csv,34.13,81.96,large,PUMP
kucoin,0GUSDT,2025-11-09,0GUSDT_2025-11-09_klines_L2.csv,,,,ERROR
kucoin,0GUSDT,2025-11-09,0GUSDT_2025-11-09_klines_market_ctx.csv,,,,ERROR
kucoin,0GUSDT,2025-11-09,0GUSDT_2025-11-09_klines_trades.csv,,,,ERROR
kucoin,0GUSDT,2025-12-25,0GUSDT_2025-12-25_klines.csv,55.63,53.67,extreme,PUMP
kucoin,0GUSDT,2025-12-25,0GUSDT_2025-12-25_klines_L2.csv,,,,ERROR
kucoin,0GUSDT,2025-12-25,0GUSDT_2025-12-25_klines_market_ctx.csv,,,,ERROR
kucoin,0GUSDT,2025-12-25,0GUSDT_2025-12-25_klines_trades.csv,,,,ERROR
kucoin,0GUSDT,2026-01-25,0GUSDT_2026-01-25_klines.csv,11.26,287.94,small,PUMP
kucoin,0GUSDT,2026-01-25,0GUSDT_2026-01-25_klines_L2.csv,,,,ERROR
kucoin,0GUSDT,2026-01-25,0GUSDT_2026-01-25_klines_market_ctx.csv,,,,ERROR
kucoin,0GUSDT,2026-01-25,0GUSDT_2026-01-25_klines_trades.csv,,,,ERROR
kucoin,0GUSDT,2026-02-12,0GUSDT_2026-02-12_klines.csv,52.27,76.75,extreme,PUMP
kucoin,0GUSDT,2026-02-12,0GUSDT_2026-02-12_klines_L2.csv,,,,ERROR
kucoin,0GUSDT,2026-02-12,0GUSDT_2026-02-12_klines_market_ctx.csv,,,,ERROR
kucoin,0GUSDT,2026-02-12,0GUSDT_2026-02-12_klines_trades.csv,,,,ERROR
kucoin,0GUSDT,2026-04-12,0GUSDT_2026-04-12_klines.csv,42.0,77.05,major,PUMP
kucoin,0GUSDT,2026-04-12,0GUSDT_2026-04-12_klines_L2.csv,,,,ERROR
kucoin,0GUSDT,2026-04-12,0GUSDT_2026-04-12_klines_market_ctx.csv,,,,ERROR
kucoin,0GUSDT,2026-04-12,0GUSDT_2026-04-12_klines_trades.csv,,,,ERROR
kucoin,1INCHUSDT,2025-06-25,1INCHUSDT_2025-06-25_klines.csv,0.01,0.0,,VOLATILE_CONTROL
kucoin,AAVEBTC,2025-08-06,AAVEBTC_2025-08-06_klines.csv,0.0,0.0,,VOLATILE_CONTROL
kucoin,AAVEUSDT,2025-08-06,AAVEUSDT_2025-08-06_klines.csv,0.12,0.0,,VOLATILE_CONTROL
kucoin,ACHUSDT,2025-07-02,ACHUSDT_2025-07-02_klines.csv,0.71,0.0,,VOLATILE_CONTROL
kucoin,ACQUSDT,2025-06-18,ACQUSDT_2025-06-18_klines.csv,0.35,0.0,,VOLATILE_CONTROL
kucoin,ACSUSDT,2025-06-19,ACSUSDT_2025-06-19_klines.csv,1.14,0.0,,VOLATILE_CONTROL
kucoin,ACTSOLUSDT,2025-05-09,ACTSOLUSDT_2025-05-09_klines.csv,7.35,88.29,micro,PUMP
kucoin,ACTSOLUSDT,2025-05-09,ACTSOLUSDT_2025-05-09_klines_L2.csv,,,,ERROR
kucoin,ACTSOLUSDT,2025-05-09,ACTSOLUSDT_2025-05-09_klines_market_ctx.csv,,,,ERROR
kucoin,ACTSOLUSDT,2025-05-09,ACTSOLUSDT_2025-05-09_klines_trades.csv,,,,ERROR
kucoin,ACTSOLUSDT,2025-10-31,ACTSOLUSDT_2025-10-31_klines.csv,2.06,0.0,,VOLATILE_CONTROL
kucoin,ACXUSDT,2025-07-01,ACXUSDT_2025-07-01_klines.csv,0.0,0.0,,VOLATILE_CONTROL
kucoin,AERGOUSDT,2025-06-18,AERGOUSDT_2025-06-18_klines.csv,0.14,0.0,,VOLATILE_CONTROL
kucoin,AEROUSDT,2025-05-29,AEROUSDT_2025-05-29_klines.csv,3.22,0.0,,VOLATILE_CONTROL
kucoin,AEVOUSDT,2025-06-23,AEVOUSDT_2025-06-23_klines.csv,1.12,0.0,,VOLATILE_CONTROL
kucoin,AGLDUSDT,2026-01-12,AGLDUSDT_2026-01-12_klines.csv,0.93,0.0,,VOLATILE_CONTROL
kucoin,AIOZUSDT,2025-07-04,AIOZUSDT_2025-07-04_klines.csv,0.0,0.0,,VOLATILE_CONTROL
kucoin,AIXBTUSDT,2025-05-18,AIXBTUSDT_2025-05-18_klines.csv,1.91,0.0,,VOLATILE_CONTROL
kucoin,ALEPHUSDT,2025-06-18,ALEPHUSDT_2025-06-18_klines.csv,0.4,0.0,,VOLATILE_CONTROL
kucoin,ALEXUSDT,2025-07-15,ALEXUSDT_2025-07-15_klines.csv,2.68,0.0,,VOLATILE_CONTROL
kucoin,ALICEUSDT,2025-09-21,ALICEUSDT_2025-09-21_klines.csv,0.0,0.0,,VOLATILE_CONTROL
kucoin,ALPINEUSDT,2025-06-19,ALPINEUSDT_2025-06-19_klines.csv,0.0,0.0,,VOLATILE_CONTROL
kucoin,ALTUSDT,2025-05-29,ALTUSDT_2025-05-29_klines.csv,4.85,0.0,,VOLATILE_CONTROL
kucoin,ALUUSDT,2025-07-02,ALUUSDT_2025-07-02_klines.csv,7.0,12.12,,VOLATILE_CONTROL
kucoin,AMPUSDT,2025-12-22,AMPUSDT_2025-12-22_klines.csv,1.47,0.0,,VOLATILE_CONTROL
kucoin,ANIMEUSDT,2025-05-22,ANIMEUSDT_2025-05-22_klines.csv,8.29,8.12,,VOLATILE_CONTROL
kucoin,ANKRUSDT,2026-02-28,ANKRUSDT_2026-02-28_klines.csv,0.24,0.0,,VOLATILE_CONTROL
kucoin,APEUSDT,2026-04-06,APEUSDT_2026-04-06_klines.csv,0.93,0.0,,VOLATILE_CONTROL
kucoin,API3USDT,2025-07-03,API3USDT_2025-07-03_klines.csv,1.45,0.0,,VOLATILE_CONTROL
kucoin,ARCAUSDT,2025-05-15,ARCAUSDT_2025-05-15_klines.csv,4.0,0.0,,VOLATILE_CONTROL
kucoin,ARCSOLUSDT,2025-05-09,ARCSOLUSDT_2025-05-09_klines.csv,5.8,65.79,micro,PUMP
kucoin,ARCSOLUSDT,2025-05-09,ARCSOLUSDT_2025-05-09_klines_L2.csv,,,,ERROR
kucoin,ARCSOLUSDT,2025-05-09,ARCSOLUSDT_2025-05-09_klines_market_ctx.csv,,,,ERROR
kucoin,ARCSOLUSDT,2025-05-09,ARCSOLUSDT_2025-05-09_klines_trades.csv,,,,ERROR
kucoin,ARCSOLUSDT,2025-06-23,ARCSOLUSDT_2025-06-23_klines.csv,0.88,0.0,,VOLATILE_CONTROL
kucoin,ARKMUSDT,2025-09-02,ARKMUSDT_2025-09-02_klines.csv,2.75,0.0,,VOLATILE_CONTROL
kucoin,ARPAUSDT,2025-10-11,ARPAUSDT_2025-10-11_klines.csv,1.05,0.0,,VOLATILE_CONTROL
kucoin,ARTFIUSDT,2025-06-06,ARTFIUSDT_2025-06-06_klines.csv,6.13,63.33,micro,PUMP
kucoin,ARTFIUSDT,2025-06-06,ARTFIUSDT_2025-06-06_klines_L2.csv,,,,ERROR
kucoin,ARTFIUSDT,2025-06-06,ARTFIUSDT_2025-06-06_klines_market_ctx.csv,,,,ERROR
kucoin,ARTFIUSDT,2025-06-06,ARTFIUSDT_2025-06-06_klines_trades.csv,,,,ERROR
kucoin,ARTYUSDT,2025-06-03,ARTYUSDT_2025-06-03_klines.csv,0.26,0.0,,VOLATILE_CONTROL
kucoin,ASTRUSDT,2025-10-01,ASTRUSDT_2025-10-01_klines.csv,0.57,0.0,,VOLATILE_CONTROL
kucoin,ATAUSDT,2026-03-31,ATAUSDT_2026-03-31_klines.csv,0.7,0.0,,VOLATILE_CONTROL
kucoin,ATHUSDT,2025-05-09,ATHUSDT_2025-05-09_klines.csv,6.76,140.76,micro,PUMP
kucoin,ATHUSDT,2025-05-09,ATHUSDT_2025-05-09_klines_L2.csv,,,,ERROR
kucoin,ATHUSDT,2025-05-09,ATHUSDT_2025-05-09_klines_market_ctx.csv,,,,ERROR
kucoin,ATHUSDT,2025-05-09,ATHUSDT_2025-05-09_klines_trades.csv,,,,ERROR
kucoin,ATHUSDT,2025-08-21,ATHUSDT_2025-08-21_klines.csv,0.35,0.0,,VOLATILE_CONTROL
kucoin,AUCTIONUSDT,2025-06-25,AUCTIONUSDT_2025-06-25_klines.csv,0.0,0.0,,VOLATILE_CONTROL
kucoin,AUDIOUSDT,2026-03-30,AUDIOUSDT_2026-03-30_klines.csv,1.25,0.0,,VOLATILE_CONTROL
kucoin,AURORAUSDT,2025-08-09,AURORAUSDT_2025-08-09_klines.csv,2.5,0.0,,VOLATILE_CONTROL
kucoin,AVAAIUSDT,2025-05-20,AVAAIUSDT_2025-05-20_klines.csv,9.53,51.37,micro,PUMP
kucoin,AVAILUSDT,2025-08-27,AVAILUSDT_2025-08-27_klines.csv,0.48,0.0,,VOLATILE_CONTROL
kucoin,AVAUSDT,2025-10-11,AVAUSDT_2025-10-11_klines.csv,0.0,0.0,,VOLATILE_CONTROL
kucoin,AXSUSDT,2025-12-27,AXSUSDT_2025-12-27_klines.csv,1.33,0.0,,VOLATILE_CONTROL
kucoin,AZEROUSDT,2025-05-28,AZEROUSDT_2025-05-28_klines.csv,3.94,0.0,,VOLATILE_CONTROL
kucoin,B2USDT,2025-06-14,B2USDT_2025-06-14_klines.csv,0.24,0.0,,VOLATILE_CONTROL
kucoin,B3USDT,2025-10-11,B3USDT_2025-10-11_klines.csv,0.0,0.0,,VOLATILE_CONTROL
kucoin,BABYDOGEUSDT,2025-06-28,BABYDOGEUSDT_2025-06-28_klines.csv,0.0,0.0,,VOLATILE_CONTROL
kucoin,BABYUSDT,2025-07-09,BABYUSDT_2025-07-09_klines.csv,0.35,0.0,,VOLATILE_CONTROL
kucoin,BALUSDT,2025-07-03,BALUSDT_2025-07-03_klines.csv,0.0,0.0,,VOLATILE_CONTROL
kucoin,BANANAUSDT,2025-06-26,BANANAUSDT_2025-06-26_klines.csv,3.29,0.0,,VOLATILE_CONTROL
kucoin,BANDUSDT,2025-08-04,BANDUSDT_2025-08-04_klines.csv,1.31,0.0,,VOLATILE_CONTROL
kucoin,BARDUSDT,2025-10-10,BARDUSDT_2025-10-10_klines.csv,1.17,0.0,,VOLATILE_CONTROL
kucoin,BATUSDT,2025-09-25,BATUSDT_2025-09-25_klines.csv,0.0,0.0,,VOLATILE_CONTROL
kucoin,BAXUSDT,2025-11-05,BAXUSDT_2025-11-05_klines.csv,1.76,0.0,,VOLATILE_CONTROL
kucoin,BBUSDT,2025-06-23,BBUSDT_2025-06-23_klines.csv,1.31,0.0,,VOLATILE_CONTROL
kucoin,BCUTUSDT,2025-05-21,BCUTUSDT_2025-05-21_klines.csv,1.97,0.0,,VOLATILE_CONTROL
kucoin,BDXBTC,2025-12-04,BDXBTC_2025-12-04_klines.csv,0.7,0.0,,VOLATILE_CONTROL
kucoin,BFCUSDT,2025-05-24,BFCUSDT_2025-05-24_klines.csv,0.23,0.0,,VOLATILE_CONTROL
kucoin,BICOUSDT,2025-08-03,BICOUSDT_2025-08-03_klines.csv,2.12,0.0,,VOLATILE_CONTROL
kucoin,BIOUSDT,2025-06-23,BIOUSDT_2025-06-23_klines.csv,1.53,0.0,,VOLATILE_CONTROL
kucoin,BLASTUSDT,2025-06-29,BLASTUSDT_2025-06-29_klines.csv,0.55,0.0,,VOLATILE_CONTROL
kucoin,BLUEUSDT,2025-05-18,BLUEUSDT_2025-05-18_klines.csv,0.34,0.0,,VOLATILE_CONTROL
kucoin,BLURUSDT,2025-07-03,BLURUSDT_2025-07-03_klines.csv,1.22,0.0,,VOLATILE_CONTROL
kucoin,BLZUSDT,2025-07-05,BLZUSDT_2025-07-05_klines.csv,0.0,0.0,,VOLATILE_CONTROL
kucoin,BMXUSDT,2025-09-02,BMXUSDT_2025-09-02_klines.csv,0.23,0.0,,VOLATILE_CONTROL
kucoin,BOBAUSDT,2025-05-15,BOBAUSDT_2025-05-15_klines.csv,1.15,0.0,,VOLATILE_CONTROL
kucoin,BOMEUSDT,2025-06-23,BOMEUSDT_2025-06-23_klines.csv,1.54,0.0,,VOLATILE_CONTROL
kucoin,BONKUSDT,2025-06-20,BONKUSDT_2025-06-20_klines.csv,0.55,0.0,,VOLATILE_CONTROL
kucoin,BOSONUSDT,2025-06-30,BOSONUSDT_2025-06-30_klines.csv,2.79,0.0,,VOLATILE_CONTROL
kucoin,BRISEUSDT,2025-07-02,BRISEUSDT_2025-07-02_klines.csv,0.26,0.0,,VOLATILE_CONTROL
kucoin,BSVBTC,2025-07-01,BSVBTC_2025-07-01_klines.csv,5.45,121.43,micro,PUMP
kucoin,BSVBTC,2025-07-01,BSVBTC_2025-07-01_klines_L2.csv,,,,ERROR
kucoin,BSVBTC,2025-07-01,BSVBTC_2025-07-01_klines_market_ctx.csv,,,,ERROR
kucoin,BSVBTC,2025-07-01,BSVBTC_2025-07-01_klines_trades.csv,,,,ERROR
kucoin,BSVUSDT,2025-05-17,BSVUSDT_2025-05-17_klines.csv,0.66,0.0,,VOLATILE_CONTROL
kucoin,BSWUSDT,2025-06-13,BSWUSDT_2025-06-13_klines.csv,0.0,0.0,,VOLATILE_CONTROL
kucoin,C98USDT,2025-05-25,C98USDT_2025-05-25_klines.csv,0.34,0.0,,VOLATILE_CONTROL
kucoin,CAKEUSDT,2025-09-16,CAKEUSDT_2025-09-16_klines.csv,0.24,0.0,,VOLATILE_CONTROL
kucoin,CARVUSDT,2026-01-26,CARVUSDT_2026-01-26_klines.csv,9.05,51.19,micro,PUMP
kucoin,CARVUSDT,2026-01-26,CARVUSDT_2026-01-26_klines_L2.csv,,,,ERROR
kucoin,CARVUSDT,2026-01-26,CARVUSDT_2026-01-26_klines_market_ctx.csv,,,,ERROR
kucoin,CARVUSDT,2026-01-26,CARVUSDT_2026-01-26_klines_trades.csv,,,,ERROR
kucoin,CATIUSDT,2025-07-02,CATIUSDT_2025-07-02_klines.csv,0.43,0.0,,VOLATILE_CONTROL
kucoin,CATUSDT,2025-06-23,CATUSDT_2025-06-23_klines.csv,2.31,0.0,,VOLATILE_CONTROL
kucoin,CCDUSDT,2025-06-20,CCDUSDT_2025-06-20_klines.csv,0.29,0.0,,VOLATILE_CONTROL
kucoin,CELOUSDT,2025-07-05,CELOUSDT_2025-07-05_klines.csv,1.23,0.0,,VOLATILE_CONTROL
kucoin,CETUSUSDT,2025-07-02,CETUSUSDT_2025-07-02_klines.csv,0.92,0.0,,VOLATILE_CONTROL
kucoin,CFGUSDT,2025-05-15,CFGUSDT_2025-05-15_klines.csv,0.0,0.0,,VOLATILE_CONTROL
kucoin,CHEEMSUSDT,2025-09-20,CHEEMSUSDT_2025-09-20_klines.csv,1.27,0.0,,VOLATILE_CONTROL
kucoin,CHEQUSDT,2025-07-26,CHEQUSDT_2025-07-26_klines.csv,1.59,0.0,,VOLATILE_CONTROL
kucoin,CHIRPUSDT,2025-05-15,CHIRPUSDT_2025-05-15_klines.csv,10.32,108.56,small,PUMP
kucoin,CHOUSDT,2025-07-08,CHOUSDT_2025-07-08_klines.csv,0.52,0.0,,VOLATILE_CONTROL
kucoin,CHRUSDT,2025-08-03,CHRUSDT_2025-08-03_klines.csv,0.96,0.0,,VOLATILE_CONTROL
kucoin,CKBUSDT,2025-07-02,CKBUSDT_2025-07-02_klines.csv,0.52,0.0,,VOLATILE_CONTROL
kucoin,CLOUDUSDT,2025-05-15,CLOUDUSDT_2025-05-15_klines.csv,0.67,0.0,,VOLATILE_CONTROL
kucoin,COMPUSDT,2025-05-31,COMPUSDT_2025-05-31_klines.csv,1.15,0.0,,VOLATILE_CONTROL
kucoin,COOKIEUSDT,2025-05-09,COOKIEUSDT_2025-05-09_klines.csv,6.31,99.32,micro,PUMP
kucoin,COOKIEUSDT,2025-05-09,COOKIEUSDT_2025-05-09_klines_L2.csv,,,,ERROR
kucoin,COOKIEUSDT,2025-05-09,COOKIEUSDT_2025-05-09_klines_market_ctx.csv,,,,ERROR
kucoin,COOKIEUSDT,2025-05-09,COOKIEUSDT_2025-05-09_klines_trades.csv,,,,ERROR
kucoin,COOKIEUSDT,2025-05-15,COOKIEUSDT_2025-05-15_klines.csv,1.09,0.0,,VOLATILE_CONTROL
kucoin,COQUSDT,2025-07-04,COQUSDT_2025-07-04_klines.csv,0.7,0.0,,VOLATILE_CONTROL
kucoin,COTIUSDT,2025-10-22,COTIUSDT_2025-10-22_klines.csv,1.48,0.0,,VOLATILE_CONTROL
kucoin,CREDIUSDT,2025-06-28,CREDIUSDT_2025-06-28_klines.csv,2.98,0.0,,VOLATILE_CONTROL
kucoin,CSPRUSDT,2026-03-06,CSPRUSDT_2026-03-06_klines.csv,1.31,0.0,,VOLATILE_CONTROL
kucoin,CTAUSDT,2025-05-15,CTAUSDT_2025-05-15_klines.csv,0.0,0.0,,VOLATILE_CONTROL
kucoin,CTCUSDT,2025-11-21,CTCUSDT_2025-11-21_klines.csv,0.25,0.0,,VOLATILE_CONTROL
kucoin,CVCUSDT,2025-10-31,CVCUSDT_2025-10-31_klines.csv,1.97,0.0,,VOLATILE_CONTROL
kucoin,CWEBUSDT,2025-05-15,CWEBUSDT_2025-05-15_klines.csv,0.29,0.0,,VOLATILE_CONTROL
kucoin,CXTUSDT,2025-05-15,CXTUSDT_2025-05-15_klines.csv,0.33,0.0,,VOLATILE_CONTROL
kucoin,CYBERUSDT,2025-06-23,CYBERUSDT_2025-06-23_klines.csv,2.64,0.0,,VOLATILE_CONTROL
kucoin,DAGUSDT,2025-07-04,DAGUSDT_2025-07-04_klines.csv,0.55,0.0,,VOLATILE_CONTROL
kucoin,DAOUSDT,2026-02-06,DAOUSDT_2026-02-06_klines.csv,3.25,0.0,,VOLATILE_CONTROL
kucoin,DASHBTC,2025-09-14,DASHBTC_2025-09-14_klines.csv,0.0,0.0,,VOLATILE_CONTROL
kucoin,DASHUSDT,2025-09-14,DASHUSDT_2025-09-14_klines.csv,0.0,0.0,,VOLATILE_CONTROL
kucoin,DATAUSDT,2025-06-06,DATAUSDT_2025-06-06_klines.csv,1.0,0.0,,VOLATILE_CONTROL
kucoin,DBRUSDT,2025-06-10,DBRUSDT_2025-06-10_klines.csv,0.3,0.0,,VOLATILE_CONTROL
kucoin,DCKUSDT,2025-11-23,DCKUSDT_2025-11-23_klines.csv,0.38,0.0,,VOLATILE_CONTROL
kucoin,DCRUSDT,2025-10-17,DCRUSDT_2025-10-17_klines.csv,3.2,0.0,,VOLATILE_CONTROL
kucoin,DEFIUSDT,2025-06-21,DEFIUSDT_2025-06-21_klines.csv,1.15,0.0,,VOLATILE_CONTROL
kucoin,DEGENUSDT,2025-06-23,DEGENUSDT_2025-06-23_klines.csv,1.43,0.0,,VOLATILE_CONTROL
kucoin,DENTUSDT,2025-06-23,DENTUSDT_2025-06-23_klines.csv,0.95,0.0,,VOLATILE_CONTROL
kucoin,DEXEUSDT,2025-09-03,DEXEUSDT_2025-09-03_klines.csv,1.25,0.0,,VOLATILE_CONTROL
kucoin,DGBUSDT,2025-10-19,DGBUSDT_2025-10-19_klines.csv,0.48,0.0,,VOLATILE_CONTROL
kucoin,DIAUSDT,2025-07-04,DIAUSDT_2025-07-04_klines.csv,0.31,0.0,,VOLATILE_CONTROL
kucoin,DINUSDT,2025-05-11,DINUSDT_2025-05-11_klines.csv,10.8,58.7,small,PUMP
kucoin,DINUSDT,2025-05-11,DINUSDT_2025-05-11_klines_L2.csv,,,,ERROR
kucoin,DINUSDT,2025-05-11,DINUSDT_2025-05-11_klines_market_ctx.csv,,,,ERROR
kucoin,DINUSDT,2025-05-11,DINUSDT_2025-05-11_klines_trades.csv,,,,ERROR
kucoin,DINUSDT,2025-05-18,DINUSDT_2025-05-18_klines.csv,2.89,0.0,,VOLATILE_CONTROL
kucoin,DODOUSDT,2025-11-17,DODOUSDT_2025-11-17_klines.csv,1.31,0.0,,VOLATILE_CONTROL
kucoin,DOGEGOVUSDT,2025-05-15,DOGEGOVUSDT_2025-05-15_klines.csv,7.57,152.51,micro,PUMP
kucoin,DOGSUSDT,2025-05-09,DOGSUSDT_2025-05-09_klines.csv,6.63,54.05,micro,PUMP
kucoin,DOGSUSDT,2025-05-09,DOGSUSDT_2025-05-09_klines_L2.csv,,,,ERROR
kucoin,DOGSUSDT,2025-05-09,DOGSUSDT_2025-05-09_klines_market_ctx.csv,,,,ERROR
kucoin,DOGSUSDT,2025-05-09,DOGSUSDT_2025-05-09_klines_trades.csv,,,,ERROR
kucoin,DOGSUSDT,2026-03-30,DOGSUSDT_2026-03-30_klines.csv,4.01,0.0,,VOLATILE_CONTROL
kucoin,DOLOUSDT,2025-06-23,DOLOUSDT_2025-06-23_klines.csv,0.94,0.0,,VOLATILE_CONTROL
kucoin,DOODUSDT,2025-06-23,DOODUSDT_2025-06-23_klines.csv,1.12,0.0,,VOLATILE_CONTROL
kucoin,DPRUSDT,2025-08-02,DPRUSDT_2025-08-02_klines.csv,2.13,0.0,,VOLATILE_CONTROL
kucoin,DRIFTUSDT,2025-07-03,DRIFTUSDT_2025-07-03_klines.csv,0.36,0.0,,VOLATILE_CONTROL
kucoin,DUCKUSDT,2025-06-06,DUCKUSDT_2025-06-06_klines.csv,0.4,0.0,,VOLATILE_CONTROL
kucoin,DUSDT,2025-06-23,DUSDT_2025-06-23_klines.csv,0.0,0.0,,VOLATILE_CONTROL
kucoin,DYDXUSDT,2026-04-01,DYDXUSDT_2026-04-01_klines.csv,1.29,0.0,,VOLATILE_CONTROL
kucoin,DYMUSDT,2025-06-23,DYMUSDT_2025-06-23_klines.csv,1.76,0.0,,VOLATILE_CONTROL
kucoin,EDUUSDT,2025-08-03,EDUUSDT_2025-08-03_klines.csv,1.67,0.0,,VOLATILE_CONTROL
kucoin,EGL1USDT,2025-09-19,EGL1USDT_2025-09-19_klines.csv,0.44,0.0,,VOLATILE_CONTROL
kucoin,EGLDBTC,2025-05-09,EGLDBTC_2025-05-09_klines.csv,20.24,35.29,medium,PUMP
kucoin,EGLDBTC,2025-05-09,EGLDBTC_2025-05-09_klines_L2.csv,,,,ERROR
kucoin,EGLDBTC,2025-05-09,EGLDBTC_2025-05-09_klines_market_ctx.csv,,,,ERROR
kucoin,EGLDBTC,2025-05-09,EGLDBTC_2025-05-09_klines_trades.csv,,,,ERROR
kucoin,EGLDBTC,2026-03-15,EGLDBTC_2026-03-15_klines.csv,5.54,808.81,micro,PUMP
kucoin,EGLDBTC,2026-03-15,EGLDBTC_2026-03-15_klines_L2.csv,,,,ERROR
kucoin,EGLDBTC,2026-03-15,EGLDBTC_2026-03-15_klines_market_ctx.csv,,,,ERROR
kucoin,EGLDBTC,2026-03-15,EGLDBTC_2026-03-15_klines_trades.csv,,,,ERROR
kucoin,EGLDBTC,2026-05-03,EGLDBTC_2026-05-03_klines.csv,45.86,154.96,major,PUMP
kucoin,EGLDBTC,2026-05-03,EGLDBTC_2026-05-03_klines_L2.csv,,,,ERROR
kucoin,EGLDBTC,2026-05-03,EGLDBTC_2026-05-03_klines_market_ctx.csv,,,,ERROR
kucoin,EGLDBTC,2026-05-03,EGLDBTC_2026-05-03_klines_trades.csv,,,,ERROR
kucoin,EIGENUSDT,2025-06-23,EIGENUSDT_2025-06-23_klines.csv,1.63,0.0,,VOLATILE_CONTROL
kucoin,ELAUSDT,2025-08-15,ELAUSDT_2025-08-15_klines.csv,0.24,0.0,,VOLATILE_CONTROL
kucoin,ELONUSDT,2025-12-28,ELONUSDT_2025-12-28_klines.csv,4.7,0.0,,VOLATILE_CONTROL
kucoin,ENAUSDT,2025-06-23,ENAUSDT_2025-06-23_klines.csv,2.01,0.0,,VOLATILE_CONTROL
kucoin,ENJUSDT,2026-02-28,ENJUSDT_2026-02-28_klines.csv,0.1,0.0,,VOLATILE_CONTROL
kucoin,EPICUSDT,2025-06-21,EPICUSDT_2025-06-21_klines.csv,1.68,0.0,,VOLATILE_CONTROL
kucoin,ERGBTC,2025-07-02,ERGBTC_2025-07-02_klines.csv,0.0,0.0,,VOLATILE_CONTROL
kucoin,ESEUSDT,2025-09-24,ESEUSDT_2025-09-24_klines.csv,0.0,0.0,,VOLATILE_CONTROL
kucoin,ETHFIUSDT,2025-06-23,ETHFIUSDT_2025-06-23_klines.csv,2.26,0.0,,VOLATILE_CONTROL
kucoin,ETHWUSDT,2025-06-30,ETHWUSDT_2025-06-30_klines.csv,0.0,0.0,,VOLATILE_CONTROL
kucoin,ETNUSDT,2025-07-08,ETNUSDT_2025-07-08_klines.csv,0.21,0.0,,VOLATILE_CONTROL
kucoin,EULUSDT,2025-06-12,EULUSDT_2025-06-12_klines.csv,0.56,0.0,,VOLATILE_CONTROL
kucoin,EWTBTC,2025-05-15,EWTBTC_2025-05-15_klines.csv,5.65,56.72,micro,PUMP
kucoin,EWTBTC,2026-04-10,EWTBTC_2026-04-10_klines.csv,50.68,107.27,extreme,PUMP
kucoin,EWTBTC,2026-04-10,EWTBTC_2026-04-10_klines_L2.csv,,,,ERROR
kucoin,EWTBTC,2026-04-10,EWTBTC_2026-04-10_klines_market_ctx.csv,,,,ERROR
kucoin,EWTBTC,2026-04-10,EWTBTC_2026-04-10_klines_trades.csv,,,,ERROR
kucoin,FARTCOINUSDT,2025-06-05,FARTCOINUSDT_2025-06-05_klines.csv,2.7,0.0,,VOLATILE_CONTROL
kucoin,FETBTC,2025-10-20,FETBTC_2025-10-20_klines.csv,1.49,0.0,,VOLATILE_CONTROL
kucoin,FETUSDT,2025-10-20,FETUSDT_2025-10-20_klines.csv,1.55,0.0,,VOLATILE_CONTROL
kucoin,FIDAUSDT,2025-06-22,FIDAUSDT_2025-06-22_klines.csv,0.86,0.0,,VOLATILE_CONTROL
kucoin,FILUSDT,2025-10-20,FILUSDT_2025-10-20_klines.csv,0.2,0.0,,VOLATILE_CONTROL
kucoin,FITFIUSDT,2025-06-02,FITFIUSDT_2025-06-02_klines.csv,0.52,0.0,,VOLATILE_CONTROL
kucoin,FLOWUSDT,2026-02-06,FLOWUSDT_2026-02-06_klines.csv,0.68,0.0,,VOLATILE_CONTROL
kucoin,FLRUSDT,2025-07-05,FLRUSDT_2025-07-05_klines.csv,0.36,0.0,,VOLATILE_CONTROL
kucoin,FORTHUSDT,2025-08-01,FORTHUSDT_2025-08-01_klines.csv,1.52,0.0,,VOLATILE_CONTROL
kucoin,FORTUSDT,2025-06-01,FORTUSDT_2025-06-01_klines.csv,1.03,0.0,,VOLATILE_CONTROL
kucoin,FOXYUSDT,2025-06-23,FOXYUSDT_2025-06-23_klines.csv,0.01,0.0,,VOLATILE_CONTROL
kucoin,FTTUSDT,2025-07-01,FTTUSDT_2025-07-01_klines.csv,0.38,0.0,,VOLATILE_CONTROL
kucoin,FUELUSDT,2026-01-06,FUELUSDT_2026-01-06_klines.csv,0.63,0.0,,VOLATILE_CONTROL
kucoin,FUSDT,2025-08-24,FUSDT_2025-08-24_klines.csv,2.25,0.0,,VOLATILE_CONTROL
kucoin,FWOGUSDT,2025-06-06,FWOGUSDT_2025-06-06_klines.csv,3.29,0.0,,VOLATILE_CONTROL
kucoin,G3USDT,2025-07-09,G3USDT_2025-07-09_klines.csv,0.74,0.0,,VOLATILE_CONTROL
kucoin,GALAXUSDT,2025-07-05,GALAXUSDT_2025-07-05_klines.csv,1.01,0.0,,VOLATILE_CONTROL
kucoin,GAMEAIUSDT,2025-05-16,GAMEAIUSDT_2025-05-16_klines.csv,4.8,0.0,,VOLATILE_CONTROL
kucoin,GHXUSDT,2025-09-26,GHXUSDT_2025-09-26_klines.csv,0.0,0.0,,VOLATILE_CONTROL
kucoin,GIGAUSDT,2025-05-31,GIGAUSDT_2025-05-31_klines.csv,1.43,0.0,,VOLATILE_CONTROL
kucoin,GLMRUSDT,2025-11-21,GLMRUSDT_2025-11-21_klines.csv,1.43,0.0,,VOLATILE_CONTROL
kucoin,GLMUSDT,2025-07-02,GLMUSDT_2025-07-02_klines.csv,0.71,0.0,,VOLATILE_CONTROL
kucoin,GLQUSDT,2025-10-17,GLQUSDT_2025-10-17_klines.csv,2.75,0.0,,VOLATILE_CONTROL
kucoin,GMEEUSDT,2025-08-02,GMEEUSDT_2025-08-02_klines.csv,1.02,0.0,,VOLATILE_CONTROL
kucoin,GMRXUSDT,2025-07-30,GMRXUSDT_2025-07-30_klines.csv,2.33,0.0,,VOLATILE_CONTROL
kucoin,GMTUSDT,2025-12-23,GMTUSDT_2025-12-23_klines.csv,0.76,0.0,,VOLATILE_CONTROL
kucoin,GMXUSDT,2025-07-22,GMXUSDT_2025-07-22_klines.csv,0.29,0.0,,VOLATILE_CONTROL
kucoin,GNSUSDT,2025-06-04,GNSUSDT_2025-06-04_klines.csv,0.0,0.0,,VOLATILE_CONTROL
kucoin,GOATUSDT,2025-05-09,GOATUSDT_2025-05-09_klines.csv,5.9,98.15,micro,PUMP
kucoin,GOATUSDT,2025-05-09,GOATUSDT_2025-05-09_klines_L2.csv,,,,ERROR
kucoin,GOATUSDT,2025-05-09,GOATUSDT_2025-05-09_klines_market_ctx.csv,,,,ERROR
kucoin,GOATUSDT,2025-05-09,GOATUSDT_2025-05-09_klines_trades.csv,,,,ERROR
kucoin,GOATUSDT,2025-06-23,GOATUSDT_2025-06-23_klines.csv,1.76,0.0,,VOLATILE_CONTROL
kucoin,GODSUSDT,2025-07-12,GODSUSDT_2025-07-12_klines.csv,0.93,0.0,,VOLATILE_CONTROL
kucoin,GPSUSDT,2025-05-31,GPSUSDT_2025-05-31_klines.csv,1.92,0.0,,VOLATILE_CONTROL
kucoin,GRASSUSDT,2025-11-02,GRASSUSDT_2025-11-02_klines.csv,0.0,0.0,,VOLATILE_CONTROL
kucoin,GRIFFAINUSDT,2025-06-23,GRIFFAINUSDT_2025-06-23_klines.csv,1.71,0.0,,VOLATILE_CONTROL
kucoin,GTAIUSDT,2025-09-09,GTAIUSDT_2025-09-09_klines.csv,2.0,0.0,,VOLATILE_CONTROL
kucoin,GTCUSDT,2025-07-05,GTCUSDT_2025-07-05_klines.csv,0.58,0.0,,VOLATILE_CONTROL
kucoin,GUNUSDT,2025-06-18,GUNUSDT_2025-06-18_klines.csv,4.38,0.0,,VOLATILE_CONTROL
kucoin,GUSDT,2026-01-07,GUSDT_2026-01-07_klines.csv,1.68,0.0,,VOLATILE_CONTROL
kucoin,HAEDALUSDT,2025-05-15,HAEDALUSDT_2025-05-15_klines.csv,1.96,0.0,,VOLATILE_CONTROL
kucoin,HAIUSDT,2025-06-21,HAIUSDT_2025-06-21_klines.csv,32.14,136.39,large,PUMP
kucoin,HAIUSDT,2025-06-21,HAIUSDT_2025-06-21_klines_L2.csv,,,,ERROR
kucoin,HAIUSDT,2025-06-21,HAIUSDT_2025-06-21_klines_market_ctx.csv,,,,ERROR
kucoin,HAIUSDT,2025-06-21,HAIUSDT_2025-06-21_klines_trades.csv,,,,ERROR
kucoin,HEARTUSDT,2026-04-23,HEARTUSDT_2026-04-23_klines.csv,0.41,0.0,,VOLATILE_CONTROL
kucoin,HEIUSDT,2025-06-07,HEIUSDT_2025-06-07_klines.csv,0.72,0.0,,VOLATILE_CONTROL
kucoin,HFTUSDT,2025-06-14,HFTUSDT_2025-06-14_klines.csv,0.0,0.0,,VOLATILE_CONTROL
kucoin,HIGHUSDT,2025-10-23,HIGHUSDT_2025-10-23_klines.csv,1.66,0.0,,VOLATILE_CONTROL
kucoin,HIPPOUSDT,2025-05-09,HIPPOUSDT_2025-05-09_klines.csv,6.16,84.42,micro,PUMP
kucoin,HIPPOUSDT,2025-05-09,HIPPOUSDT_2025-05-09_klines_L2.csv,,,,ERROR
kucoin,HIPPOUSDT,2025-05-09,HIPPOUSDT_2025-05-09_klines_market_ctx.csv,,,,ERROR
kucoin,HIPPOUSDT,2025-05-09,HIPPOUSDT_2025-05-09_klines_trades.csv,,,,ERROR
kucoin,HIPPOUSDT,2025-06-23,HIPPOUSDT_2025-06-23_klines.csv,1.57,0.0,,VOLATILE_CONTROL
kucoin,HMNDUSDT,2026-04-28,HMNDUSDT_2026-04-28_klines.csv,0.23,0.0,,VOLATILE_CONTROL
kucoin,HMSTRUSDT,2025-06-29,HMSTRUSDT_2025-06-29_klines.csv,0.73,0.0,,VOLATILE_CONTROL
kucoin,HOLDUSDT,2025-06-23,HOLDUSDT_2025-06-23_klines.csv,21.94,128.49,medium,PUMP
kucoin,HOLDUSDT,2025-06-23,HOLDUSDT_2025-06-23_klines_L2.csv,,,,ERROR
kucoin,HOLDUSDT,2025-06-23,HOLDUSDT_2025-06-23_klines_market_ctx.csv,,,,ERROR
kucoin,HOLDUSDT,2025-06-23,HOLDUSDT_2025-06-23_klines_trades.csv,,,,ERROR
kucoin,HONEYUSDT,2025-07-02,HONEYUSDT_2025-07-02_klines.csv,0.17,0.0,,VOLATILE_CONTROL
kucoin,HOUSEUSDT,2025-05-09,HOUSEUSDT_2025-05-09_klines.csv,12.97,119.49,small,PUMP
kucoin,HOUSEUSDT,2025-05-09,HOUSEUSDT_2025-05-09_klines_L2.csv,,,,ERROR
kucoin,HOUSEUSDT,2025-05-09,HOUSEUSDT_2025-05-09_klines_market_ctx.csv,,,,ERROR
kucoin,HOUSEUSDT,2025-05-09,HOUSEUSDT_2025-05-09_klines_trades.csv,,,,ERROR
kucoin,HOUSEUSDT,2025-05-15,HOUSEUSDT_2025-05-15_klines.csv,23.36,96.44,medium,PUMP
kucoin,HSKUSDT,2025-06-07,HSKUSDT_2025-06-07_klines.csv,0.0,0.0,,VOLATILE_CONTROL
kucoin,HYDRAUSDT,2026-04-14,HYDRAUSDT_2026-04-14_klines.csv,1.28,0.0,,VOLATILE_CONTROL
kucoin,HYPERUSDT,2025-06-23,HYPERUSDT_2025-06-23_klines.csv,2.16,0.0,,VOLATILE_CONTROL
kucoin,HYPEUSDT,2025-05-15,HYPEUSDT_2025-05-15_klines.csv,1.53,0.0,,VOLATILE_CONTROL
kucoin,ICPBTC,2025-10-17,ICPBTC_2025-10-17_klines.csv,0.0,0.0,,VOLATILE_CONTROL
kucoin,ICPUSDT,2025-10-17,ICPUSDT_2025-10-17_klines.csv,1.05,0.0,,VOLATILE_CONTROL
kucoin,IDUSDT,2025-12-22,IDUSDT_2025-12-22_klines.csv,0.49,0.0,,VOLATILE_CONTROL
kucoin,ILVUSDT,2025-07-02,ILVUSDT_2025-07-02_klines.csv,1.25,0.0,,VOLATILE_CONTROL
kucoin,INITUSDT,2025-07-02,INITUSDT_2025-07-02_klines.csv,1.47,0.0,,VOLATILE_CONTROL
kucoin,INJBTC,2026-04-25,INJBTC_2026-04-25_klines.csv,0.0,0.0,,VOLATILE_CONTROL
kucoin,INJUSDT,2026-04-25,INJUSDT_2026-04-25_klines.csv,1.14,0.0,,VOLATILE_CONTROL
kucoin,INSPUSDT,2025-06-05,INSPUSDT_2025-06-05_klines.csv,0.63,0.0,,VOLATILE_CONTROL
kucoin,IONUSDT,2026-04-12,IONUSDT_2026-04-12_klines.csv,7.85,173.68,micro,PUMP
kucoin,IONUSDT,2026-04-12,IONUSDT_2026-04-12_klines_L2.csv,,,,ERROR
kucoin,IONUSDT,2026-04-12,IONUSDT_2026-04-12_klines_market_ctx.csv,,,,ERROR
kucoin,IONUSDT,2026-04-12,IONUSDT_2026-04-12_klines_trades.csv,,,,ERROR
kucoin,IOSTUSDT,2025-07-02,IOSTUSDT_2025-07-02_klines.csv,0.7,0.0,,VOLATILE_CONTROL
kucoin,IOTXBTC,2025-07-29,IOTXBTC_2025-07-29_klines.csv,0.0,0.0,,VOLATILE_CONTROL
kucoin,IOUSDT,2025-09-05,IOUSDT_2025-09-05_klines.csv,1.32,0.0,,VOLATILE_CONTROL
kucoin,IPUSDT,2025-06-24,IPUSDT_2025-06-24_klines.csv,0.28,0.0,,VOLATILE_CONTROL
kucoin,IRYSUSDT,2025-11-26,IRYSUSDT_2025-11-26_klines.csv,0.67,0.0,,VOLATILE_CONTROL
kucoin,ISLMUSDT,2025-12-09,ISLMUSDT_2025-12-09_klines.csv,1.69,0.0,,VOLATILE_CONTROL
kucoin,ISPUSDT,2025-07-06,ISPUSDT_2025-07-06_klines.csv,1.51,0.0,,VOLATILE_CONTROL
kucoin,ITHACAUSDT,2025-05-26,ITHACAUSDT_2025-05-26_klines.csv,0.0,0.0,,VOLATILE_CONTROL
kucoin,JELLYJELLYUSDT,2025-06-06,JELLYJELLYUSDT_2025-06-06_klines.csv,0.73,0.0,,VOLATILE_CONTROL
kucoin,JSTUSDT,2026-04-16,JSTUSDT_2026-04-16_klines.csv,3.25,0.0,,VOLATILE_CONTROL
kucoin,JUPUSDT,2025-07-05,JUPUSDT_2025-07-05_klines.csv,2.42,0.0,,VOLATILE_CONTROL
kucoin,JUSDT,2025-07-05,JUSDT_2025-07-05_klines.csv,0.44,0.0,,VOLATILE_CONTROL
kucoin,KACEUSDT,2025-06-23,KACEUSDT_2025-06-23_klines.csv,2.93,0.0,,VOLATILE_CONTROL
kucoin,KAITOUSDT,2025-08-26,KAITOUSDT_2025-08-26_klines.csv,1.4,0.0,,VOLATILE_CONTROL
kucoin,KARRATUSDT,2025-06-25,KARRATUSDT_2025-06-25_klines.csv,4.76,0.0,,VOLATILE_CONTROL
kucoin,KASBTC,2025-11-23,KASBTC_2025-11-23_klines.csv,0.0,0.0,,VOLATILE_CONTROL
kucoin,KASUSDT,2025-06-23,KASUSDT_2025-06-23_klines.csv,1.68,0.0,,VOLATILE_CONTROL
kucoin,KAVAUSDT,2025-10-31,KAVAUSDT_2025-10-31_klines.csv,1.33,0.0,,VOLATILE_CONTROL
kucoin,KBEATUSDT,2025-11-02,KBEATUSDT_2025-11-02_klines.csv,33.38,72.78,large,PUMP
kucoin,KBEATUSDT,2025-11-02,KBEATUSDT_2025-11-02_klines_L2.csv,,,,ERROR
kucoin,KBEATUSDT,2025-11-02,KBEATUSDT_2025-11-02_klines_market_ctx.csv,,,,ERROR
kucoin,KBEATUSDT,2025-11-02,KBEATUSDT_2025-11-02_klines_trades.csv,,,,ERROR
kucoin,KERNELUSDT,2025-05-18,KERNELUSDT_2025-05-18_klines.csv,1.43,0.0,,VOLATILE_CONTROL
kucoin,KILOUSDT,2025-06-21,KILOUSDT_2025-06-21_klines.csv,3.34,0.0,,VOLATILE_CONTROL
kucoin,KLVUSDT,2025-11-05,KLVUSDT_2025-11-05_klines.csv,1.72,0.0,,VOLATILE_CONTROL
kucoin,KMNOUSDT,2025-08-31,KMNOUSDT_2025-08-31_klines.csv,1.4,0.0,,VOLATILE_CONTROL
kucoin,KNCBTC,2025-06-24,KNCBTC_2025-06-24_klines.csv,1.39,0.0,,VOLATILE_CONTROL
kucoin,KNCBTC,2026-02-03,KNCBTC_2026-02-03_klines.csv,8.97,41.29,micro,PUMP
kucoin,KNCBTC,2026-02-03,KNCBTC_2026-02-03_klines_L2.csv,,,,ERROR
kucoin,KNCBTC,2026-02-03,KNCBTC_2026-02-03_klines_market_ctx.csv,,,,ERROR
kucoin,KNCBTC,2026-02-03,KNCBTC_2026-02-03_klines_trades.csv,,,,ERROR
kucoin,KNCUSDT,2025-06-24,KNCUSDT_2025-06-24_klines.csv,0.0,0.0,,VOLATILE_CONTROL
kucoin,KOMAUSDT,2025-05-09,KOMAUSDT_2025-05-09_klines.csv,9.83,49.24,micro,PUMP
kucoin,KOMAUSDT,2025-05-09,KOMAUSDT_2025-05-09_klines_L2.csv,,,,ERROR
kucoin,KOMAUSDT,2025-05-09,KOMAUSDT_2025-05-09_klines_market_ctx.csv,,,,ERROR
kucoin,KOMAUSDT,2025-05-09,KOMAUSDT_2025-05-09_klines_trades.csv,,,,ERROR
kucoin,KOMAUSDT,2025-06-28,KOMAUSDT_2025-06-28_klines.csv,1.55,0.0,,VOLATILE_CONTROL
kucoin,KPOLUSDT,2025-05-26,KPOLUSDT_2025-05-26_klines.csv,0.0,0.0,,VOLATILE_CONTROL
kucoin,KSMUSDT,2025-07-02,KSMUSDT_2025-07-02_klines.csv,1.14,0.0,,VOLATILE_CONTROL
kucoin,L3USDT,2025-05-15,L3USDT_2025-05-15_klines.csv,1.42,0.0,,VOLATILE_CONTROL
kucoin,LADYSUSDT,2025-11-11,LADYSUSDT_2025-11-11_klines.csv,2.14,0.0,,VOLATILE_CONTROL
kucoin,LAVAUSDT,2025-07-24,LAVAUSDT_2025-07-24_klines.csv,2.36,0.0,,VOLATILE_CONTROL
kucoin,LAYERUSDT,2025-07-30,LAYERUSDT_2025-07-30_klines.csv,0.05,0.0,,VOLATILE_CONTROL
kucoin,LIKEUSDT,2025-05-20,LIKEUSDT_2025-05-20_klines.csv,2.85,0.0,,VOLATILE_CONTROL
kucoin,LINGOUSDT,2025-11-17,LINGOUSDT_2025-11-17_klines.csv,0.0,0.0,,VOLATILE_CONTROL
kucoin,LINKUSDT,2025-07-05,LINKUSDT_2025-07-05_klines.csv,0.4,0.0,,VOLATILE_CONTROL
kucoin,LISTAUSDT,2025-05-15,LISTAUSDT_2025-05-15_klines.csv,1.12,0.0,,VOLATILE_CONTROL
kucoin,LKIUSDT,2025-06-19,LKIUSDT_2025-06-19_klines.csv,7.46,57.92,micro,PUMP
kucoin,LKIUSDT,2025-06-19,LKIUSDT_2025-06-19_klines_L2.csv,,,,ERROR
kucoin,LKIUSDT,2025-06-19,LKIUSDT_2025-06-19_klines_market_ctx.csv,,,,ERROR
kucoin,LKIUSDT,2025-06-19,LKIUSDT_2025-06-19_klines_trades.csv,,,,ERROR
kucoin,LMWRUSDT,2025-06-21,LMWRUSDT_2025-06-21_klines.csv,0.16,0.0,,VOLATILE_CONTROL
kucoin,LOCUSUSDT,2025-09-10,LOCUSUSDT_2025-09-10_klines.csv,0.27,0.0,,VOLATILE_CONTROL
kucoin,LOFIUSDT,2025-05-09,LOFIUSDT_2025-05-09_klines.csv,5.97,116.67,micro,PUMP
kucoin,LOFIUSDT,2025-05-09,LOFIUSDT_2025-05-09_klines_L2.csv,,,,ERROR
kucoin,LOFIUSDT,2025-05-09,LOFIUSDT_2025-05-09_klines_market_ctx.csv,,,,ERROR
kucoin,LOFIUSDT,2025-05-09,LOFIUSDT_2025-05-09_klines_trades.csv,,,,ERROR
kucoin,LOFIUSDT,2025-06-23,LOFIUSDT_2025-06-23_klines.csv,7.69,15.79,,VOLATILE_CONTROL
kucoin,LPTUSDT,2025-05-15,LPTUSDT_2025-05-15_klines.csv,1.47,0.0,,VOLATILE_CONTROL
kucoin,LQTYUSDT,2025-05-31,LQTYUSDT_2025-05-31_klines.csv,0.61,0.0,,VOLATILE_CONTROL
kucoin,LRCUSDT,2025-07-05,LRCUSDT_2025-07-05_klines.csv,0.0,0.0,,VOLATILE_CONTROL
kucoin,LRDSUSDT,2025-07-12,LRDSUSDT_2025-07-12_klines.csv,17.26,49.16,small,PUMP
kucoin,LRDSUSDT,2025-07-12,LRDSUSDT_2025-07-12_klines_L2.csv,,,,ERROR
kucoin,LRDSUSDT,2025-07-12,LRDSUSDT_2025-07-12_klines_market_ctx.csv,,,,ERROR
kucoin,LRDSUSDT,2025-07-12,LRDSUSDT_2025-07-12_klines_trades.csv,,,,ERROR
kucoin,LSKUSDT,2025-07-02,LSKUSDT_2025-07-02_klines.csv,0.28,0.0,,VOLATILE_CONTROL
kucoin,LUMIAUSDT,2025-06-23,LUMIAUSDT_2025-06-23_klines.csv,1.96,0.0,,VOLATILE_CONTROL
kucoin,LUNAUSDT,2025-11-18,LUNAUSDT_2025-11-18_klines.csv,1.04,0.0,,VOLATILE_CONTROL
kucoin,LUNCUSDT,2025-11-18,LUNCUSDT_2025-11-18_klines.csv,0.32,0.0,,VOLATILE_CONTROL
kucoin,LVVAUSDT,2025-06-23,LVVAUSDT_2025-06-23_klines.csv,0.0,0.0,,VOLATILE_CONTROL
kucoin,LYXUSDT,2025-07-01,LYXUSDT_2025-07-01_klines.csv,0.0,0.0,,VOLATILE_CONTROL
kucoin,MAGICUSDT,2025-06-06,MAGICUSDT_2025-06-06_klines.csv,0.66,0.0,,VOLATILE_CONTROL
kucoin,MAJORUSDT,2025-05-16,MAJORUSDT_2025-05-16_klines.csv,2.67,0.0,,VOLATILE_CONTROL
kucoin,MANAUSDT,2025-07-01,MANAUSDT_2025-07-01_klines.csv,0.79,0.0,,VOLATILE_CONTROL
kucoin,MANUSDT,2025-06-22,MANUSDT_2025-06-22_klines.csv,5.56,28.19,,VOLATILE_CONTROL
kucoin,MAPOUSDT,2025-05-27,MAPOUSDT_2025-05-27_klines.csv,0.84,0.0,,VOLATILE_CONTROL
kucoin,MARS4USDT,2025-05-15,MARS4USDT_2025-05-15_klines.csv,0.5,0.0,,VOLATILE_CONTROL
kucoin,MASKUSDT,2025-05-11,MASKUSDT_2025-05-11_klines.csv,15.01,77.91,small,PUMP
kucoin,MASKUSDT,2025-05-11,MASKUSDT_2025-05-11_klines_L2.csv,,,,ERROR
kucoin,MASKUSDT,2025-05-11,MASKUSDT_2025-05-11_klines_market_ctx.csv,,,,ERROR
kucoin,MASKUSDT,2025-05-11,MASKUSDT_2025-05-11_klines_trades.csv,,,,ERROR
kucoin,MAVIAUSDT,2025-06-27,MAVIAUSDT_2025-06-27_klines.csv,1.98,0.0,,VOLATILE_CONTROL
kucoin,MAVUSDT,2025-06-13,MAVUSDT_2025-06-13_klines.csv,0.0,0.0,,VOLATILE_CONTROL
kucoin,MBLUSDT,2025-09-21,MBLUSDT_2025-09-21_klines.csv,0.14,0.0,,VOLATILE_CONTROL
kucoin,MELANIAUSDT,2025-07-09,MELANIAUSDT_2025-07-09_klines.csv,0.55,0.0,,VOLATILE_CONTROL
kucoin,MEMEFIUSDT,2025-06-13,MEMEFIUSDT_2025-06-13_klines.csv,0.0,0.0,,VOLATILE_CONTROL
kucoin,MEMEUSDT,2025-07-02,MEMEUSDT_2025-07-02_klines.csv,1.24,0.0,,VOLATILE_CONTROL
kucoin,MERLUSDT,2025-05-17,MERLUSDT_2025-05-17_klines.csv,0.96,0.0,,VOLATILE_CONTROL
kucoin,METISUSDT,2025-10-11,METISUSDT_2025-10-11_klines.csv,11.25,43.75,small,PUMP
kucoin,METISUSDT,2025-10-11,METISUSDT_2025-10-11_klines_L2.csv,,,,ERROR
kucoin,METISUSDT,2025-10-11,METISUSDT_2025-10-11_klines_market_ctx.csv,,,,ERROR
kucoin,METISUSDT,2025-10-11,METISUSDT_2025-10-11_klines_trades.csv,,,,ERROR
kucoin,MEUSDT,2025-09-04,MEUSDT_2025-09-04_klines.csv,0.0,0.0,,VOLATILE_CONTROL
kucoin,MEWUSDT,2025-05-18,MEWUSDT_2025-05-18_klines.csv,1.32,0.0,,VOLATILE_CONTROL
kucoin,MILADYCULTUSDT,2025-06-23,MILADYCULTUSDT_2025-06-23_klines.csv,1.07,0.0,,VOLATILE_CONTROL
kucoin,MINAUSDT,2025-10-17,MINAUSDT_2025-10-17_klines.csv,1.85,0.0,,VOLATILE_CONTROL
kucoin,MLKUSDT,2025-07-20,MLKUSDT_2025-07-20_klines.csv,0.47,0.0,,VOLATILE_CONTROL
kucoin,MNDEUSDT,2025-05-15,MNDEUSDT_2025-05-15_klines.csv,0.16,0.0,,VOLATILE_CONTROL
kucoin,MOCAUSDT,2025-06-25,MOCAUSDT_2025-06-25_klines.csv,0.18,0.0,,VOLATILE_CONTROL
kucoin,MOGUSDT,2025-05-18,MOGUSDT_2025-05-18_klines.csv,1.12,0.0,,VOLATILE_CONTROL
kucoin,MONPROUSDT,2025-06-14,MONPROUSDT_2025-06-14_klines.csv,0.0,0.0,,VOLATILE_CONTROL
kucoin,MOODENGUSDT,2025-05-09,MOODENGUSDT_2025-05-09_klines.csv,11.76,68.54,small,PUMP
kucoin,MOODENGUSDT,2025-05-09,MOODENGUSDT_2025-05-09_klines_L2.csv,,,,ERROR
kucoin,MOODENGUSDT,2025-05-09,MOODENGUSDT_2025-05-09_klines_market_ctx.csv,,,,ERROR
kucoin,MOODENGUSDT,2025-05-09,MOODENGUSDT_2025-05-09_klines_trades.csv,,,,ERROR
kucoin,MOODENGUSDT,2025-05-17,MOODENGUSDT_2025-05-17_klines.csv,1.13,0.0,,VOLATILE_CONTROL
kucoin,MORIUSDT,2025-07-15,MORIUSDT_2025-07-15_klines.csv,1.06,0.0,,VOLATILE_CONTROL
kucoin,MOVEUSDT,2025-06-20,MOVEUSDT_2025-06-20_klines.csv,2.14,0.0,,VOLATILE_CONTROL
kucoin,MOVRUSDT,2026-03-30,MOVRUSDT_2026-03-30_klines.csv,4.9,0.0,,VOLATILE_CONTROL
kucoin,MTLUSDT,2025-07-05,MTLUSDT_2025-07-05_klines.csv,1.34,0.0,,VOLATILE_CONTROL
kucoin,MTRGUSDT,2025-05-16,MTRGUSDT_2025-05-16_klines.csv,1.22,0.0,,VOLATILE_CONTROL
kucoin,MTVUSDT,2025-07-06,MTVUSDT_2025-07-06_klines.csv,4.84,0.0,,VOLATILE_CONTROL
kucoin,MUBARAKUSDT,2025-05-09,MUBARAKUSDT_2025-05-09_klines.csv,9.15,36.77,micro,PUMP
kucoin,MUBARAKUSDT,2025-05-09,MUBARAKUSDT_2025-05-09_klines_L2.csv,,,,ERROR
kucoin,MUBARAKUSDT,2025-05-09,MUBARAKUSDT_2025-05-09_klines_market_ctx.csv,,,,ERROR
kucoin,MUBARAKUSDT,2025-05-09,MUBARAKUSDT_2025-05-09_klines_trades.csv,,,,ERROR
kucoin,MUBARAKUSDT,2025-05-18,MUBARAKUSDT_2025-05-18_klines.csv,2.75,0.0,,VOLATILE_CONTROL
kucoin,MYRIAUSDT,2025-05-16,MYRIAUSDT_2025-05-16_klines.csv,3.81,0.0,,VOLATILE_CONTROL
kucoin,MYROUSDT,2025-05-09,MYROUSDT_2025-05-09_klines.csv,6.42,129.83,micro,PUMP
kucoin,MYROUSDT,2025-05-09,MYROUSDT_2025-05-09_klines_L2.csv,,,,ERROR
kucoin,MYROUSDT,2025-05-09,MYROUSDT_2025-05-09_klines_market_ctx.csv,,,,ERROR
kucoin,MYROUSDT,2025-05-09,MYROUSDT_2025-05-09_klines_trades.csv,,,,ERROR
kucoin,NAKAUSDT,2025-09-29,NAKAUSDT_2025-09-29_klines.csv,4.14,0.0,,VOLATILE_CONTROL
kucoin,NATIXUSDT,2025-05-15,NATIXUSDT_2025-05-15_klines.csv,1.88,0.0,,VOLATILE_CONTROL
kucoin,NAVIUSDT,2025-06-30,NAVIUSDT_2025-06-30_klines.csv,1.03,0.0,,VOLATILE_CONTROL
kucoin,NAVXUSDT,2025-07-09,NAVXUSDT_2025-07-09_klines.csv,1.51,0.0,,VOLATILE_CONTROL
kucoin,NCUSDT,2025-05-09,NCUSDT_2025-05-09_klines.csv,7.28,55.34,micro,PUMP
kucoin,NCUSDT,2025-05-09,NCUSDT_2025-05-09_klines_L2.csv,,,,ERROR
kucoin,NCUSDT,2025-05-09,NCUSDT_2025-05-09_klines_market_ctx.csv,,,,ERROR
kucoin,NCUSDT,2025-05-09,NCUSDT_2025-05-09_klines_trades.csv,,,,ERROR
kucoin,NCUSDT,2025-06-22,NCUSDT_2025-06-22_klines.csv,1.2,0.0,,VOLATILE_CONTROL
kucoin,NEARUSDT,2025-10-31,NEARUSDT_2025-10-31_klines.csv,1.45,0.0,,VOLATILE_CONTROL
kucoin,NEIROCTOUSDT,2025-05-09,NEIROCTOUSDT_2025-05-09_klines.csv,24.49,45.6,medium,PUMP
kucoin,NEIROCTOUSDT,2025-05-09,NEIROCTOUSDT_2025-05-09_klines_L2.csv,,,,ERROR
kucoin,NEIROCTOUSDT,2025-05-09,NEIROCTOUSDT_2025-05-09_klines_market_ctx.csv,,,,ERROR
kucoin,NEIROCTOUSDT,2025-05-09,NEIROCTOUSDT_2025-05-09_klines_trades.csv,,,,ERROR
kucoin,NEIROCTOUSDT,2025-05-18,NEIROCTOUSDT_2025-05-18_klines.csv,3.11,0.0,,VOLATILE_CONTROL
kucoin,NEONUSDT,2025-06-15,NEONUSDT_2025-06-15_klines.csv,0.0,0.0,,VOLATILE_CONTROL
kucoin,NFPUSDT,2025-06-14,NFPUSDT_2025-06-14_klines.csv,0.16,0.0,,VOLATILE_CONTROL
kucoin,NIBIUSDT,2025-12-19,NIBIUSDT_2025-12-19_klines.csv,1.1,0.0,,VOLATILE_CONTROL
kucoin,NILUSDT,2025-11-15,NILUSDT_2025-11-15_klines.csv,2.9,0.0,,VOLATILE_CONTROL
kucoin,NIMUSDT,2025-08-11,NIMUSDT_2025-08-11_klines.csv,0.1,0.0,,VOLATILE_CONTROL
kucoin,NKNUSDT,2025-07-05,NKNUSDT_2025-07-05_klines.csv,1.83,0.0,,VOLATILE_CONTROL
kucoin,NMRUSDT,2025-08-09,NMRUSDT_2025-08-09_klines.csv,1.08,0.0,,VOLATILE_CONTROL
kucoin,NOTUSDT,2026-04-09,NOTUSDT_2026-04-09_klines.csv,0.29,0.0,,VOLATILE_CONTROL
kucoin,NRNUSDT,2025-05-15,NRNUSDT_2025-05-15_klines.csv,2.66,0.0,,VOLATILE_CONTROL
kucoin,NSUSDT,2025-08-27,NSUSDT_2025-08-27_klines.csv,0.03,0.0,,VOLATILE_CONTROL
kucoin,NUMUSDT,2026-01-31,NUMUSDT_2026-01-31_klines.csv,0.13,0.0,,VOLATILE_CONTROL
kucoin,NXRAUSDT,2025-06-25,NXRAUSDT_2025-06-25_klines.csv,2.43,0.0,,VOLATILE_CONTROL
kucoin,NYMUSDT,2026-03-05,NYMUSDT_2026-03-05_klines.csv,0.51,0.0,,VOLATILE_CONTROL
kucoin,OBIUSDT,2025-07-05,OBIUSDT_2025-07-05_klines.csv,1.27,0.0,,VOLATILE_CONTROL
kucoin,OBTUSDT,2025-06-14,OBTUSDT_2025-06-14_klines.csv,0.0,0.0,,VOLATILE_CONTROL
kucoin,OGNBTC,2025-08-02,OGNBTC_2025-08-02_klines.csv,0.83,0.0,,VOLATILE_CONTROL
kucoin,OGNUSDT,2025-08-02,OGNUSDT_2025-08-02_klines.csv,0.69,0.0,,VOLATILE_CONTROL
kucoin,ONDOUSDT,2025-07-05,ONDOUSDT_2025-07-05_klines.csv,0.73,0.0,,VOLATILE_CONTROL
kucoin,ONTBTC,2025-08-07,ONTBTC_2025-08-07_klines.csv,0.6,0.0,,VOLATILE_CONTROL
kucoin,ONTUSDT,2025-08-07,ONTUSDT_2025-08-07_klines.csv,0.83,0.0,,VOLATILE_CONTROL
kucoin,OORTUSDT,2025-08-06,OORTUSDT_2025-08-06_klines.csv,3.42,0.0,,VOLATILE_CONTROL
kucoin,OPENUSDT,2025-09-30,OPENUSDT_2025-09-30_klines.csv,0.04,0.0,,VOLATILE_CONTROL
kucoin,OPUSDT,2025-07-05,OPUSDT_2025-07-05_klines.csv,1.51,0.0,,VOLATILE_CONTROL
kucoin,ORBSUSDT,2026-02-06,ORBSUSDT_2026-02-06_klines.csv,0.97,0.0,,VOLATILE_CONTROL
kucoin,ORCAUSDT,2025-06-26,ORCAUSDT_2025-06-26_klines.csv,3.8,0.0,,VOLATILE_CONTROL
kucoin,ORDERUSDT,2025-07-02,ORDERUSDT_2025-07-02_klines.csv,0.96,0.0,,VOLATILE_CONTROL
kucoin,OSMOUSDT,2025-12-26,OSMOUSDT_2025-12-26_klines.csv,2.55,0.0,,VOLATILE_CONTROL
kucoin,OTKUSDT,2025-05-15,OTKUSDT_2025-05-15_klines.csv,1.19,0.0,,VOLATILE_CONTROL
kucoin,OXTUSDT,2026-02-01,OXTUSDT_2026-02-01_klines.csv,4.33,0.0,,VOLATILE_CONTROL
kucoin,P2PUSDT,2025-07-24,P2PUSDT_2025-07-24_klines.csv,1.59,0.0,,VOLATILE_CONTROL
kucoin,PAALUSDT,2025-07-01,PAALUSDT_2025-07-01_klines.csv,0.81,0.0,,VOLATILE_CONTROL
kucoin,PARTIUSDT,2025-07-06,PARTIUSDT_2025-07-06_klines.csv,0.47,0.0,,VOLATILE_CONTROL
kucoin,PAWSUSDT,2025-07-12,PAWSUSDT_2025-07-12_klines.csv,4.07,0.0,,VOLATILE_CONTROL
kucoin,PEOPLEUSDT,2025-05-09,PEOPLEUSDT_2025-05-09_klines.csv,9.24,58.39,micro,PUMP
kucoin,PEOPLEUSDT,2025-05-09,PEOPLEUSDT_2025-05-09_klines_L2.csv,,,,ERROR
kucoin,PEOPLEUSDT,2025-05-09,PEOPLEUSDT_2025-05-09_klines_market_ctx.csv,,,,ERROR
kucoin,PEOPLEUSDT,2025-05-09,PEOPLEUSDT_2025-05-09_klines_trades.csv,,,,ERROR
kucoin,PHAUSDT,2025-10-31,PHAUSDT_2025-10-31_klines.csv,2.22,0.0,,VOLATILE_CONTROL
kucoin,PIXELUSDT,2025-06-23,PIXELUSDT_2025-06-23_klines.csv,1.33,0.0,,VOLATILE_CONTROL
kucoin,PIXUSDT,2025-05-15,PIXUSDT_2025-05-15_klines.csv,0.28,0.0,,VOLATILE_CONTROL
kucoin,PLUMEUSDT,2025-06-21,PLUMEUSDT_2025-06-21_klines.csv,2.16,0.0,,VOLATILE_CONTROL
kucoin,PLUUSDT,2025-12-22,PLUUSDT_2025-12-22_klines.csv,4.75,0.0,,VOLATILE_CONTROL
kucoin,POKTUSDT,2025-05-15,POKTUSDT_2025-05-15_klines.csv,2.26,0.0,,VOLATILE_CONTROL
kucoin,POLSUSDT,2025-05-15,POLSUSDT_2025-05-15_klines.csv,0.53,0.0,,VOLATILE_CONTROL
kucoin,POLYXUSDT,2025-12-19,POLYXUSDT_2025-12-19_klines.csv,0.0,0.0,,VOLATILE_CONTROL
kucoin,PONDUSDT,2025-08-01,PONDUSDT_2025-08-01_klines.csv,1.45,0.0,,VOLATILE_CONTROL
kucoin,PONKEUSDT,2025-05-09,PONKEUSDT_2025-05-09_klines.csv,6.7,63.04,micro,PUMP
kucoin,PONKEUSDT,2025-05-09,PONKEUSDT_2025-05-09_klines_L2.csv,,,,ERROR
kucoin,PONKEUSDT,2025-05-09,PONKEUSDT_2025-05-09_klines_market_ctx.csv,,,,ERROR
kucoin,PONKEUSDT,2025-05-09,PONKEUSDT_2025-05-09_klines_trades.csv,,,,ERROR
kucoin,PORTALUSDT,2025-05-15,PORTALUSDT_2025-05-15_klines.csv,1.29,0.0,,VOLATILE_CONTROL
kucoin,PRAIUSDT,2025-07-02,PRAIUSDT_2025-07-02_klines.csv,0.0,0.0,,VOLATILE_CONTROL
kucoin,PRCLUSDT,2025-06-22,PRCLUSDT_2025-06-22_klines.csv,4.32,0.0,,VOLATILE_CONTROL
kucoin,PROMPTUSDT,2025-06-26,PROMPTUSDT_2025-06-26_klines.csv,4.75,0.0,,VOLATILE_CONTROL
kucoin,PROMUSDT,2025-06-22,PROMUSDT_2025-06-22_klines.csv,0.0,0.0,,VOLATILE_CONTROL
kucoin,PROPSUSDT,2025-09-23,PROPSUSDT_2025-09-23_klines.csv,0.24,0.0,,VOLATILE_CONTROL
kucoin,PUFFERUSDT,2025-07-02,PUFFERUSDT_2025-07-02_klines.csv,0.93,0.0,,VOLATILE_CONTROL
kucoin,PUNDIXUSDT,2025-07-02,PUNDIXUSDT_2025-07-02_klines.csv,0.64,0.0,,VOLATILE_CONTROL
kucoin,PURRUSDT,2025-05-15,PURRUSDT_2025-05-15_klines.csv,3.93,0.0,,VOLATILE_CONTROL
kucoin,PUSHUSDT,2025-12-07,PUSHUSDT_2025-12-07_klines.csv,1.24,0.0,,VOLATILE_CONTROL
kucoin,PVTUSDT,2026-02-09,PVTUSDT_2026-02-09_klines.csv,0.82,0.0,,VOLATILE_CONTROL
kucoin,PYRUSDT,2025-07-08,PYRUSDT_2025-07-08_klines.csv,2.41,0.0,,VOLATILE_CONTROL
kucoin,PYTHUSDT,2025-07-05,PYTHUSDT_2025-07-05_klines.csv,0.33,0.0,,VOLATILE_CONTROL
kucoin,PZPUSDT,2025-06-23,PZPUSDT_2025-06-23_klines.csv,0.08,0.0,,VOLATILE_CONTROL
kucoin,QIUSDT,2025-09-02,QIUSDT_2025-09-02_klines.csv,5.08,5.38,,VOLATILE_CONTROL
kucoin,QKCUSDT,2025-07-12,QKCUSDT_2025-07-12_klines.csv,0.0,0.0,,VOLATILE_CONTROL
kucoin,QNTUSDT,2025-11-22,QNTUSDT_2025-11-22_klines.csv,2.99,0.0,,VOLATILE_CONTROL
kucoin,QORPOUSDT,2025-06-05,QORPOUSDT_2025-06-05_klines.csv,4.64,0.0,,VOLATILE_CONTROL
kucoin,QUICKUSDT,2025-12-16,QUICKUSDT_2025-12-16_klines.csv,0.0,0.0,,VOLATILE_CONTROL
kucoin,RATSUSDT,2025-09-09,RATSUSDT_2025-09-09_klines.csv,3.01,0.0,,VOLATILE_CONTROL
kucoin,RDNTUSDT,2025-07-02,RDNTUSDT_2025-07-02_klines.csv,1.07,0.0,,VOLATILE_CONTROL
kucoin,REACTUSDT,2025-05-30,REACTUSDT_2025-05-30_klines.csv,3.32,0.0,,VOLATILE_CONTROL
kucoin,READYUSDT,2025-05-15,READYUSDT_2025-05-15_klines.csv,0.0,0.0,,VOLATILE_CONTROL
kucoin,REDSTONEUSDT,2025-07-09,REDSTONEUSDT_2025-07-09_klines.csv,0.7,0.0,,VOLATILE_CONTROL
kucoin,REEFUSDT,2025-07-01,REEFUSDT_2025-07-01_klines.csv,1.5,0.0,,VOLATILE_CONTROL
kucoin,REKTUSDT,2025-05-15,REKTUSDT_2025-05-15_klines.csv,1.39,0.0,,VOLATILE_CONTROL
kucoin,RENDERUSDT,2025-11-05,RENDERUSDT_2025-11-05_klines.csv,0.75,0.0,,VOLATILE_CONTROL
kucoin,REQUSDT,2025-05-15,REQUSDT_2025-05-15_klines.csv,0.53,0.0,,VOLATILE_CONTROL
kucoin,REVUUSDT,2025-06-23,REVUUSDT_2025-06-23_klines.csv,7.78,24.44,,VOLATILE_CONTROL
kucoin,REZUSDT,2025-06-23,REZUSDT_2025-06-23_klines.csv,2.7,0.0,,VOLATILE_CONTROL
kucoin,RIOUSDT,2025-06-06,RIOUSDT_2025-06-06_klines.csv,2.7,0.0,,VOLATILE_CONTROL
kucoin,RIZUSDT,2025-05-15,RIZUSDT_2025-05-15_klines.csv,0.94,0.0,,VOLATILE_CONTROL
kucoin,RLCBTC,2025-08-10,RLCBTC_2025-08-10_klines.csv,0.9,0.0,,VOLATILE_CONTROL
kucoin,RLCUSDT,2025-07-05,RLCUSDT_2025-07-05_klines.csv,1.15,0.0,,VOLATILE_CONTROL
kucoin,ROAMUSDT,2025-05-31,ROAMUSDT_2025-05-31_klines.csv,1.06,0.0,,VOLATILE_CONTROL
kucoin,RONINUSDT,2025-06-22,RONINUSDT_2025-06-22_klines.csv,0.93,0.0,,VOLATILE_CONTROL
kucoin,ROOBEEUSDT,2025-06-03,ROOBEEUSDT_2025-06-03_klines.csv,0.13,0.0,,VOLATILE_CONTROL
kucoin,ROSEUSDT,2025-10-22,ROSEUSDT_2025-10-22_klines.csv,1.53,0.0,,VOLATILE_CONTROL
kucoin,ROUTEUSDT,2025-07-05,ROUTEUSDT_2025-07-05_klines.csv,5.48,67.65,micro,PUMP
kucoin,ROUTEUSDT,2025-07-05,ROUTEUSDT_2025-07-05_klines_L2.csv,,,,ERROR
kucoin,ROUTEUSDT,2025-07-05,ROUTEUSDT_2025-07-05_klines_market_ctx.csv,,,,ERROR
kucoin,ROUTEUSDT,2025-07-05,ROUTEUSDT_2025-07-05_klines_trades.csv,,,,ERROR
kucoin,RPLUSDT,2025-05-24,RPLUSDT_2025-05-24_klines.csv,0.41,0.0,,VOLATILE_CONTROL
kucoin,RSRBTC,2025-10-11,RSRBTC_2025-10-11_klines.csv,5.65,0.0,,VOLATILE_CONTROL
kucoin,RVNUSDT,2025-05-18,RVNUSDT_2025-05-18_klines.csv,1.15,0.0,,VOLATILE_CONTROL
kucoin,SAFEUSDT,2025-05-17,SAFEUSDT_2025-05-17_klines.csv,0.0,0.0,,VOLATILE_CONTROL
kucoin,SANDUSDT,2026-01-01,SANDUSDT_2026-01-01_klines.csv,1.28,0.0,,VOLATILE_CONTROL
kucoin,SATSUSDT,2025-09-09,SATSUSDT_2025-09-09_klines.csv,3.54,0.0,,VOLATILE_CONTROL
kucoin,SCAUSDT,2025-06-14,SCAUSDT_2025-06-14_klines.csv,0.0,0.0,,VOLATILE_CONTROL
kucoin,SCRTUSDT,2025-09-19,SCRTUSDT_2025-09-19_klines.csv,0.93,0.0,,VOLATILE_CONTROL
kucoin,SDUSDT,2025-05-16,SDUSDT_2025-05-16_klines.csv,0.76,0.0,,VOLATILE_CONTROL
kucoin,SEIUSDT,2025-06-07,SEIUSDT_2025-06-07_klines.csv,2.06,0.0,,VOLATILE_CONTROL
kucoin,SFIUSDT,2025-05-24,SFIUSDT_2025-05-24_klines.csv,4.71,0.0,,VOLATILE_CONTROL
kucoin,SFPUSDT,2025-05-18,SFPUSDT_2025-05-18_klines.csv,1.05,0.0,,VOLATILE_CONTROL
kucoin,SFUNDUSDT,2025-05-31,SFUNDUSDT_2025-05-31_klines.csv,0.25,0.0,,VOLATILE_CONTROL
kucoin,SHELLUSDT,2025-07-07,SHELLUSDT_2025-07-07_klines.csv,4.1,0.0,,VOLATILE_CONTROL
kucoin,SHMUSDT,2025-05-16,SHMUSDT_2025-05-16_klines.csv,1.18,0.0,,VOLATILE_CONTROL
kucoin,SHRUSDT,2025-06-28,SHRUSDT_2025-06-28_klines.csv,0.55,0.0,,VOLATILE_CONTROL
kucoin,SIDUSUSDT,2025-08-28,SIDUSUSDT_2025-08-28_klines.csv,1.66,0.0,,VOLATILE_CONTROL
kucoin,SIGNUSDT,2025-09-05,SIGNUSDT_2025-09-05_klines.csv,0.43,0.0,,VOLATILE_CONTROL
kucoin,SINUSDT,2025-08-30,SINUSDT_2025-08-30_klines.csv,0.22,0.0,,VOLATILE_CONTROL
kucoin,SIRENUSDT,2025-07-21,SIRENUSDT_2025-07-21_klines.csv,0.0,0.0,,VOLATILE_CONTROL
kucoin,SKEYUSDT,2025-06-18,SKEYUSDT_2025-06-18_klines.csv,2.45,0.0,,VOLATILE_CONTROL
kucoin,SKRUSDT,2026-01-21,SKRUSDT_2026-01-21_klines.csv,139.38,3.89,,VOLATILE_CONTROL
kucoin,SLCUSDT,2025-05-15,SLCUSDT_2025-05-15_klines.csv,17.71,99.2,small,PUMP
kucoin,SLPUSDT,2025-07-05,SLPUSDT_2025-07-05_klines.csv,0.55,0.0,,VOLATILE_CONTROL
kucoin,SNXBTC,2025-06-23,SNXBTC_2025-06-23_klines.csv,3.49,0.0,,VOLATILE_CONTROL
kucoin,SNXUSDT,2025-09-09,SNXUSDT_2025-09-09_klines.csv,1.16,0.0,,VOLATILE_CONTROL
kucoin,SONICUSDT,2026-02-01,SONICUSDT_2026-02-01_klines.csv,1.9,0.0,,VOLATILE_CONTROL
kucoin,SOULUSDT,2025-08-01,SOULUSDT_2025-08-01_klines.csv,3.1,0.0,,VOLATILE_CONTROL
kucoin,SPAUSDT,2025-07-06,SPAUSDT_2025-07-06_klines.csv,0.4,0.0,,VOLATILE_CONTROL
kucoin,SPXUSDT,2025-05-15,SPXUSDT_2025-05-15_klines.csv,1.69,0.0,,VOLATILE_CONTROL
kucoin,SQDUSDT,2025-07-14,SQDUSDT_2025-07-14_klines.csv,3.82,0.0,,VOLATILE_CONTROL
kucoin,SQRUSDT,2025-07-09,SQRUSDT_2025-07-09_klines.csv,0.69,0.0,,VOLATILE_CONTROL
kucoin,STBLUSDT,2025-10-18,STBLUSDT_2025-10-18_klines.csv,3.71,0.0,,VOLATILE_CONTROL
kucoin,STGUSDT,2026-01-05,STGUSDT_2026-01-05_klines.csv,1.82,0.0,,VOLATILE_CONTROL
kucoin,STORJUSDT,2025-10-11,STORJUSDT_2025-10-11_klines.csv,3.45,0.0,,VOLATILE_CONTROL
kucoin,STOUSDT,2025-06-22,STOUSDT_2025-06-22_klines.csv,0.67,0.0,,VOLATILE_CONTROL
kucoin,STRAXUSDT,2025-07-04,STRAXUSDT_2025-07-04_klines.csv,4.33,0.0,,VOLATILE_CONTROL
kucoin,STREAMUSDT,2025-05-15,STREAMUSDT_2025-05-15_klines.csv,1.27,0.0,,VOLATILE_CONTROL
kucoin,STRKUSDT,2025-06-23,STRKUSDT_2025-06-23_klines.csv,1.74,0.0,,VOLATILE_CONTROL
kucoin,SUKUUSDT,2025-06-26,SUKUUSDT_2025-06-26_klines.csv,0.0,0.0,,VOLATILE_CONTROL
kucoin,SUNDOGUSDT,2025-05-09,SUNDOGUSDT_2025-05-09_klines.csv,7.82,57.94,micro,PUMP
kucoin,SUNDOGUSDT,2025-05-09,SUNDOGUSDT_2025-05-09_klines_L2.csv,,,,ERROR
kucoin,SUNDOGUSDT,2025-05-09,SUNDOGUSDT_2025-05-09_klines_market_ctx.csv,,,,ERROR
kucoin,SUNDOGUSDT,2025-05-09,SUNDOGUSDT_2025-05-09_klines_trades.csv,,,,ERROR
kucoin,SUNDOGUSDT,2025-12-18,SUNDOGUSDT_2025-12-18_klines.csv,1.58,0.0,,VOLATILE_CONTROL
kucoin,SUNUSDT,2025-09-02,SUNUSDT_2025-09-02_klines.csv,0.9,0.0,,VOLATILE_CONTROL
kucoin,SUPRAUSDT,2025-06-23,SUPRAUSDT_2025-06-23_klines.csv,1.0,0.0,,VOLATILE_CONTROL
kucoin,SUSDT,2025-11-04,SUSDT_2025-11-04_klines.csv,1.72,0.0,,VOLATILE_CONTROL
kucoin,SWARMSUSDT,2025-06-15,SWARMSUSDT_2025-06-15_klines.csv,1.5,0.0,,VOLATILE_CONTROL
kucoin,SWELLUSDT,2025-06-29,SWELLUSDT_2025-06-29_klines.csv,1.73,0.0,,VOLATILE_CONTROL
kucoin,SWFTCUSDT,2025-11-05,SWFTCUSDT_2025-11-05_klines.csv,0.62,0.0,,VOLATILE_CONTROL
kucoin,SYNUSDT,2025-06-26,SYNUSDT_2025-06-26_klines.csv,2.81,0.0,,VOLATILE_CONTROL
kucoin,SYRUPUSDT,2025-05-31,SYRUPUSDT_2025-05-31_klines.csv,0.31,0.0,,VOLATILE_CONTROL
kucoin,TADAUSDT,2025-11-17,TADAUSDT_2025-11-17_klines.csv,0.0,0.0,,VOLATILE_CONTROL
kucoin,TAIKOUSDT,2025-07-08,TAIKOUSDT_2025-07-08_klines.csv,0.53,0.0,,VOLATILE_CONTROL
kucoin,TAIUSDT,2025-05-15,TAIUSDT_2025-05-15_klines.csv,2.59,0.0,,VOLATILE_CONTROL
kucoin,TAOUSDT,2025-09-26,TAOUSDT_2025-09-26_klines.csv,2.72,0.0,,VOLATILE_CONTROL
kucoin,TFUELUSDT,2025-05-16,TFUELUSDT_2025-05-16_klines.csv,3.72,0.0,,VOLATILE_CONTROL
kucoin,THETAUSDT,2026-03-31,THETAUSDT_2026-03-31_klines.csv,1.67,0.0,,VOLATILE_CONTROL
kucoin,TIAUSDT,2025-07-05,TIAUSDT_2025-07-05_klines.csv,0.95,0.0,,VOLATILE_CONTROL
kucoin,TLMUSDT,2025-07-05,TLMUSDT_2025-07-05_klines.csv,0.0,0.0,,VOLATILE_CONTROL
kucoin,TNSRUSDT,2025-11-02,TNSRUSDT_2025-11-02_klines.csv,0.18,0.0,,VOLATILE_CONTROL
kucoin,TOSHIUSDT,2025-06-23,TOSHIUSDT_2025-06-23_klines.csv,6.61,21.71,,VOLATILE_CONTROL
kucoin,TRADEUSDT,2025-07-11,TRADEUSDT_2025-07-11_klines.csv,3.28,0.0,,VOLATILE_CONTROL
kucoin,TRBUSDT,2025-05-15,TRBUSDT_2025-05-15_klines.csv,1.36,0.0,,VOLATILE_CONTROL
kucoin,TROLLUSDT,2025-05-15,TROLLUSDT_2025-05-15_klines.csv,8.19,111.76,micro,PUMP
kucoin,TRUFUSDT,2025-06-19,TRUFUSDT_2025-06-19_klines.csv,1.77,0.0,,VOLATILE_CONTROL
kucoin,TRUMPUSDT,2025-10-18,TRUMPUSDT_2025-10-18_klines.csv,1.34,0.0,,VOLATILE_CONTROL
kucoin,TSTBSCUSDT,2025-08-30,TSTBSCUSDT_2025-08-30_klines.csv,0.38,0.0,,VOLATILE_CONTROL
kucoin,TTUSDT,2025-10-31,TTUSDT_2025-10-31_klines.csv,0.0,0.0,,VOLATILE_CONTROL
kucoin,TURBOSUSDT,2025-05-24,TURBOSUSDT_2025-05-24_klines.csv,1.58,0.0,,VOLATILE_CONTROL
kucoin,TWTBTC,2025-09-02,TWTBTC_2025-09-02_klines.csv,0.75,0.0,,VOLATILE_CONTROL
kucoin,TWTUSDT,2025-09-02,TWTUSDT_2025-09-02_klines.csv,1.17,0.0,,VOLATILE_CONTROL
kucoin,U2UUSDT,2025-06-01,U2UUSDT_2025-06-01_klines.csv,0.29,0.0,,VOLATILE_CONTROL
kucoin,UMAUSDT,2025-05-22,UMAUSDT_2025-05-22_klines.csv,1.38,0.0,,VOLATILE_CONTROL
kucoin,UNAUSDT,2025-05-15,UNAUSDT_2025-05-15_klines.csv,0.95,0.0,,VOLATILE_CONTROL
kucoin,UOSUSDT,2025-10-11,UOSUSDT_2025-10-11_klines.csv,3.15,0.0,,VOLATILE_CONTROL
kucoin,USELESSUSDT,2025-05-15,USELESSUSDT_2025-05-15_klines.csv,20.35,136.6,medium,PUMP
kucoin,USTCUSDT,2025-07-01,USTCUSDT_2025-07-01_klines.csv,3.04,0.0,,VOLATILE_CONTROL
kucoin,USUALUSDT,2025-06-23,USUALUSDT_2025-06-23_klines.csv,0.95,0.0,,VOLATILE_CONTROL
kucoin,UXLINKUSDT,2025-09-23,UXLINKUSDT_2025-09-23_klines.csv,8.42,466.34,micro,PUMP
kucoin,UXLINKUSDT,2025-09-23,UXLINKUSDT_2025-09-23_klines_L2.csv,,,,ERROR
kucoin,UXLINKUSDT,2025-09-23,UXLINKUSDT_2025-09-23_klines_market_ctx.csv,,,,ERROR
kucoin,UXLINKUSDT,2025-09-23,UXLINKUSDT_2025-09-23_klines_trades.csv,,,,ERROR
kucoin,VAIOTUSDT,2025-06-26,VAIOTUSDT_2025-06-26_klines.csv,3.48,0.0,,VOLATILE_CONTROL
kucoin,VANAUSDT,2025-10-11,VANAUSDT_2025-10-11_klines.csv,7.3,145.36,micro,PUMP
kucoin,VANAUSDT,2025-10-11,VANAUSDT_2025-10-11_klines_L2.csv,,,,ERROR
kucoin,VANAUSDT,2025-10-11,VANAUSDT_2025-10-11_klines_market_ctx.csv,,,,ERROR
kucoin,VANAUSDT,2025-10-11,VANAUSDT_2025-10-11_klines_trades.csv,,,,ERROR
kucoin,VANRYUSDT,2025-06-23,VANRYUSDT_2025-06-23_klines.csv,2.52,0.0,,VOLATILE_CONTROL
kucoin,VELOUSDT,2025-07-01,VELOUSDT_2025-07-01_klines.csv,1.09,0.0,,VOLATILE_CONTROL
kucoin,VENOMUSDT,2025-05-25,VENOMUSDT_2025-05-25_klines.csv,0.2,0.0,,VOLATILE_CONTROL
kucoin,VINEUSDT,2025-05-09,VINEUSDT_2025-05-09_klines.csv,5.31,95.74,micro,PUMP
kucoin,VINEUSDT,2025-05-09,VINEUSDT_2025-05-09_klines_L2.csv,,,,ERROR
kucoin,VINEUSDT,2025-05-09,VINEUSDT_2025-05-09_klines_market_ctx.csv,,,,ERROR
kucoin,VINEUSDT,2025-05-09,VINEUSDT_2025-05-09_klines_trades.csv,,,,ERROR
kucoin,VINEUSDT,2025-06-22,VINEUSDT_2025-06-22_klines.csv,1.44,0.0,,VOLATILE_CONTROL
kucoin,VIRTUALUSDT,2025-05-18,VIRTUALUSDT_2025-05-18_klines.csv,0.83,0.0,,VOLATILE_CONTROL
kucoin,VOLTUSDT,2025-11-23,VOLTUSDT_2025-11-23_klines.csv,2.1,0.0,,VOLATILE_CONTROL
kucoin,VRUSDT,2025-09-02,VRUSDT_2025-09-02_klines.csv,1.16,0.0,,VOLATILE_CONTROL
kucoin,VSYSBTC,2025-08-27,VSYSBTC_2025-08-27_klines.csv,1.08,0.0,,VOLATILE_CONTROL
kucoin,VSYSUSDT,2025-08-27,VSYSUSDT_2025-08-27_klines.csv,0.61,0.0,,VOLATILE_CONTROL
kucoin,VTHOUSDT,2026-02-06,VTHOUSDT_2026-02-06_klines.csv,1.65,0.0,,VOLATILE_CONTROL
kucoin,VVVUSDT,2025-06-06,VVVUSDT_2025-06-06_klines.csv,1.35,0.0,,VOLATILE_CONTROL
kucoin,WALUSDT,2025-12-24,WALUSDT_2025-12-24_klines.csv,0.0,0.0,,VOLATILE_CONTROL
kucoin,WAXLUSDT,2025-05-23,WAXLUSDT_2025-05-23_klines.csv,2.68,0.0,,VOLATILE_CONTROL
kucoin,WAXPUSDT,2025-10-11,WAXPUSDT_2025-10-11_klines.csv,2.51,0.0,,VOLATILE_CONTROL
kucoin,WBTCBTC,2025-10-17,WBTCBTC_2025-10-17_klines.csv,0.0,0.0,,VOLATILE_CONTROL
kucoin,WBTCUSDT,2025-10-17,WBTCUSDT_2025-10-17_klines.csv,0.0,0.0,,VOLATILE_CONTROL
kucoin,WCTUSDT,2025-05-15,WCTUSDT_2025-05-15_klines.csv,1.75,0.0,,VOLATILE_CONTROL
kucoin,WELLUSDT,2025-05-16,WELLUSDT_2025-05-16_klines.csv,1.28,0.0,,VOLATILE_CONTROL
kucoin,WEMIXUSDT,2025-05-18,WEMIXUSDT_2025-05-18_klines.csv,1.73,0.0,,VOLATILE_CONTROL
kucoin,WIFUSDT,2025-06-23,WIFUSDT_2025-06-23_klines.csv,1.38,0.0,,VOLATILE_CONTROL
kucoin,WILDUSDT,2025-06-30,WILDUSDT_2025-06-30_klines.csv,3.42,0.0,,VOLATILE_CONTROL
kucoin,WINBTC,2025-11-19,WINBTC_2025-11-19_klines.csv,0.84,0.0,,VOLATILE_CONTROL
kucoin,WINUSDT,2025-11-19,WINUSDT_2025-11-19_klines.csv,0.48,0.0,,VOLATILE_CONTROL
kucoin,WLDUSDT,2025-05-18,WLDUSDT_2025-05-18_klines.csv,0.9,0.0,,VOLATILE_CONTROL
kucoin,WMTXUSDT,2025-08-28,WMTXUSDT_2025-08-28_klines.csv,0.82,0.0,,VOLATILE_CONTROL
kucoin,WODUSDT,2025-09-02,WODUSDT_2025-09-02_klines.csv,0.06,0.0,,VOLATILE_CONTROL
kucoin,WSDMUSDT,2025-09-04,WSDMUSDT_2025-09-04_klines.csv,0.68,0.0,,VOLATILE_CONTROL
kucoin,XAIUSDT,2025-06-23,XAIUSDT_2025-06-23_klines.csv,1.55,0.0,,VOLATILE_CONTROL
kucoin,XCHUSDT,2025-10-31,XCHUSDT_2025-10-31_klines.csv,0.25,0.0,,VOLATILE_CONTROL
kucoin,XCNUSDT,2025-12-19,XCNUSDT_2025-12-19_klines.csv,2.04,0.0,,VOLATILE_CONTROL
kucoin,XECUSDT,2026-04-22,XECUSDT_2026-04-22_klines.csv,0.98,0.0,,VOLATILE_CONTROL
kucoin,XEMUSDT,2025-06-01,XEMUSDT_2025-06-01_klines.csv,0.05,0.0,,VOLATILE_CONTROL
kucoin,XENUSDT,2025-06-22,XENUSDT_2025-06-22_klines.csv,1.95,0.0,,VOLATILE_CONTROL
kucoin,XIONUSDT,2025-05-24,XIONUSDT_2025-05-24_klines.csv,5.13,0.0,,VOLATILE_CONTROL
kucoin,XMRBTC,2025-10-22,XMRBTC_2025-10-22_klines.csv,1.95,0.0,,VOLATILE_CONTROL
kucoin,XMRUSDT,2025-10-22,XMRUSDT_2025-10-22_klines.csv,1.82,0.0,,VOLATILE_CONTROL
kucoin,XNOUSDT,2025-10-18,XNOUSDT_2025-10-18_klines.csv,2.72,0.0,,VOLATILE_CONTROL
kucoin,XNYUSDT,2025-07-29,XNYUSDT_2025-07-29_klines.csv,0.85,0.0,,VOLATILE_CONTROL
kucoin,XOXOUSDT,2025-06-20,XOXOUSDT_2025-06-20_klines.csv,0.16,0.0,,VOLATILE_CONTROL
kucoin,XPINUSDT,2025-08-23,XPINUSDT_2025-08-23_klines.csv,5.2,98.9,micro,PUMP
kucoin,XPINUSDT,2025-08-23,XPINUSDT_2025-08-23_klines_L2.csv,,,,ERROR
kucoin,XPINUSDT,2025-08-23,XPINUSDT_2025-08-23_klines_market_ctx.csv,,,,ERROR
kucoin,XPINUSDT,2025-08-23,XPINUSDT_2025-08-23_klines_trades.csv,,,,ERROR
kucoin,XPRTUSDT,2025-07-06,XPRTUSDT_2025-07-06_klines.csv,0.45,0.0,,VOLATILE_CONTROL
kucoin,XPRUSDT,2025-06-24,XPRUSDT_2025-06-24_klines.csv,1.0,0.0,,VOLATILE_CONTROL
kucoin,XRDUSDT,2025-06-29,XRDUSDT_2025-06-29_klines.csv,0.43,0.0,,VOLATILE_CONTROL
kucoin,XRUSDT,2025-08-07,XRUSDT_2025-08-07_klines.csv,0.16,0.0,,VOLATILE_CONTROL
kucoin,XTERUSDT,2025-08-06,XTERUSDT_2025-08-06_klines.csv,0.33,0.0,,VOLATILE_CONTROL
kucoin,XTZBTC,2025-07-02,XTZBTC_2025-07-02_klines.csv,0.41,0.0,,VOLATILE_CONTROL
kucoin,XTZUSDT,2025-07-02,XTZUSDT_2025-07-02_klines.csv,0.77,0.0,,VOLATILE_CONTROL
kucoin,XU3O8USDT,2026-01-10,XU3O8USDT_2026-01-10_klines.csv,0.27,0.0,,VOLATILE_CONTROL
kucoin,XUSDT,2025-07-01,XUSDT_2025-07-01_klines.csv,0.87,0.0,,VOLATILE_CONTROL
kucoin,XYOBTC,2025-07-11,XYOBTC_2025-07-11_klines.csv,0.12,0.0,,VOLATILE_CONTROL
kucoin,XYOUSDT,2025-06-26,XYOUSDT_2025-06-26_klines.csv,0.65,0.0,,VOLATILE_CONTROL
kucoin,YGGUSDT,2025-08-26,YGGUSDT_2025-08-26_klines.csv,2.62,0.0,,VOLATILE_CONTROL
kucoin,ZAMAUSDT,2026-03-27,ZAMAUSDT_2026-03-27_klines.csv,1.14,0.0,,VOLATILE_CONTROL
kucoin,ZBCNUSDT,2025-05-09,ZBCNUSDT_2025-05-09_klines.csv,11.43,82.93,small,PUMP
kucoin,ZBCNUSDT,2025-05-09,ZBCNUSDT_2025-05-09_klines_L2.csv,,,,ERROR
kucoin,ZBCNUSDT,2025-05-09,ZBCNUSDT_2025-05-09_klines_market_ctx.csv,,,,ERROR
kucoin,ZBCNUSDT,2025-05-09,ZBCNUSDT_2025-05-09_klines_trades.csv,,,,ERROR
kucoin,ZBCNUSDT,2025-05-15,ZBCNUSDT_2025-05-15_klines.csv,8.02,46.23,micro,PUMP
kucoin,ZECBTC,2025-09-14,ZECBTC_2025-09-14_klines.csv,1.99,0.0,,VOLATILE_CONTROL
kucoin,ZENUSDT,2025-09-15,ZENUSDT_2025-09-15_klines.csv,1.03,0.0,,VOLATILE_CONTROL
kucoin,ZEREBROUSDT,2025-06-22,ZEREBROUSDT_2025-06-22_klines.csv,0.0,0.0,,VOLATILE_CONTROL
kucoin,ZETAUSDT,2026-01-21,ZETAUSDT_2026-01-21_klines.csv,2.37,0.0,,VOLATILE_CONTROL
kucoin,ZEUSUSDT,2025-06-06,ZEUSUSDT_2025-06-06_klines.csv,0.32,0.0,,VOLATILE_CONTROL
kucoin,ZEXUSDT,2025-05-17,ZEXUSDT_2025-05-17_klines.csv,0.0,0.0,,VOLATILE_CONTROL
kucoin,ZILUSDT,2026-01-21,ZILUSDT_2026-01-21_klines.csv,3.55,0.0,,VOLATILE_CONTROL
kucoin,ZKJUSDT,2025-06-16,ZKJUSDT_2025-06-16_klines.csv,18.81,61.67,small,PUMP
kucoin,ZKJUSDT,2025-06-16,ZKJUSDT_2025-06-16_klines_L2.csv,,,,ERROR
kucoin,ZKJUSDT,2025-06-16,ZKJUSDT_2025-06-16_klines_market_ctx.csv,,,,ERROR
kucoin,ZKJUSDT,2025-06-16,ZKJUSDT_2025-06-16_klines_trades.csv,,,,ERROR
kucoin,ZKUSDT,2025-06-23,ZKUSDT_2025-06-23_klines.csv,1.03,0.0,,VOLATILE_CONTROL
kucoin,ZNDUSDT,2025-05-15,ZNDUSDT_2025-05-15_klines.csv,0.4,0.0,,VOLATILE_CONTROL
kucoin,ZORAUSDT,2025-06-26,ZORAUSDT_2025-06-26_klines.csv,4.87,0.0,,VOLATILE_CONTROL
kucoin,ZROUSDT,2025-08-01,ZROUSDT_2025-08-01_klines.csv,0.1,0.0,,VOLATILE_CONTROL
kucoin,ZRXUSDT,2025-12-15,ZRXUSDT_2025-12-15_klines.csv,2.69,0.0,,VOLATILE_CONTROL
mexc,BELIEFUSDT,2026-04-17,BELIEFUSDT_2026-04-17_klines.csv,241.2,54.23,extreme,PUMP
mexc,BELIEFUSDT,2026-04-17,BELIEFUSDT_2026-04-17_klines_L2.csv,,,,ERROR
mexc,BELIEFUSDT,2026-04-17,BELIEFUSDT_2026-04-17_klines_market_ctx.csv,,,,ERROR
mexc,BELIEFUSDT,2026-04-17,BELIEFUSDT_2026-04-17_klines_trades.csv,,,,ERROR
mexc,GINIUSDT,2026-05-01,GINIUSDT_2026-05-01_klines.csv,0.0,0.0,,VOLATILE_CONTROL
mexc,HANTAUSDT,2026-05-08,HANTAUSDT_2026-05-08_klines.csv,135.2,67.01,extreme,PUMP
mexc,HIVEUSDT,2026-04-17,HIVEUSDT_2026-04-17_klines.csv,2.01,0.0,,VOLATILE_CONTROL
mexc,INJUSDT,2026-04-25,INJUSDT_2026-04-25_klines.csv,1.2,0.0,,VOLATILE_CONTROL
mexc,JETTONUSDT,2026-04-18,JETTONUSDT_2026-04-18_klines.csv,0.53,0.0,,VOLATILE_CONTROL
mexc,PEACEUSDT,2026-04-21,PEACEUSDT_2026-04-21_klines.csv,179.47,36.72,extreme,PUMP
mexc,PEACEUSDT,2026-04-21,PEACEUSDT_2026-04-21_klines_L2.csv,,,,ERROR
mexc,PEACEUSDT,2026-04-21,PEACEUSDT_2026-04-21_klines_market_ctx.csv,,,,ERROR
mexc,PEACEUSDT,2026-04-21,PEACEUSDT_2026-04-21_klines_trades.csv,,,,ERROR
mexc,PSGUSDT,2026-04-22,PSGUSDT_2026-04-22_klines.csv,1.2,0.0,,VOLATILE_CONTROL
mexc,RBTUSDT,2026-04-28,RBTUSDT_2026-04-28_klines.csv,0.0,0.0,,VOLATILE_CONTROL
mexc,SKYAIUSDT,2026-04-30,SKYAIUSDT_2026-04-30_klines.csv,216.7,13.98,,VOLATILE_CONTROL
mexc,USDUCUSDT,2026-05-07,USDUCUSDT_2026-05-07_klines.csv,149.75,77.63,extreme,PUMP
mexc,XECUSDT,2026-04-22,XECUSDT_2026-04-22_klines.csv,1.03,0.0,,VOLATILE_CONTROL
mexc,共建USDT,2026-04-15,共建USDT_2026-04-15_klines.csv,131.55,15.74,,VOLATILE_CONTROL
mexc,熊猫头USDT,2026-05-04,熊猫头USDT_2026-05-04_klines.csv,247.9,65.24,extreme,PUMP
mexc,熊猫头USDT,2026-05-04,熊猫头USDT_2026-05-04_klines_L2.csv,,,,ERROR
mexc,熊猫头USDT,2026-05-04,熊猫头USDT_2026-05-04_klines_market_ctx.csv,,,,ERROR
mexc,熊猫头USDT,2026-05-04,熊猫头USDT_2026-05-04_klines_trades.csv,,,,ERROR
okx,1INCHUSDT,2025-10-31,1INCHUSDT_2025-10-31_klines.csv,1.25,0.0,,VOLATILE_CONTROL
okx,2ZUSDT,2025-11-20,2ZUSDT_2025-11-20_klines.csv,0.92,0.0,,VOLATILE_CONTROL
okx,AAVEUSDT,2025-08-06,AAVEUSDT_2025-08-06_klines.csv,0.07,0.0,,VOLATILE_CONTROL
okx,ACEUSDT,2025-08-24,ACEUSDT_2025-08-24_klines.csv,0.38,0.0,,VOLATILE_CONTROL
okx,ACEUSDT,2025-09-11,ACEUSDT_2025-09-11_klines.csv,5.09,112.16,micro,PUMP
okx,ACEUSDT,2025-09-11,ACEUSDT_2025-09-11_klines_L2.csv,,,,ERROR
okx,ACEUSDT,2025-09-11,ACEUSDT_2025-09-11_klines_market_ctx.csv,,,,ERROR
okx,ACEUSDT,2025-09-11,ACEUSDT_2025-09-11_klines_trades.csv,,,,ERROR
okx,ACHUSDT,2025-12-26,ACHUSDT_2025-12-26_klines.csv,1.85,0.0,,VOLATILE_CONTROL
okx,ACTUSDT,2025-10-31,ACTUSDT_2025-10-31_klines.csv,2.46,0.0,,VOLATILE_CONTROL
okx,AEVOUSDT,2025-09-03,AEVOUSDT_2025-09-03_klines.csv,0.82,0.0,,VOLATILE_CONTROL
okx,AGLDUSDT,2026-01-13,AGLDUSDT_2026-01-13_klines.csv,10.87,111.0,small,PUMP
okx,AGLDUSDT,2026-01-13,AGLDUSDT_2026-01-13_klines_L2.csv,,,,ERROR
okx,AGLDUSDT,2026-01-13,AGLDUSDT_2026-01-13_klines_market_ctx.csv,,,,ERROR
okx,AGLDUSDT,2026-01-13,AGLDUSDT_2026-01-13_klines_trades.csv,,,,ERROR
okx,AIXBTUSDT,2025-10-11,AIXBTUSDT_2025-10-11_klines.csv,3.01,0.0,,VOLATILE_CONTROL
okx,ALGOUSDT,2026-03-27,ALGOUSDT_2026-03-27_klines.csv,0.38,0.0,,VOLATILE_CONTROL
okx,ANIMEUSDT,2025-12-02,ANIMEUSDT_2025-12-02_klines.csv,3.53,0.0,,VOLATILE_CONTROL
okx,APEUSDT,2026-04-06,APEUSDT_2026-04-06_klines.csv,0.94,0.0,,VOLATILE_CONTROL
okx,API3USDT,2025-08-01,API3USDT_2025-08-01_klines.csv,0.68,0.0,,VOLATILE_CONTROL
okx,ARBUSDT,2025-08-02,ARBUSDT_2025-08-02_klines.csv,1.38,0.0,,VOLATILE_CONTROL
okx,ARKMUSDT,2025-09-02,ARKMUSDT_2025-09-02_klines.csv,3.04,0.0,,VOLATILE_CONTROL
okx,ARUSDT,2025-10-20,ARUSDT_2025-10-20_klines.csv,0.33,0.0,,VOLATILE_CONTROL
okx,ASTERUSDT,2025-11-04,ASTERUSDT_2025-11-04_klines.csv,2.13,0.0,,VOLATILE_CONTROL
okx,ATHUSDT,2025-08-21,ATHUSDT_2025-08-21_klines.csv,0.32,0.0,,VOLATILE_CONTROL
okx,AUCTIONUSDT,2025-10-11,AUCTIONUSDT_2025-10-11_klines.csv,3.17,0.0,,VOLATILE_CONTROL
okx,AVNTUSDT,2025-10-11,AVNTUSDT_2025-10-11_klines.csv,9.63,47.38,micro,PUMP
okx,AVNTUSDT,2025-10-11,AVNTUSDT_2025-10-11_klines_L2.csv,,,,ERROR
okx,AVNTUSDT,2025-10-11,AVNTUSDT_2025-10-11_klines_market_ctx.csv,,,,ERROR
okx,AVNTUSDT,2025-10-11,AVNTUSDT_2025-10-11_klines_trades.csv,,,,ERROR
okx,AXSUSDT,2025-12-27,AXSUSDT_2025-12-27_klines.csv,1.3,0.0,,VOLATILE_CONTROL
okx,BABYUSDT,2025-10-31,BABYUSDT_2025-10-31_klines.csv,2.43,0.0,,VOLATILE_CONTROL
okx,BANANAUSDT,2025-11-21,BANANAUSDT_2025-11-21_klines.csv,2.66,0.0,,VOLATILE_CONTROL
okx,BANDUSDT,2025-08-04,BANDUSDT_2025-08-04_klines.csv,2.41,0.0,,VOLATILE_CONTROL
okx,BARDUSDT,2025-09-20,BARDUSDT_2025-09-20_klines.csv,0.56,0.0,,VOLATILE_CONTROL
okx,BATUSDT,2025-09-25,BATUSDT_2025-09-25_klines.csv,0.0,0.0,,VOLATILE_CONTROL
okx,BERAUSDT,2025-08-06,BERAUSDT_2025-08-06_klines.csv,0.06,0.0,,VOLATILE_CONTROL
okx,BICOUSDT,2026-04-13,BICOUSDT_2026-04-13_klines.csv,1.27,0.0,,VOLATILE_CONTROL
okx,BIOUSDT,2025-07-20,BIOUSDT_2025-07-20_klines.csv,0.9,0.0,,VOLATILE_CONTROL
okx,BLURUSDT,2025-12-27,BLURUSDT_2025-12-27_klines.csv,1.88,0.0,,VOLATILE_CONTROL
okx,BNTUSDT,2026-04-01,BNTUSDT_2026-04-01_klines.csv,0.91,0.0,,VOLATILE_CONTROL
okx,CATIUSDT,2025-10-11,CATIUSDT_2025-10-11_klines.csv,3.37,0.0,,VOLATILE_CONTROL
okx,CATUSDT,2025-07-19,CATUSDT_2025-07-19_klines.csv,1.27,0.0,,VOLATILE_CONTROL
okx,CELOUSDT,2025-09-18,CELOUSDT_2025-09-18_klines.csv,0.63,0.0,,VOLATILE_CONTROL
okx,CETUSUSDT,2026-03-05,CETUSUSDT_2026-03-05_klines.csv,0.0,0.0,,VOLATILE_CONTROL
okx,CFGUSDT,2025-07-26,CFGUSDT_2025-07-26_klines.csv,0.08,0.0,,VOLATILE_CONTROL
okx,CFXUSDT,2025-07-19,CFXUSDT_2025-07-19_klines.csv,0.1,0.0,,VOLATILE_CONTROL
okx,CITYUSDT,2025-07-24,CITYUSDT_2025-07-24_klines.csv,0.02,0.0,,VOLATILE_CONTROL
okx,COMPUSDT,2026-02-06,COMPUSDT_2026-02-06_klines.csv,2.32,0.0,,VOLATILE_CONTROL
okx,COREUSDT,2025-12-02,COREUSDT_2025-12-02_klines.csv,0.1,0.0,,VOLATILE_CONTROL
okx,CROUSDT,2025-08-10,CROUSDT_2025-08-10_klines.csv,0.63,0.0,,VOLATILE_CONTROL
okx,CSPRUSDT,2026-03-06,CSPRUSDT_2026-03-06_klines.csv,1.21,0.0,,VOLATILE_CONTROL
okx,CTCUSDT,2025-11-21,CTCUSDT_2025-11-21_klines.csv,0.25,0.0,,VOLATILE_CONTROL
okx,CVCUSDT,2025-10-31,CVCUSDT_2025-10-31_klines.csv,1.14,0.0,,VOLATILE_CONTROL
okx,CVXUSDT,2025-12-16,CVXUSDT_2025-12-16_klines.csv,0.12,0.0,,VOLATILE_CONTROL
okx,DEGENUSDT,2025-11-23,DEGENUSDT_2025-11-23_klines.csv,3.63,0.0,,VOLATILE_CONTROL
okx,DGBUSDT,2025-10-19,DGBUSDT_2025-10-19_klines.csv,0.54,0.0,,VOLATILE_CONTROL
okx,DOGSUSDT,2026-03-30,DOGSUSDT_2026-03-30_klines.csv,3.66,0.0,,VOLATILE_CONTROL
okx,DOODUSDT,2025-10-22,DOODUSDT_2025-10-22_klines.csv,1.1,0.0,,VOLATILE_CONTROL
okx,DORAUSDT,2025-08-09,DORAUSDT_2025-08-09_klines.csv,0.49,0.0,,VOLATILE_CONTROL
okx,DUCKUSDT,2025-08-31,DUCKUSDT_2025-08-31_klines.csv,0.44,0.0,,VOLATILE_CONTROL
okx,DYDXUSDT,2026-04-01,DYDXUSDT_2026-04-01_klines.csv,1.46,0.0,,VOLATILE_CONTROL
okx,EIGENUSDT,2025-08-02,EIGENUSDT_2025-08-02_klines.csv,0.76,0.0,,VOLATILE_CONTROL
okx,ELFUSDT,2025-12-21,ELFUSDT_2025-12-21_klines.csv,1.59,0.0,,VOLATILE_CONTROL
okx,ENAUSDT,2026-03-30,ENAUSDT_2026-03-30_klines.csv,3.17,0.0,,VOLATILE_CONTROL
okx,ENJUSDT,2026-02-28,ENJUSDT_2026-02-28_klines.csv,0.0,0.0,,VOLATILE_CONTROL
okx,ETHFIUSDT,2025-08-28,ETHFIUSDT_2025-08-28_klines.csv,1.74,0.0,,VOLATILE_CONTROL
okx,ETHWUSDT,2026-03-30,ETHWUSDT_2026-03-30_klines.csv,2.21,0.0,,VOLATILE_CONTROL
okx,FETUSDT,2025-10-20,FETUSDT_2025-10-20_klines.csv,1.55,0.0,,VOLATILE_CONTROL
okx,FILUSDT,2025-10-20,FILUSDT_2025-10-20_klines.csv,0.2,0.0,,VOLATILE_CONTROL
okx,FLOWUSDT,2026-02-06,FLOWUSDT_2026-02-06_klines.csv,2.89,0.0,,VOLATILE_CONTROL
okx,FLUIDUSDT,2025-07-31,FLUIDUSDT_2025-07-31_klines.csv,2.63,0.0,,VOLATILE_CONTROL
okx,FOGOUSDT,2026-01-20,FOGOUSDT_2026-01-20_klines.csv,1.47,0.0,,VOLATILE_CONTROL
okx,GLMUSDT,2025-10-26,GLMUSDT_2025-10-26_klines.csv,0.0,0.0,,VOLATILE_CONTROL
okx,GMTUSDT,2025-12-23,GMTUSDT_2025-12-23_klines.csv,0.83,0.0,,VOLATILE_CONTROL
okx,GMXUSDT,2025-07-22,GMXUSDT_2025-07-22_klines.csv,0.79,0.0,,VOLATILE_CONTROL
okx,GOATUSDT,2025-08-26,GOATUSDT_2025-08-26_klines.csv,0.96,0.0,,VOLATILE_CONTROL
okx,GODSUSDT,2025-07-19,GODSUSDT_2025-07-19_klines.csv,0.45,0.0,,VOLATILE_CONTROL
okx,GUSDT,2026-01-13,GUSDT_2026-01-13_klines.csv,0.07,0.0,,VOLATILE_CONTROL
okx,HMSTRUSDT,2025-10-31,HMSTRUSDT_2025-10-31_klines.csv,1.98,0.0,,VOLATILE_CONTROL
okx,HUMAUSDT,2025-09-05,HUMAUSDT_2025-09-05_klines.csv,1.17,0.0,,VOLATILE_CONTROL
okx,HYPEUSDT,2026-01-16,HYPEUSDT_2026-01-16_klines.csv,1.04,0.0,,VOLATILE_CONTROL
okx,ICPUSDT,2025-10-17,ICPUSDT_2025-10-17_klines.csv,1.08,0.0,,VOLATILE_CONTROL
okx,IDUSDT,2025-12-23,IDUSDT_2025-12-23_klines.csv,0.21,0.0,,VOLATILE_CONTROL
okx,ILVUSDT,2025-07-19,ILVUSDT_2025-07-19_klines.csv,0.32,0.0,,VOLATILE_CONTROL
okx,IMXUSDT,2025-09-01,IMXUSDT_2025-09-01_klines.csv,0.59,0.0,,VOLATILE_CONTROL
okx,INJUSDT,2026-04-25,INJUSDT_2026-04-25_klines.csv,1.28,0.0,,VOLATILE_CONTROL
okx,IOSTUSDT,2025-11-24,IOSTUSDT_2025-11-24_klines.csv,1.66,0.0,,VOLATILE_CONTROL
okx,IOTAUSDT,2025-12-21,IOTAUSDT_2025-12-21_klines.csv,0.22,0.0,,VOLATILE_CONTROL
okx,IPUSDT,2025-08-13,IPUSDT_2025-08-13_klines.csv,0.01,0.0,,VOLATILE_CONTROL
okx,JOEUSDT,2026-03-21,JOEUSDT_2026-03-21_klines.csv,0.0,0.0,,VOLATILE_CONTROL
okx,JTOUSDT,2025-12-19,JTOUSDT_2025-12-19_klines.csv,1.71,0.0,,VOLATILE_CONTROL
okx,JUSDT,2025-07-19,JUSDT_2025-07-19_klines.csv,0.86,0.0,,VOLATILE_CONTROL
okx,KAIAUSDT,2026-01-11,KAIAUSDT_2026-01-11_klines.csv,0.79,0.0,,VOLATILE_CONTROL
okx,KAITOUSDT,2025-08-26,KAITOUSDT_2025-08-26_klines.csv,1.32,0.0,,VOLATILE_CONTROL
okx,KATUSDT,2026-03-19,KATUSDT_2026-03-19_klines.csv,1.23,0.0,,VOLATILE_CONTROL
okx,KITEUSDT,2025-11-04,KITEUSDT_2025-11-04_klines.csv,0.95,0.0,,VOLATILE_CONTROL
okx,KMNOUSDT,2025-08-31,KMNOUSDT_2025-08-31_klines.csv,1.32,0.0,,VOLATILE_CONTROL
okx,KNCUSDT,2025-07-25,KNCUSDT_2025-07-25_klines.csv,0.67,0.0,,VOLATILE_CONTROL
okx,KSMUSDT,2025-10-21,KSMUSDT_2025-10-21_klines.csv,0.28,0.0,,VOLATILE_CONTROL
okx,LATUSDT,2025-08-03,LATUSDT_2025-08-03_klines.csv,0.72,0.0,,VOLATILE_CONTROL
okx,LAYERUSDT,2025-11-04,LAYERUSDT_2025-11-04_klines.csv,0.89,0.0,,VOLATILE_CONTROL
okx,LINKUSDT,2025-07-31,LINKUSDT_2025-07-31_klines.csv,2.01,0.0,,VOLATILE_CONTROL
okx,LITUSDT,2026-03-31,LITUSDT_2026-03-31_klines.csv,2.05,0.0,,VOLATILE_CONTROL
okx,LPTUSDT,2025-08-19,LPTUSDT_2025-08-19_klines.csv,1.12,0.0,,VOLATILE_CONTROL
okx,LRCUSDT,2025-11-22,LRCUSDT_2025-11-22_klines.csv,0.56,0.0,,VOLATILE_CONTROL
okx,LSKUSDT,2025-10-24,LSKUSDT_2025-10-24_klines.csv,1.84,0.0,,VOLATILE_CONTROL
okx,LUNAUSDT,2025-11-18,LUNAUSDT_2025-11-18_klines.csv,1.08,0.0,,VOLATILE_CONTROL
okx,MAGICUSDT,2025-07-19,MAGICUSDT_2025-07-19_klines.csv,2.63,0.0,,VOLATILE_CONTROL
okx,MAJORUSDT,2025-10-11,MAJORUSDT_2025-10-11_klines.csv,5.48,90.91,micro,PUMP
okx,MAJORUSDT,2025-10-11,MAJORUSDT_2025-10-11_klines_L2.csv,,,,ERROR
okx,MAJORUSDT,2025-10-11,MAJORUSDT_2025-10-11_klines_market_ctx.csv,,,,ERROR
okx,MAJORUSDT,2025-10-11,MAJORUSDT_2025-10-11_klines_trades.csv,,,,ERROR
okx,MASKUSDT,2026-04-08,MASKUSDT_2026-04-08_klines.csv,0.22,0.0,,VOLATILE_CONTROL
okx,MEMEUSDT,2025-08-02,MEMEUSDT_2025-08-02_klines.csv,2.57,0.0,,VOLATILE_CONTROL
okx,MENGOUSDT,2025-07-28,MENGOUSDT_2025-07-28_klines.csv,0.06,0.0,,VOLATILE_CONTROL
okx,MERLUSDT,2025-07-19,MERLUSDT_2025-07-19_klines.csv,0.97,0.0,,VOLATILE_CONTROL
okx,METISUSDT,2025-11-05,METISUSDT_2025-11-05_klines.csv,1.53,0.0,,VOLATILE_CONTROL
okx,MEUSDT,2025-10-11,MEUSDT_2025-10-11_klines.csv,5.42,57.47,micro,PUMP
okx,MEUSDT,2025-10-11,MEUSDT_2025-10-11_klines_L2.csv,,,,ERROR
okx,MEUSDT,2025-10-11,MEUSDT_2025-10-11_klines_market_ctx.csv,,,,ERROR
okx,MEUSDT,2025-10-11,MEUSDT_2025-10-11_klines_trades.csv,,,,ERROR
okx,MINAUSDT,2025-10-17,MINAUSDT_2025-10-17_klines.csv,1.59,0.0,,VOLATILE_CONTROL
okx,MOVEUSDT,2025-12-13,MOVEUSDT_2025-12-13_klines.csv,0.37,0.0,,VOLATILE_CONTROL
okx,NAVXUSDT,2025-07-24,NAVXUSDT_2025-07-24_klines.csv,1.56,0.0,,VOLATILE_CONTROL
okx,NEARUSDT,2025-10-31,NEARUSDT_2025-10-31_klines.csv,1.57,0.0,,VOLATILE_CONTROL
okx,NEIROUSDT,2025-12-19,NEIROUSDT_2025-12-19_klines.csv,1.62,0.0,,VOLATILE_CONTROL
okx,NMRUSDT,2025-08-09,NMRUSDT_2025-08-09_klines.csv,1.05,0.0,,VOLATILE_CONTROL
okx,NOTUSDT,2026-04-09,NOTUSDT_2026-04-09_klines.csv,0.49,0.0,,VOLATILE_CONTROL
okx,OKBBTC,2025-07-26,OKBBTC_2025-07-26_klines.csv,0.64,0.0,,VOLATILE_CONTROL
okx,OKBUSDT,2025-07-26,OKBUSDT_2025-07-26_klines.csv,0.6,0.0,,VOLATILE_CONTROL
okx,OLUSDT,2025-07-24,OLUSDT_2025-07-24_klines.csv,1.85,0.0,,VOLATILE_CONTROL
okx,OMIUSDT,2025-08-09,OMIUSDT_2025-08-09_klines.csv,1.95,0.0,,VOLATILE_CONTROL
okx,ONTUSDT,2025-08-07,ONTUSDT_2025-08-07_klines.csv,0.82,0.0,,VOLATILE_CONTROL
okx,OPUSDT,2026-04-20,OPUSDT_2026-04-20_klines.csv,1.66,0.0,,VOLATILE_CONTROL
okx,ORBSUSDT,2026-02-06,ORBSUSDT_2026-02-06_klines.csv,2.62,0.0,,VOLATILE_CONTROL
okx,ORDIUSDT,2025-10-23,ORDIUSDT_2025-10-23_klines.csv,1.48,0.0,,VOLATILE_CONTROL
okx,PARTIUSDT,2025-07-19,PARTIUSDT_2025-07-19_klines.csv,0.9,0.0,,VOLATILE_CONTROL
okx,PENDLEUSDT,2025-08-02,PENDLEUSDT_2025-08-02_klines.csv,1.48,0.0,,VOLATILE_CONTROL
okx,PENGUUSDT,2025-07-20,PENGUUSDT_2025-07-20_klines.csv,2.63,0.0,,VOLATILE_CONTROL
okx,PEOPLEUSDT,2025-10-29,PEOPLEUSDT_2025-10-29_klines.csv,1.96,0.0,,VOLATILE_CONTROL
okx,PHAUSDT,2025-10-31,PHAUSDT_2025-10-31_klines.csv,3.12,0.0,,VOLATILE_CONTROL
okx,PIUSDT,2026-02-11,PIUSDT_2026-02-11_klines.csv,0.95,0.0,,VOLATILE_CONTROL
okx,PIXELUSDT,2025-09-02,PIXELUSDT_2025-09-02_klines.csv,2.52,0.0,,VOLATILE_CONTROL
okx,PNUTUSDT,2025-12-19,PNUTUSDT_2025-12-19_klines.csv,1.67,0.0,,VOLATILE_CONTROL
okx,PRCLUSDT,2025-08-26,PRCLUSDT_2025-08-26_klines.csv,1.67,0.0,,VOLATILE_CONTROL
okx,PROMPTUSDT,2025-08-06,PROMPTUSDT_2025-08-06_klines.csv,0.25,0.0,,VOLATILE_CONTROL
okx,PROVEUSDT,2026-02-06,PROVEUSDT_2026-02-06_klines.csv,2.08,0.0,,VOLATILE_CONTROL
okx,PUMPUSDT,2025-07-26,PUMPUSDT_2025-07-26_klines.csv,2.48,0.0,,VOLATILE_CONTROL
okx,PYTHUSDT,2025-08-11,PYTHUSDT_2025-08-11_klines.csv,3.09,0.0,,VOLATILE_CONTROL
okx,RAYUSDT,2025-08-02,RAYUSDT_2025-08-02_klines.csv,1.25,0.0,,VOLATILE_CONTROL
okx,RENDERUSDT,2025-11-05,RENDERUSDT_2025-11-05_klines.csv,0.75,0.0,,VOLATILE_CONTROL
okx,RESOLVUSDT,2025-07-19,RESOLVUSDT_2025-07-19_klines.csv,0.46,0.0,,VOLATILE_CONTROL
okx,ROBOUSDT,2026-04-07,ROBOUSDT_2026-04-07_klines.csv,3.45,0.0,,VOLATILE_CONTROL
okx,RONUSDT,2025-12-30,RONUSDT_2025-12-30_klines.csv,0.46,0.0,,VOLATILE_CONTROL
okx,RPLUSDT,2025-08-03,RPLUSDT_2025-08-03_klines.csv,1.96,0.0,,VOLATILE_CONTROL
okx,RSRUSDT,2025-10-11,RSRUSDT_2025-10-11_klines.csv,8.83,43.99,micro,PUMP
okx,RSRUSDT,2025-10-11,RSRUSDT_2025-10-11_klines_L2.csv,,,,ERROR
okx,RSRUSDT,2025-10-11,RSRUSDT_2025-10-11_klines_market_ctx.csv,,,,ERROR
okx,RSRUSDT,2025-10-11,RSRUSDT_2025-10-11_klines_trades.csv,,,,ERROR
okx,RVNUSDT,2025-10-22,RVNUSDT_2025-10-22_klines.csv,0.61,0.0,,VOLATILE_CONTROL
okx,SAFEUSDT,2025-11-22,SAFEUSDT_2025-11-22_klines.csv,3.5,0.0,,VOLATILE_CONTROL
okx,SAHARAUSDT,2025-07-19,SAHARAUSDT_2025-07-19_klines.csv,2.69,0.0,,VOLATILE_CONTROL
okx,SANDUSDT,2026-01-01,SANDUSDT_2026-01-01_klines.csv,1.38,0.0,,VOLATILE_CONTROL
okx,SATSUSDT,2025-09-09,SATSUSDT_2025-09-09_klines.csv,3.09,0.0,,VOLATILE_CONTROL
okx,SDUSDT,2025-07-19,SDUSDT_2025-07-19_klines.csv,2.81,0.0,,VOLATILE_CONTROL
okx,SKLUSDT,2025-07-27,SKLUSDT_2025-07-27_klines.csv,2.02,0.0,,VOLATILE_CONTROL
okx,SLPUSDT,2025-07-19,SLPUSDT_2025-07-19_klines.csv,0.57,0.0,,VOLATILE_CONTROL
okx,SONICUSDT,2025-12-24,SONICUSDT_2025-12-24_klines.csv,0.98,0.0,,VOLATILE_CONTROL
okx,SOPHUSDT,2025-07-19,SOPHUSDT_2025-07-19_klines.csv,0.43,0.0,,VOLATILE_CONTROL
okx,SPKUSDT,2025-07-19,SPKUSDT_2025-07-19_klines.csv,3.22,0.0,,VOLATILE_CONTROL
okx,SPURSUSDT,2025-12-30,SPURSUSDT_2025-12-30_klines.csv,0.48,0.0,,VOLATILE_CONTROL
okx,STORJUSDT,2025-11-04,STORJUSDT_2025-11-04_klines.csv,2.93,0.0,,VOLATILE_CONTROL
okx,STRKUSDT,2025-09-20,STRKUSDT_2025-09-20_klines.csv,0.86,0.0,,VOLATILE_CONTROL
okx,SUIUSDT,2025-12-19,SUIUSDT_2025-12-19_klines.csv,1.09,0.0,,VOLATILE_CONTROL
okx,SUSDT,2025-11-04,SUSDT_2025-11-04_klines.csv,1.8,0.0,,VOLATILE_CONTROL
okx,SWFTCUSDT,2025-11-05,SWFTCUSDT_2025-11-05_klines.csv,0.0,0.0,,VOLATILE_CONTROL
okx,THETAUSDT,2026-03-31,THETAUSDT_2026-03-31_klines.csv,1.66,0.0,,VOLATILE_CONTROL
okx,TIAUSDT,2025-11-05,TIAUSDT_2025-11-05_klines.csv,2.43,0.0,,VOLATILE_CONTROL
okx,TNSRUSDT,2025-11-02,TNSRUSDT_2025-11-02_klines.csv,0.37,0.0,,VOLATILE_CONTROL
okx,TOSHIUSDT,2026-01-01,TOSHIUSDT_2026-01-01_klines.csv,0.76,0.0,,VOLATILE_CONTROL
okx,TRAUSDT,2025-11-20,TRAUSDT_2025-11-20_klines.csv,0.41,0.0,,VOLATILE_CONTROL
okx,TRBUSDT,2026-03-29,TRBUSDT_2026-03-29_klines.csv,0.54,0.0,,VOLATILE_CONTROL
okx,TRUMPUSDT,2025-10-18,TRUMPUSDT_2025-10-18_klines.csv,1.35,0.0,,VOLATILE_CONTROL
okx,TURBOUSDT,2025-11-15,TURBOUSDT_2025-11-15_klines.csv,4.09,0.0,,VOLATILE_CONTROL
okx,UMAUSDT,2025-07-19,UMAUSDT_2025-07-19_klines.csv,0.73,0.0,,VOLATILE_CONTROL
okx,UNIUSDT,2025-10-24,UNIUSDT_2025-10-24_klines.csv,0.22,0.0,,VOLATILE_CONTROL
okx,VELODROMEUSDT,2025-08-03,VELODROMEUSDT_2025-08-03_klines.csv,1.35,0.0,,VOLATILE_CONTROL
okx,VELOUSDT,2025-12-19,VELOUSDT_2025-12-19_klines.csv,1.9,0.0,,VOLATILE_CONTROL
okx,VINEUSDT,2025-07-19,VINEUSDT_2025-07-19_klines.csv,3.45,0.0,,VOLATILE_CONTROL
okx,VIRTUALUSDT,2025-10-31,VIRTUALUSDT_2025-10-31_klines.csv,7.77,49.08,micro,PUMP
okx,VIRTUALUSDT,2025-10-31,VIRTUALUSDT_2025-10-31_klines_L2.csv,,,,ERROR
okx,VIRTUALUSDT,2025-10-31,VIRTUALUSDT_2025-10-31_klines_market_ctx.csv,,,,ERROR
okx,VIRTUALUSDT,2025-10-31,VIRTUALUSDT_2025-10-31_klines_trades.csv,,,,ERROR
okx,WAXPUSDT,2026-03-02,WAXPUSDT_2026-03-02_klines.csv,1.46,0.0,,VOLATILE_CONTROL
okx,WCTUSDT,2025-11-04,WCTUSDT_2025-11-04_klines.csv,3.02,0.0,,VOLATILE_CONTROL
okx,WIFUSDT,2025-12-19,WIFUSDT_2025-12-19_klines.csv,2.88,0.0,,VOLATILE_CONTROL
okx,WINUSDT,2025-11-19,WINUSDT_2025-11-19_klines.csv,0.6,0.0,,VOLATILE_CONTROL
okx,WUSDT,2025-09-02,WUSDT_2025-09-02_klines.csv,2.08,0.0,,VOLATILE_CONTROL
okx,XCHUSDT,2025-10-26,XCHUSDT_2025-10-26_klines.csv,1.72,0.0,,VOLATILE_CONTROL
okx,XTZUSDT,2025-07-19,XTZUSDT_2025-07-19_klines.csv,1.16,0.0,,VOLATILE_CONTROL
okx,YGGUSDT,2025-08-26,YGGUSDT_2025-08-26_klines.csv,2.76,0.0,,VOLATILE_CONTROL
okx,ZECUSDT,2025-12-03,ZECUSDT_2025-12-03_klines.csv,2.69,0.0,,VOLATILE_CONTROL
okx,ZENTUSDT,2025-08-16,ZENTUSDT_2025-08-16_klines.csv,1.02,0.0,,VOLATILE_CONTROL
okx,ZENUSDT,2025-12-28,ZENUSDT_2025-12-28_klines.csv,0.87,0.0,,VOLATILE_CONTROL
okx,ZETAUSDT,2026-01-21,ZETAUSDT_2026-01-21_klines.csv,2.76,0.0,,VOLATILE_CONTROL
okx,ZEUSUSDT,2025-08-22,ZEUSUSDT_2025-08-22_klines.csv,0.95,0.0,,VOLATILE_CONTROL
okx,ZILUSDT,2026-01-20,ZILUSDT_2026-01-20_klines.csv,0.77,0.0,,VOLATILE_CONTROL
okx,ZKJUSDT,2025-07-23,ZKJUSDT_2025-07-23_klines.csv,3.44,0.0,,VOLATILE_CONTROL
okx,ZKUSDT,2025-08-03,ZKUSDT_2025-08-03_klines.csv,2.33,0.0,,VOLATILE_CONTROL
okx,ZORAUSDT,2026-01-21,ZORAUSDT_2026-01-21_klines.csv,2.86,0.0,,VOLATILE_CONTROL
okx,ZROUSDT,2025-08-01,ZROUSDT_2025-08-01_klines.csv,0.41,0.0,,VOLATILE_CONTROL
okx,ZRXUSDT,2025-12-15,ZRXUSDT_2025-12-15_klines.csv,2.76,0.0,,VOLATILE_CONTROL
